Project,Class Path,Tests Run,Failures,Errors,Skipped,Time Elapsed (sec),Status
--------------------Execution: 1 -----------------------------------
siesta_asterisk-java,org.asteriskjava.pbx.internal.core.ListenerManagerTest,1,0,0,0,6.444,SUCCESS
siesta_asterisk-java,org.asteriskjava.config.ConfigFileParserTest,4,0,0,0,0.045,SUCCESS
siesta_asterisk-java,org.asteriskjava.manager.event.ConfbridgeJoinEventTest,1,0,0,0,1.099,SUCCESS
siesta_asterisk-java,org.asteriskjava.manager.event.AgiExecStartEventTest,1,0,0,0,0.008,SUCCESS
siesta_asterisk-java,org.asteriskjava.manager.event.ChanSpyStopEventTest,1,0,0,0,0.028,SUCCESS
siesta_asterisk-java,org.asteriskjava.manager.event.AsyncAgiEventTest,2,0,0,0,0.031,SUCCESS
siesta_asterisk-java,org.asteriskjava.manager.event.BridgeCreateEventTest,1,0,0,0,0.01,SUCCESS
siesta_asterisk-java,org.asteriskjava.manager.event.T38FaxStatusEventTest,2,0,0,0,0.019,SUCCESS
siesta_asterisk-java,org.asteriskjava.manager.event.CdrEventTest,3,0,0,0,0.034,SUCCESS
siesta_asterisk-java,org.asteriskjava.manager.event.ChannelTalkingStartEventTest,1,0,0,0,0.016,SUCCESS
siesta_asterisk-java,org.asteriskjava.manager.event.MusicOnHoldEventTest,1,0,0,0,0.008,SUCCESS
siesta_asterisk-java,org.asteriskjava.manager.event.NewStateEventTest,2,0,0,0,0.019,SUCCESS
siesta_asterisk-java,org.asteriskjava.manager.event.BridgeEnterEventTest,1,0,0,0,0.006,SUCCESS
siesta_asterisk-java,org.asteriskjava.manager.event.ChannelReloadEventTest,3,0,0,0,0.015,SUCCESS
siesta_asterisk-java,org.asteriskjava.manager.event.AttendedTransferEventTest,1,0,0,0,0.017,SUCCESS
siesta_asterisk-java,org.asteriskjava.manager.event.HangupEventTest,2,0,0,0,0.172,SUCCESS
siesta_asterisk-java,org.asteriskjava.manager.event.ChannelTalkingStopEventTest,1,0,0,0,0.015,SUCCESS
siesta_asterisk-java,org.asteriskjava.manager.event.SkypeBuddyStatusEventTest,2,0,0,0,0.005,SUCCESS
siesta_asterisk-java,org.asteriskjava.manager.event.AgentConnectEventTest,1,0,0,0,0.005,SUCCESS
siesta_asterisk-java,org.asteriskjava.manager.event.ConfbridgeLeaveEventTest,1,0,0,0,0.005,SUCCESS
siesta_asterisk-java,org.asteriskjava.manager.event.RtcpReceivedEventTest,5,0,0,0,0.027,SUCCESS
siesta_asterisk-java,org.asteriskjava.manager.event.HangupRequestEventTest,1,0,0,0,0.005,SUCCESS
siesta_asterisk-java,org.asteriskjava.manager.event.SkypeChatMessageEventTest,1,0,0,0,0.009,SUCCESS
siesta_asterisk-java,org.asteriskjava.manager.AbstractManagerEventListenerTest,2,0,0,0,0.013,SUCCESS
siesta_asterisk-java,org.asteriskjava.manager.internal.ManagerReaderImplTest,9,0,0,0,8.018,SUCCESS
siesta_asterisk-java,org.asteriskjava.manager.internal.ManagerWriterImplTest,2,0,0,0,0.073,SUCCESS
siesta_asterisk-java,org.asteriskjava.manager.internal.ResponseBuilderImplTest,9,0,0,0,0.042,SUCCESS
siesta_asterisk-java,org.asteriskjava.manager.internal.ActionBuilderImplTest,16,0,0,0,0.088,SUCCESS
siesta_asterisk-java,org.asteriskjava.manager.internal.backwardsCompatibility.bridge.BridgeEnterEventComparatorTest,17,0,0,0,0.029,SUCCESS
siesta_asterisk-java,org.asteriskjava.manager.internal.EventBuilderImplTest,36,0,0,0,0.129,SUCCESS
siesta_asterisk-java,org.asteriskjava.manager.internal.ManagerConnectionImplTest,22,0,0,0,4.408,SUCCESS
siesta_asterisk-java,org.asteriskjava.manager.response.CoreStatusResponseTest,2,0,0,0,0.005,SUCCESS
siesta_asterisk-java,org.asteriskjava.manager.response.SipShowPeerResponseTest,5,0,0,0,0.012,SUCCESS
siesta_asterisk-java,org.asteriskjava.live.HangupCauseTest,1,0,0,0,0.01,SUCCESS
siesta_asterisk-java,org.asteriskjava.live.QueueMemberStateTest,2,0,0,0,0.008,SUCCESS
siesta_asterisk-java,org.asteriskjava.live.internal.AsteriskQueueMemberImplTest,1,0,0,0,0.103,SUCCESS
siesta_asterisk-java,org.asteriskjava.live.internal.AsteriskChannelImplTest,1,0,0,0,0.012,SUCCESS
siesta_asterisk-java,org.asteriskjava.live.internal.AsteriskAgentImplTest,1,0,0,0,0.005,SUCCESS
siesta_asterisk-java,org.asteriskjava.live.CallerIdTest,7,0,0,0,0.013,SUCCESS
siesta_asterisk-java,org.asteriskjava.lock.LockerTest,2,0,0,0,15.01,SUCCESS
siesta_asterisk-java,org.asteriskjava.fastagi.command.ReceiveTextCommandTest,2,0,0,0,0.005,SUCCESS
siesta_asterisk-java,org.asteriskjava.fastagi.command.NoopCommandTest,1,0,0,0,0.003,SUCCESS
siesta_asterisk-java,org.asteriskjava.fastagi.command.ConfbridgeCommandTest,2,0,0,0,0.004,SUCCESS
siesta_asterisk-java,org.asteriskjava.fastagi.command.SpeechCreateCommandTest,1,0,0,0,0.004,SUCCESS
siesta_asterisk-java,org.asteriskjava.fastagi.command.SetContextCommandTest,1,0,0,0,0.003,SUCCESS
siesta_asterisk-java,org.asteriskjava.fastagi.command.QueueCommandTest,1,0,0,0,0.003,SUCCESS
siesta_asterisk-java,org.asteriskjava.fastagi.command.SayPhoneticCommandTest,2,0,0,0,0.005,SUCCESS
siesta_asterisk-java,org.asteriskjava.fastagi.command.VerboseCommandTest,1,0,0,0,0.004,SUCCESS
siesta_asterisk-java,org.asteriskjava.fastagi.command.SayAlphaCommandTest,2,0,0,0,0.005,SUCCESS
siesta_asterisk-java,org.asteriskjava.fastagi.command.SendTextCommandTest,1,0,0,0,0.003,SUCCESS
siesta_asterisk-java,org.asteriskjava.fastagi.command.StreamFileCommandTest,3,0,0,0,0.006,SUCCESS
siesta_asterisk-java,org.asteriskjava.fastagi.command.ControlStreamFileCommandTest,5,0,0,0,0.008,SUCCESS
siesta_asterisk-java,org.asteriskjava.fastagi.command.ChannelStatusCommandTest,2,0,0,0,0.005,SUCCESS
siesta_asterisk-java,org.asteriskjava.fastagi.command.DatabaseDelTreeCommandTest,2,0,0,0,0.005,SUCCESS
siesta_asterisk-java,org.asteriskjava.fastagi.command.DatabaseGetCommandTest,1,0,0,0,0.004,SUCCESS
siesta_asterisk-java,org.asteriskjava.fastagi.command.SpeechUnloadGrammarCommandTest,1,0,0,0,0.004,SUCCESS
siesta_asterisk-java,org.asteriskjava.fastagi.command.HangupCommandTest,2,0,0,0,0.006,SUCCESS
siesta_asterisk-java,org.asteriskjava.fastagi.command.SetMusicOffCommandTest,1,0,0,0,0.004,SUCCESS
siesta_asterisk-java,org.asteriskjava.fastagi.command.SetPriorityCommandTest,1,0,0,0,0.003,SUCCESS
siesta_asterisk-java,org.asteriskjava.fastagi.command.SetMusicOnCommandTest,2,0,0,0,0.005,SUCCESS
siesta_asterisk-java,org.asteriskjava.fastagi.command.GetDataCommandTest,6,0,0,0,0.024,SUCCESS
siesta_asterisk-java,org.asteriskjava.fastagi.command.ReceiveCharCommandTest,2,0,0,0,0.004,SUCCESS
siesta_asterisk-java,org.asteriskjava.fastagi.command.SayNumberCommandTest,2,0,0,0,0.005,SUCCESS
siesta_asterisk-java,org.asteriskjava.fastagi.command.SetCallerIdCommandTest,1,0,0,0,0.004,SUCCESS
siesta_asterisk-java,org.asteriskjava.fastagi.command.WaitForDigitCommandTest,2,0,0,0,0.007,SUCCESS
siesta_asterisk-java,org.asteriskjava.fastagi.command.SayDateTimeCommandTest,4,0,0,0,0.012,SUCCESS
siesta_asterisk-java,org.asteriskjava.fastagi.command.SayTimeCommandTest,2,0,0,0,0.007,SUCCESS
siesta_asterisk-java,org.asteriskjava.fastagi.command.AbstractAgiCommandTest,11,0,0,0,0.035,SUCCESS
siesta_asterisk-java,org.asteriskjava.fastagi.command.DatabaseDelCommandTest,2,0,0,0,0.006,SUCCESS
siesta_asterisk-java,org.asteriskjava.fastagi.command.GosubCommandTest,2,0,0,0,0.008,SUCCESS
siesta_asterisk-java,org.asteriskjava.fastagi.command.GetOptionCommandTest,2,0,0,0,0.006,SUCCESS
siesta_asterisk-java,org.asteriskjava.fastagi.command.SayDigitsCommandTest,2,0,0,0,0.004,SUCCESS
siesta_asterisk-java,org.asteriskjava.fastagi.command.SpeechDestroyCommandTest,1,0,0,0,0.004,SUCCESS
siesta_asterisk-java,org.asteriskjava.fastagi.command.DialCommandTest,2,0,0,0,0.008,SUCCESS
siesta_asterisk-java,org.asteriskjava.fastagi.command.AnswerCommandTest,1,0,0,0,0.004,SUCCESS
siesta_asterisk-java,org.asteriskjava.fastagi.command.RecordFileCommandTest,2,0,0,0,0.005,SUCCESS
siesta_asterisk-java,org.asteriskjava.fastagi.command.SpeechRecognizeCommandTest,2,0,0,0,0.005,SUCCESS
siesta_asterisk-java,org.asteriskjava.fastagi.command.BridgeCommandTest,2,0,0,0,0.006,SUCCESS
siesta_asterisk-java,org.asteriskjava.fastagi.command.SetAutoHangupCommandTest,1,0,0,0,0.003,SUCCESS
siesta_asterisk-java,org.asteriskjava.fastagi.command.TddModeCommandTest,1,0,0,0,0.003,SUCCESS
siesta_asterisk-java,org.asteriskjava.fastagi.command.SpeechActivateGrammarCommandTest,1,0,0,0,0.003,SUCCESS
siesta_asterisk-java,org.asteriskjava.fastagi.command.AsyncAgiBreakCommandTest,1,0,0,0,0.003,SUCCESS
siesta_asterisk-java,org.asteriskjava.fastagi.command.SpeechSetCommandTest,1,0,0,0,0.004,SUCCESS
siesta_asterisk-java,org.asteriskjava.fastagi.command.SetExtensionCommandTest,1,0,0,0,0.004,SUCCESS
siesta_asterisk-java,org.asteriskjava.fastagi.command.SpeechDeactivateGrammarCommandTest,1,0,0,0,0.004,SUCCESS
siesta_asterisk-java,org.asteriskjava.fastagi.command.SpeechLoadGrammarCommandTest,1,0,0,0,0.004,SUCCESS
siesta_asterisk-java,org.asteriskjava.fastagi.command.DatabasePutCommandTest,1,0,0,0,0.006,SUCCESS
siesta_asterisk-java,org.asteriskjava.fastagi.command.SendImageCommandTest,1,0,0,0,0.004,SUCCESS
siesta_asterisk-java,org.asteriskjava.fastagi.command.MeetmeCommandTest,2,0,0,0,0.005,SUCCESS
siesta_asterisk-java,org.asteriskjava.fastagi.command.SetVariableCommandTest,1,0,0,0,0.003,SUCCESS
siesta_asterisk-java,org.asteriskjava.fastagi.command.GetFullVariableCommandTest,2,0,0,0,0.005,SUCCESS
siesta_asterisk-java,org.asteriskjava.fastagi.command.ExecCommandTest,5,0,0,0,0.008,SUCCESS
siesta_asterisk-java,org.asteriskjava.fastagi.ClassNameMappingStrategyTest,2,0,0,0,0.012,SUCCESS
siesta_asterisk-java,org.asteriskjava.fastagi.ResourceBundleMappingStrategyTest,3,0,0,0,0.008,SUCCESS
siesta_asterisk-java,org.asteriskjava.fastagi.DefaultAgiServerTest,4,0,0,0,0.03,SUCCESS
siesta_asterisk-java,org.asteriskjava.fastagi.CompositeMappingStrategyTest,2,0,0,0,0.006,SUCCESS
siesta_asterisk-java,org.asteriskjava.fastagi.internal.AgiReplyImplTest,12,0,0,0,0.021,SUCCESS
siesta_asterisk-java,org.asteriskjava.fastagi.internal.AgiWriterImplTest,1,0,0,0,0.039,SUCCESS
siesta_asterisk-java,org.asteriskjava.fastagi.internal.AgiReaderImplTest,5,0,0,0,0.029,SUCCESS
siesta_asterisk-java,org.asteriskjava.fastagi.internal.AgiChannelImplTest,3,0,0,0,0.1,SUCCESS
siesta_asterisk-java,org.asteriskjava.fastagi.internal.AgiRequestImplTest,24,0,0,0,0.029,SUCCESS
siesta_asterisk-java,org.asteriskjava.fastagi.ScriptEngineMappingStrategyTest,3,0,0,0,0.004,SUCCESS
siesta_asterisk-java,org.asteriskjava.util.DateUtilTest,2,0,0,0,0.003,SUCCESS
siesta_asterisk-java,org.asteriskjava.util.internal.streamreader.FastScannerDeterministicTest,3,0,0,0,0.109,SUCCESS
siesta_asterisk-java,org.asteriskjava.util.internal.streamreader.FastScannerRandomTest,2,0,0,0,12.58,SUCCESS
siesta_asterisk-java,org.asteriskjava.util.internal.streamreader.FastScannerSpeedTest,3,0,0,0,7.627,SUCCESS
siesta_asterisk-java,org.asteriskjava.util.AstUtilTest,7,0,0,0,0.005,SUCCESS
siesta_asterisk-java,org.asteriskjava.AsteriskVersionTest,6,0,0,0,0.005,SUCCESS
Sum: 56.92900000000003
--------------------Execution: 2 -----------------------------------
siesta_asterisk-java,org.asteriskjava.pbx.internal.core.ListenerManagerTest,1,0,0,0,4.653,SUCCESS
siesta_asterisk-java,org.asteriskjava.config.ConfigFileParserTest,4,0,0,0,0.037,SUCCESS
siesta_asterisk-java,org.asteriskjava.manager.event.ConfbridgeJoinEventTest,1,0,0,0,0.995,SUCCESS
siesta_asterisk-java,org.asteriskjava.manager.event.AgiExecStartEventTest,1,0,0,0,0.009,SUCCESS
siesta_asterisk-java,org.asteriskjava.manager.event.ChanSpyStopEventTest,1,0,0,0,0.017,SUCCESS
siesta_asterisk-java,org.asteriskjava.manager.event.AsyncAgiEventTest,2,0,0,0,0.011,SUCCESS
siesta_asterisk-java,org.asteriskjava.manager.event.BridgeCreateEventTest,1,0,0,0,0.005,SUCCESS
siesta_asterisk-java,org.asteriskjava.manager.event.T38FaxStatusEventTest,2,0,0,0,0.016,SUCCESS
siesta_asterisk-java,org.asteriskjava.manager.event.CdrEventTest,3,0,0,0,0.021,SUCCESS
siesta_asterisk-java,org.asteriskjava.manager.event.ChannelTalkingStartEventTest,1,0,0,0,0.007,SUCCESS
siesta_asterisk-java,org.asteriskjava.manager.event.MusicOnHoldEventTest,1,0,0,0,0.007,SUCCESS
siesta_asterisk-java,org.asteriskjava.manager.event.NewStateEventTest,2,0,0,0,0.016,SUCCESS
siesta_asterisk-java,org.asteriskjava.manager.event.BridgeEnterEventTest,1,0,0,0,0.003,SUCCESS
siesta_asterisk-java,org.asteriskjava.manager.event.ChannelReloadEventTest,3,0,0,0,0.007,SUCCESS
siesta_asterisk-java,org.asteriskjava.manager.event.AttendedTransferEventTest,1,0,0,0,0.014,SUCCESS
siesta_asterisk-java,org.asteriskjava.manager.event.HangupEventTest,2,0,0,0,0.171,SUCCESS
siesta_asterisk-java,org.asteriskjava.manager.event.ChannelTalkingStopEventTest,1,0,0,0,0.023,SUCCESS
siesta_asterisk-java,org.asteriskjava.manager.event.SkypeBuddyStatusEventTest,2,0,0,0,0.006,SUCCESS
siesta_asterisk-java,org.asteriskjava.manager.event.AgentConnectEventTest,1,0,0,0,0.004,SUCCESS
siesta_asterisk-java,org.asteriskjava.manager.event.ConfbridgeLeaveEventTest,1,0,0,0,0.005,SUCCESS
siesta_asterisk-java,org.asteriskjava.manager.event.RtcpReceivedEventTest,5,0,0,0,0.028,SUCCESS
siesta_asterisk-java,org.asteriskjava.manager.event.HangupRequestEventTest,1,0,0,0,0.005,SUCCESS
siesta_asterisk-java,org.asteriskjava.manager.event.SkypeChatMessageEventTest,1,0,0,0,0.01,SUCCESS
siesta_asterisk-java,org.asteriskjava.manager.AbstractManagerEventListenerTest,2,0,0,0,0.005,SUCCESS
siesta_asterisk-java,org.asteriskjava.manager.internal.ManagerReaderImplTest,9,0,0,0,6.834,SUCCESS
siesta_asterisk-java,org.asteriskjava.manager.internal.ManagerWriterImplTest,2,0,0,0,0.05,SUCCESS
siesta_asterisk-java,org.asteriskjava.manager.internal.ResponseBuilderImplTest,9,0,0,0,0.026,SUCCESS
siesta_asterisk-java,org.asteriskjava.manager.internal.ActionBuilderImplTest,16,0,0,0,0.071,SUCCESS
siesta_asterisk-java,org.asteriskjava.manager.internal.backwardsCompatibility.bridge.BridgeEnterEventComparatorTest,17,0,0,0,0.03,SUCCESS
siesta_asterisk-java,org.asteriskjava.manager.internal.EventBuilderImplTest,36,0,0,0,0.102,SUCCESS
siesta_asterisk-java,org.asteriskjava.manager.internal.ManagerConnectionImplTest,22,0,0,0,4.287,SUCCESS
siesta_asterisk-java,org.asteriskjava.manager.response.CoreStatusResponseTest,2,0,0,0,0.004,SUCCESS
siesta_asterisk-java,org.asteriskjava.manager.response.SipShowPeerResponseTest,5,0,0,0,0.008,SUCCESS
siesta_asterisk-java,org.asteriskjava.live.HangupCauseTest,1,0,0,0,0.008,SUCCESS
siesta_asterisk-java,org.asteriskjava.live.QueueMemberStateTest,2,0,0,0,0.006,SUCCESS
siesta_asterisk-java,org.asteriskjava.live.internal.AsteriskQueueMemberImplTest,1,0,0,0,0.094,SUCCESS
siesta_asterisk-java,org.asteriskjava.live.internal.AsteriskChannelImplTest,1,0,0,0,0.009,SUCCESS
siesta_asterisk-java,org.asteriskjava.live.internal.AsteriskAgentImplTest,1,0,0,0,0.005,SUCCESS
siesta_asterisk-java,org.asteriskjava.live.CallerIdTest,7,0,0,0,0.008,SUCCESS
siesta_asterisk-java,org.asteriskjava.lock.LockerTest,2,0,0,0,15.01,SUCCESS
siesta_asterisk-java,org.asteriskjava.fastagi.command.ReceiveTextCommandTest,2,0,0,0,0.004,SUCCESS
siesta_asterisk-java,org.asteriskjava.fastagi.command.NoopCommandTest,1,0,0,0,0.003,SUCCESS
siesta_asterisk-java,org.asteriskjava.fastagi.command.ConfbridgeCommandTest,2,0,0,0,0.005,SUCCESS
siesta_asterisk-java,org.asteriskjava.fastagi.command.SpeechCreateCommandTest,1,0,0,0,0.003,SUCCESS
siesta_asterisk-java,org.asteriskjava.fastagi.command.SetContextCommandTest,1,0,0,0,0.004,SUCCESS
siesta_asterisk-java,org.asteriskjava.fastagi.command.QueueCommandTest,1,0,0,0,0.004,SUCCESS
siesta_asterisk-java,org.asteriskjava.fastagi.command.SayPhoneticCommandTest,2,0,0,0,0.004,SUCCESS
siesta_asterisk-java,org.asteriskjava.fastagi.command.VerboseCommandTest,1,0,0,0,0.003,SUCCESS
siesta_asterisk-java,org.asteriskjava.fastagi.command.SayAlphaCommandTest,2,0,0,0,0.005,SUCCESS
siesta_asterisk-java,org.asteriskjava.fastagi.command.SendTextCommandTest,1,0,0,0,0.004,SUCCESS
siesta_asterisk-java,org.asteriskjava.fastagi.command.StreamFileCommandTest,3,0,0,0,0.006,SUCCESS
siesta_asterisk-java,org.asteriskjava.fastagi.command.ControlStreamFileCommandTest,5,0,0,0,0.008,SUCCESS
siesta_asterisk-java,org.asteriskjava.fastagi.command.ChannelStatusCommandTest,2,0,0,0,0.004,SUCCESS
siesta_asterisk-java,org.asteriskjava.fastagi.command.DatabaseDelTreeCommandTest,2,0,0,0,0.005,SUCCESS
siesta_asterisk-java,org.asteriskjava.fastagi.command.DatabaseGetCommandTest,1,0,0,0,0.003,SUCCESS
siesta_asterisk-java,org.asteriskjava.fastagi.command.SpeechUnloadGrammarCommandTest,1,0,0,0,0.005,SUCCESS
siesta_asterisk-java,org.asteriskjava.fastagi.command.HangupCommandTest,2,0,0,0,0.003,SUCCESS
siesta_asterisk-java,org.asteriskjava.fastagi.command.SetMusicOffCommandTest,1,0,0,0,0.003,SUCCESS
siesta_asterisk-java,org.asteriskjava.fastagi.command.SetPriorityCommandTest,1,0,0,0,0.003,SUCCESS
siesta_asterisk-java,org.asteriskjava.fastagi.command.SetMusicOnCommandTest,2,0,0,0,0.003,SUCCESS
siesta_asterisk-java,org.asteriskjava.fastagi.command.GetDataCommandTest,6,0,0,0,0.021,SUCCESS
siesta_asterisk-java,org.asteriskjava.fastagi.command.ReceiveCharCommandTest,2,0,0,0,0.003,SUCCESS
siesta_asterisk-java,org.asteriskjava.fastagi.command.SayNumberCommandTest,2,0,0,0,0.005,SUCCESS
siesta_asterisk-java,org.asteriskjava.fastagi.command.SetCallerIdCommandTest,1,0,0,0,0.003,SUCCESS
siesta_asterisk-java,org.asteriskjava.fastagi.command.WaitForDigitCommandTest,2,0,0,0,0.005,SUCCESS
siesta_asterisk-java,org.asteriskjava.fastagi.command.SayDateTimeCommandTest,4,0,0,0,0.008,SUCCESS
siesta_asterisk-java,org.asteriskjava.fastagi.command.SayTimeCommandTest,2,0,0,0,0.005,SUCCESS
siesta_asterisk-java,org.asteriskjava.fastagi.command.AbstractAgiCommandTest,11,0,0,0,0.023,SUCCESS
siesta_asterisk-java,org.asteriskjava.fastagi.command.DatabaseDelCommandTest,2,0,0,0,0.004,SUCCESS
siesta_asterisk-java,org.asteriskjava.fastagi.command.GosubCommandTest,2,0,0,0,0.005,SUCCESS
siesta_asterisk-java,org.asteriskjava.fastagi.command.GetOptionCommandTest,2,0,0,0,0.006,SUCCESS
siesta_asterisk-java,org.asteriskjava.fastagi.command.SayDigitsCommandTest,2,0,0,0,0.004,SUCCESS
siesta_asterisk-java,org.asteriskjava.fastagi.command.SpeechDestroyCommandTest,1,0,0,0,0.004,SUCCESS
siesta_asterisk-java,org.asteriskjava.fastagi.command.DialCommandTest,2,0,0,0,0.007,SUCCESS
siesta_asterisk-java,org.asteriskjava.fastagi.command.AnswerCommandTest,1,0,0,0,0.003,SUCCESS
siesta_asterisk-java,org.asteriskjava.fastagi.command.RecordFileCommandTest,2,0,0,0,0.004,SUCCESS
siesta_asterisk-java,org.asteriskjava.fastagi.command.SpeechRecognizeCommandTest,2,0,0,0,0.004,SUCCESS
siesta_asterisk-java,org.asteriskjava.fastagi.command.BridgeCommandTest,2,0,0,0,0.005,SUCCESS
siesta_asterisk-java,org.asteriskjava.fastagi.command.SetAutoHangupCommandTest,1,0,0,0,0.004,SUCCESS
siesta_asterisk-java,org.asteriskjava.fastagi.command.TddModeCommandTest,1,0,0,0,0.003,SUCCESS
siesta_asterisk-java,org.asteriskjava.fastagi.command.SpeechActivateGrammarCommandTest,1,0,0,0,0.002,SUCCESS
siesta_asterisk-java,org.asteriskjava.fastagi.command.AsyncAgiBreakCommandTest,1,0,0,0,0.003,SUCCESS
siesta_asterisk-java,org.asteriskjava.fastagi.command.SpeechSetCommandTest,1,0,0,0,0.004,SUCCESS
siesta_asterisk-java,org.asteriskjava.fastagi.command.SetExtensionCommandTest,1,0,0,0,0.003,SUCCESS
siesta_asterisk-java,org.asteriskjava.fastagi.command.SpeechDeactivateGrammarCommandTest,1,0,0,0,0.004,SUCCESS
siesta_asterisk-java,org.asteriskjava.fastagi.command.SpeechLoadGrammarCommandTest,1,0,0,0,0.004,SUCCESS
siesta_asterisk-java,org.asteriskjava.fastagi.command.DatabasePutCommandTest,1,0,0,0,0.004,SUCCESS
siesta_asterisk-java,org.asteriskjava.fastagi.command.SendImageCommandTest,1,0,0,0,0.004,SUCCESS
siesta_asterisk-java,org.asteriskjava.fastagi.command.MeetmeCommandTest,2,0,0,0,0.005,SUCCESS
siesta_asterisk-java,org.asteriskjava.fastagi.command.SetVariableCommandTest,1,0,0,0,0.004,SUCCESS
siesta_asterisk-java,org.asteriskjava.fastagi.command.GetFullVariableCommandTest,2,0,0,0,0.004,SUCCESS
siesta_asterisk-java,org.asteriskjava.fastagi.command.ExecCommandTest,5,0,0,0,0.007,SUCCESS
siesta_asterisk-java,org.asteriskjava.fastagi.ClassNameMappingStrategyTest,2,0,0,0,0.009,SUCCESS
siesta_asterisk-java,org.asteriskjava.fastagi.ResourceBundleMappingStrategyTest,3,0,0,0,0.008,SUCCESS
siesta_asterisk-java,org.asteriskjava.fastagi.DefaultAgiServerTest,4,0,0,0,0.027,SUCCESS
siesta_asterisk-java,org.asteriskjava.fastagi.CompositeMappingStrategyTest,2,0,0,0,0.004,SUCCESS
siesta_asterisk-java,org.asteriskjava.fastagi.internal.AgiReplyImplTest,12,0,0,0,0.018,SUCCESS
siesta_asterisk-java,org.asteriskjava.fastagi.internal.AgiWriterImplTest,1,0,0,0,0.031,SUCCESS
siesta_asterisk-java,org.asteriskjava.fastagi.internal.AgiReaderImplTest,5,0,0,0,0.023,SUCCESS
siesta_asterisk-java,org.asteriskjava.fastagi.internal.AgiChannelImplTest,3,0,0,0,0.075,SUCCESS
siesta_asterisk-java,org.asteriskjava.fastagi.internal.AgiRequestImplTest,24,0,0,0,0.022,SUCCESS
siesta_asterisk-java,org.asteriskjava.fastagi.ScriptEngineMappingStrategyTest,3,0,0,0,0.003,SUCCESS
siesta_asterisk-java,org.asteriskjava.util.DateUtilTest,2,0,0,0,0.003,SUCCESS
siesta_asterisk-java,org.asteriskjava.util.internal.streamreader.FastScannerDeterministicTest,3,0,0,0,0.091,SUCCESS
siesta_asterisk-java,org.asteriskjava.util.internal.streamreader.FastScannerRandomTest,2,0,0,0,9.44,SUCCESS
siesta_asterisk-java,org.asteriskjava.util.internal.streamreader.FastScannerSpeedTest,3,0,0,0,5.677,SUCCESS
siesta_asterisk-java,org.asteriskjava.util.AstUtilTest,7,0,0,0,0.004,SUCCESS
siesta_asterisk-java,org.asteriskjava.AsteriskVersionTest,6,0,0,0,0.003,SUCCESS
Sum: 48.32099999999999
--------------------Execution: 3 -----------------------------------
siesta_asterisk-java,org.asteriskjava.pbx.internal.core.ListenerManagerTest,1,0,0,0,4.567,SUCCESS
siesta_asterisk-java,org.asteriskjava.config.ConfigFileParserTest,4,0,0,0,0.035,SUCCESS
siesta_asterisk-java,org.asteriskjava.manager.event.ConfbridgeJoinEventTest,1,0,0,0,0.889,SUCCESS
siesta_asterisk-java,org.asteriskjava.manager.event.AgiExecStartEventTest,1,0,0,0,0.008,SUCCESS
siesta_asterisk-java,org.asteriskjava.manager.event.ChanSpyStopEventTest,1,0,0,0,0.016,SUCCESS
siesta_asterisk-java,org.asteriskjava.manager.event.AsyncAgiEventTest,2,0,0,0,0.008,SUCCESS
siesta_asterisk-java,org.asteriskjava.manager.event.BridgeCreateEventTest,1,0,0,0,0.005,SUCCESS
siesta_asterisk-java,org.asteriskjava.manager.event.T38FaxStatusEventTest,2,0,0,0,0.011,SUCCESS
siesta_asterisk-java,org.asteriskjava.manager.event.CdrEventTest,3,0,0,0,0.02,SUCCESS
siesta_asterisk-java,org.asteriskjava.manager.event.ChannelTalkingStartEventTest,1,0,0,0,0.007,SUCCESS
siesta_asterisk-java,org.asteriskjava.manager.event.MusicOnHoldEventTest,1,0,0,0,0.007,SUCCESS
siesta_asterisk-java,org.asteriskjava.manager.event.NewStateEventTest,2,0,0,0,0.015,SUCCESS
siesta_asterisk-java,org.asteriskjava.manager.event.BridgeEnterEventTest,1,0,0,0,0.003,SUCCESS
siesta_asterisk-java,org.asteriskjava.manager.event.ChannelReloadEventTest,3,0,0,0,0.007,SUCCESS
siesta_asterisk-java,org.asteriskjava.manager.event.AttendedTransferEventTest,1,0,0,0,0.016,SUCCESS
siesta_asterisk-java,org.asteriskjava.manager.event.HangupEventTest,2,0,0,0,0.191,SUCCESS
siesta_asterisk-java,org.asteriskjava.manager.event.ChannelTalkingStopEventTest,1,0,0,0,0.012,SUCCESS
siesta_asterisk-java,org.asteriskjava.manager.event.SkypeBuddyStatusEventTest,2,0,0,0,0.005,SUCCESS
siesta_asterisk-java,org.asteriskjava.manager.event.AgentConnectEventTest,1,0,0,0,0.004,SUCCESS
siesta_asterisk-java,org.asteriskjava.manager.event.ConfbridgeLeaveEventTest,1,0,0,0,0.005,SUCCESS
siesta_asterisk-java,org.asteriskjava.manager.event.RtcpReceivedEventTest,5,0,0,0,0.018,SUCCESS
siesta_asterisk-java,org.asteriskjava.manager.event.HangupRequestEventTest,1,0,0,0,0.004,SUCCESS
siesta_asterisk-java,org.asteriskjava.manager.event.SkypeChatMessageEventTest,1,0,0,0,0.006,SUCCESS
siesta_asterisk-java,org.asteriskjava.manager.AbstractManagerEventListenerTest,2,0,0,0,0.004,SUCCESS
siesta_asterisk-java,org.asteriskjava.manager.internal.ManagerReaderImplTest,9,0,0,0,6.474,SUCCESS
siesta_asterisk-java,org.asteriskjava.manager.internal.ManagerWriterImplTest,2,0,0,0,0.049,SUCCESS
siesta_asterisk-java,org.asteriskjava.manager.internal.ResponseBuilderImplTest,9,0,0,0,0.03,SUCCESS
siesta_asterisk-java,org.asteriskjava.manager.internal.ActionBuilderImplTest,16,0,0,0,0.06,SUCCESS
siesta_asterisk-java,org.asteriskjava.manager.internal.backwardsCompatibility.bridge.BridgeEnterEventComparatorTest,17,0,0,0,0.025,SUCCESS
siesta_asterisk-java,org.asteriskjava.manager.internal.EventBuilderImplTest,36,0,0,0,0.114,SUCCESS
siesta_asterisk-java,org.asteriskjava.manager.internal.ManagerConnectionImplTest,22,0,0,0,4.287,SUCCESS
siesta_asterisk-java,org.asteriskjava.manager.response.CoreStatusResponseTest,2,0,0,0,0.005,SUCCESS
siesta_asterisk-java,org.asteriskjava.manager.response.SipShowPeerResponseTest,5,0,0,0,0.006,SUCCESS
siesta_asterisk-java,org.asteriskjava.live.HangupCauseTest,1,0,0,0,0.006,SUCCESS
siesta_asterisk-java,org.asteriskjava.live.QueueMemberStateTest,2,0,0,0,0.005,SUCCESS
siesta_asterisk-java,org.asteriskjava.live.internal.AsteriskQueueMemberImplTest,1,0,0,0,0.098,SUCCESS
siesta_asterisk-java,org.asteriskjava.live.internal.AsteriskChannelImplTest,1,0,0,0,0.011,SUCCESS
siesta_asterisk-java,org.asteriskjava.live.internal.AsteriskAgentImplTest,1,0,0,0,0.004,SUCCESS
siesta_asterisk-java,org.asteriskjava.live.CallerIdTest,7,0,0,0,0.01,SUCCESS
siesta_asterisk-java,org.asteriskjava.lock.LockerTest,2,0,0,0,15.01,SUCCESS
siesta_asterisk-java,org.asteriskjava.fastagi.command.ReceiveTextCommandTest,2,0,0,0,0.003,SUCCESS
siesta_asterisk-java,org.asteriskjava.fastagi.command.NoopCommandTest,1,0,0,0,0.002,SUCCESS
siesta_asterisk-java,org.asteriskjava.fastagi.command.ConfbridgeCommandTest,2,0,0,0,0.004,SUCCESS
siesta_asterisk-java,org.asteriskjava.fastagi.command.SpeechCreateCommandTest,1,0,0,0,0.003,SUCCESS
siesta_asterisk-java,org.asteriskjava.fastagi.command.SetContextCommandTest,1,0,0,0,0.003,SUCCESS
siesta_asterisk-java,org.asteriskjava.fastagi.command.QueueCommandTest,1,0,0,0,0.003,SUCCESS
siesta_asterisk-java,org.asteriskjava.fastagi.command.SayPhoneticCommandTest,2,0,0,0,0.004,SUCCESS
siesta_asterisk-java,org.asteriskjava.fastagi.command.VerboseCommandTest,1,0,0,0,0.003,SUCCESS
siesta_asterisk-java,org.asteriskjava.fastagi.command.SayAlphaCommandTest,2,0,0,0,0.003,SUCCESS
siesta_asterisk-java,org.asteriskjava.fastagi.command.SendTextCommandTest,1,0,0,0,0.004,SUCCESS
siesta_asterisk-java,org.asteriskjava.fastagi.command.StreamFileCommandTest,3,0,0,0,0.005,SUCCESS
siesta_asterisk-java,org.asteriskjava.fastagi.command.ControlStreamFileCommandTest,5,0,0,0,0.005,SUCCESS
siesta_asterisk-java,org.asteriskjava.fastagi.command.ChannelStatusCommandTest,2,0,0,0,0.005,SUCCESS
siesta_asterisk-java,org.asteriskjava.fastagi.command.DatabaseDelTreeCommandTest,2,0,0,0,0.004,SUCCESS
siesta_asterisk-java,org.asteriskjava.fastagi.command.DatabaseGetCommandTest,1,0,0,0,0.004,SUCCESS
siesta_asterisk-java,org.asteriskjava.fastagi.command.SpeechUnloadGrammarCommandTest,1,0,0,0,0.003,SUCCESS
siesta_asterisk-java,org.asteriskjava.fastagi.command.HangupCommandTest,2,0,0,0,0.004,SUCCESS
siesta_asterisk-java,org.asteriskjava.fastagi.command.SetMusicOffCommandTest,1,0,0,0,0.003,SUCCESS
siesta_asterisk-java,org.asteriskjava.fastagi.command.SetPriorityCommandTest,1,0,0,0,0.003,SUCCESS
siesta_asterisk-java,org.asteriskjava.fastagi.command.SetMusicOnCommandTest,2,0,0,0,0.005,SUCCESS
siesta_asterisk-java,org.asteriskjava.fastagi.command.GetDataCommandTest,6,0,0,0,0.022,SUCCESS
siesta_asterisk-java,org.asteriskjava.fastagi.command.ReceiveCharCommandTest,2,0,0,0,0.004,SUCCESS
siesta_asterisk-java,org.asteriskjava.fastagi.command.SayNumberCommandTest,2,0,0,0,0.004,SUCCESS
siesta_asterisk-java,org.asteriskjava.fastagi.command.SetCallerIdCommandTest,1,0,0,0,0.003,SUCCESS
siesta_asterisk-java,org.asteriskjava.fastagi.command.WaitForDigitCommandTest,2,0,0,0,0.004,SUCCESS
siesta_asterisk-java,org.asteriskjava.fastagi.command.SayDateTimeCommandTest,4,0,0,0,0.009,SUCCESS
siesta_asterisk-java,org.asteriskjava.fastagi.command.SayTimeCommandTest,2,0,0,0,0.005,SUCCESS
siesta_asterisk-java,org.asteriskjava.fastagi.command.AbstractAgiCommandTest,11,0,0,0,0.024,SUCCESS
siesta_asterisk-java,org.asteriskjava.fastagi.command.DatabaseDelCommandTest,2,0,0,0,0.005,SUCCESS
siesta_asterisk-java,org.asteriskjava.fastagi.command.GosubCommandTest,2,0,0,0,0.006,SUCCESS
siesta_asterisk-java,org.asteriskjava.fastagi.command.GetOptionCommandTest,2,0,0,0,0.004,SUCCESS
siesta_asterisk-java,org.asteriskjava.fastagi.command.SayDigitsCommandTest,2,0,0,0,0.004,SUCCESS
siesta_asterisk-java,org.asteriskjava.fastagi.command.SpeechDestroyCommandTest,1,0,0,0,0.003,SUCCESS
siesta_asterisk-java,org.asteriskjava.fastagi.command.DialCommandTest,2,0,0,0,0.006,SUCCESS
siesta_asterisk-java,org.asteriskjava.fastagi.command.AnswerCommandTest,1,0,0,0,0.004,SUCCESS
siesta_asterisk-java,org.asteriskjava.fastagi.command.RecordFileCommandTest,2,0,0,0,0.005,SUCCESS
siesta_asterisk-java,org.asteriskjava.fastagi.command.SpeechRecognizeCommandTest,2,0,0,0,0.003,SUCCESS
siesta_asterisk-java,org.asteriskjava.fastagi.command.BridgeCommandTest,2,0,0,0,0.005,SUCCESS
siesta_asterisk-java,org.asteriskjava.fastagi.command.SetAutoHangupCommandTest,1,0,0,0,0.003,SUCCESS
siesta_asterisk-java,org.asteriskjava.fastagi.command.TddModeCommandTest,1,0,0,0,0.002,SUCCESS
siesta_asterisk-java,org.asteriskjava.fastagi.command.SpeechActivateGrammarCommandTest,1,0,0,0,0.003,SUCCESS
siesta_asterisk-java,org.asteriskjava.fastagi.command.AsyncAgiBreakCommandTest,1,0,0,0,0.004,SUCCESS
siesta_asterisk-java,org.asteriskjava.fastagi.command.SpeechSetCommandTest,1,0,0,0,0.004,SUCCESS
siesta_asterisk-java,org.asteriskjava.fastagi.command.SetExtensionCommandTest,1,0,0,0,0.003,SUCCESS
siesta_asterisk-java,org.asteriskjava.fastagi.command.SpeechDeactivateGrammarCommandTest,1,0,0,0,0.003,SUCCESS
siesta_asterisk-java,org.asteriskjava.fastagi.command.SpeechLoadGrammarCommandTest,1,0,0,0,0.004,SUCCESS
siesta_asterisk-java,org.asteriskjava.fastagi.command.DatabasePutCommandTest,1,0,0,0,0.005,SUCCESS
siesta_asterisk-java,org.asteriskjava.fastagi.command.SendImageCommandTest,1,0,0,0,0.005,SUCCESS
siesta_asterisk-java,org.asteriskjava.fastagi.command.MeetmeCommandTest,2,0,0,0,0.005,SUCCESS
siesta_asterisk-java,org.asteriskjava.fastagi.command.SetVariableCommandTest,1,0,0,0,0.005,SUCCESS
siesta_asterisk-java,org.asteriskjava.fastagi.command.GetFullVariableCommandTest,2,0,0,0,0.004,SUCCESS
siesta_asterisk-java,org.asteriskjava.fastagi.command.ExecCommandTest,5,0,0,0,0.011,SUCCESS
siesta_asterisk-java,org.asteriskjava.fastagi.ClassNameMappingStrategyTest,2,0,0,0,0.008,SUCCESS
siesta_asterisk-java,org.asteriskjava.fastagi.ResourceBundleMappingStrategyTest,3,0,0,0,0.006,SUCCESS
siesta_asterisk-java,org.asteriskjava.fastagi.DefaultAgiServerTest,4,0,0,0,0.03,SUCCESS
siesta_asterisk-java,org.asteriskjava.fastagi.CompositeMappingStrategyTest,2,0,0,0,0.006,SUCCESS
siesta_asterisk-java,org.asteriskjava.fastagi.internal.AgiReplyImplTest,12,0,0,0,0.02,SUCCESS
siesta_asterisk-java,org.asteriskjava.fastagi.internal.AgiWriterImplTest,1,0,0,0,0.034,SUCCESS
siesta_asterisk-java,org.asteriskjava.fastagi.internal.AgiReaderImplTest,5,0,0,0,0.042,SUCCESS
siesta_asterisk-java,org.asteriskjava.fastagi.internal.AgiChannelImplTest,3,0,0,0,0.089,SUCCESS
siesta_asterisk-java,org.asteriskjava.fastagi.internal.AgiRequestImplTest,24,0,0,0,0.027,SUCCESS
siesta_asterisk-java,org.asteriskjava.fastagi.ScriptEngineMappingStrategyTest,3,0,0,0,0.003,SUCCESS
siesta_asterisk-java,org.asteriskjava.util.DateUtilTest,2,0,0,0,0.005,SUCCESS
siesta_asterisk-java,org.asteriskjava.util.internal.streamreader.FastScannerDeterministicTest,3,0,0,0,0.094,SUCCESS
siesta_asterisk-java,org.asteriskjava.util.internal.streamreader.FastScannerRandomTest,2,0,0,0,9.426,SUCCESS
siesta_asterisk-java,org.asteriskjava.util.internal.streamreader.FastScannerSpeedTest,3,0,0,0,5.948,SUCCESS
siesta_asterisk-java,org.asteriskjava.util.AstUtilTest,7,0,0,0,0.003,SUCCESS
siesta_asterisk-java,org.asteriskjava.AsteriskVersionTest,6,0,0,0,0.004,SUCCESS
Sum: 48.05600000000001
--------------------Execution: 4 -----------------------------------
siesta_asterisk-java,org.asteriskjava.pbx.internal.core.ListenerManagerTest,1,0,0,0,5.963,SUCCESS
siesta_asterisk-java,org.asteriskjava.config.ConfigFileParserTest,4,0,0,0,0.038,SUCCESS
siesta_asterisk-java,org.asteriskjava.manager.event.ConfbridgeJoinEventTest,1,0,0,0,0.948,SUCCESS
siesta_asterisk-java,org.asteriskjava.manager.event.AgiExecStartEventTest,1,0,0,0,0.007,SUCCESS
siesta_asterisk-java,org.asteriskjava.manager.event.ChanSpyStopEventTest,1,0,0,0,0.037,SUCCESS
siesta_asterisk-java,org.asteriskjava.manager.event.AsyncAgiEventTest,2,0,0,0,0.019,SUCCESS
siesta_asterisk-java,org.asteriskjava.manager.event.BridgeCreateEventTest,1,0,0,0,0.006,SUCCESS
siesta_asterisk-java,org.asteriskjava.manager.event.T38FaxStatusEventTest,2,0,0,0,0.013,SUCCESS
siesta_asterisk-java,org.asteriskjava.manager.event.CdrEventTest,3,0,0,0,0.023,SUCCESS
siesta_asterisk-java,org.asteriskjava.manager.event.ChannelTalkingStartEventTest,1,0,0,0,0.008,SUCCESS
siesta_asterisk-java,org.asteriskjava.manager.event.MusicOnHoldEventTest,1,0,0,0,0.007,SUCCESS
siesta_asterisk-java,org.asteriskjava.manager.event.NewStateEventTest,2,0,0,0,0.018,SUCCESS
siesta_asterisk-java,org.asteriskjava.manager.event.BridgeEnterEventTest,1,0,0,0,0.005,SUCCESS
siesta_asterisk-java,org.asteriskjava.manager.event.ChannelReloadEventTest,3,0,0,0,0.012,SUCCESS
siesta_asterisk-java,org.asteriskjava.manager.event.AttendedTransferEventTest,1,0,0,0,0.026,SUCCESS
siesta_asterisk-java,org.asteriskjava.manager.event.HangupEventTest,2,0,0,0,0.139,SUCCESS
siesta_asterisk-java,org.asteriskjava.manager.event.ChannelTalkingStopEventTest,1,0,0,0,0.013,SUCCESS
siesta_asterisk-java,org.asteriskjava.manager.event.SkypeBuddyStatusEventTest,2,0,0,0,0.003,SUCCESS
siesta_asterisk-java,org.asteriskjava.manager.event.AgentConnectEventTest,1,0,0,0,0.003,SUCCESS
siesta_asterisk-java,org.asteriskjava.manager.event.ConfbridgeLeaveEventTest,1,0,0,0,0.004,SUCCESS
siesta_asterisk-java,org.asteriskjava.manager.event.RtcpReceivedEventTest,5,0,0,0,0.022,SUCCESS
siesta_asterisk-java,org.asteriskjava.manager.event.HangupRequestEventTest,1,0,0,0,0.005,SUCCESS
siesta_asterisk-java,org.asteriskjava.manager.event.SkypeChatMessageEventTest,1,0,0,0,0.008,SUCCESS
siesta_asterisk-java,org.asteriskjava.manager.AbstractManagerEventListenerTest,2,0,0,0,0.003,SUCCESS
siesta_asterisk-java,org.asteriskjava.manager.internal.ManagerReaderImplTest,9,0,0,0,6.956,SUCCESS
siesta_asterisk-java,org.asteriskjava.manager.internal.ManagerWriterImplTest,2,0,0,0,0.047,SUCCESS
siesta_asterisk-java,org.asteriskjava.manager.internal.ResponseBuilderImplTest,9,0,0,0,0.028,SUCCESS
siesta_asterisk-java,org.asteriskjava.manager.internal.ActionBuilderImplTest,16,0,0,0,0.061,SUCCESS
siesta_asterisk-java,org.asteriskjava.manager.internal.backwardsCompatibility.bridge.BridgeEnterEventComparatorTest,17,0,0,0,0.038,SUCCESS
siesta_asterisk-java,org.asteriskjava.manager.internal.EventBuilderImplTest,36,0,0,0,0.136,SUCCESS
siesta_asterisk-java,org.asteriskjava.manager.internal.ManagerConnectionImplTest,22,0,0,0,4.394,SUCCESS
siesta_asterisk-java,org.asteriskjava.manager.response.CoreStatusResponseTest,2,0,0,0,0.005,SUCCESS
siesta_asterisk-java,org.asteriskjava.manager.response.SipShowPeerResponseTest,5,0,0,0,0.013,SUCCESS
siesta_asterisk-java,org.asteriskjava.live.HangupCauseTest,1,0,0,0,0.01,SUCCESS
siesta_asterisk-java,org.asteriskjava.live.QueueMemberStateTest,2,0,0,0,0.008,SUCCESS
siesta_asterisk-java,org.asteriskjava.live.internal.AsteriskQueueMemberImplTest,1,0,0,0,0.12,SUCCESS
siesta_asterisk-java,org.asteriskjava.live.internal.AsteriskChannelImplTest,1,0,0,0,0.017,SUCCESS
siesta_asterisk-java,org.asteriskjava.live.internal.AsteriskAgentImplTest,1,0,0,0,0.006,SUCCESS
siesta_asterisk-java,org.asteriskjava.live.CallerIdTest,7,0,0,0,0.014,SUCCESS
siesta_asterisk-java,org.asteriskjava.lock.LockerTest,2,0,0,0,15.02,SUCCESS
siesta_asterisk-java,org.asteriskjava.fastagi.command.ReceiveTextCommandTest,2,0,0,0,0.004,SUCCESS
siesta_asterisk-java,org.asteriskjava.fastagi.command.NoopCommandTest,1,0,0,0,0.004,SUCCESS
siesta_asterisk-java,org.asteriskjava.fastagi.command.ConfbridgeCommandTest,2,0,0,0,0.009,SUCCESS
siesta_asterisk-java,org.asteriskjava.fastagi.command.SpeechCreateCommandTest,1,0,0,0,0.004,SUCCESS
siesta_asterisk-java,org.asteriskjava.fastagi.command.SetContextCommandTest,1,0,0,0,0.004,SUCCESS
siesta_asterisk-java,org.asteriskjava.fastagi.command.QueueCommandTest,1,0,0,0,0.006,SUCCESS
siesta_asterisk-java,org.asteriskjava.fastagi.command.SayPhoneticCommandTest,2,0,0,0,0.006,SUCCESS
siesta_asterisk-java,org.asteriskjava.fastagi.command.VerboseCommandTest,1,0,0,0,0.008,SUCCESS
siesta_asterisk-java,org.asteriskjava.fastagi.command.SayAlphaCommandTest,2,0,0,0,0.006,SUCCESS
siesta_asterisk-java,org.asteriskjava.fastagi.command.SendTextCommandTest,1,0,0,0,0.008,SUCCESS
siesta_asterisk-java,org.asteriskjava.fastagi.command.StreamFileCommandTest,3,0,0,0,0.008,SUCCESS
siesta_asterisk-java,org.asteriskjava.fastagi.command.ControlStreamFileCommandTest,5,0,0,0,0.022,SUCCESS
siesta_asterisk-java,org.asteriskjava.fastagi.command.ChannelStatusCommandTest,2,0,0,0,0.009,SUCCESS
siesta_asterisk-java,org.asteriskjava.fastagi.command.DatabaseDelTreeCommandTest,2,0,0,0,0.007,SUCCESS
siesta_asterisk-java,org.asteriskjava.fastagi.command.DatabaseGetCommandTest,1,0,0,0,0.004,SUCCESS
siesta_asterisk-java,org.asteriskjava.fastagi.command.SpeechUnloadGrammarCommandTest,1,0,0,0,0.007,SUCCESS
siesta_asterisk-java,org.asteriskjava.fastagi.command.HangupCommandTest,2,0,0,0,0.006,SUCCESS
siesta_asterisk-java,org.asteriskjava.fastagi.command.SetMusicOffCommandTest,1,0,0,0,0.004,SUCCESS
siesta_asterisk-java,org.asteriskjava.fastagi.command.SetPriorityCommandTest,1,0,0,0,0.008,SUCCESS
siesta_asterisk-java,org.asteriskjava.fastagi.command.SetMusicOnCommandTest,2,0,0,0,0.01,SUCCESS
siesta_asterisk-java,org.asteriskjava.fastagi.command.GetDataCommandTest,6,0,0,0,0.036,SUCCESS
siesta_asterisk-java,org.asteriskjava.fastagi.command.ReceiveCharCommandTest,2,0,0,0,0.007,SUCCESS
siesta_asterisk-java,org.asteriskjava.fastagi.command.SayNumberCommandTest,2,0,0,0,0.007,SUCCESS
siesta_asterisk-java,org.asteriskjava.fastagi.command.SetCallerIdCommandTest,1,0,0,0,0.007,SUCCESS
siesta_asterisk-java,org.asteriskjava.fastagi.command.WaitForDigitCommandTest,2,0,0,0,0.006,SUCCESS
siesta_asterisk-java,org.asteriskjava.fastagi.command.SayDateTimeCommandTest,4,0,0,0,0.014,SUCCESS
siesta_asterisk-java,org.asteriskjava.fastagi.command.SayTimeCommandTest,2,0,0,0,0.009,SUCCESS
siesta_asterisk-java,org.asteriskjava.fastagi.command.AbstractAgiCommandTest,11,0,0,0,0.04,SUCCESS
siesta_asterisk-java,org.asteriskjava.fastagi.command.DatabaseDelCommandTest,2,0,0,0,0.008,SUCCESS
siesta_asterisk-java,org.asteriskjava.fastagi.command.GosubCommandTest,2,0,0,0,0.007,SUCCESS
siesta_asterisk-java,org.asteriskjava.fastagi.command.GetOptionCommandTest,2,0,0,0,0.009,SUCCESS
siesta_asterisk-java,org.asteriskjava.fastagi.command.SayDigitsCommandTest,2,0,0,0,0.007,SUCCESS
siesta_asterisk-java,org.asteriskjava.fastagi.command.SpeechDestroyCommandTest,1,0,0,0,0.005,SUCCESS
siesta_asterisk-java,org.asteriskjava.fastagi.command.DialCommandTest,2,0,0,0,0.009,SUCCESS
siesta_asterisk-java,org.asteriskjava.fastagi.command.AnswerCommandTest,1,0,0,0,0.007,SUCCESS
siesta_asterisk-java,org.asteriskjava.fastagi.command.RecordFileCommandTest,2,0,0,0,0.008,SUCCESS
siesta_asterisk-java,org.asteriskjava.fastagi.command.SpeechRecognizeCommandTest,2,0,0,0,0.007,SUCCESS
siesta_asterisk-java,org.asteriskjava.fastagi.command.BridgeCommandTest,2,0,0,0,0.007,SUCCESS
siesta_asterisk-java,org.asteriskjava.fastagi.command.SetAutoHangupCommandTest,1,0,0,0,0.006,SUCCESS
siesta_asterisk-java,org.asteriskjava.fastagi.command.TddModeCommandTest,1,0,0,0,0.006,SUCCESS
siesta_asterisk-java,org.asteriskjava.fastagi.command.SpeechActivateGrammarCommandTest,1,0,0,0,0.005,SUCCESS
siesta_asterisk-java,org.asteriskjava.fastagi.command.AsyncAgiBreakCommandTest,1,0,0,0,0.006,SUCCESS
siesta_asterisk-java,org.asteriskjava.fastagi.command.SpeechSetCommandTest,1,0,0,0,0.005,SUCCESS
siesta_asterisk-java,org.asteriskjava.fastagi.command.SetExtensionCommandTest,1,0,0,0,0.007,SUCCESS
siesta_asterisk-java,org.asteriskjava.fastagi.command.SpeechDeactivateGrammarCommandTest,1,0,0,0,0.007,SUCCESS
siesta_asterisk-java,org.asteriskjava.fastagi.command.SpeechLoadGrammarCommandTest,1,0,0,0,0.009,SUCCESS
siesta_asterisk-java,org.asteriskjava.fastagi.command.DatabasePutCommandTest,1,0,0,0,0.005,SUCCESS
siesta_asterisk-java,org.asteriskjava.fastagi.command.SendImageCommandTest,1,0,0,0,0.008,SUCCESS
siesta_asterisk-java,org.asteriskjava.fastagi.command.MeetmeCommandTest,2,0,0,0,0.007,SUCCESS
siesta_asterisk-java,org.asteriskjava.fastagi.command.SetVariableCommandTest,1,0,0,0,0.005,SUCCESS
siesta_asterisk-java,org.asteriskjava.fastagi.command.GetFullVariableCommandTest,2,0,0,0,0.01,SUCCESS
siesta_asterisk-java,org.asteriskjava.fastagi.command.ExecCommandTest,5,0,0,0,0.013,SUCCESS
siesta_asterisk-java,org.asteriskjava.fastagi.ClassNameMappingStrategyTest,2,0,0,0,0.015,SUCCESS
siesta_asterisk-java,org.asteriskjava.fastagi.ResourceBundleMappingStrategyTest,3,0,0,0,0.015,SUCCESS
siesta_asterisk-java,org.asteriskjava.fastagi.DefaultAgiServerTest,4,0,0,0,0.048,SUCCESS
siesta_asterisk-java,org.asteriskjava.fastagi.CompositeMappingStrategyTest,2,0,0,0,0.011,SUCCESS
siesta_asterisk-java,org.asteriskjava.fastagi.internal.AgiReplyImplTest,12,0,0,0,0.029,SUCCESS
siesta_asterisk-java,org.asteriskjava.fastagi.internal.AgiWriterImplTest,1,0,0,0,0.04,SUCCESS
siesta_asterisk-java,org.asteriskjava.fastagi.internal.AgiReaderImplTest,5,0,0,0,0.032,SUCCESS
siesta_asterisk-java,org.asteriskjava.fastagi.internal.AgiChannelImplTest,3,0,0,0,0.139,SUCCESS
siesta_asterisk-java,org.asteriskjava.fastagi.internal.AgiRequestImplTest,24,0,0,0,0.035,SUCCESS
siesta_asterisk-java,org.asteriskjava.fastagi.ScriptEngineMappingStrategyTest,3,0,0,0,0.004,SUCCESS
siesta_asterisk-java,org.asteriskjava.util.DateUtilTest,2,0,0,0,0.008,SUCCESS
siesta_asterisk-java,org.asteriskjava.util.internal.streamreader.FastScannerDeterministicTest,3,0,0,0,0.121,SUCCESS
siesta_asterisk-java,org.asteriskjava.util.internal.streamreader.FastScannerRandomTest,2,0,0,0,11.68,SUCCESS
siesta_asterisk-java,org.asteriskjava.util.internal.streamreader.FastScannerSpeedTest,3,0,0,0,6.23,SUCCESS
siesta_asterisk-java,org.asteriskjava.util.AstUtilTest,7,0,0,0,0.005,SUCCESS
siesta_asterisk-java,org.asteriskjava.AsteriskVersionTest,6,0,0,0,0.005,SUCCESS
Sum: 53.063
--------------------Execution: 5 -----------------------------------
siesta_asterisk-java,org.asteriskjava.pbx.internal.core.ListenerManagerTest,1,0,0,0,4.783,SUCCESS
siesta_asterisk-java,org.asteriskjava.config.ConfigFileParserTest,4,0,0,0,0.033,SUCCESS
siesta_asterisk-java,org.asteriskjava.manager.event.ConfbridgeJoinEventTest,1,0,0,0,0.993,SUCCESS
siesta_asterisk-java,org.asteriskjava.manager.event.AgiExecStartEventTest,1,0,0,0,0.01,SUCCESS
siesta_asterisk-java,org.asteriskjava.manager.event.ChanSpyStopEventTest,1,0,0,0,0.025,SUCCESS
siesta_asterisk-java,org.asteriskjava.manager.event.AsyncAgiEventTest,2,0,0,0,0.01,SUCCESS
siesta_asterisk-java,org.asteriskjava.manager.event.BridgeCreateEventTest,1,0,0,0,0.006,SUCCESS
siesta_asterisk-java,org.asteriskjava.manager.event.T38FaxStatusEventTest,2,0,0,0,0.014,SUCCESS
siesta_asterisk-java,org.asteriskjava.manager.event.CdrEventTest,3,0,0,0,0.031,SUCCESS
siesta_asterisk-java,org.asteriskjava.manager.event.ChannelTalkingStartEventTest,1,0,0,0,0.01,SUCCESS
siesta_asterisk-java,org.asteriskjava.manager.event.MusicOnHoldEventTest,1,0,0,0,0.009,SUCCESS
siesta_asterisk-java,org.asteriskjava.manager.event.NewStateEventTest,2,0,0,0,0.019,SUCCESS
siesta_asterisk-java,org.asteriskjava.manager.event.BridgeEnterEventTest,1,0,0,0,0.007,SUCCESS
siesta_asterisk-java,org.asteriskjava.manager.event.ChannelReloadEventTest,3,0,0,0,0.016,SUCCESS
siesta_asterisk-java,org.asteriskjava.manager.event.AttendedTransferEventTest,1,0,0,0,0.021,SUCCESS
siesta_asterisk-java,org.asteriskjava.manager.event.HangupEventTest,2,0,0,0,0.169,SUCCESS
siesta_asterisk-java,org.asteriskjava.manager.event.ChannelTalkingStopEventTest,1,0,0,0,0.014,SUCCESS
siesta_asterisk-java,org.asteriskjava.manager.event.SkypeBuddyStatusEventTest,2,0,0,0,0.005,SUCCESS
siesta_asterisk-java,org.asteriskjava.manager.event.AgentConnectEventTest,1,0,0,0,0.007,SUCCESS
siesta_asterisk-java,org.asteriskjava.manager.event.ConfbridgeLeaveEventTest,1,0,0,0,0.006,SUCCESS
siesta_asterisk-java,org.asteriskjava.manager.event.RtcpReceivedEventTest,5,0,0,0,0.031,SUCCESS
siesta_asterisk-java,org.asteriskjava.manager.event.HangupRequestEventTest,1,0,0,0,0.006,SUCCESS
siesta_asterisk-java,org.asteriskjava.manager.event.SkypeChatMessageEventTest,1,0,0,0,0.011,SUCCESS
siesta_asterisk-java,org.asteriskjava.manager.AbstractManagerEventListenerTest,2,0,0,0,0.007,SUCCESS
siesta_asterisk-java,org.asteriskjava.manager.internal.ManagerReaderImplTest,9,0,0,0,7.357,SUCCESS
siesta_asterisk-java,org.asteriskjava.manager.internal.ManagerWriterImplTest,2,0,0,0,0.052,SUCCESS
siesta_asterisk-java,org.asteriskjava.manager.internal.ResponseBuilderImplTest,9,0,0,0,0.031,SUCCESS
siesta_asterisk-java,org.asteriskjava.manager.internal.ActionBuilderImplTest,16,0,0,0,0.059,SUCCESS
siesta_asterisk-java,org.asteriskjava.manager.internal.backwardsCompatibility.bridge.BridgeEnterEventComparatorTest,17,0,0,0,0.028,SUCCESS
siesta_asterisk-java,org.asteriskjava.manager.internal.EventBuilderImplTest,36,0,0,0,0.121,SUCCESS
siesta_asterisk-java,org.asteriskjava.manager.internal.ManagerConnectionImplTest,22,0,0,0,4.478,SUCCESS
siesta_asterisk-java,org.asteriskjava.manager.response.CoreStatusResponseTest,2,0,0,0,0.004,SUCCESS
siesta_asterisk-java,org.asteriskjava.manager.response.SipShowPeerResponseTest,5,0,0,0,0.009,SUCCESS
siesta_asterisk-java,org.asteriskjava.live.HangupCauseTest,1,0,0,0,0.01,SUCCESS
siesta_asterisk-java,org.asteriskjava.live.QueueMemberStateTest,2,0,0,0,0.009,SUCCESS
siesta_asterisk-java,org.asteriskjava.live.internal.AsteriskQueueMemberImplTest,1,0,0,0,0.141,SUCCESS
siesta_asterisk-java,org.asteriskjava.live.internal.AsteriskChannelImplTest,1,0,0,0,0.014,SUCCESS
siesta_asterisk-java,org.asteriskjava.live.internal.AsteriskAgentImplTest,1,0,0,0,0.006,SUCCESS
siesta_asterisk-java,org.asteriskjava.live.CallerIdTest,7,0,0,0,0.012,SUCCESS
siesta_asterisk-java,org.asteriskjava.lock.LockerTest,2,0,0,0,15.01,SUCCESS
siesta_asterisk-java,org.asteriskjava.fastagi.command.ReceiveTextCommandTest,2,0,0,0,0.006,SUCCESS
siesta_asterisk-java,org.asteriskjava.fastagi.command.NoopCommandTest,1,0,0,0,0.003,SUCCESS
siesta_asterisk-java,org.asteriskjava.fastagi.command.ConfbridgeCommandTest,2,0,0,0,0.004,SUCCESS
siesta_asterisk-java,org.asteriskjava.fastagi.command.SpeechCreateCommandTest,1,0,0,0,0.003,SUCCESS
siesta_asterisk-java,org.asteriskjava.fastagi.command.SetContextCommandTest,1,0,0,0,0.004,SUCCESS
siesta_asterisk-java,org.asteriskjava.fastagi.command.QueueCommandTest,1,0,0,0,0.003,SUCCESS
siesta_asterisk-java,org.asteriskjava.fastagi.command.SayPhoneticCommandTest,2,0,0,0,0.005,SUCCESS
siesta_asterisk-java,org.asteriskjava.fastagi.command.VerboseCommandTest,1,0,0,0,0.004,SUCCESS
siesta_asterisk-java,org.asteriskjava.fastagi.command.SayAlphaCommandTest,2,0,0,0,0.005,SUCCESS
siesta_asterisk-java,org.asteriskjava.fastagi.command.SendTextCommandTest,1,0,0,0,0.005,SUCCESS
siesta_asterisk-java,org.asteriskjava.fastagi.command.StreamFileCommandTest,3,0,0,0,0.006,SUCCESS
siesta_asterisk-java,org.asteriskjava.fastagi.command.ControlStreamFileCommandTest,5,0,0,0,0.008,SUCCESS
siesta_asterisk-java,org.asteriskjava.fastagi.command.ChannelStatusCommandTest,2,0,0,0,0.005,SUCCESS
siesta_asterisk-java,org.asteriskjava.fastagi.command.DatabaseDelTreeCommandTest,2,0,0,0,0.004,SUCCESS
siesta_asterisk-java,org.asteriskjava.fastagi.command.DatabaseGetCommandTest,1,0,0,0,0.005,SUCCESS
siesta_asterisk-java,org.asteriskjava.fastagi.command.SpeechUnloadGrammarCommandTest,1,0,0,0,0.003,SUCCESS
siesta_asterisk-java,org.asteriskjava.fastagi.command.HangupCommandTest,2,0,0,0,0.005,SUCCESS
siesta_asterisk-java,org.asteriskjava.fastagi.command.SetMusicOffCommandTest,1,0,0,0,0.003,SUCCESS
siesta_asterisk-java,org.asteriskjava.fastagi.command.SetPriorityCommandTest,1,0,0,0,0.004,SUCCESS
siesta_asterisk-java,org.asteriskjava.fastagi.command.SetMusicOnCommandTest,2,0,0,0,0.005,SUCCESS
siesta_asterisk-java,org.asteriskjava.fastagi.command.GetDataCommandTest,6,0,0,0,0.022,SUCCESS
siesta_asterisk-java,org.asteriskjava.fastagi.command.ReceiveCharCommandTest,2,0,0,0,0.004,SUCCESS
siesta_asterisk-java,org.asteriskjava.fastagi.command.SayNumberCommandTest,2,0,0,0,0.005,SUCCESS
siesta_asterisk-java,org.asteriskjava.fastagi.command.SetCallerIdCommandTest,1,0,0,0,0.005,SUCCESS
siesta_asterisk-java,org.asteriskjava.fastagi.command.WaitForDigitCommandTest,2,0,0,0,0.006,SUCCESS
siesta_asterisk-java,org.asteriskjava.fastagi.command.SayDateTimeCommandTest,4,0,0,0,0.009,SUCCESS
siesta_asterisk-java,org.asteriskjava.fastagi.command.SayTimeCommandTest,2,0,0,0,0.006,SUCCESS
siesta_asterisk-java,org.asteriskjava.fastagi.command.AbstractAgiCommandTest,11,0,0,0,0.029,SUCCESS
siesta_asterisk-java,org.asteriskjava.fastagi.command.DatabaseDelCommandTest,2,0,0,0,0.006,SUCCESS
siesta_asterisk-java,org.asteriskjava.fastagi.command.GosubCommandTest,2,0,0,0,0.005,SUCCESS
siesta_asterisk-java,org.asteriskjava.fastagi.command.GetOptionCommandTest,2,0,0,0,0.006,SUCCESS
siesta_asterisk-java,org.asteriskjava.fastagi.command.SayDigitsCommandTest,2,0,0,0,0.005,SUCCESS
siesta_asterisk-java,org.asteriskjava.fastagi.command.SpeechDestroyCommandTest,1,0,0,0,0.004,SUCCESS
siesta_asterisk-java,org.asteriskjava.fastagi.command.DialCommandTest,2,0,0,0,0.009,SUCCESS
siesta_asterisk-java,org.asteriskjava.fastagi.command.AnswerCommandTest,1,0,0,0,0.005,SUCCESS
siesta_asterisk-java,org.asteriskjava.fastagi.command.RecordFileCommandTest,2,0,0,0,0.005,SUCCESS
siesta_asterisk-java,org.asteriskjava.fastagi.command.SpeechRecognizeCommandTest,2,0,0,0,0.005,SUCCESS
siesta_asterisk-java,org.asteriskjava.fastagi.command.BridgeCommandTest,2,0,0,0,0.005,SUCCESS
siesta_asterisk-java,org.asteriskjava.fastagi.command.SetAutoHangupCommandTest,1,0,0,0,0.004,SUCCESS
siesta_asterisk-java,org.asteriskjava.fastagi.command.TddModeCommandTest,1,0,0,0,0.004,SUCCESS
siesta_asterisk-java,org.asteriskjava.fastagi.command.SpeechActivateGrammarCommandTest,1,0,0,0,0.004,SUCCESS
siesta_asterisk-java,org.asteriskjava.fastagi.command.AsyncAgiBreakCommandTest,1,0,0,0,0.003,SUCCESS
siesta_asterisk-java,org.asteriskjava.fastagi.command.SpeechSetCommandTest,1,0,0,0,0.004,SUCCESS
siesta_asterisk-java,org.asteriskjava.fastagi.command.SetExtensionCommandTest,1,0,0,0,0.004,SUCCESS
siesta_asterisk-java,org.asteriskjava.fastagi.command.SpeechDeactivateGrammarCommandTest,1,0,0,0,0.004,SUCCESS
siesta_asterisk-java,org.asteriskjava.fastagi.command.SpeechLoadGrammarCommandTest,1,0,0,0,0.004,SUCCESS
siesta_asterisk-java,org.asteriskjava.fastagi.command.DatabasePutCommandTest,1,0,0,0,0.005,SUCCESS
siesta_asterisk-java,org.asteriskjava.fastagi.command.SendImageCommandTest,1,0,0,0,0.004,SUCCESS
siesta_asterisk-java,org.asteriskjava.fastagi.command.MeetmeCommandTest,2,0,0,0,0.006,SUCCESS
siesta_asterisk-java,org.asteriskjava.fastagi.command.SetVariableCommandTest,1,0,0,0,0.004,SUCCESS
siesta_asterisk-java,org.asteriskjava.fastagi.command.GetFullVariableCommandTest,2,0,0,0,0.004,SUCCESS
siesta_asterisk-java,org.asteriskjava.fastagi.command.ExecCommandTest,5,0,0,0,0.01,SUCCESS
siesta_asterisk-java,org.asteriskjava.fastagi.ClassNameMappingStrategyTest,2,0,0,0,0.008,SUCCESS
siesta_asterisk-java,org.asteriskjava.fastagi.ResourceBundleMappingStrategyTest,3,0,0,0,0.008,SUCCESS
siesta_asterisk-java,org.asteriskjava.fastagi.DefaultAgiServerTest,4,0,0,0,0.03,SUCCESS
siesta_asterisk-java,org.asteriskjava.fastagi.CompositeMappingStrategyTest,2,0,0,0,0.005,SUCCESS
siesta_asterisk-java,org.asteriskjava.fastagi.internal.AgiReplyImplTest,12,0,0,0,0.023,SUCCESS
siesta_asterisk-java,org.asteriskjava.fastagi.internal.AgiWriterImplTest,1,0,0,0,0.032,SUCCESS
siesta_asterisk-java,org.asteriskjava.fastagi.internal.AgiReaderImplTest,5,0,0,0,0.029,SUCCESS
siesta_asterisk-java,org.asteriskjava.fastagi.internal.AgiChannelImplTest,3,0,0,0,0.092,SUCCESS
siesta_asterisk-java,org.asteriskjava.fastagi.internal.AgiRequestImplTest,24,0,0,0,0.025,SUCCESS
siesta_asterisk-java,org.asteriskjava.fastagi.ScriptEngineMappingStrategyTest,3,0,0,0,0.005,SUCCESS
siesta_asterisk-java,org.asteriskjava.util.DateUtilTest,2,0,0,0,0.004,SUCCESS
siesta_asterisk-java,org.asteriskjava.util.internal.streamreader.FastScannerDeterministicTest,3,0,0,0,0.092,SUCCESS
siesta_asterisk-java,org.asteriskjava.util.internal.streamreader.FastScannerRandomTest,2,0,0,0,11.1,SUCCESS
siesta_asterisk-java,org.asteriskjava.util.internal.streamreader.FastScannerSpeedTest,3,0,0,0,6.64,SUCCESS
siesta_asterisk-java,org.asteriskjava.util.AstUtilTest,7,0,0,0,0.004,SUCCESS
siesta_asterisk-java,org.asteriskjava.AsteriskVersionTest,6,0,0,0,0.004,SUCCESS
Sum: 51.98000000000002
--------------------Execution: 6 -----------------------------------
siesta_asterisk-java,org.asteriskjava.pbx.internal.core.ListenerManagerTest,1,0,0,0,4.486,SUCCESS
siesta_asterisk-java,org.asteriskjava.config.ConfigFileParserTest,4,0,0,0,0.037,SUCCESS
siesta_asterisk-java,org.asteriskjava.manager.event.ConfbridgeJoinEventTest,1,0,0,0,0.851,SUCCESS
siesta_asterisk-java,org.asteriskjava.manager.event.AgiExecStartEventTest,1,0,0,0,0.009,SUCCESS
siesta_asterisk-java,org.asteriskjava.manager.event.ChanSpyStopEventTest,1,0,0,0,0.019,SUCCESS
siesta_asterisk-java,org.asteriskjava.manager.event.AsyncAgiEventTest,2,0,0,0,0.009,SUCCESS
siesta_asterisk-java,org.asteriskjava.manager.event.BridgeCreateEventTest,1,0,0,0,0.005,SUCCESS
siesta_asterisk-java,org.asteriskjava.manager.event.T38FaxStatusEventTest,2,0,0,0,0.011,SUCCESS
siesta_asterisk-java,org.asteriskjava.manager.event.CdrEventTest,3,0,0,0,0.018,SUCCESS
siesta_asterisk-java,org.asteriskjava.manager.event.ChannelTalkingStartEventTest,1,0,0,0,0.007,SUCCESS
siesta_asterisk-java,org.asteriskjava.manager.event.MusicOnHoldEventTest,1,0,0,0,0.007,SUCCESS
siesta_asterisk-java,org.asteriskjava.manager.event.NewStateEventTest,2,0,0,0,0.014,SUCCESS
siesta_asterisk-java,org.asteriskjava.manager.event.BridgeEnterEventTest,1,0,0,0,0.003,SUCCESS
siesta_asterisk-java,org.asteriskjava.manager.event.ChannelReloadEventTest,3,0,0,0,0.009,SUCCESS
siesta_asterisk-java,org.asteriskjava.manager.event.AttendedTransferEventTest,1,0,0,0,0.024,SUCCESS
siesta_asterisk-java,org.asteriskjava.manager.event.HangupEventTest,2,0,0,0,0.112,SUCCESS
siesta_asterisk-java,org.asteriskjava.manager.event.ChannelTalkingStopEventTest,1,0,0,0,0.011,SUCCESS
siesta_asterisk-java,org.asteriskjava.manager.event.SkypeBuddyStatusEventTest,2,0,0,0,0.004,SUCCESS
siesta_asterisk-java,org.asteriskjava.manager.event.AgentConnectEventTest,1,0,0,0,0.005,SUCCESS
siesta_asterisk-java,org.asteriskjava.manager.event.ConfbridgeLeaveEventTest,1,0,0,0,0.003,SUCCESS
siesta_asterisk-java,org.asteriskjava.manager.event.RtcpReceivedEventTest,5,0,0,0,0.023,SUCCESS
siesta_asterisk-java,org.asteriskjava.manager.event.HangupRequestEventTest,1,0,0,0,0.005,SUCCESS
siesta_asterisk-java,org.asteriskjava.manager.event.SkypeChatMessageEventTest,1,0,0,0,0.009,SUCCESS
siesta_asterisk-java,org.asteriskjava.manager.AbstractManagerEventListenerTest,2,0,0,0,0.006,SUCCESS
siesta_asterisk-java,org.asteriskjava.manager.internal.ManagerReaderImplTest,9,0,0,0,7.114,SUCCESS
siesta_asterisk-java,org.asteriskjava.manager.internal.ManagerWriterImplTest,2,0,0,0,0.048,SUCCESS
siesta_asterisk-java,org.asteriskjava.manager.internal.ResponseBuilderImplTest,9,0,0,0,0.029,SUCCESS
siesta_asterisk-java,org.asteriskjava.manager.internal.ActionBuilderImplTest,16,0,0,0,0.068,SUCCESS
siesta_asterisk-java,org.asteriskjava.manager.internal.backwardsCompatibility.bridge.BridgeEnterEventComparatorTest,17,0,0,0,0.038,SUCCESS
siesta_asterisk-java,org.asteriskjava.manager.internal.EventBuilderImplTest,36,0,0,0,0.12,SUCCESS
siesta_asterisk-java,org.asteriskjava.manager.internal.ManagerConnectionImplTest,22,0,0,0,4.298,SUCCESS
siesta_asterisk-java,org.asteriskjava.manager.response.CoreStatusResponseTest,2,0,0,0,0.003,SUCCESS
siesta_asterisk-java,org.asteriskjava.manager.response.SipShowPeerResponseTest,5,0,0,0,0.012,SUCCESS
siesta_asterisk-java,org.asteriskjava.live.HangupCauseTest,1,0,0,0,0.022,SUCCESS
siesta_asterisk-java,org.asteriskjava.live.QueueMemberStateTest,2,0,0,0,0.007,SUCCESS
siesta_asterisk-java,org.asteriskjava.live.internal.AsteriskQueueMemberImplTest,1,0,0,0,0.111,SUCCESS
siesta_asterisk-java,org.asteriskjava.live.internal.AsteriskChannelImplTest,1,0,0,0,0.011,SUCCESS
siesta_asterisk-java,org.asteriskjava.live.internal.AsteriskAgentImplTest,1,0,0,0,0.005,SUCCESS
siesta_asterisk-java,org.asteriskjava.live.CallerIdTest,7,0,0,0,0.008,SUCCESS
siesta_asterisk-java,org.asteriskjava.lock.LockerTest,2,0,0,0,15.01,SUCCESS
siesta_asterisk-java,org.asteriskjava.fastagi.command.ReceiveTextCommandTest,2,0,0,0,0.005,SUCCESS
siesta_asterisk-java,org.asteriskjava.fastagi.command.NoopCommandTest,1,0,0,0,0.007,SUCCESS
siesta_asterisk-java,org.asteriskjava.fastagi.command.ConfbridgeCommandTest,2,0,0,0,0.005,SUCCESS
siesta_asterisk-java,org.asteriskjava.fastagi.command.SpeechCreateCommandTest,1,0,0,0,0.003,SUCCESS
siesta_asterisk-java,org.asteriskjava.fastagi.command.SetContextCommandTest,1,0,0,0,0.003,SUCCESS
siesta_asterisk-java,org.asteriskjava.fastagi.command.QueueCommandTest,1,0,0,0,0.003,SUCCESS
siesta_asterisk-java,org.asteriskjava.fastagi.command.SayPhoneticCommandTest,2,0,0,0,0.004,SUCCESS
siesta_asterisk-java,org.asteriskjava.fastagi.command.VerboseCommandTest,1,0,0,0,0.003,SUCCESS
siesta_asterisk-java,org.asteriskjava.fastagi.command.SayAlphaCommandTest,2,0,0,0,0.005,SUCCESS
siesta_asterisk-java,org.asteriskjava.fastagi.command.SendTextCommandTest,1,0,0,0,0.005,SUCCESS
siesta_asterisk-java,org.asteriskjava.fastagi.command.StreamFileCommandTest,3,0,0,0,0.006,SUCCESS
siesta_asterisk-java,org.asteriskjava.fastagi.command.ControlStreamFileCommandTest,5,0,0,0,0.008,SUCCESS
siesta_asterisk-java,org.asteriskjava.fastagi.command.ChannelStatusCommandTest,2,0,0,0,0.005,SUCCESS
siesta_asterisk-java,org.asteriskjava.fastagi.command.DatabaseDelTreeCommandTest,2,0,0,0,0.004,SUCCESS
siesta_asterisk-java,org.asteriskjava.fastagi.command.DatabaseGetCommandTest,1,0,0,0,0.003,SUCCESS
siesta_asterisk-java,org.asteriskjava.fastagi.command.SpeechUnloadGrammarCommandTest,1,0,0,0,0.003,SUCCESS
siesta_asterisk-java,org.asteriskjava.fastagi.command.HangupCommandTest,2,0,0,0,0.005,SUCCESS
siesta_asterisk-java,org.asteriskjava.fastagi.command.SetMusicOffCommandTest,1,0,0,0,0.003,SUCCESS
siesta_asterisk-java,org.asteriskjava.fastagi.command.SetPriorityCommandTest,1,0,0,0,0.003,SUCCESS
siesta_asterisk-java,org.asteriskjava.fastagi.command.SetMusicOnCommandTest,2,0,0,0,0.003,SUCCESS
siesta_asterisk-java,org.asteriskjava.fastagi.command.GetDataCommandTest,6,0,0,0,0.023,SUCCESS
siesta_asterisk-java,org.asteriskjava.fastagi.command.ReceiveCharCommandTest,2,0,0,0,0.006,SUCCESS
siesta_asterisk-java,org.asteriskjava.fastagi.command.SayNumberCommandTest,2,0,0,0,0.007,SUCCESS
siesta_asterisk-java,org.asteriskjava.fastagi.command.SetCallerIdCommandTest,1,0,0,0,0.004,SUCCESS
siesta_asterisk-java,org.asteriskjava.fastagi.command.WaitForDigitCommandTest,2,0,0,0,0.006,SUCCESS
siesta_asterisk-java,org.asteriskjava.fastagi.command.SayDateTimeCommandTest,4,0,0,0,0.012,SUCCESS
siesta_asterisk-java,org.asteriskjava.fastagi.command.SayTimeCommandTest,2,0,0,0,0.006,SUCCESS
siesta_asterisk-java,org.asteriskjava.fastagi.command.AbstractAgiCommandTest,11,0,0,0,0.05,SUCCESS
siesta_asterisk-java,org.asteriskjava.fastagi.command.DatabaseDelCommandTest,2,0,0,0,0.008,SUCCESS
siesta_asterisk-java,org.asteriskjava.fastagi.command.GosubCommandTest,2,0,0,0,0.012,SUCCESS
siesta_asterisk-java,org.asteriskjava.fastagi.command.GetOptionCommandTest,2,0,0,0,0.017,SUCCESS
siesta_asterisk-java,org.asteriskjava.fastagi.command.SayDigitsCommandTest,2,0,0,0,0.016,SUCCESS
siesta_asterisk-java,org.asteriskjava.fastagi.command.SpeechDestroyCommandTest,1,0,0,0,0.004,SUCCESS
siesta_asterisk-java,org.asteriskjava.fastagi.command.DialCommandTest,2,0,0,0,0.014,SUCCESS
siesta_asterisk-java,org.asteriskjava.fastagi.command.AnswerCommandTest,1,0,0,0,0.012,SUCCESS
siesta_asterisk-java,org.asteriskjava.fastagi.command.RecordFileCommandTest,2,0,0,0,0.007,SUCCESS
siesta_asterisk-java,org.asteriskjava.fastagi.command.SpeechRecognizeCommandTest,2,0,0,0,0.008,SUCCESS
siesta_asterisk-java,org.asteriskjava.fastagi.command.BridgeCommandTest,2,0,0,0,0.007,SUCCESS
siesta_asterisk-java,org.asteriskjava.fastagi.command.SetAutoHangupCommandTest,1,0,0,0,0.006,SUCCESS
siesta_asterisk-java,org.asteriskjava.fastagi.command.TddModeCommandTest,1,0,0,0,0.005,SUCCESS
siesta_asterisk-java,org.asteriskjava.fastagi.command.SpeechActivateGrammarCommandTest,1,0,0,0,0.005,SUCCESS
siesta_asterisk-java,org.asteriskjava.fastagi.command.AsyncAgiBreakCommandTest,1,0,0,0,0.006,SUCCESS
siesta_asterisk-java,org.asteriskjava.fastagi.command.SpeechSetCommandTest,1,0,0,0,0.006,SUCCESS
siesta_asterisk-java,org.asteriskjava.fastagi.command.SetExtensionCommandTest,1,0,0,0,0.005,SUCCESS
siesta_asterisk-java,org.asteriskjava.fastagi.command.SpeechDeactivateGrammarCommandTest,1,0,0,0,0.004,SUCCESS
siesta_asterisk-java,org.asteriskjava.fastagi.command.SpeechLoadGrammarCommandTest,1,0,0,0,0.011,SUCCESS
siesta_asterisk-java,org.asteriskjava.fastagi.command.DatabasePutCommandTest,1,0,0,0,0.009,SUCCESS
siesta_asterisk-java,org.asteriskjava.fastagi.command.SendImageCommandTest,1,0,0,0,0.007,SUCCESS
siesta_asterisk-java,org.asteriskjava.fastagi.command.MeetmeCommandTest,2,0,0,0,0.007,SUCCESS
siesta_asterisk-java,org.asteriskjava.fastagi.command.SetVariableCommandTest,1,0,0,0,0.008,SUCCESS
siesta_asterisk-java,org.asteriskjava.fastagi.command.GetFullVariableCommandTest,2,0,0,0,0.007,SUCCESS
siesta_asterisk-java,org.asteriskjava.fastagi.command.ExecCommandTest,5,0,0,0,0.016,SUCCESS
siesta_asterisk-java,org.asteriskjava.fastagi.ClassNameMappingStrategyTest,2,0,0,0,0.016,SUCCESS
siesta_asterisk-java,org.asteriskjava.fastagi.ResourceBundleMappingStrategyTest,3,0,0,0,0.013,SUCCESS
siesta_asterisk-java,org.asteriskjava.fastagi.DefaultAgiServerTest,4,0,0,0,0.052,SUCCESS
siesta_asterisk-java,org.asteriskjava.fastagi.CompositeMappingStrategyTest,2,0,0,0,0.006,SUCCESS
siesta_asterisk-java,org.asteriskjava.fastagi.internal.AgiReplyImplTest,12,0,0,0,0.033,SUCCESS
siesta_asterisk-java,org.asteriskjava.fastagi.internal.AgiWriterImplTest,1,0,0,0,0.063,SUCCESS
siesta_asterisk-java,org.asteriskjava.fastagi.internal.AgiReaderImplTest,5,0,0,0,0.044,SUCCESS
siesta_asterisk-java,org.asteriskjava.fastagi.internal.AgiChannelImplTest,3,0,0,0,0.137,SUCCESS
siesta_asterisk-java,org.asteriskjava.fastagi.internal.AgiRequestImplTest,24,0,0,0,0.039,SUCCESS
siesta_asterisk-java,org.asteriskjava.fastagi.ScriptEngineMappingStrategyTest,3,0,0,0,0.005,SUCCESS
siesta_asterisk-java,org.asteriskjava.util.DateUtilTest,2,0,0,0,0.01,SUCCESS
siesta_asterisk-java,org.asteriskjava.util.internal.streamreader.FastScannerDeterministicTest,3,0,0,0,0.19,SUCCESS
siesta_asterisk-java,org.asteriskjava.util.internal.streamreader.FastScannerRandomTest,2,0,0,0,11.47,SUCCESS
siesta_asterisk-java,org.asteriskjava.util.internal.streamreader.FastScannerSpeedTest,3,0,0,0,6.35,SUCCESS
siesta_asterisk-java,org.asteriskjava.util.AstUtilTest,7,0,0,0,0.004,SUCCESS
siesta_asterisk-java,org.asteriskjava.AsteriskVersionTest,6,0,0,0,0.004,SUCCESS
Sum: 51.43400000000001
--------------------Execution: 7 -----------------------------------
siesta_asterisk-java,org.asteriskjava.pbx.internal.core.ListenerManagerTest,1,0,0,0,6.216,SUCCESS
siesta_asterisk-java,org.asteriskjava.config.ConfigFileParserTest,4,0,0,0,0.079,SUCCESS
siesta_asterisk-java,org.asteriskjava.manager.event.ConfbridgeJoinEventTest,1,0,0,0,1.499,SUCCESS
siesta_asterisk-java,org.asteriskjava.manager.event.AgiExecStartEventTest,1,0,0,0,0.011,SUCCESS
siesta_asterisk-java,org.asteriskjava.manager.event.ChanSpyStopEventTest,1,0,0,0,0.026,SUCCESS
siesta_asterisk-java,org.asteriskjava.manager.event.AsyncAgiEventTest,2,0,0,0,0.013,SUCCESS
siesta_asterisk-java,org.asteriskjava.manager.event.BridgeCreateEventTest,1,0,0,0,0.008,SUCCESS
siesta_asterisk-java,org.asteriskjava.manager.event.T38FaxStatusEventTest,2,0,0,0,0.015,SUCCESS
siesta_asterisk-java,org.asteriskjava.manager.event.CdrEventTest,3,0,0,0,0.07,SUCCESS
siesta_asterisk-java,org.asteriskjava.manager.event.ChannelTalkingStartEventTest,1,0,0,0,0.017,SUCCESS
siesta_asterisk-java,org.asteriskjava.manager.event.MusicOnHoldEventTest,1,0,0,0,0.011,SUCCESS
siesta_asterisk-java,org.asteriskjava.manager.event.NewStateEventTest,2,0,0,0,0.029,SUCCESS
siesta_asterisk-java,org.asteriskjava.manager.event.BridgeEnterEventTest,1,0,0,0,0.01,SUCCESS
siesta_asterisk-java,org.asteriskjava.manager.event.ChannelReloadEventTest,3,0,0,0,0.016,SUCCESS
siesta_asterisk-java,org.asteriskjava.manager.event.AttendedTransferEventTest,1,0,0,0,0.024,SUCCESS
siesta_asterisk-java,org.asteriskjava.manager.event.HangupEventTest,2,0,0,0,0.222,SUCCESS
siesta_asterisk-java,org.asteriskjava.manager.event.ChannelTalkingStopEventTest,1,0,0,0,0.019,SUCCESS
siesta_asterisk-java,org.asteriskjava.manager.event.SkypeBuddyStatusEventTest,2,0,0,0,0.007,SUCCESS
siesta_asterisk-java,org.asteriskjava.manager.event.AgentConnectEventTest,1,0,0,0,0.005,SUCCESS
siesta_asterisk-java,org.asteriskjava.manager.event.ConfbridgeLeaveEventTest,1,0,0,0,0.007,SUCCESS
siesta_asterisk-java,org.asteriskjava.manager.event.RtcpReceivedEventTest,5,0,0,0,0.038,SUCCESS
siesta_asterisk-java,org.asteriskjava.manager.event.HangupRequestEventTest,1,0,0,0,0.006,SUCCESS
siesta_asterisk-java,org.asteriskjava.manager.event.SkypeChatMessageEventTest,1,0,0,0,0.026,SUCCESS
siesta_asterisk-java,org.asteriskjava.manager.AbstractManagerEventListenerTest,2,0,0,0,0.03,SUCCESS
siesta_asterisk-java,org.asteriskjava.manager.internal.ManagerReaderImplTest,9,0,0,0,8.914,SUCCESS
siesta_asterisk-java,org.asteriskjava.manager.internal.ManagerWriterImplTest,2,0,0,0,0.054,SUCCESS
siesta_asterisk-java,org.asteriskjava.manager.internal.ResponseBuilderImplTest,9,0,0,0,0.029,SUCCESS
siesta_asterisk-java,org.asteriskjava.manager.internal.ActionBuilderImplTest,16,0,0,0,0.079,SUCCESS
siesta_asterisk-java,org.asteriskjava.manager.internal.backwardsCompatibility.bridge.BridgeEnterEventComparatorTest,17,0,0,0,0.033,SUCCESS
siesta_asterisk-java,org.asteriskjava.manager.internal.EventBuilderImplTest,36,0,0,0,0.135,SUCCESS
siesta_asterisk-java,org.asteriskjava.manager.internal.ManagerConnectionImplTest,22,0,0,0,4.321,SUCCESS
siesta_asterisk-java,org.asteriskjava.manager.response.CoreStatusResponseTest,2,0,0,0,0.004,SUCCESS
siesta_asterisk-java,org.asteriskjava.manager.response.SipShowPeerResponseTest,5,0,0,0,0.007,SUCCESS
siesta_asterisk-java,org.asteriskjava.live.HangupCauseTest,1,0,0,0,0.009,SUCCESS
siesta_asterisk-java,org.asteriskjava.live.QueueMemberStateTest,2,0,0,0,0.007,SUCCESS
siesta_asterisk-java,org.asteriskjava.live.internal.AsteriskQueueMemberImplTest,1,0,0,0,0.1,SUCCESS
siesta_asterisk-java,org.asteriskjava.live.internal.AsteriskChannelImplTest,1,0,0,0,0.014,SUCCESS
siesta_asterisk-java,org.asteriskjava.live.internal.AsteriskAgentImplTest,1,0,0,0,0.004,SUCCESS
siesta_asterisk-java,org.asteriskjava.live.CallerIdTest,7,0,0,0,0.01,SUCCESS
siesta_asterisk-java,org.asteriskjava.lock.LockerTest,2,0,0,0,15.01,SUCCESS
siesta_asterisk-java,org.asteriskjava.fastagi.command.ReceiveTextCommandTest,2,0,0,0,0.004,SUCCESS
siesta_asterisk-java,org.asteriskjava.fastagi.command.NoopCommandTest,1,0,0,0,0.004,SUCCESS
siesta_asterisk-java,org.asteriskjava.fastagi.command.ConfbridgeCommandTest,2,0,0,0,0.004,SUCCESS
siesta_asterisk-java,org.asteriskjava.fastagi.command.SpeechCreateCommandTest,1,0,0,0,0.003,SUCCESS
siesta_asterisk-java,org.asteriskjava.fastagi.command.SetContextCommandTest,1,0,0,0,0.003,SUCCESS
siesta_asterisk-java,org.asteriskjava.fastagi.command.QueueCommandTest,1,0,0,0,0.004,SUCCESS
siesta_asterisk-java,org.asteriskjava.fastagi.command.SayPhoneticCommandTest,2,0,0,0,0.005,SUCCESS
siesta_asterisk-java,org.asteriskjava.fastagi.command.VerboseCommandTest,1,0,0,0,0.003,SUCCESS
siesta_asterisk-java,org.asteriskjava.fastagi.command.SayAlphaCommandTest,2,0,0,0,0.004,SUCCESS
siesta_asterisk-java,org.asteriskjava.fastagi.command.SendTextCommandTest,1,0,0,0,0.003,SUCCESS
siesta_asterisk-java,org.asteriskjava.fastagi.command.StreamFileCommandTest,3,0,0,0,0.006,SUCCESS
siesta_asterisk-java,org.asteriskjava.fastagi.command.ControlStreamFileCommandTest,5,0,0,0,0.008,SUCCESS
siesta_asterisk-java,org.asteriskjava.fastagi.command.ChannelStatusCommandTest,2,0,0,0,0.005,SUCCESS
siesta_asterisk-java,org.asteriskjava.fastagi.command.DatabaseDelTreeCommandTest,2,0,0,0,0.005,SUCCESS
siesta_asterisk-java,org.asteriskjava.fastagi.command.DatabaseGetCommandTest,1,0,0,0,0.004,SUCCESS
siesta_asterisk-java,org.asteriskjava.fastagi.command.SpeechUnloadGrammarCommandTest,1,0,0,0,0.004,SUCCESS
siesta_asterisk-java,org.asteriskjava.fastagi.command.HangupCommandTest,2,0,0,0,0.004,SUCCESS
siesta_asterisk-java,org.asteriskjava.fastagi.command.SetMusicOffCommandTest,1,0,0,0,0.003,SUCCESS
siesta_asterisk-java,org.asteriskjava.fastagi.command.SetPriorityCommandTest,1,0,0,0,0.003,SUCCESS
siesta_asterisk-java,org.asteriskjava.fastagi.command.SetMusicOnCommandTest,2,0,0,0,0.008,SUCCESS
siesta_asterisk-java,org.asteriskjava.fastagi.command.GetDataCommandTest,6,0,0,0,0.02,SUCCESS
siesta_asterisk-java,org.asteriskjava.fastagi.command.ReceiveCharCommandTest,2,0,0,0,0.003,SUCCESS
siesta_asterisk-java,org.asteriskjava.fastagi.command.SayNumberCommandTest,2,0,0,0,0.004,SUCCESS
siesta_asterisk-java,org.asteriskjava.fastagi.command.SetCallerIdCommandTest,1,0,0,0,0.002,SUCCESS
siesta_asterisk-java,org.asteriskjava.fastagi.command.WaitForDigitCommandTest,2,0,0,0,0.005,SUCCESS
siesta_asterisk-java,org.asteriskjava.fastagi.command.SayDateTimeCommandTest,4,0,0,0,0.01,SUCCESS
siesta_asterisk-java,org.asteriskjava.fastagi.command.SayTimeCommandTest,2,0,0,0,0.006,SUCCESS
siesta_asterisk-java,org.asteriskjava.fastagi.command.AbstractAgiCommandTest,11,0,0,0,0.031,SUCCESS
siesta_asterisk-java,org.asteriskjava.fastagi.command.DatabaseDelCommandTest,2,0,0,0,0.005,SUCCESS
siesta_asterisk-java,org.asteriskjava.fastagi.command.GosubCommandTest,2,0,0,0,0.005,SUCCESS
siesta_asterisk-java,org.asteriskjava.fastagi.command.GetOptionCommandTest,2,0,0,0,0.006,SUCCESS
siesta_asterisk-java,org.asteriskjava.fastagi.command.SayDigitsCommandTest,2,0,0,0,0.004,SUCCESS
siesta_asterisk-java,org.asteriskjava.fastagi.command.SpeechDestroyCommandTest,1,0,0,0,0.003,SUCCESS
siesta_asterisk-java,org.asteriskjava.fastagi.command.DialCommandTest,2,0,0,0,0.007,SUCCESS
siesta_asterisk-java,org.asteriskjava.fastagi.command.AnswerCommandTest,1,0,0,0,0.003,SUCCESS
siesta_asterisk-java,org.asteriskjava.fastagi.command.RecordFileCommandTest,2,0,0,0,0.005,SUCCESS
siesta_asterisk-java,org.asteriskjava.fastagi.command.SpeechRecognizeCommandTest,2,0,0,0,0.004,SUCCESS
siesta_asterisk-java,org.asteriskjava.fastagi.command.BridgeCommandTest,2,0,0,0,0.004,SUCCESS
siesta_asterisk-java,org.asteriskjava.fastagi.command.SetAutoHangupCommandTest,1,0,0,0,0.003,SUCCESS
siesta_asterisk-java,org.asteriskjava.fastagi.command.TddModeCommandTest,1,0,0,0,0.003,SUCCESS
siesta_asterisk-java,org.asteriskjava.fastagi.command.SpeechActivateGrammarCommandTest,1,0,0,0,0.004,SUCCESS
siesta_asterisk-java,org.asteriskjava.fastagi.command.AsyncAgiBreakCommandTest,1,0,0,0,0.003,SUCCESS
siesta_asterisk-java,org.asteriskjava.fastagi.command.SpeechSetCommandTest,1,0,0,0,0.003,SUCCESS
siesta_asterisk-java,org.asteriskjava.fastagi.command.SetExtensionCommandTest,1,0,0,0,0.003,SUCCESS
siesta_asterisk-java,org.asteriskjava.fastagi.command.SpeechDeactivateGrammarCommandTest,1,0,0,0,0.004,SUCCESS
siesta_asterisk-java,org.asteriskjava.fastagi.command.SpeechLoadGrammarCommandTest,1,0,0,0,0.003,SUCCESS
siesta_asterisk-java,org.asteriskjava.fastagi.command.DatabasePutCommandTest,1,0,0,0,0.004,SUCCESS
siesta_asterisk-java,org.asteriskjava.fastagi.command.SendImageCommandTest,1,0,0,0,0.005,SUCCESS
siesta_asterisk-java,org.asteriskjava.fastagi.command.MeetmeCommandTest,2,0,0,0,0.005,SUCCESS
siesta_asterisk-java,org.asteriskjava.fastagi.command.SetVariableCommandTest,1,0,0,0,0.003,SUCCESS
siesta_asterisk-java,org.asteriskjava.fastagi.command.GetFullVariableCommandTest,2,0,0,0,0.004,SUCCESS
siesta_asterisk-java,org.asteriskjava.fastagi.command.ExecCommandTest,5,0,0,0,0.006,SUCCESS
siesta_asterisk-java,org.asteriskjava.fastagi.ClassNameMappingStrategyTest,2,0,0,0,0.007,SUCCESS
siesta_asterisk-java,org.asteriskjava.fastagi.ResourceBundleMappingStrategyTest,3,0,0,0,0.008,SUCCESS
siesta_asterisk-java,org.asteriskjava.fastagi.DefaultAgiServerTest,4,0,0,0,0.034,SUCCESS
siesta_asterisk-java,org.asteriskjava.fastagi.CompositeMappingStrategyTest,2,0,0,0,0.006,SUCCESS
siesta_asterisk-java,org.asteriskjava.fastagi.internal.AgiReplyImplTest,12,0,0,0,0.023,SUCCESS
siesta_asterisk-java,org.asteriskjava.fastagi.internal.AgiWriterImplTest,1,0,0,0,0.029,SUCCESS
siesta_asterisk-java,org.asteriskjava.fastagi.internal.AgiReaderImplTest,5,0,0,0,0.026,SUCCESS
siesta_asterisk-java,org.asteriskjava.fastagi.internal.AgiChannelImplTest,3,0,0,0,0.086,SUCCESS
siesta_asterisk-java,org.asteriskjava.fastagi.internal.AgiRequestImplTest,24,0,0,0,0.024,SUCCESS
siesta_asterisk-java,org.asteriskjava.fastagi.ScriptEngineMappingStrategyTest,3,0,0,0,0.004,SUCCESS
siesta_asterisk-java,org.asteriskjava.util.DateUtilTest,2,0,0,0,0.004,SUCCESS
siesta_asterisk-java,org.asteriskjava.util.internal.streamreader.FastScannerDeterministicTest,3,0,0,0,0.105,SUCCESS
siesta_asterisk-java,org.asteriskjava.util.internal.streamreader.FastScannerRandomTest,2,0,0,0,11.6,SUCCESS
siesta_asterisk-java,org.asteriskjava.util.internal.streamreader.FastScannerSpeedTest,3,0,0,0,5.872,SUCCESS
siesta_asterisk-java,org.asteriskjava.util.AstUtilTest,7,0,0,0,0.004,SUCCESS
siesta_asterisk-java,org.asteriskjava.AsteriskVersionTest,6,0,0,0,0.004,SUCCESS
Sum: 55.237
--------------------Execution: 8 -----------------------------------
siesta_asterisk-java,org.asteriskjava.pbx.internal.core.ListenerManagerTest,1,0,0,0,6.719,SUCCESS
siesta_asterisk-java,org.asteriskjava.config.ConfigFileParserTest,4,0,0,0,0.056,SUCCESS
siesta_asterisk-java,org.asteriskjava.manager.event.ConfbridgeJoinEventTest,1,0,0,0,1.587,SUCCESS
siesta_asterisk-java,org.asteriskjava.manager.event.AgiExecStartEventTest,1,0,0,0,0.011,SUCCESS
siesta_asterisk-java,org.asteriskjava.manager.event.ChanSpyStopEventTest,1,0,0,0,0.023,SUCCESS
siesta_asterisk-java,org.asteriskjava.manager.event.AsyncAgiEventTest,2,0,0,0,0.013,SUCCESS
siesta_asterisk-java,org.asteriskjava.manager.event.BridgeCreateEventTest,1,0,0,0,0.008,SUCCESS
siesta_asterisk-java,org.asteriskjava.manager.event.T38FaxStatusEventTest,2,0,0,0,0.015,SUCCESS
siesta_asterisk-java,org.asteriskjava.manager.event.CdrEventTest,3,0,0,0,0.036,SUCCESS
siesta_asterisk-java,org.asteriskjava.manager.event.ChannelTalkingStartEventTest,1,0,0,0,0.014,SUCCESS
siesta_asterisk-java,org.asteriskjava.manager.event.MusicOnHoldEventTest,1,0,0,0,0.008,SUCCESS
siesta_asterisk-java,org.asteriskjava.manager.event.NewStateEventTest,2,0,0,0,0.025,SUCCESS
siesta_asterisk-java,org.asteriskjava.manager.event.BridgeEnterEventTest,1,0,0,0,0.007,SUCCESS
siesta_asterisk-java,org.asteriskjava.manager.event.ChannelReloadEventTest,3,0,0,0,0.012,SUCCESS
siesta_asterisk-java,org.asteriskjava.manager.event.AttendedTransferEventTest,1,0,0,0,0.024,SUCCESS
siesta_asterisk-java,org.asteriskjava.manager.event.HangupEventTest,2,0,0,0,0.226,SUCCESS
siesta_asterisk-java,org.asteriskjava.manager.event.ChannelTalkingStopEventTest,1,0,0,0,0.029,SUCCESS
siesta_asterisk-java,org.asteriskjava.manager.event.SkypeBuddyStatusEventTest,2,0,0,0,0.01,SUCCESS
siesta_asterisk-java,org.asteriskjava.manager.event.AgentConnectEventTest,1,0,0,0,0.008,SUCCESS
siesta_asterisk-java,org.asteriskjava.manager.event.ConfbridgeLeaveEventTest,1,0,0,0,0.011,SUCCESS
siesta_asterisk-java,org.asteriskjava.manager.event.RtcpReceivedEventTest,5,0,0,0,0.043,SUCCESS
siesta_asterisk-java,org.asteriskjava.manager.event.HangupRequestEventTest,1,0,0,0,0.012,SUCCESS
siesta_asterisk-java,org.asteriskjava.manager.event.SkypeChatMessageEventTest,1,0,0,0,0.016,SUCCESS
siesta_asterisk-java,org.asteriskjava.manager.AbstractManagerEventListenerTest,2,0,0,0,0.016,SUCCESS
siesta_asterisk-java,org.asteriskjava.manager.internal.ManagerReaderImplTest,9,0,0,0,9.661,SUCCESS
siesta_asterisk-java,org.asteriskjava.manager.internal.ManagerWriterImplTest,2,0,0,0,0.087,SUCCESS
siesta_asterisk-java,org.asteriskjava.manager.internal.ResponseBuilderImplTest,9,0,0,0,0.062,SUCCESS
siesta_asterisk-java,org.asteriskjava.manager.internal.ActionBuilderImplTest,16,0,0,0,0.088,SUCCESS
siesta_asterisk-java,org.asteriskjava.manager.internal.backwardsCompatibility.bridge.BridgeEnterEventComparatorTest,17,0,0,0,0.036,SUCCESS
siesta_asterisk-java,org.asteriskjava.manager.internal.EventBuilderImplTest,36,0,0,0,0.137,SUCCESS
siesta_asterisk-java,org.asteriskjava.manager.internal.ManagerConnectionImplTest,22,0,0,0,4.437,SUCCESS
siesta_asterisk-java,org.asteriskjava.manager.response.CoreStatusResponseTest,2,0,0,0,0.005,SUCCESS
siesta_asterisk-java,org.asteriskjava.manager.response.SipShowPeerResponseTest,5,0,0,0,0.008,SUCCESS
siesta_asterisk-java,org.asteriskjava.live.HangupCauseTest,1,0,0,0,0.013,SUCCESS
siesta_asterisk-java,org.asteriskjava.live.QueueMemberStateTest,2,0,0,0,0.012,SUCCESS
siesta_asterisk-java,org.asteriskjava.live.internal.AsteriskQueueMemberImplTest,1,0,0,0,0.158,SUCCESS
siesta_asterisk-java,org.asteriskjava.live.internal.AsteriskChannelImplTest,1,0,0,0,0.02,SUCCESS
siesta_asterisk-java,org.asteriskjava.live.internal.AsteriskAgentImplTest,1,0,0,0,0.006,SUCCESS
siesta_asterisk-java,org.asteriskjava.live.CallerIdTest,7,0,0,0,0.014,SUCCESS
siesta_asterisk-java,org.asteriskjava.lock.LockerTest,2,0,0,0,15.01,SUCCESS
siesta_asterisk-java,org.asteriskjava.fastagi.command.ReceiveTextCommandTest,2,0,0,0,0.006,SUCCESS
siesta_asterisk-java,org.asteriskjava.fastagi.command.NoopCommandTest,1,0,0,0,0.003,SUCCESS
siesta_asterisk-java,org.asteriskjava.fastagi.command.ConfbridgeCommandTest,2,0,0,0,0.006,SUCCESS
siesta_asterisk-java,org.asteriskjava.fastagi.command.SpeechCreateCommandTest,1,0,0,0,0.006,SUCCESS
siesta_asterisk-java,org.asteriskjava.fastagi.command.SetContextCommandTest,1,0,0,0,0.003,SUCCESS
siesta_asterisk-java,org.asteriskjava.fastagi.command.QueueCommandTest,1,0,0,0,0.003,SUCCESS
siesta_asterisk-java,org.asteriskjava.fastagi.command.SayPhoneticCommandTest,2,0,0,0,0.006,SUCCESS
siesta_asterisk-java,org.asteriskjava.fastagi.command.VerboseCommandTest,1,0,0,0,0.004,SUCCESS
siesta_asterisk-java,org.asteriskjava.fastagi.command.SayAlphaCommandTest,2,0,0,0,0.006,SUCCESS
siesta_asterisk-java,org.asteriskjava.fastagi.command.SendTextCommandTest,1,0,0,0,0.007,SUCCESS
siesta_asterisk-java,org.asteriskjava.fastagi.command.StreamFileCommandTest,3,0,0,0,0.006,SUCCESS
siesta_asterisk-java,org.asteriskjava.fastagi.command.ControlStreamFileCommandTest,5,0,0,0,0.009,SUCCESS
siesta_asterisk-java,org.asteriskjava.fastagi.command.ChannelStatusCommandTest,2,0,0,0,0.006,SUCCESS
siesta_asterisk-java,org.asteriskjava.fastagi.command.DatabaseDelTreeCommandTest,2,0,0,0,0.006,SUCCESS
siesta_asterisk-java,org.asteriskjava.fastagi.command.DatabaseGetCommandTest,1,0,0,0,0.005,SUCCESS
siesta_asterisk-java,org.asteriskjava.fastagi.command.SpeechUnloadGrammarCommandTest,1,0,0,0,0.006,SUCCESS
siesta_asterisk-java,org.asteriskjava.fastagi.command.HangupCommandTest,2,0,0,0,0.006,SUCCESS
siesta_asterisk-java,org.asteriskjava.fastagi.command.SetMusicOffCommandTest,1,0,0,0,0.004,SUCCESS
siesta_asterisk-java,org.asteriskjava.fastagi.command.SetPriorityCommandTest,1,0,0,0,0.004,SUCCESS
siesta_asterisk-java,org.asteriskjava.fastagi.command.SetMusicOnCommandTest,2,0,0,0,0.005,SUCCESS
siesta_asterisk-java,org.asteriskjava.fastagi.command.GetDataCommandTest,6,0,0,0,0.038,SUCCESS
siesta_asterisk-java,org.asteriskjava.fastagi.command.ReceiveCharCommandTest,2,0,0,0,0.006,SUCCESS
siesta_asterisk-java,org.asteriskjava.fastagi.command.SayNumberCommandTest,2,0,0,0,0.007,SUCCESS
siesta_asterisk-java,org.asteriskjava.fastagi.command.SetCallerIdCommandTest,1,0,0,0,0.004,SUCCESS
siesta_asterisk-java,org.asteriskjava.fastagi.command.WaitForDigitCommandTest,2,0,0,0,0.006,SUCCESS
siesta_asterisk-java,org.asteriskjava.fastagi.command.SayDateTimeCommandTest,4,0,0,0,0.011,SUCCESS
siesta_asterisk-java,org.asteriskjava.fastagi.command.SayTimeCommandTest,2,0,0,0,0.007,SUCCESS
siesta_asterisk-java,org.asteriskjava.fastagi.command.AbstractAgiCommandTest,11,0,0,0,0.034,SUCCESS
siesta_asterisk-java,org.asteriskjava.fastagi.command.DatabaseDelCommandTest,2,0,0,0,0.004,SUCCESS
siesta_asterisk-java,org.asteriskjava.fastagi.command.GosubCommandTest,2,0,0,0,0.009,SUCCESS
siesta_asterisk-java,org.asteriskjava.fastagi.command.GetOptionCommandTest,2,0,0,0,0.005,SUCCESS
siesta_asterisk-java,org.asteriskjava.fastagi.command.SayDigitsCommandTest,2,0,0,0,0.008,SUCCESS
siesta_asterisk-java,org.asteriskjava.fastagi.command.SpeechDestroyCommandTest,1,0,0,0,0.005,SUCCESS
siesta_asterisk-java,org.asteriskjava.fastagi.command.DialCommandTest,2,0,0,0,0.01,SUCCESS
siesta_asterisk-java,org.asteriskjava.fastagi.command.AnswerCommandTest,1,0,0,0,0.006,SUCCESS
siesta_asterisk-java,org.asteriskjava.fastagi.command.RecordFileCommandTest,2,0,0,0,0.009,SUCCESS
siesta_asterisk-java,org.asteriskjava.fastagi.command.SpeechRecognizeCommandTest,2,0,0,0,0.006,SUCCESS
siesta_asterisk-java,org.asteriskjava.fastagi.command.BridgeCommandTest,2,0,0,0,0.009,SUCCESS
siesta_asterisk-java,org.asteriskjava.fastagi.command.SetAutoHangupCommandTest,1,0,0,0,0.004,SUCCESS
siesta_asterisk-java,org.asteriskjava.fastagi.command.TddModeCommandTest,1,0,0,0,0.005,SUCCESS
siesta_asterisk-java,org.asteriskjava.fastagi.command.SpeechActivateGrammarCommandTest,1,0,0,0,0.005,SUCCESS
siesta_asterisk-java,org.asteriskjava.fastagi.command.AsyncAgiBreakCommandTest,1,0,0,0,0.004,SUCCESS
siesta_asterisk-java,org.asteriskjava.fastagi.command.SpeechSetCommandTest,1,0,0,0,0.005,SUCCESS
siesta_asterisk-java,org.asteriskjava.fastagi.command.SetExtensionCommandTest,1,0,0,0,0.004,SUCCESS
siesta_asterisk-java,org.asteriskjava.fastagi.command.SpeechDeactivateGrammarCommandTest,1,0,0,0,0.006,SUCCESS
siesta_asterisk-java,org.asteriskjava.fastagi.command.SpeechLoadGrammarCommandTest,1,0,0,0,0.006,SUCCESS
siesta_asterisk-java,org.asteriskjava.fastagi.command.DatabasePutCommandTest,1,0,0,0,0.004,SUCCESS
siesta_asterisk-java,org.asteriskjava.fastagi.command.SendImageCommandTest,1,0,0,0,0.004,SUCCESS
siesta_asterisk-java,org.asteriskjava.fastagi.command.MeetmeCommandTest,2,0,0,0,0.008,SUCCESS
siesta_asterisk-java,org.asteriskjava.fastagi.command.SetVariableCommandTest,1,0,0,0,0.004,SUCCESS
siesta_asterisk-java,org.asteriskjava.fastagi.command.GetFullVariableCommandTest,2,0,0,0,0.009,SUCCESS
siesta_asterisk-java,org.asteriskjava.fastagi.command.ExecCommandTest,5,0,0,0,0.009,SUCCESS
siesta_asterisk-java,org.asteriskjava.fastagi.ClassNameMappingStrategyTest,2,0,0,0,0.011,SUCCESS
siesta_asterisk-java,org.asteriskjava.fastagi.ResourceBundleMappingStrategyTest,3,0,0,0,0.011,SUCCESS
siesta_asterisk-java,org.asteriskjava.fastagi.DefaultAgiServerTest,4,0,0,0,0.049,SUCCESS
siesta_asterisk-java,org.asteriskjava.fastagi.CompositeMappingStrategyTest,2,0,0,0,0.009,SUCCESS
siesta_asterisk-java,org.asteriskjava.fastagi.internal.AgiReplyImplTest,12,0,0,0,0.025,SUCCESS
siesta_asterisk-java,org.asteriskjava.fastagi.internal.AgiWriterImplTest,1,0,0,0,0.049,SUCCESS
siesta_asterisk-java,org.asteriskjava.fastagi.internal.AgiReaderImplTest,5,0,0,0,0.04,SUCCESS
siesta_asterisk-java,org.asteriskjava.fastagi.internal.AgiChannelImplTest,3,0,0,0,0.118,SUCCESS
siesta_asterisk-java,org.asteriskjava.fastagi.internal.AgiRequestImplTest,24,0,0,0,0.038,SUCCESS
siesta_asterisk-java,org.asteriskjava.fastagi.ScriptEngineMappingStrategyTest,3,0,0,0,0.005,SUCCESS
siesta_asterisk-java,org.asteriskjava.util.DateUtilTest,2,0,0,0,0.005,SUCCESS
siesta_asterisk-java,org.asteriskjava.util.internal.streamreader.FastScannerDeterministicTest,3,0,0,0,0.185,SUCCESS
siesta_asterisk-java,org.asteriskjava.util.internal.streamreader.FastScannerRandomTest,2,0,0,0,13.88,SUCCESS
siesta_asterisk-java,org.asteriskjava.util.internal.streamreader.FastScannerSpeedTest,3,0,0,0,7.411,SUCCESS
siesta_asterisk-java,org.asteriskjava.util.AstUtilTest,7,0,0,0,0.008,SUCCESS
siesta_asterisk-java,org.asteriskjava.AsteriskVersionTest,6,0,0,0,0.005,SUCCESS
Sum: 60.90000000000001
--------------------Execution: 9 -----------------------------------
siesta_asterisk-java,org.asteriskjava.pbx.internal.core.ListenerManagerTest,1,0,0,0,6.44,SUCCESS
siesta_asterisk-java,org.asteriskjava.config.ConfigFileParserTest,4,0,0,0,0.074,SUCCESS
siesta_asterisk-java,org.asteriskjava.manager.event.ConfbridgeJoinEventTest,1,0,0,0,1.284,SUCCESS
siesta_asterisk-java,org.asteriskjava.manager.event.AgiExecStartEventTest,1,0,0,0,0.017,SUCCESS
siesta_asterisk-java,org.asteriskjava.manager.event.ChanSpyStopEventTest,1,0,0,0,0.024,SUCCESS
siesta_asterisk-java,org.asteriskjava.manager.event.AsyncAgiEventTest,2,0,0,0,0.012,SUCCESS
siesta_asterisk-java,org.asteriskjava.manager.event.BridgeCreateEventTest,1,0,0,0,0.008,SUCCESS
siesta_asterisk-java,org.asteriskjava.manager.event.T38FaxStatusEventTest,2,0,0,0,0.013,SUCCESS
siesta_asterisk-java,org.asteriskjava.manager.event.CdrEventTest,3,0,0,0,0.05,SUCCESS
siesta_asterisk-java,org.asteriskjava.manager.event.ChannelTalkingStartEventTest,1,0,0,0,0.02,SUCCESS
siesta_asterisk-java,org.asteriskjava.manager.event.MusicOnHoldEventTest,1,0,0,0,0.015,SUCCESS
siesta_asterisk-java,org.asteriskjava.manager.event.NewStateEventTest,2,0,0,0,0.036,SUCCESS
siesta_asterisk-java,org.asteriskjava.manager.event.BridgeEnterEventTest,1,0,0,0,0.004,SUCCESS
siesta_asterisk-java,org.asteriskjava.manager.event.ChannelReloadEventTest,3,0,0,0,0.01,SUCCESS
siesta_asterisk-java,org.asteriskjava.manager.event.AttendedTransferEventTest,1,0,0,0,0.018,SUCCESS
siesta_asterisk-java,org.asteriskjava.manager.event.HangupEventTest,2,0,0,0,0.181,SUCCESS
siesta_asterisk-java,org.asteriskjava.manager.event.ChannelTalkingStopEventTest,1,0,0,0,0.016,SUCCESS
siesta_asterisk-java,org.asteriskjava.manager.event.SkypeBuddyStatusEventTest,2,0,0,0,0.006,SUCCESS
siesta_asterisk-java,org.asteriskjava.manager.event.AgentConnectEventTest,1,0,0,0,0.007,SUCCESS
siesta_asterisk-java,org.asteriskjava.manager.event.ConfbridgeLeaveEventTest,1,0,0,0,0.006,SUCCESS
siesta_asterisk-java,org.asteriskjava.manager.event.RtcpReceivedEventTest,5,0,0,0,0.027,SUCCESS
siesta_asterisk-java,org.asteriskjava.manager.event.HangupRequestEventTest,1,0,0,0,0.005,SUCCESS
siesta_asterisk-java,org.asteriskjava.manager.event.SkypeChatMessageEventTest,1,0,0,0,0.009,SUCCESS
siesta_asterisk-java,org.asteriskjava.manager.AbstractManagerEventListenerTest,2,0,0,0,0.006,SUCCESS
siesta_asterisk-java,org.asteriskjava.manager.internal.ManagerReaderImplTest,9,0,0,0,8.885,SUCCESS
siesta_asterisk-java,org.asteriskjava.manager.internal.ManagerWriterImplTest,2,0,0,0,0.073,SUCCESS
siesta_asterisk-java,org.asteriskjava.manager.internal.ResponseBuilderImplTest,9,0,0,0,0.039,SUCCESS
siesta_asterisk-java,org.asteriskjava.manager.internal.ActionBuilderImplTest,16,0,0,0,0.079,SUCCESS
siesta_asterisk-java,org.asteriskjava.manager.internal.backwardsCompatibility.bridge.BridgeEnterEventComparatorTest,17,0,0,0,0.038,SUCCESS
siesta_asterisk-java,org.asteriskjava.manager.internal.EventBuilderImplTest,36,0,0,0,0.147,SUCCESS
siesta_asterisk-java,org.asteriskjava.manager.internal.ManagerConnectionImplTest,22,0,0,0,4.392,SUCCESS
siesta_asterisk-java,org.asteriskjava.manager.response.CoreStatusResponseTest,2,0,0,0,0.006,SUCCESS
siesta_asterisk-java,org.asteriskjava.manager.response.SipShowPeerResponseTest,5,0,0,0,0.011,SUCCESS
siesta_asterisk-java,org.asteriskjava.live.HangupCauseTest,1,0,0,0,0.009,SUCCESS
siesta_asterisk-java,org.asteriskjava.live.QueueMemberStateTest,2,0,0,0,0.008,SUCCESS
siesta_asterisk-java,org.asteriskjava.live.internal.AsteriskQueueMemberImplTest,1,0,0,0,0.136,SUCCESS
siesta_asterisk-java,org.asteriskjava.live.internal.AsteriskChannelImplTest,1,0,0,0,0.015,SUCCESS
siesta_asterisk-java,org.asteriskjava.live.internal.AsteriskAgentImplTest,1,0,0,0,0.006,SUCCESS
siesta_asterisk-java,org.asteriskjava.live.CallerIdTest,7,0,0,0,0.012,SUCCESS
siesta_asterisk-java,org.asteriskjava.lock.LockerTest,2,0,0,0,15.01,SUCCESS
siesta_asterisk-java,org.asteriskjava.fastagi.command.ReceiveTextCommandTest,2,0,0,0,0.005,SUCCESS
siesta_asterisk-java,org.asteriskjava.fastagi.command.NoopCommandTest,1,0,0,0,0.006,SUCCESS
siesta_asterisk-java,org.asteriskjava.fastagi.command.ConfbridgeCommandTest,2,0,0,0,0.006,SUCCESS
siesta_asterisk-java,org.asteriskjava.fastagi.command.SpeechCreateCommandTest,1,0,0,0,0.004,SUCCESS
siesta_asterisk-java,org.asteriskjava.fastagi.command.SetContextCommandTest,1,0,0,0,0.004,SUCCESS
siesta_asterisk-java,org.asteriskjava.fastagi.command.QueueCommandTest,1,0,0,0,0.004,SUCCESS
siesta_asterisk-java,org.asteriskjava.fastagi.command.SayPhoneticCommandTest,2,0,0,0,0.007,SUCCESS
siesta_asterisk-java,org.asteriskjava.fastagi.command.VerboseCommandTest,1,0,0,0,0.004,SUCCESS
siesta_asterisk-java,org.asteriskjava.fastagi.command.SayAlphaCommandTest,2,0,0,0,0.006,SUCCESS
siesta_asterisk-java,org.asteriskjava.fastagi.command.SendTextCommandTest,1,0,0,0,0.005,SUCCESS
siesta_asterisk-java,org.asteriskjava.fastagi.command.StreamFileCommandTest,3,0,0,0,0.008,SUCCESS
siesta_asterisk-java,org.asteriskjava.fastagi.command.ControlStreamFileCommandTest,5,0,0,0,0.011,SUCCESS
siesta_asterisk-java,org.asteriskjava.fastagi.command.ChannelStatusCommandTest,2,0,0,0,0.006,SUCCESS
siesta_asterisk-java,org.asteriskjava.fastagi.command.DatabaseDelTreeCommandTest,2,0,0,0,0.007,SUCCESS
siesta_asterisk-java,org.asteriskjava.fastagi.command.DatabaseGetCommandTest,1,0,0,0,0.004,SUCCESS
siesta_asterisk-java,org.asteriskjava.fastagi.command.SpeechUnloadGrammarCommandTest,1,0,0,0,0.005,SUCCESS
siesta_asterisk-java,org.asteriskjava.fastagi.command.HangupCommandTest,2,0,0,0,0.005,SUCCESS
siesta_asterisk-java,org.asteriskjava.fastagi.command.SetMusicOffCommandTest,1,0,0,0,0.003,SUCCESS
siesta_asterisk-java,org.asteriskjava.fastagi.command.SetPriorityCommandTest,1,0,0,0,0.003,SUCCESS
siesta_asterisk-java,org.asteriskjava.fastagi.command.SetMusicOnCommandTest,2,0,0,0,0.006,SUCCESS
siesta_asterisk-java,org.asteriskjava.fastagi.command.GetDataCommandTest,6,0,0,0,0.046,SUCCESS
siesta_asterisk-java,org.asteriskjava.fastagi.command.ReceiveCharCommandTest,2,0,0,0,0.012,SUCCESS
siesta_asterisk-java,org.asteriskjava.fastagi.command.SayNumberCommandTest,2,0,0,0,0.005,SUCCESS
siesta_asterisk-java,org.asteriskjava.fastagi.command.SetCallerIdCommandTest,1,0,0,0,0.011,SUCCESS
siesta_asterisk-java,org.asteriskjava.fastagi.command.WaitForDigitCommandTest,2,0,0,0,0.005,SUCCESS
siesta_asterisk-java,org.asteriskjava.fastagi.command.SayDateTimeCommandTest,4,0,0,0,0.013,SUCCESS
siesta_asterisk-java,org.asteriskjava.fastagi.command.SayTimeCommandTest,2,0,0,0,0.006,SUCCESS
siesta_asterisk-java,org.asteriskjava.fastagi.command.AbstractAgiCommandTest,11,0,0,0,0.038,SUCCESS
siesta_asterisk-java,org.asteriskjava.fastagi.command.DatabaseDelCommandTest,2,0,0,0,0.006,SUCCESS
siesta_asterisk-java,org.asteriskjava.fastagi.command.GosubCommandTest,2,0,0,0,0.008,SUCCESS
siesta_asterisk-java,org.asteriskjava.fastagi.command.GetOptionCommandTest,2,0,0,0,0.006,SUCCESS
siesta_asterisk-java,org.asteriskjava.fastagi.command.SayDigitsCommandTest,2,0,0,0,0.006,SUCCESS
siesta_asterisk-java,org.asteriskjava.fastagi.command.SpeechDestroyCommandTest,1,0,0,0,0.005,SUCCESS
siesta_asterisk-java,org.asteriskjava.fastagi.command.DialCommandTest,2,0,0,0,0.009,SUCCESS
siesta_asterisk-java,org.asteriskjava.fastagi.command.AnswerCommandTest,1,0,0,0,0.005,SUCCESS
siesta_asterisk-java,org.asteriskjava.fastagi.command.RecordFileCommandTest,2,0,0,0,0.006,SUCCESS
siesta_asterisk-java,org.asteriskjava.fastagi.command.SpeechRecognizeCommandTest,2,0,0,0,0.007,SUCCESS
siesta_asterisk-java,org.asteriskjava.fastagi.command.BridgeCommandTest,2,0,0,0,0.005,SUCCESS
siesta_asterisk-java,org.asteriskjava.fastagi.command.SetAutoHangupCommandTest,1,0,0,0,0.005,SUCCESS
siesta_asterisk-java,org.asteriskjava.fastagi.command.TddModeCommandTest,1,0,0,0,0.004,SUCCESS
siesta_asterisk-java,org.asteriskjava.fastagi.command.SpeechActivateGrammarCommandTest,1,0,0,0,0.004,SUCCESS
siesta_asterisk-java,org.asteriskjava.fastagi.command.AsyncAgiBreakCommandTest,1,0,0,0,0.003,SUCCESS
siesta_asterisk-java,org.asteriskjava.fastagi.command.SpeechSetCommandTest,1,0,0,0,0.005,SUCCESS
siesta_asterisk-java,org.asteriskjava.fastagi.command.SetExtensionCommandTest,1,0,0,0,0.004,SUCCESS
siesta_asterisk-java,org.asteriskjava.fastagi.command.SpeechDeactivateGrammarCommandTest,1,0,0,0,0.004,SUCCESS
siesta_asterisk-java,org.asteriskjava.fastagi.command.SpeechLoadGrammarCommandTest,1,0,0,0,0.007,SUCCESS
siesta_asterisk-java,org.asteriskjava.fastagi.command.DatabasePutCommandTest,1,0,0,0,0.005,SUCCESS
siesta_asterisk-java,org.asteriskjava.fastagi.command.SendImageCommandTest,1,0,0,0,0.004,SUCCESS
siesta_asterisk-java,org.asteriskjava.fastagi.command.MeetmeCommandTest,2,0,0,0,0.007,SUCCESS
siesta_asterisk-java,org.asteriskjava.fastagi.command.SetVariableCommandTest,1,0,0,0,0.004,SUCCESS
siesta_asterisk-java,org.asteriskjava.fastagi.command.GetFullVariableCommandTest,2,0,0,0,0.006,SUCCESS
siesta_asterisk-java,org.asteriskjava.fastagi.command.ExecCommandTest,5,0,0,0,0.009,SUCCESS
siesta_asterisk-java,org.asteriskjava.fastagi.ClassNameMappingStrategyTest,2,0,0,0,0.012,SUCCESS
siesta_asterisk-java,org.asteriskjava.fastagi.ResourceBundleMappingStrategyTest,3,0,0,0,0.01,SUCCESS
siesta_asterisk-java,org.asteriskjava.fastagi.DefaultAgiServerTest,4,0,0,0,0.031,SUCCESS
siesta_asterisk-java,org.asteriskjava.fastagi.CompositeMappingStrategyTest,2,0,0,0,0.006,SUCCESS
siesta_asterisk-java,org.asteriskjava.fastagi.internal.AgiReplyImplTest,12,0,0,0,0.027,SUCCESS
siesta_asterisk-java,org.asteriskjava.fastagi.internal.AgiWriterImplTest,1,0,0,0,0.035,SUCCESS
siesta_asterisk-java,org.asteriskjava.fastagi.internal.AgiReaderImplTest,5,0,0,0,0.033,SUCCESS
siesta_asterisk-java,org.asteriskjava.fastagi.internal.AgiChannelImplTest,3,0,0,0,0.119,SUCCESS
siesta_asterisk-java,org.asteriskjava.fastagi.internal.AgiRequestImplTest,24,0,0,0,0.039,SUCCESS
siesta_asterisk-java,org.asteriskjava.fastagi.ScriptEngineMappingStrategyTest,3,0,0,0,0.003,SUCCESS
siesta_asterisk-java,org.asteriskjava.util.DateUtilTest,2,0,0,0,0.005,SUCCESS
siesta_asterisk-java,org.asteriskjava.util.internal.streamreader.FastScannerDeterministicTest,3,0,0,0,0.147,SUCCESS
siesta_asterisk-java,org.asteriskjava.util.internal.streamreader.FastScannerRandomTest,2,0,0,0,13.02,SUCCESS
siesta_asterisk-java,org.asteriskjava.util.internal.streamreader.FastScannerSpeedTest,3,0,0,0,7.867,SUCCESS
siesta_asterisk-java,org.asteriskjava.util.AstUtilTest,7,0,0,0,0.004,SUCCESS
siesta_asterisk-java,org.asteriskjava.AsteriskVersionTest,6,0,0,0,0.004,SUCCESS
Sum: 58.89499999999999
--------------------Execution: 10 -----------------------------------
siesta_asterisk-java,org.asteriskjava.pbx.internal.core.ListenerManagerTest,1,0,0,0,6.277,SUCCESS
siesta_asterisk-java,org.asteriskjava.config.ConfigFileParserTest,4,0,0,0,0.082,SUCCESS
siesta_asterisk-java,org.asteriskjava.manager.event.ConfbridgeJoinEventTest,1,0,0,0,1.316,SUCCESS
siesta_asterisk-java,org.asteriskjava.manager.event.AgiExecStartEventTest,1,0,0,0,0.011,SUCCESS
siesta_asterisk-java,org.asteriskjava.manager.event.ChanSpyStopEventTest,1,0,0,0,0.029,SUCCESS
siesta_asterisk-java,org.asteriskjava.manager.event.AsyncAgiEventTest,2,0,0,0,0.013,SUCCESS
siesta_asterisk-java,org.asteriskjava.manager.event.BridgeCreateEventTest,1,0,0,0,0.008,SUCCESS
siesta_asterisk-java,org.asteriskjava.manager.event.T38FaxStatusEventTest,2,0,0,0,0.016,SUCCESS
siesta_asterisk-java,org.asteriskjava.manager.event.CdrEventTest,3,0,0,0,0.028,SUCCESS
siesta_asterisk-java,org.asteriskjava.manager.event.ChannelTalkingStartEventTest,1,0,0,0,0.011,SUCCESS
siesta_asterisk-java,org.asteriskjava.manager.event.MusicOnHoldEventTest,1,0,0,0,0.021,SUCCESS
siesta_asterisk-java,org.asteriskjava.manager.event.NewStateEventTest,2,0,0,0,0.028,SUCCESS
siesta_asterisk-java,org.asteriskjava.manager.event.BridgeEnterEventTest,1,0,0,0,0.006,SUCCESS
siesta_asterisk-java,org.asteriskjava.manager.event.ChannelReloadEventTest,3,0,0,0,0.014,SUCCESS
siesta_asterisk-java,org.asteriskjava.manager.event.AttendedTransferEventTest,1,0,0,0,0.034,SUCCESS
siesta_asterisk-java,org.asteriskjava.manager.event.HangupEventTest,2,0,0,0,0.178,SUCCESS
siesta_asterisk-java,org.asteriskjava.manager.event.ChannelTalkingStopEventTest,1,0,0,0,0.014,SUCCESS
siesta_asterisk-java,org.asteriskjava.manager.event.SkypeBuddyStatusEventTest,2,0,0,0,0.005,SUCCESS
siesta_asterisk-java,org.asteriskjava.manager.event.AgentConnectEventTest,1,0,0,0,0.005,SUCCESS
siesta_asterisk-java,org.asteriskjava.manager.event.ConfbridgeLeaveEventTest,1,0,0,0,0.006,SUCCESS
siesta_asterisk-java,org.asteriskjava.manager.event.RtcpReceivedEventTest,5,0,0,0,0.03,SUCCESS
siesta_asterisk-java,org.asteriskjava.manager.event.HangupRequestEventTest,1,0,0,0,0.006,SUCCESS
siesta_asterisk-java,org.asteriskjava.manager.event.SkypeChatMessageEventTest,1,0,0,0,0.011,SUCCESS
siesta_asterisk-java,org.asteriskjava.manager.AbstractManagerEventListenerTest,2,0,0,0,0.007,SUCCESS
siesta_asterisk-java,org.asteriskjava.manager.internal.ManagerReaderImplTest,9,0,0,0,8.517,SUCCESS
siesta_asterisk-java,org.asteriskjava.manager.internal.ManagerWriterImplTest,2,0,0,0,0.079,SUCCESS
siesta_asterisk-java,org.asteriskjava.manager.internal.ResponseBuilderImplTest,9,0,0,0,0.048,SUCCESS
siesta_asterisk-java,org.asteriskjava.manager.internal.ActionBuilderImplTest,16,0,0,0,0.092,SUCCESS
siesta_asterisk-java,org.asteriskjava.manager.internal.backwardsCompatibility.bridge.BridgeEnterEventComparatorTest,17,0,0,0,0.028,SUCCESS
siesta_asterisk-java,org.asteriskjava.manager.internal.EventBuilderImplTest,36,0,0,0,0.142,SUCCESS
siesta_asterisk-java,org.asteriskjava.manager.internal.ManagerConnectionImplTest,22,0,0,0,4.297,SUCCESS
siesta_asterisk-java,org.asteriskjava.manager.response.CoreStatusResponseTest,2,0,0,0,0.007,SUCCESS
siesta_asterisk-java,org.asteriskjava.manager.response.SipShowPeerResponseTest,5,0,0,0,0.009,SUCCESS
siesta_asterisk-java,org.asteriskjava.live.HangupCauseTest,1,0,0,0,0.01,SUCCESS
siesta_asterisk-java,org.asteriskjava.live.QueueMemberStateTest,2,0,0,0,0.007,SUCCESS
siesta_asterisk-java,org.asteriskjava.live.internal.AsteriskQueueMemberImplTest,1,0,0,0,0.128,SUCCESS
siesta_asterisk-java,org.asteriskjava.live.internal.AsteriskChannelImplTest,1,0,0,0,0.018,SUCCESS
siesta_asterisk-java,org.asteriskjava.live.internal.AsteriskAgentImplTest,1,0,0,0,0.006,SUCCESS
siesta_asterisk-java,org.asteriskjava.live.CallerIdTest,7,0,0,0,0.01,SUCCESS
siesta_asterisk-java,org.asteriskjava.lock.LockerTest,2,0,0,0,15.02,SUCCESS
siesta_asterisk-java,org.asteriskjava.fastagi.command.ReceiveTextCommandTest,2,0,0,0,0.007,SUCCESS
siesta_asterisk-java,org.asteriskjava.fastagi.command.NoopCommandTest,1,0,0,0,0.003,SUCCESS
siesta_asterisk-java,org.asteriskjava.fastagi.command.ConfbridgeCommandTest,2,0,0,0,0.007,SUCCESS
siesta_asterisk-java,org.asteriskjava.fastagi.command.SpeechCreateCommandTest,1,0,0,0,0.004,SUCCESS
siesta_asterisk-java,org.asteriskjava.fastagi.command.SetContextCommandTest,1,0,0,0,0.004,SUCCESS
siesta_asterisk-java,org.asteriskjava.fastagi.command.QueueCommandTest,1,0,0,0,0.005,SUCCESS
siesta_asterisk-java,org.asteriskjava.fastagi.command.SayPhoneticCommandTest,2,0,0,0,0.005,SUCCESS
siesta_asterisk-java,org.asteriskjava.fastagi.command.VerboseCommandTest,1,0,0,0,0.005,SUCCESS
siesta_asterisk-java,org.asteriskjava.fastagi.command.SayAlphaCommandTest,2,0,0,0,0.008,SUCCESS
siesta_asterisk-java,org.asteriskjava.fastagi.command.SendTextCommandTest,1,0,0,0,0.005,SUCCESS
siesta_asterisk-java,org.asteriskjava.fastagi.command.StreamFileCommandTest,3,0,0,0,0.009,SUCCESS
siesta_asterisk-java,org.asteriskjava.fastagi.command.ControlStreamFileCommandTest,5,0,0,0,0.008,SUCCESS
siesta_asterisk-java,org.asteriskjava.fastagi.command.ChannelStatusCommandTest,2,0,0,0,0.007,SUCCESS
siesta_asterisk-java,org.asteriskjava.fastagi.command.DatabaseDelTreeCommandTest,2,0,0,0,0.007,SUCCESS
siesta_asterisk-java,org.asteriskjava.fastagi.command.DatabaseGetCommandTest,1,0,0,0,0.01,SUCCESS
siesta_asterisk-java,org.asteriskjava.fastagi.command.SpeechUnloadGrammarCommandTest,1,0,0,0,0.004,SUCCESS
siesta_asterisk-java,org.asteriskjava.fastagi.command.HangupCommandTest,2,0,0,0,0.006,SUCCESS
siesta_asterisk-java,org.asteriskjava.fastagi.command.SetMusicOffCommandTest,1,0,0,0,0.004,SUCCESS
siesta_asterisk-java,org.asteriskjava.fastagi.command.SetPriorityCommandTest,1,0,0,0,0.006,SUCCESS
siesta_asterisk-java,org.asteriskjava.fastagi.command.SetMusicOnCommandTest,2,0,0,0,0.01,SUCCESS
siesta_asterisk-java,org.asteriskjava.fastagi.command.GetDataCommandTest,6,0,0,0,0.055,SUCCESS
siesta_asterisk-java,org.asteriskjava.fastagi.command.ReceiveCharCommandTest,2,0,0,0,0.011,SUCCESS
siesta_asterisk-java,org.asteriskjava.fastagi.command.SayNumberCommandTest,2,0,0,0,0.016,SUCCESS
siesta_asterisk-java,org.asteriskjava.fastagi.command.SetCallerIdCommandTest,1,0,0,0,0.005,SUCCESS
siesta_asterisk-java,org.asteriskjava.fastagi.command.WaitForDigitCommandTest,2,0,0,0,0.006,SUCCESS
siesta_asterisk-java,org.asteriskjava.fastagi.command.SayDateTimeCommandTest,4,0,0,0,0.024,SUCCESS
siesta_asterisk-java,org.asteriskjava.fastagi.command.SayTimeCommandTest,2,0,0,0,0.01,SUCCESS
siesta_asterisk-java,org.asteriskjava.fastagi.command.AbstractAgiCommandTest,11,0,0,0,0.058,SUCCESS
siesta_asterisk-java,org.asteriskjava.fastagi.command.DatabaseDelCommandTest,2,0,0,0,0.009,SUCCESS
siesta_asterisk-java,org.asteriskjava.fastagi.command.GosubCommandTest,2,0,0,0,0.007,SUCCESS
siesta_asterisk-java,org.asteriskjava.fastagi.command.GetOptionCommandTest,2,0,0,0,0.016,SUCCESS
siesta_asterisk-java,org.asteriskjava.fastagi.command.SayDigitsCommandTest,2,0,0,0,0.006,SUCCESS
siesta_asterisk-java,org.asteriskjava.fastagi.command.SpeechDestroyCommandTest,1,0,0,0,0.005,SUCCESS
siesta_asterisk-java,org.asteriskjava.fastagi.command.DialCommandTest,2,0,0,0,0.019,SUCCESS
siesta_asterisk-java,org.asteriskjava.fastagi.command.AnswerCommandTest,1,0,0,0,0.004,SUCCESS
siesta_asterisk-java,org.asteriskjava.fastagi.command.RecordFileCommandTest,2,0,0,0,0.01,SUCCESS
siesta_asterisk-java,org.asteriskjava.fastagi.command.SpeechRecognizeCommandTest,2,0,0,0,0.017,SUCCESS
siesta_asterisk-java,org.asteriskjava.fastagi.command.BridgeCommandTest,2,0,0,0,0.015,SUCCESS
siesta_asterisk-java,org.asteriskjava.fastagi.command.SetAutoHangupCommandTest,1,0,0,0,0.009,SUCCESS
siesta_asterisk-java,org.asteriskjava.fastagi.command.TddModeCommandTest,1,0,0,0,0.006,SUCCESS
siesta_asterisk-java,org.asteriskjava.fastagi.command.SpeechActivateGrammarCommandTest,1,0,0,0,0.01,SUCCESS
siesta_asterisk-java,org.asteriskjava.fastagi.command.AsyncAgiBreakCommandTest,1,0,0,0,0.005,SUCCESS
siesta_asterisk-java,org.asteriskjava.fastagi.command.SpeechSetCommandTest,1,0,0,0,0.01,SUCCESS
siesta_asterisk-java,org.asteriskjava.fastagi.command.SetExtensionCommandTest,1,0,0,0,0.005,SUCCESS
siesta_asterisk-java,org.asteriskjava.fastagi.command.SpeechDeactivateGrammarCommandTest,1,0,0,0,0.008,SUCCESS
siesta_asterisk-java,org.asteriskjava.fastagi.command.SpeechLoadGrammarCommandTest,1,0,0,0,0.006,SUCCESS
siesta_asterisk-java,org.asteriskjava.fastagi.command.DatabasePutCommandTest,1,0,0,0,0.006,SUCCESS
siesta_asterisk-java,org.asteriskjava.fastagi.command.SendImageCommandTest,1,0,0,0,0.013,SUCCESS
siesta_asterisk-java,org.asteriskjava.fastagi.command.MeetmeCommandTest,2,0,0,0,0.011,SUCCESS
siesta_asterisk-java,org.asteriskjava.fastagi.command.SetVariableCommandTest,1,0,0,0,0.009,SUCCESS
siesta_asterisk-java,org.asteriskjava.fastagi.command.GetFullVariableCommandTest,2,0,0,0,0.015,SUCCESS
siesta_asterisk-java,org.asteriskjava.fastagi.command.ExecCommandTest,5,0,0,0,0.016,SUCCESS
siesta_asterisk-java,org.asteriskjava.fastagi.ClassNameMappingStrategyTest,2,0,0,0,0.019,SUCCESS
siesta_asterisk-java,org.asteriskjava.fastagi.ResourceBundleMappingStrategyTest,3,0,0,0,0.018,SUCCESS
siesta_asterisk-java,org.asteriskjava.fastagi.DefaultAgiServerTest,4,0,0,0,0.064,SUCCESS
siesta_asterisk-java,org.asteriskjava.fastagi.CompositeMappingStrategyTest,2,0,0,0,0.018,SUCCESS
siesta_asterisk-java,org.asteriskjava.fastagi.internal.AgiReplyImplTest,12,0,0,0,0.049,SUCCESS
siesta_asterisk-java,org.asteriskjava.fastagi.internal.AgiWriterImplTest,1,0,0,0,0.079,SUCCESS
siesta_asterisk-java,org.asteriskjava.fastagi.internal.AgiReaderImplTest,5,0,0,0,0.067,SUCCESS
siesta_asterisk-java,org.asteriskjava.fastagi.internal.AgiChannelImplTest,3,0,0,0,0.175,SUCCESS
siesta_asterisk-java,org.asteriskjava.fastagi.internal.AgiRequestImplTest,24,0,0,0,0.052,SUCCESS
siesta_asterisk-java,org.asteriskjava.fastagi.ScriptEngineMappingStrategyTest,3,0,0,0,0.01,SUCCESS
siesta_asterisk-java,org.asteriskjava.util.DateUtilTest,2,0,0,0,0.005,SUCCESS
siesta_asterisk-java,org.asteriskjava.util.internal.streamreader.FastScannerDeterministicTest,3,0,0,0,0.19,SUCCESS
siesta_asterisk-java,org.asteriskjava.util.internal.streamreader.FastScannerRandomTest,2,0,0,0,16.05,SUCCESS
siesta_asterisk-java,org.asteriskjava.util.internal.streamreader.FastScannerSpeedTest,3,0,0,0,7.764,SUCCESS
siesta_asterisk-java,org.asteriskjava.util.AstUtilTest,7,0,0,0,0.008,SUCCESS
siesta_asterisk-java,org.asteriskjava.AsteriskVersionTest,6,0,0,0,0.005,SUCCESS
Sum: 61.693000000000005
