Project,Class Path,Tests Run,Failures,Errors,Skipped,Time Elapsed (sec),Status
--------------------Execution: 1 -----------------------------------
javamop_asterisk-java,null,1,0,1,0,13.45,FAILURE
javamop_asterisk-java,org.asteriskjava.config.ConfigFileParserTest,4,0,0,0,0.172,SUCCESS
javamop_asterisk-java,org.asteriskjava.manager.event.ConfbridgeJoinEventTest,1,0,0,0,7.411,SUCCESS
javamop_asterisk-java,org.asteriskjava.manager.event.AgiExecStartEventTest,1,0,0,0,0.021,SUCCESS
javamop_asterisk-java,org.asteriskjava.manager.event.ChanSpyStopEventTest,1,0,0,0,0.084,SUCCESS
javamop_asterisk-java,org.asteriskjava.manager.event.AsyncAgiEventTest,2,0,0,0,0.051,SUCCESS
javamop_asterisk-java,org.asteriskjava.manager.event.BridgeCreateEventTest,1,0,0,0,0.015,SUCCESS
javamop_asterisk-java,org.asteriskjava.manager.event.T38FaxStatusEventTest,2,0,0,0,0.031,SUCCESS
javamop_asterisk-java,org.asteriskjava.manager.event.CdrEventTest,3,0,0,0,0.02,SUCCESS
javamop_asterisk-java,org.asteriskjava.manager.event.ChannelTalkingStartEventTest,1,0,0,0,0.019,SUCCESS
javamop_asterisk-java,org.asteriskjava.manager.event.MusicOnHoldEventTest,1,0,0,0,0.013,SUCCESS
javamop_asterisk-java,org.asteriskjava.manager.event.NewStateEventTest,2,0,0,0,0.072,SUCCESS
javamop_asterisk-java,org.asteriskjava.manager.event.BridgeEnterEventTest,1,0,0,0,0.003,SUCCESS
javamop_asterisk-java,org.asteriskjava.manager.event.ChannelReloadEventTest,3,0,0,0,0.006,SUCCESS
javamop_asterisk-java,org.asteriskjava.manager.event.AttendedTransferEventTest,1,0,0,0,0.024,SUCCESS
javamop_asterisk-java,org.asteriskjava.manager.event.HangupEventTest,2,0,0,0,0.129,SUCCESS
javamop_asterisk-java,org.asteriskjava.manager.event.ChannelTalkingStopEventTest,1,0,0,0,0.035,SUCCESS
javamop_asterisk-java,org.asteriskjava.manager.event.SkypeBuddyStatusEventTest,2,0,0,0,0.005,SUCCESS
javamop_asterisk-java,org.asteriskjava.manager.event.AgentConnectEventTest,1,0,0,0,0.022,SUCCESS
javamop_asterisk-java,org.asteriskjava.manager.event.ConfbridgeLeaveEventTest,1,0,0,0,0.011,SUCCESS
javamop_asterisk-java,org.asteriskjava.manager.event.RtcpReceivedEventTest,5,0,0,0,0.01,SUCCESS
javamop_asterisk-java,org.asteriskjava.manager.event.HangupRequestEventTest,1,0,0,0,0.013,SUCCESS
javamop_asterisk-java,org.asteriskjava.manager.event.SkypeChatMessageEventTest,1,0,0,0,0.044,SUCCESS
javamop_asterisk-java,org.asteriskjava.manager.AbstractManagerEventListenerTest,2,0,0,0,0.005,SUCCESS
javamop_asterisk-java,null,9,0,9,0,6.648,FAILURE
javamop_asterisk-java,org.asteriskjava.manager.internal.ManagerReaderImplTest,N/A,N/A,1,N/A,6.628,ERROR
javamop_asterisk-java,org.asteriskjava.manager.internal.ManagerReaderImplTest,N/A,N/A,1,N/A,0.001,ERROR
javamop_asterisk-java,org.asteriskjava.manager.internal.ManagerReaderImplTest,N/A,N/A,1,N/A,0.002,ERROR
javamop_asterisk-java,org.asteriskjava.manager.internal.ManagerReaderImplTest,N/A,N/A,1,N/A,0.002,ERROR
javamop_asterisk-java,org.asteriskjava.manager.internal.ManagerReaderImplTest,N/A,N/A,1,N/A,0.001,ERROR
javamop_asterisk-java,org.asteriskjava.manager.internal.ManagerReaderImplTest,N/A,N/A,1,N/A,0.001,ERROR
javamop_asterisk-java,org.asteriskjava.manager.internal.ManagerReaderImplTest,N/A,N/A,1,N/A,0.001,ERROR
javamop_asterisk-java,org.asteriskjava.manager.internal.ManagerReaderImplTest,N/A,N/A,1,N/A,0.001,ERROR
javamop_asterisk-java,org.asteriskjava.manager.internal.ManagerReaderImplTest,N/A,N/A,1,N/A,0.002,ERROR
javamop_asterisk-java,null,2,0,1,0,14.6,FAILURE
javamop_asterisk-java,org.asteriskjava.manager.internal.ManagerWriterImplTest,N/A,N/A,1,N/A,14.43,ERROR
javamop_asterisk-java,org.asteriskjava.manager.internal.ResponseBuilderImplTest,9,0,0,0,0.119,SUCCESS
javamop_asterisk-java,org.asteriskjava.manager.internal.ActionBuilderImplTest,16,0,0,0,0.324,SUCCESS
javamop_asterisk-java,org.asteriskjava.manager.internal.backwardsCompatibility.bridge.BridgeEnterEventComparatorTest,17,0,0,0,0.036,SUCCESS
javamop_asterisk-java,null,36,0,36,0,0.094,FAILURE
javamop_asterisk-java,org.asteriskjava.manager.internal.EventBuilderImplTest,N/A,N/A,1,N/A,0.001,ERROR
javamop_asterisk-java,org.asteriskjava.manager.internal.EventBuilderImplTest,N/A,N/A,1,N/A,0.002,ERROR
javamop_asterisk-java,org.asteriskjava.manager.internal.EventBuilderImplTest,N/A,N/A,1,N/A,0.002,ERROR
javamop_asterisk-java,org.asteriskjava.manager.internal.EventBuilderImplTest,N/A,N/A,1,N/A,0.002,ERROR
javamop_asterisk-java,org.asteriskjava.manager.internal.EventBuilderImplTest,N/A,N/A,1,N/A,0.001,ERROR
javamop_asterisk-java,org.asteriskjava.manager.internal.EventBuilderImplTest,N/A,N/A,1,N/A,0.002,ERROR
javamop_asterisk-java,org.asteriskjava.manager.internal.EventBuilderImplTest,N/A,N/A,1,N/A,0.001,ERROR
javamop_asterisk-java,org.asteriskjava.manager.internal.EventBuilderImplTest,N/A,N/A,1,N/A,0.001,ERROR
javamop_asterisk-java,org.asteriskjava.manager.internal.EventBuilderImplTest,N/A,N/A,1,N/A,0.002,ERROR
javamop_asterisk-java,org.asteriskjava.manager.internal.EventBuilderImplTest,N/A,N/A,1,N/A,0.002,ERROR
javamop_asterisk-java,org.asteriskjava.manager.internal.EventBuilderImplTest,N/A,N/A,1,N/A,0.002,ERROR
javamop_asterisk-java,org.asteriskjava.manager.internal.EventBuilderImplTest,N/A,N/A,1,N/A,0.003,ERROR
javamop_asterisk-java,org.asteriskjava.manager.internal.EventBuilderImplTest,N/A,N/A,1,N/A,0.002,ERROR
javamop_asterisk-java,org.asteriskjava.manager.internal.EventBuilderImplTest,N/A,N/A,1,N/A,0.001,ERROR
javamop_asterisk-java,org.asteriskjava.manager.internal.EventBuilderImplTest,N/A,N/A,1,N/A,0.002,ERROR
javamop_asterisk-java,org.asteriskjava.manager.internal.EventBuilderImplTest,N/A,N/A,1,N/A,0.002,ERROR
javamop_asterisk-java,org.asteriskjava.manager.internal.EventBuilderImplTest,N/A,N/A,1,N/A,0.003,ERROR
javamop_asterisk-java,org.asteriskjava.manager.internal.EventBuilderImplTest,N/A,N/A,1,N/A,0.001,ERROR
javamop_asterisk-java,org.asteriskjava.manager.internal.EventBuilderImplTest,N/A,N/A,1,N/A,0.002,ERROR
javamop_asterisk-java,org.asteriskjava.manager.internal.EventBuilderImplTest,N/A,N/A,1,N/A,0.002,ERROR
javamop_asterisk-java,org.asteriskjava.manager.internal.EventBuilderImplTest,N/A,N/A,1,N/A,0.001,ERROR
javamop_asterisk-java,org.asteriskjava.manager.internal.EventBuilderImplTest,N/A,N/A,1,N/A,0.001,ERROR
javamop_asterisk-java,org.asteriskjava.manager.internal.EventBuilderImplTest,N/A,N/A,1,N/A,0.001,ERROR
javamop_asterisk-java,org.asteriskjava.manager.internal.EventBuilderImplTest,N/A,N/A,1,N/A,0.002,ERROR
javamop_asterisk-java,org.asteriskjava.manager.internal.EventBuilderImplTest,N/A,N/A,1,N/A,0.001,ERROR
javamop_asterisk-java,org.asteriskjava.manager.internal.EventBuilderImplTest,N/A,N/A,1,N/A,0.001,ERROR
javamop_asterisk-java,org.asteriskjava.manager.internal.EventBuilderImplTest,N/A,N/A,1,N/A,0.002,ERROR
javamop_asterisk-java,org.asteriskjava.manager.internal.EventBuilderImplTest,N/A,N/A,1,N/A,0.001,ERROR
javamop_asterisk-java,org.asteriskjava.manager.internal.EventBuilderImplTest,N/A,N/A,1,N/A,0.001,ERROR
javamop_asterisk-java,org.asteriskjava.manager.internal.EventBuilderImplTest,N/A,N/A,1,N/A,0.001,ERROR
javamop_asterisk-java,org.asteriskjava.manager.internal.EventBuilderImplTest,N/A,N/A,1,N/A,0.001,ERROR
javamop_asterisk-java,org.asteriskjava.manager.internal.EventBuilderImplTest,N/A,N/A,1,N/A,0.002,ERROR
javamop_asterisk-java,org.asteriskjava.manager.internal.EventBuilderImplTest,N/A,N/A,1,N/A,0.001,ERROR
javamop_asterisk-java,org.asteriskjava.manager.internal.EventBuilderImplTest,N/A,N/A,1,N/A,0.001,ERROR
javamop_asterisk-java,org.asteriskjava.manager.internal.EventBuilderImplTest,N/A,N/A,1,N/A,0.002,ERROR
javamop_asterisk-java,org.asteriskjava.manager.internal.EventBuilderImplTest,N/A,N/A,1,N/A,0.001,ERROR
javamop_asterisk-java,null,22,0,22,0,0.165,FAILURE
javamop_asterisk-java,org.asteriskjava.manager.internal.ManagerConnectionImplTest,N/A,N/A,1,N/A,0.003,ERROR
javamop_asterisk-java,org.asteriskjava.manager.internal.ManagerConnectionImplTest,N/A,N/A,1,N/A,0.004,ERROR
javamop_asterisk-java,org.asteriskjava.manager.internal.ManagerConnectionImplTest,N/A,N/A,1,N/A,0.002,ERROR
javamop_asterisk-java,org.asteriskjava.manager.internal.ManagerConnectionImplTest,N/A,N/A,1,N/A,0.002,ERROR
javamop_asterisk-java,org.asteriskjava.manager.internal.ManagerConnectionImplTest,N/A,N/A,1,N/A,0.002,ERROR
javamop_asterisk-java,org.asteriskjava.manager.internal.ManagerConnectionImplTest,N/A,N/A,1,N/A,0.003,ERROR
javamop_asterisk-java,org.asteriskjava.manager.internal.ManagerConnectionImplTest,N/A,N/A,1,N/A,0.002,ERROR
javamop_asterisk-java,org.asteriskjava.manager.internal.ManagerConnectionImplTest,N/A,N/A,1,N/A,0.002,ERROR
javamop_asterisk-java,org.asteriskjava.manager.internal.ManagerConnectionImplTest,N/A,N/A,1,N/A,0.002,ERROR
javamop_asterisk-java,org.asteriskjava.manager.internal.ManagerConnectionImplTest,N/A,N/A,1,N/A,0.004,ERROR
javamop_asterisk-java,org.asteriskjava.manager.internal.ManagerConnectionImplTest,N/A,N/A,1,N/A,0.003,ERROR
javamop_asterisk-java,org.asteriskjava.manager.internal.ManagerConnectionImplTest,N/A,N/A,1,N/A,0.003,ERROR
javamop_asterisk-java,org.asteriskjava.manager.internal.ManagerConnectionImplTest,N/A,N/A,1,N/A,0.009,ERROR
javamop_asterisk-java,org.asteriskjava.manager.internal.ManagerConnectionImplTest,N/A,N/A,1,N/A,0.002,ERROR
javamop_asterisk-java,org.asteriskjava.manager.internal.ManagerConnectionImplTest,N/A,N/A,1,N/A,0.001,ERROR
javamop_asterisk-java,org.asteriskjava.manager.internal.ManagerConnectionImplTest,N/A,N/A,1,N/A,0.002,ERROR
javamop_asterisk-java,org.asteriskjava.manager.internal.ManagerConnectionImplTest,N/A,N/A,1,N/A,0.002,ERROR
javamop_asterisk-java,org.asteriskjava.manager.internal.ManagerConnectionImplTest,N/A,N/A,1,N/A,0.001,ERROR
javamop_asterisk-java,org.asteriskjava.manager.internal.ManagerConnectionImplTest,N/A,N/A,1,N/A,0.002,ERROR
javamop_asterisk-java,org.asteriskjava.manager.internal.ManagerConnectionImplTest,N/A,N/A,1,N/A,0.001,ERROR
javamop_asterisk-java,org.asteriskjava.manager.internal.ManagerConnectionImplTest,N/A,N/A,1,N/A,0.002,ERROR
javamop_asterisk-java,org.asteriskjava.manager.internal.ManagerConnectionImplTest,N/A,N/A,1,N/A,0.001,ERROR
javamop_asterisk-java,org.asteriskjava.manager.response.CoreStatusResponseTest,2,0,0,0,0.007,SUCCESS
javamop_asterisk-java,org.asteriskjava.manager.response.SipShowPeerResponseTest,5,0,0,0,0.013,SUCCESS
javamop_asterisk-java,org.asteriskjava.live.HangupCauseTest,1,0,0,0,0.048,SUCCESS
javamop_asterisk-java,org.asteriskjava.live.QueueMemberStateTest,2,0,0,0,0.026,SUCCESS
javamop_asterisk-java,org.asteriskjava.live.internal.AsteriskQueueMemberImplTest,1,0,0,0,1.903,SUCCESS
javamop_asterisk-java,org.asteriskjava.live.internal.AsteriskChannelImplTest,1,0,0,0,0.074,SUCCESS
javamop_asterisk-java,org.asteriskjava.live.internal.AsteriskAgentImplTest,1,0,0,0,0.044,SUCCESS
javamop_asterisk-java,org.asteriskjava.live.CallerIdTest,7,0,0,0,0.035,SUCCESS
javamop_asterisk-java,null,2,0,2,0,0.006,FAILURE
javamop_asterisk-java,org.asteriskjava.lock.LockerTest,N/A,N/A,1,N/A,0.001,ERROR
javamop_asterisk-java,org.asteriskjava.lock.LockerTest,N/A,N/A,1,N/A,0.003,ERROR
javamop_asterisk-java,org.asteriskjava.fastagi.command.ReceiveTextCommandTest,2,0,0,0,0.018,SUCCESS
javamop_asterisk-java,org.asteriskjava.fastagi.command.NoopCommandTest,1,0,0,0,0.014,SUCCESS
javamop_asterisk-java,null,2,0,1,0,0.026,FAILURE
javamop_asterisk-java,org.asteriskjava.fastagi.command.SpeechCreateCommandTest,1,0,0,0,0.024,SUCCESS
javamop_asterisk-java,org.asteriskjava.fastagi.command.SetContextCommandTest,1,0,0,0,0.016,SUCCESS
javamop_asterisk-java,org.asteriskjava.fastagi.command.QueueCommandTest,1,0,0,0,0.017,SUCCESS
javamop_asterisk-java,org.asteriskjava.fastagi.command.SayPhoneticCommandTest,2,0,0,0,0.019,SUCCESS
javamop_asterisk-java,org.asteriskjava.fastagi.command.VerboseCommandTest,1,0,0,0,0.018,SUCCESS
javamop_asterisk-java,org.asteriskjava.fastagi.command.SayAlphaCommandTest,2,0,0,0,0.02,SUCCESS
javamop_asterisk-java,org.asteriskjava.fastagi.command.SendTextCommandTest,1,0,0,0,0.013,SUCCESS
javamop_asterisk-java,org.asteriskjava.fastagi.command.StreamFileCommandTest,3,0,0,0,0.022,SUCCESS
javamop_asterisk-java,org.asteriskjava.fastagi.command.ControlStreamFileCommandTest,5,0,0,0,0.025,SUCCESS
javamop_asterisk-java,org.asteriskjava.fastagi.command.ChannelStatusCommandTest,2,0,0,0,0.017,SUCCESS
javamop_asterisk-java,org.asteriskjava.fastagi.command.DatabaseDelTreeCommandTest,2,0,0,0,0.023,SUCCESS
javamop_asterisk-java,org.asteriskjava.fastagi.command.DatabaseGetCommandTest,1,0,0,0,0.017,SUCCESS
javamop_asterisk-java,org.asteriskjava.fastagi.command.SpeechUnloadGrammarCommandTest,1,0,0,0,0.018,SUCCESS
javamop_asterisk-java,org.asteriskjava.fastagi.command.HangupCommandTest,2,0,0,0,0.019,SUCCESS
javamop_asterisk-java,org.asteriskjava.fastagi.command.SetMusicOffCommandTest,1,0,0,0,0.014,SUCCESS
javamop_asterisk-java,org.asteriskjava.fastagi.command.SetPriorityCommandTest,1,0,0,0,0.019,SUCCESS
javamop_asterisk-java,org.asteriskjava.fastagi.command.SetMusicOnCommandTest,2,0,0,0,0.02,SUCCESS
javamop_asterisk-java,org.asteriskjava.fastagi.command.GetDataCommandTest,6,0,0,0,0.272,SUCCESS
javamop_asterisk-java,org.asteriskjava.fastagi.command.ReceiveCharCommandTest,2,0,0,0,0.02,SUCCESS
javamop_asterisk-java,org.asteriskjava.fastagi.command.SayNumberCommandTest,2,0,0,0,0.028,SUCCESS
javamop_asterisk-java,org.asteriskjava.fastagi.command.SetCallerIdCommandTest,1,0,0,0,0.018,SUCCESS
javamop_asterisk-java,org.asteriskjava.fastagi.command.WaitForDigitCommandTest,2,0,0,0,0.021,SUCCESS
javamop_asterisk-java,org.asteriskjava.fastagi.command.SayDateTimeCommandTest,4,0,0,0,0.032,SUCCESS
javamop_asterisk-java,org.asteriskjava.fastagi.command.SayTimeCommandTest,2,0,0,0,0.02,SUCCESS
javamop_asterisk-java,null,11,0,1,0,0.095,FAILURE
javamop_asterisk-java,org.asteriskjava.fastagi.command.DatabaseDelCommandTest,2,0,0,0,0.024,SUCCESS
javamop_asterisk-java,org.asteriskjava.fastagi.command.GosubCommandTest,2,0,0,0,0.029,SUCCESS
javamop_asterisk-java,org.asteriskjava.fastagi.command.GetOptionCommandTest,2,0,0,0,0.024,SUCCESS
javamop_asterisk-java,org.asteriskjava.fastagi.command.SayDigitsCommandTest,2,0,0,0,0.024,SUCCESS
javamop_asterisk-java,org.asteriskjava.fastagi.command.SpeechDestroyCommandTest,1,0,0,0,0.011,SUCCESS
javamop_asterisk-java,null,2,0,2,0,0.032,FAILURE
javamop_asterisk-java,org.asteriskjava.fastagi.command.AnswerCommandTest,1,0,0,0,0.013,SUCCESS
javamop_asterisk-java,org.asteriskjava.fastagi.command.RecordFileCommandTest,2,0,0,0,0.029,SUCCESS
javamop_asterisk-java,org.asteriskjava.fastagi.command.SpeechRecognizeCommandTest,2,0,0,0,0.02,SUCCESS
javamop_asterisk-java,org.asteriskjava.fastagi.command.BridgeCommandTest,2,0,0,0,0.029,SUCCESS
javamop_asterisk-java,org.asteriskjava.fastagi.command.SetAutoHangupCommandTest,1,0,0,0,0.015,SUCCESS
javamop_asterisk-java,org.asteriskjava.fastagi.command.TddModeCommandTest,1,0,0,0,0.021,SUCCESS
javamop_asterisk-java,org.asteriskjava.fastagi.command.SpeechActivateGrammarCommandTest,1,0,0,0,0.017,SUCCESS
javamop_asterisk-java,org.asteriskjava.fastagi.command.AsyncAgiBreakCommandTest,1,0,0,0,0.011,SUCCESS
javamop_asterisk-java,org.asteriskjava.fastagi.command.SpeechSetCommandTest,1,0,0,0,0.016,SUCCESS
javamop_asterisk-java,org.asteriskjava.fastagi.command.SetExtensionCommandTest,1,0,0,0,0.015,SUCCESS
javamop_asterisk-java,org.asteriskjava.fastagi.command.SpeechDeactivateGrammarCommandTest,1,0,0,0,0.015,SUCCESS
javamop_asterisk-java,org.asteriskjava.fastagi.command.SpeechLoadGrammarCommandTest,1,0,0,0,0.023,SUCCESS
javamop_asterisk-java,org.asteriskjava.fastagi.command.DatabasePutCommandTest,1,0,0,0,0.02,SUCCESS
javamop_asterisk-java,org.asteriskjava.fastagi.command.SendImageCommandTest,1,0,0,0,0.015,SUCCESS
javamop_asterisk-java,org.asteriskjava.fastagi.command.MeetmeCommandTest,2,0,0,0,0.023,SUCCESS
javamop_asterisk-java,org.asteriskjava.fastagi.command.SetVariableCommandTest,1,0,0,0,0.018,SUCCESS
javamop_asterisk-java,org.asteriskjava.fastagi.command.GetFullVariableCommandTest,2,0,0,0,0.018,SUCCESS
javamop_asterisk-java,org.asteriskjava.fastagi.command.ExecCommandTest,5,0,0,0,0.019,SUCCESS
javamop_asterisk-java,org.asteriskjava.fastagi.ClassNameMappingStrategyTest,2,0,0,0,0.092,SUCCESS
javamop_asterisk-java,null,3,0,3,0,0.061,FAILURE
javamop_asterisk-java,org.asteriskjava.fastagi.ResourceBundleMappingStrategyTest,N/A,N/A,1,N/A,0.055,ERROR
javamop_asterisk-java,org.asteriskjava.fastagi.ResourceBundleMappingStrategyTest,N/A,N/A,1,N/A,0.002,ERROR
javamop_asterisk-java,org.asteriskjava.fastagi.ResourceBundleMappingStrategyTest,N/A,N/A,1,N/A,0.001,ERROR
javamop_asterisk-java,org.asteriskjava.fastagi.DefaultAgiServerTest,4,0,0,0,0.255,SUCCESS
javamop_asterisk-java,null,2,0,2,0,0.007,FAILURE
javamop_asterisk-java,org.asteriskjava.fastagi.CompositeMappingStrategyTest,N/A,N/A,1,N/A,0.003,ERROR
javamop_asterisk-java,org.asteriskjava.fastagi.CompositeMappingStrategyTest,N/A,N/A,1,N/A,0.001,ERROR
javamop_asterisk-java,org.asteriskjava.fastagi.internal.AgiReplyImplTest,12,0,0,0,0.111,SUCCESS
javamop_asterisk-java,null,1,0,1,0,0.006,FAILURE
javamop_asterisk-java,org.asteriskjava.fastagi.internal.AgiWriterImplTest,N/A,N/A,1,N/A,0.002,ERROR
javamop_asterisk-java,null,5,0,5,0,0.021,FAILURE
javamop_asterisk-java,org.asteriskjava.fastagi.internal.AgiReaderImplTest,N/A,N/A,1,N/A,0.001,ERROR
javamop_asterisk-java,org.asteriskjava.fastagi.internal.AgiReaderImplTest,N/A,N/A,1,N/A,0.002,ERROR
javamop_asterisk-java,org.asteriskjava.fastagi.internal.AgiReaderImplTest,N/A,N/A,1,N/A,0.001,ERROR
javamop_asterisk-java,org.asteriskjava.fastagi.internal.AgiReaderImplTest,N/A,N/A,1,N/A,0.001,ERROR
javamop_asterisk-java,org.asteriskjava.fastagi.internal.AgiReaderImplTest,N/A,N/A,1,N/A,0.001,ERROR
javamop_asterisk-java,null,3,0,3,0,0.014,FAILURE
javamop_asterisk-java,org.asteriskjava.fastagi.internal.AgiChannelImplTest,N/A,N/A,1,N/A,0.002,ERROR
javamop_asterisk-java,org.asteriskjava.fastagi.internal.AgiChannelImplTest,N/A,N/A,1,N/A,0.001,ERROR
javamop_asterisk-java,org.asteriskjava.fastagi.internal.AgiChannelImplTest,N/A,N/A,1,N/A,0.001,ERROR
javamop_asterisk-java,org.asteriskjava.fastagi.internal.AgiRequestImplTest,24,0,0,0,0.31,SUCCESS
javamop_asterisk-java,org.asteriskjava.fastagi.ScriptEngineMappingStrategyTest,3,0,0,0,0.004,SUCCESS
javamop_asterisk-java,org.asteriskjava.util.DateUtilTest,2,0,0,0,0.004,SUCCESS
javamop_asterisk-java,org.asteriskjava.util.internal.streamreader.FastScannerDeterministicTest,3,0,0,0,0.327,SUCCESS
javamop_asterisk-java,org.asteriskjava.util.internal.streamreader.FastScannerRandomTest,2,0,0,0,20.03,SUCCESS
javamop_asterisk-java,org.asteriskjava.util.internal.streamreader.FastScannerSpeedTest,3,0,0,0,10.11,SUCCESS
javamop_asterisk-java,org.asteriskjava.util.AstUtilTest,7,0,0,0,0.009,SUCCESS
javamop_asterisk-java,org.asteriskjava.AsteriskVersionTest,6,0,0,0,0.005,SUCCESS
Sum: 99.79800000000003
--------------------Execution: 2 -----------------------------------
javamop_asterisk-java,null,1,0,1,0,13.35,FAILURE
javamop_asterisk-java,org.asteriskjava.config.ConfigFileParserTest,4,0,0,0,0.167,SUCCESS
javamop_asterisk-java,org.asteriskjava.manager.event.ConfbridgeJoinEventTest,1,0,0,0,6.84,SUCCESS
javamop_asterisk-java,org.asteriskjava.manager.event.AgiExecStartEventTest,1,0,0,0,0.024,SUCCESS
javamop_asterisk-java,org.asteriskjava.manager.event.ChanSpyStopEventTest,1,0,0,0,0.091,SUCCESS
javamop_asterisk-java,org.asteriskjava.manager.event.AsyncAgiEventTest,2,0,0,0,0.049,SUCCESS
javamop_asterisk-java,org.asteriskjava.manager.event.BridgeCreateEventTest,1,0,0,0,0.014,SUCCESS
javamop_asterisk-java,org.asteriskjava.manager.event.T38FaxStatusEventTest,2,0,0,0,0.033,SUCCESS
javamop_asterisk-java,org.asteriskjava.manager.event.CdrEventTest,3,0,0,0,0.02,SUCCESS
javamop_asterisk-java,org.asteriskjava.manager.event.ChannelTalkingStartEventTest,1,0,0,0,0.02,SUCCESS
javamop_asterisk-java,org.asteriskjava.manager.event.MusicOnHoldEventTest,1,0,0,0,0.012,SUCCESS
javamop_asterisk-java,org.asteriskjava.manager.event.NewStateEventTest,2,0,0,0,0.07,SUCCESS
javamop_asterisk-java,org.asteriskjava.manager.event.BridgeEnterEventTest,1,0,0,0,0.003,SUCCESS
javamop_asterisk-java,org.asteriskjava.manager.event.ChannelReloadEventTest,3,0,0,0,0.007,SUCCESS
javamop_asterisk-java,org.asteriskjava.manager.event.AttendedTransferEventTest,1,0,0,0,0.022,SUCCESS
javamop_asterisk-java,org.asteriskjava.manager.event.HangupEventTest,2,0,0,0,0.131,SUCCESS
javamop_asterisk-java,org.asteriskjava.manager.event.ChannelTalkingStopEventTest,1,0,0,0,0.028,SUCCESS
javamop_asterisk-java,org.asteriskjava.manager.event.SkypeBuddyStatusEventTest,2,0,0,0,0.003,SUCCESS
javamop_asterisk-java,org.asteriskjava.manager.event.AgentConnectEventTest,1,0,0,0,0.02,SUCCESS
javamop_asterisk-java,org.asteriskjava.manager.event.ConfbridgeLeaveEventTest,1,0,0,0,0.01,SUCCESS
javamop_asterisk-java,org.asteriskjava.manager.event.RtcpReceivedEventTest,5,0,0,0,0.011,SUCCESS
javamop_asterisk-java,org.asteriskjava.manager.event.HangupRequestEventTest,1,0,0,0,0.012,SUCCESS
javamop_asterisk-java,org.asteriskjava.manager.event.SkypeChatMessageEventTest,1,0,0,0,0.051,SUCCESS
javamop_asterisk-java,org.asteriskjava.manager.AbstractManagerEventListenerTest,2,0,0,0,0.006,SUCCESS
javamop_asterisk-java,null,9,0,9,0,6.743,FAILURE
javamop_asterisk-java,org.asteriskjava.manager.internal.ManagerReaderImplTest,N/A,N/A,1,N/A,6.722,ERROR
javamop_asterisk-java,org.asteriskjava.manager.internal.ManagerReaderImplTest,N/A,N/A,1,N/A,0.001,ERROR
javamop_asterisk-java,org.asteriskjava.manager.internal.ManagerReaderImplTest,N/A,N/A,1,N/A,0.001,ERROR
javamop_asterisk-java,org.asteriskjava.manager.internal.ManagerReaderImplTest,N/A,N/A,1,N/A,0.002,ERROR
javamop_asterisk-java,org.asteriskjava.manager.internal.ManagerReaderImplTest,N/A,N/A,1,N/A,0.001,ERROR
javamop_asterisk-java,org.asteriskjava.manager.internal.ManagerReaderImplTest,N/A,N/A,1,N/A,0.001,ERROR
javamop_asterisk-java,org.asteriskjava.manager.internal.ManagerReaderImplTest,N/A,N/A,1,N/A,0.001,ERROR
javamop_asterisk-java,org.asteriskjava.manager.internal.ManagerReaderImplTest,N/A,N/A,1,N/A,0.002,ERROR
javamop_asterisk-java,org.asteriskjava.manager.internal.ManagerReaderImplTest,N/A,N/A,1,N/A,0.001,ERROR
javamop_asterisk-java,null,2,0,1,0,14.63,FAILURE
javamop_asterisk-java,org.asteriskjava.manager.internal.ManagerWriterImplTest,N/A,N/A,1,N/A,14.46,ERROR
javamop_asterisk-java,org.asteriskjava.manager.internal.ResponseBuilderImplTest,9,0,0,0,0.128,SUCCESS
javamop_asterisk-java,org.asteriskjava.manager.internal.ActionBuilderImplTest,16,0,0,0,0.327,SUCCESS
javamop_asterisk-java,org.asteriskjava.manager.internal.backwardsCompatibility.bridge.BridgeEnterEventComparatorTest,17,0,0,0,0.019,SUCCESS
javamop_asterisk-java,null,36,0,36,0,0.074,FAILURE
javamop_asterisk-java,org.asteriskjava.manager.internal.EventBuilderImplTest,N/A,N/A,1,N/A,0.002,ERROR
javamop_asterisk-java,org.asteriskjava.manager.internal.EventBuilderImplTest,N/A,N/A,1,N/A,0.001,ERROR
javamop_asterisk-java,org.asteriskjava.manager.internal.EventBuilderImplTest,N/A,N/A,1,N/A,0.002,ERROR
javamop_asterisk-java,org.asteriskjava.manager.internal.EventBuilderImplTest,N/A,N/A,1,N/A,0.001,ERROR
javamop_asterisk-java,org.asteriskjava.manager.internal.EventBuilderImplTest,N/A,N/A,1,N/A,0.002,ERROR
javamop_asterisk-java,org.asteriskjava.manager.internal.EventBuilderImplTest,N/A,N/A,1,N/A,0.001,ERROR
javamop_asterisk-java,org.asteriskjava.manager.internal.EventBuilderImplTest,N/A,N/A,1,N/A,0.002,ERROR
javamop_asterisk-java,org.asteriskjava.manager.internal.EventBuilderImplTest,N/A,N/A,1,N/A,0.0,ERROR
javamop_asterisk-java,org.asteriskjava.manager.internal.EventBuilderImplTest,N/A,N/A,1,N/A,0.001,ERROR
javamop_asterisk-java,org.asteriskjava.manager.internal.EventBuilderImplTest,N/A,N/A,1,N/A,0.001,ERROR
javamop_asterisk-java,org.asteriskjava.manager.internal.EventBuilderImplTest,N/A,N/A,1,N/A,0.001,ERROR
javamop_asterisk-java,org.asteriskjava.manager.internal.EventBuilderImplTest,N/A,N/A,1,N/A,0.001,ERROR
javamop_asterisk-java,org.asteriskjava.manager.internal.EventBuilderImplTest,N/A,N/A,1,N/A,0.001,ERROR
javamop_asterisk-java,org.asteriskjava.manager.internal.EventBuilderImplTest,N/A,N/A,1,N/A,0.001,ERROR
javamop_asterisk-java,org.asteriskjava.manager.internal.EventBuilderImplTest,N/A,N/A,1,N/A,0.001,ERROR
javamop_asterisk-java,org.asteriskjava.manager.internal.EventBuilderImplTest,N/A,N/A,1,N/A,0.001,ERROR
javamop_asterisk-java,org.asteriskjava.manager.internal.EventBuilderImplTest,N/A,N/A,1,N/A,0.001,ERROR
javamop_asterisk-java,org.asteriskjava.manager.internal.EventBuilderImplTest,N/A,N/A,1,N/A,0.001,ERROR
javamop_asterisk-java,org.asteriskjava.manager.internal.EventBuilderImplTest,N/A,N/A,1,N/A,0.001,ERROR
javamop_asterisk-java,org.asteriskjava.manager.internal.EventBuilderImplTest,N/A,N/A,1,N/A,0.001,ERROR
javamop_asterisk-java,org.asteriskjava.manager.internal.EventBuilderImplTest,N/A,N/A,1,N/A,0.001,ERROR
javamop_asterisk-java,org.asteriskjava.manager.internal.EventBuilderImplTest,N/A,N/A,1,N/A,0.002,ERROR
javamop_asterisk-java,org.asteriskjava.manager.internal.EventBuilderImplTest,N/A,N/A,1,N/A,0.001,ERROR
javamop_asterisk-java,org.asteriskjava.manager.internal.EventBuilderImplTest,N/A,N/A,1,N/A,0.001,ERROR
javamop_asterisk-java,org.asteriskjava.manager.internal.EventBuilderImplTest,N/A,N/A,1,N/A,0.001,ERROR
javamop_asterisk-java,org.asteriskjava.manager.internal.EventBuilderImplTest,N/A,N/A,1,N/A,0.001,ERROR
javamop_asterisk-java,org.asteriskjava.manager.internal.EventBuilderImplTest,N/A,N/A,1,N/A,0.002,ERROR
javamop_asterisk-java,org.asteriskjava.manager.internal.EventBuilderImplTest,N/A,N/A,1,N/A,0.001,ERROR
javamop_asterisk-java,org.asteriskjava.manager.internal.EventBuilderImplTest,N/A,N/A,1,N/A,0.001,ERROR
javamop_asterisk-java,org.asteriskjava.manager.internal.EventBuilderImplTest,N/A,N/A,1,N/A,0.0,ERROR
javamop_asterisk-java,org.asteriskjava.manager.internal.EventBuilderImplTest,N/A,N/A,1,N/A,0.001,ERROR
javamop_asterisk-java,org.asteriskjava.manager.internal.EventBuilderImplTest,N/A,N/A,1,N/A,0.001,ERROR
javamop_asterisk-java,org.asteriskjava.manager.internal.EventBuilderImplTest,N/A,N/A,1,N/A,0.001,ERROR
javamop_asterisk-java,org.asteriskjava.manager.internal.EventBuilderImplTest,N/A,N/A,1,N/A,0.001,ERROR
javamop_asterisk-java,org.asteriskjava.manager.internal.EventBuilderImplTest,N/A,N/A,1,N/A,0.001,ERROR
javamop_asterisk-java,org.asteriskjava.manager.internal.EventBuilderImplTest,N/A,N/A,1,N/A,0.001,ERROR
javamop_asterisk-java,null,22,0,22,0,0.165,FAILURE
javamop_asterisk-java,org.asteriskjava.manager.internal.ManagerConnectionImplTest,N/A,N/A,1,N/A,0.003,ERROR
javamop_asterisk-java,org.asteriskjava.manager.internal.ManagerConnectionImplTest,N/A,N/A,1,N/A,0.003,ERROR
javamop_asterisk-java,org.asteriskjava.manager.internal.ManagerConnectionImplTest,N/A,N/A,1,N/A,0.002,ERROR
javamop_asterisk-java,org.asteriskjava.manager.internal.ManagerConnectionImplTest,N/A,N/A,1,N/A,0.002,ERROR
javamop_asterisk-java,org.asteriskjava.manager.internal.ManagerConnectionImplTest,N/A,N/A,1,N/A,0.002,ERROR
javamop_asterisk-java,org.asteriskjava.manager.internal.ManagerConnectionImplTest,N/A,N/A,1,N/A,0.002,ERROR
javamop_asterisk-java,org.asteriskjava.manager.internal.ManagerConnectionImplTest,N/A,N/A,1,N/A,0.003,ERROR
javamop_asterisk-java,org.asteriskjava.manager.internal.ManagerConnectionImplTest,N/A,N/A,1,N/A,0.003,ERROR
javamop_asterisk-java,org.asteriskjava.manager.internal.ManagerConnectionImplTest,N/A,N/A,1,N/A,0.002,ERROR
javamop_asterisk-java,org.asteriskjava.manager.internal.ManagerConnectionImplTest,N/A,N/A,1,N/A,0.002,ERROR
javamop_asterisk-java,org.asteriskjava.manager.internal.ManagerConnectionImplTest,N/A,N/A,1,N/A,0.002,ERROR
javamop_asterisk-java,org.asteriskjava.manager.internal.ManagerConnectionImplTest,N/A,N/A,1,N/A,0.003,ERROR
javamop_asterisk-java,org.asteriskjava.manager.internal.ManagerConnectionImplTest,N/A,N/A,1,N/A,0.003,ERROR
javamop_asterisk-java,org.asteriskjava.manager.internal.ManagerConnectionImplTest,N/A,N/A,1,N/A,0.002,ERROR
javamop_asterisk-java,org.asteriskjava.manager.internal.ManagerConnectionImplTest,N/A,N/A,1,N/A,0.002,ERROR
javamop_asterisk-java,org.asteriskjava.manager.internal.ManagerConnectionImplTest,N/A,N/A,1,N/A,0.002,ERROR
javamop_asterisk-java,org.asteriskjava.manager.internal.ManagerConnectionImplTest,N/A,N/A,1,N/A,0.002,ERROR
javamop_asterisk-java,org.asteriskjava.manager.internal.ManagerConnectionImplTest,N/A,N/A,1,N/A,0.002,ERROR
javamop_asterisk-java,org.asteriskjava.manager.internal.ManagerConnectionImplTest,N/A,N/A,1,N/A,0.002,ERROR
javamop_asterisk-java,org.asteriskjava.manager.internal.ManagerConnectionImplTest,N/A,N/A,1,N/A,0.002,ERROR
javamop_asterisk-java,org.asteriskjava.manager.internal.ManagerConnectionImplTest,N/A,N/A,1,N/A,0.001,ERROR
javamop_asterisk-java,org.asteriskjava.manager.internal.ManagerConnectionImplTest,N/A,N/A,1,N/A,0.002,ERROR
javamop_asterisk-java,org.asteriskjava.manager.response.CoreStatusResponseTest,2,0,0,0,0.007,SUCCESS
javamop_asterisk-java,org.asteriskjava.manager.response.SipShowPeerResponseTest,5,0,0,0,0.011,SUCCESS
javamop_asterisk-java,org.asteriskjava.live.HangupCauseTest,1,0,0,0,0.04,SUCCESS
javamop_asterisk-java,org.asteriskjava.live.QueueMemberStateTest,2,0,0,0,0.022,SUCCESS
javamop_asterisk-java,org.asteriskjava.live.internal.AsteriskQueueMemberImplTest,1,0,0,0,1.997,SUCCESS
javamop_asterisk-java,org.asteriskjava.live.internal.AsteriskChannelImplTest,1,0,0,0,0.12,SUCCESS
javamop_asterisk-java,org.asteriskjava.live.internal.AsteriskAgentImplTest,1,0,0,0,0.118,SUCCESS
javamop_asterisk-java,org.asteriskjava.live.CallerIdTest,7,0,0,0,0.057,SUCCESS
javamop_asterisk-java,null,2,0,2,0,0.008,FAILURE
javamop_asterisk-java,org.asteriskjava.lock.LockerTest,N/A,N/A,1,N/A,0.002,ERROR
javamop_asterisk-java,org.asteriskjava.lock.LockerTest,N/A,N/A,1,N/A,0.003,ERROR
javamop_asterisk-java,org.asteriskjava.fastagi.command.ReceiveTextCommandTest,2,0,0,0,0.039,SUCCESS
javamop_asterisk-java,org.asteriskjava.fastagi.command.NoopCommandTest,1,0,0,0,0.015,SUCCESS
javamop_asterisk-java,null,2,0,1,0,0.031,FAILURE
javamop_asterisk-java,org.asteriskjava.fastagi.command.SpeechCreateCommandTest,1,0,0,0,0.021,SUCCESS
javamop_asterisk-java,org.asteriskjava.fastagi.command.SetContextCommandTest,1,0,0,0,0.02,SUCCESS
javamop_asterisk-java,org.asteriskjava.fastagi.command.QueueCommandTest,1,0,0,0,0.02,SUCCESS
javamop_asterisk-java,org.asteriskjava.fastagi.command.SayPhoneticCommandTest,2,0,0,0,0.022,SUCCESS
javamop_asterisk-java,org.asteriskjava.fastagi.command.VerboseCommandTest,1,0,0,0,0.021,SUCCESS
javamop_asterisk-java,org.asteriskjava.fastagi.command.SayAlphaCommandTest,2,0,0,0,0.021,SUCCESS
javamop_asterisk-java,org.asteriskjava.fastagi.command.SendTextCommandTest,1,0,0,0,0.015,SUCCESS
javamop_asterisk-java,org.asteriskjava.fastagi.command.StreamFileCommandTest,3,0,0,0,0.026,SUCCESS
javamop_asterisk-java,org.asteriskjava.fastagi.command.ControlStreamFileCommandTest,5,0,0,0,0.029,SUCCESS
javamop_asterisk-java,org.asteriskjava.fastagi.command.ChannelStatusCommandTest,2,0,0,0,0.018,SUCCESS
javamop_asterisk-java,org.asteriskjava.fastagi.command.DatabaseDelTreeCommandTest,2,0,0,0,0.021,SUCCESS
javamop_asterisk-java,org.asteriskjava.fastagi.command.DatabaseGetCommandTest,1,0,0,0,0.021,SUCCESS
javamop_asterisk-java,org.asteriskjava.fastagi.command.SpeechUnloadGrammarCommandTest,1,0,0,0,0.018,SUCCESS
javamop_asterisk-java,org.asteriskjava.fastagi.command.HangupCommandTest,2,0,0,0,0.022,SUCCESS
javamop_asterisk-java,org.asteriskjava.fastagi.command.SetMusicOffCommandTest,1,0,0,0,0.011,SUCCESS
javamop_asterisk-java,org.asteriskjava.fastagi.command.SetPriorityCommandTest,1,0,0,0,0.018,SUCCESS
javamop_asterisk-java,org.asteriskjava.fastagi.command.SetMusicOnCommandTest,2,0,0,0,0.023,SUCCESS
javamop_asterisk-java,org.asteriskjava.fastagi.command.GetDataCommandTest,6,0,0,0,0.317,SUCCESS
javamop_asterisk-java,org.asteriskjava.fastagi.command.ReceiveCharCommandTest,2,0,0,0,0.018,SUCCESS
javamop_asterisk-java,org.asteriskjava.fastagi.command.SayNumberCommandTest,2,0,0,0,0.017,SUCCESS
javamop_asterisk-java,org.asteriskjava.fastagi.command.SetCallerIdCommandTest,1,0,0,0,0.015,SUCCESS
javamop_asterisk-java,org.asteriskjava.fastagi.command.WaitForDigitCommandTest,2,0,0,0,0.017,SUCCESS
javamop_asterisk-java,org.asteriskjava.fastagi.command.SayDateTimeCommandTest,4,0,0,0,0.031,SUCCESS
javamop_asterisk-java,org.asteriskjava.fastagi.command.SayTimeCommandTest,2,0,0,0,0.018,SUCCESS
javamop_asterisk-java,null,11,0,1,0,0.084,FAILURE
javamop_asterisk-java,org.asteriskjava.fastagi.command.DatabaseDelCommandTest,2,0,0,0,0.023,SUCCESS
javamop_asterisk-java,org.asteriskjava.fastagi.command.GosubCommandTest,2,0,0,0,0.031,SUCCESS
javamop_asterisk-java,org.asteriskjava.fastagi.command.GetOptionCommandTest,2,0,0,0,0.023,SUCCESS
javamop_asterisk-java,org.asteriskjava.fastagi.command.SayDigitsCommandTest,2,0,0,0,0.022,SUCCESS
javamop_asterisk-java,org.asteriskjava.fastagi.command.SpeechDestroyCommandTest,1,0,0,0,0.011,SUCCESS
javamop_asterisk-java,null,2,0,2,0,0.032,FAILURE
javamop_asterisk-java,org.asteriskjava.fastagi.command.AnswerCommandTest,1,0,0,0,0.014,SUCCESS
javamop_asterisk-java,org.asteriskjava.fastagi.command.RecordFileCommandTest,2,0,0,0,0.024,SUCCESS
javamop_asterisk-java,org.asteriskjava.fastagi.command.SpeechRecognizeCommandTest,2,0,0,0,0.022,SUCCESS
javamop_asterisk-java,org.asteriskjava.fastagi.command.BridgeCommandTest,2,0,0,0,0.026,SUCCESS
javamop_asterisk-java,org.asteriskjava.fastagi.command.SetAutoHangupCommandTest,1,0,0,0,0.014,SUCCESS
javamop_asterisk-java,org.asteriskjava.fastagi.command.TddModeCommandTest,1,0,0,0,0.014,SUCCESS
javamop_asterisk-java,org.asteriskjava.fastagi.command.SpeechActivateGrammarCommandTest,1,0,0,0,0.018,SUCCESS
javamop_asterisk-java,org.asteriskjava.fastagi.command.AsyncAgiBreakCommandTest,1,0,0,0,0.01,SUCCESS
javamop_asterisk-java,org.asteriskjava.fastagi.command.SpeechSetCommandTest,1,0,0,0,0.017,SUCCESS
javamop_asterisk-java,org.asteriskjava.fastagi.command.SetExtensionCommandTest,1,0,0,0,0.015,SUCCESS
javamop_asterisk-java,org.asteriskjava.fastagi.command.SpeechDeactivateGrammarCommandTest,1,0,0,0,0.016,SUCCESS
javamop_asterisk-java,org.asteriskjava.fastagi.command.SpeechLoadGrammarCommandTest,1,0,0,0,0.016,SUCCESS
javamop_asterisk-java,org.asteriskjava.fastagi.command.DatabasePutCommandTest,1,0,0,0,0.018,SUCCESS
javamop_asterisk-java,org.asteriskjava.fastagi.command.SendImageCommandTest,1,0,0,0,0.019,SUCCESS
javamop_asterisk-java,org.asteriskjava.fastagi.command.MeetmeCommandTest,2,0,0,0,0.027,SUCCESS
javamop_asterisk-java,org.asteriskjava.fastagi.command.SetVariableCommandTest,1,0,0,0,0.016,SUCCESS
javamop_asterisk-java,org.asteriskjava.fastagi.command.GetFullVariableCommandTest,2,0,0,0,0.019,SUCCESS
javamop_asterisk-java,org.asteriskjava.fastagi.command.ExecCommandTest,5,0,0,0,0.021,SUCCESS
javamop_asterisk-java,org.asteriskjava.fastagi.ClassNameMappingStrategyTest,2,0,0,0,0.092,SUCCESS
javamop_asterisk-java,null,3,0,3,0,0.067,FAILURE
javamop_asterisk-java,org.asteriskjava.fastagi.ResourceBundleMappingStrategyTest,N/A,N/A,1,N/A,0.062,ERROR
javamop_asterisk-java,org.asteriskjava.fastagi.ResourceBundleMappingStrategyTest,N/A,N/A,1,N/A,0.002,ERROR
javamop_asterisk-java,org.asteriskjava.fastagi.ResourceBundleMappingStrategyTest,N/A,N/A,1,N/A,0.001,ERROR
javamop_asterisk-java,org.asteriskjava.fastagi.DefaultAgiServerTest,4,0,0,0,0.265,SUCCESS
javamop_asterisk-java,null,2,0,2,0,0.007,FAILURE
javamop_asterisk-java,org.asteriskjava.fastagi.CompositeMappingStrategyTest,N/A,N/A,1,N/A,0.003,ERROR
javamop_asterisk-java,org.asteriskjava.fastagi.CompositeMappingStrategyTest,N/A,N/A,1,N/A,0.002,ERROR
javamop_asterisk-java,org.asteriskjava.fastagi.internal.AgiReplyImplTest,12,0,0,0,0.127,SUCCESS
javamop_asterisk-java,null,1,0,1,0,0.006,FAILURE
javamop_asterisk-java,org.asteriskjava.fastagi.internal.AgiWriterImplTest,N/A,N/A,1,N/A,0.003,ERROR
javamop_asterisk-java,null,5,0,5,0,0.022,FAILURE
javamop_asterisk-java,org.asteriskjava.fastagi.internal.AgiReaderImplTest,N/A,N/A,1,N/A,0.001,ERROR
javamop_asterisk-java,org.asteriskjava.fastagi.internal.AgiReaderImplTest,N/A,N/A,1,N/A,0.002,ERROR
javamop_asterisk-java,org.asteriskjava.fastagi.internal.AgiReaderImplTest,N/A,N/A,1,N/A,0.001,ERROR
javamop_asterisk-java,org.asteriskjava.fastagi.internal.AgiReaderImplTest,N/A,N/A,1,N/A,0.001,ERROR
javamop_asterisk-java,org.asteriskjava.fastagi.internal.AgiReaderImplTest,N/A,N/A,1,N/A,0.001,ERROR
javamop_asterisk-java,null,3,0,3,0,0.016,FAILURE
javamop_asterisk-java,org.asteriskjava.fastagi.internal.AgiChannelImplTest,N/A,N/A,1,N/A,0.002,ERROR
javamop_asterisk-java,org.asteriskjava.fastagi.internal.AgiChannelImplTest,N/A,N/A,1,N/A,0.002,ERROR
javamop_asterisk-java,org.asteriskjava.fastagi.internal.AgiChannelImplTest,N/A,N/A,1,N/A,0.002,ERROR
javamop_asterisk-java,org.asteriskjava.fastagi.internal.AgiRequestImplTest,24,0,0,0,0.317,SUCCESS
javamop_asterisk-java,org.asteriskjava.fastagi.ScriptEngineMappingStrategyTest,3,0,0,0,0.005,SUCCESS
javamop_asterisk-java,org.asteriskjava.util.DateUtilTest,2,0,0,0,0.005,SUCCESS
javamop_asterisk-java,org.asteriskjava.util.internal.streamreader.FastScannerDeterministicTest,3,0,0,0,0.268,SUCCESS
javamop_asterisk-java,org.asteriskjava.util.internal.streamreader.FastScannerRandomTest,2,0,0,0,20.04,SUCCESS
javamop_asterisk-java,org.asteriskjava.util.internal.streamreader.FastScannerSpeedTest,3,0,0,0,10.78,SUCCESS
javamop_asterisk-java,org.asteriskjava.util.AstUtilTest,7,0,0,0,0.005,SUCCESS
javamop_asterisk-java,org.asteriskjava.AsteriskVersionTest,6,0,0,0,0.009,SUCCESS
Sum: 100.27900000000004
--------------------Execution: 3 -----------------------------------
javamop_asterisk-java,null,1,0,1,0,13.4,FAILURE
javamop_asterisk-java,org.asteriskjava.config.ConfigFileParserTest,4,0,0,0,0.194,SUCCESS
javamop_asterisk-java,org.asteriskjava.manager.event.ConfbridgeJoinEventTest,1,0,0,0,7.752,SUCCESS
javamop_asterisk-java,org.asteriskjava.manager.event.AgiExecStartEventTest,1,0,0,0,0.031,SUCCESS
javamop_asterisk-java,org.asteriskjava.manager.event.ChanSpyStopEventTest,1,0,0,0,0.12,SUCCESS
javamop_asterisk-java,org.asteriskjava.manager.event.AsyncAgiEventTest,2,0,0,0,0.072,SUCCESS
javamop_asterisk-java,org.asteriskjava.manager.event.BridgeCreateEventTest,1,0,0,0,0.018,SUCCESS
javamop_asterisk-java,org.asteriskjava.manager.event.T38FaxStatusEventTest,2,0,0,0,0.04,SUCCESS
javamop_asterisk-java,org.asteriskjava.manager.event.CdrEventTest,3,0,0,0,0.027,SUCCESS
javamop_asterisk-java,org.asteriskjava.manager.event.ChannelTalkingStartEventTest,1,0,0,0,0.024,SUCCESS
javamop_asterisk-java,org.asteriskjava.manager.event.MusicOnHoldEventTest,1,0,0,0,0.015,SUCCESS
javamop_asterisk-java,org.asteriskjava.manager.event.NewStateEventTest,2,0,0,0,0.094,SUCCESS
javamop_asterisk-java,org.asteriskjava.manager.event.BridgeEnterEventTest,1,0,0,0,0.004,SUCCESS
javamop_asterisk-java,org.asteriskjava.manager.event.ChannelReloadEventTest,3,0,0,0,0.009,SUCCESS
javamop_asterisk-java,org.asteriskjava.manager.event.AttendedTransferEventTest,1,0,0,0,0.043,SUCCESS
javamop_asterisk-java,org.asteriskjava.manager.event.HangupEventTest,2,0,0,0,0.18,SUCCESS
javamop_asterisk-java,org.asteriskjava.manager.event.ChannelTalkingStopEventTest,1,0,0,0,0.032,SUCCESS
javamop_asterisk-java,org.asteriskjava.manager.event.SkypeBuddyStatusEventTest,2,0,0,0,0.008,SUCCESS
javamop_asterisk-java,org.asteriskjava.manager.event.AgentConnectEventTest,1,0,0,0,0.037,SUCCESS
javamop_asterisk-java,org.asteriskjava.manager.event.ConfbridgeLeaveEventTest,1,0,0,0,0.019,SUCCESS
javamop_asterisk-java,org.asteriskjava.manager.event.RtcpReceivedEventTest,5,0,0,0,0.021,SUCCESS
javamop_asterisk-java,org.asteriskjava.manager.event.HangupRequestEventTest,1,0,0,0,0.019,SUCCESS
javamop_asterisk-java,org.asteriskjava.manager.event.SkypeChatMessageEventTest,1,0,0,0,0.047,SUCCESS
javamop_asterisk-java,org.asteriskjava.manager.AbstractManagerEventListenerTest,2,0,0,0,0.006,SUCCESS
javamop_asterisk-java,null,9,0,9,0,7.485,FAILURE
javamop_asterisk-java,org.asteriskjava.manager.internal.ManagerReaderImplTest,N/A,N/A,1,N/A,7.458,ERROR
javamop_asterisk-java,org.asteriskjava.manager.internal.ManagerReaderImplTest,N/A,N/A,1,N/A,0.002,ERROR
javamop_asterisk-java,org.asteriskjava.manager.internal.ManagerReaderImplTest,N/A,N/A,1,N/A,0.002,ERROR
javamop_asterisk-java,org.asteriskjava.manager.internal.ManagerReaderImplTest,N/A,N/A,1,N/A,0.002,ERROR
javamop_asterisk-java,org.asteriskjava.manager.internal.ManagerReaderImplTest,N/A,N/A,1,N/A,0.001,ERROR
javamop_asterisk-java,org.asteriskjava.manager.internal.ManagerReaderImplTest,N/A,N/A,1,N/A,0.002,ERROR
javamop_asterisk-java,org.asteriskjava.manager.internal.ManagerReaderImplTest,N/A,N/A,1,N/A,0.002,ERROR
javamop_asterisk-java,org.asteriskjava.manager.internal.ManagerReaderImplTest,N/A,N/A,1,N/A,0.002,ERROR
javamop_asterisk-java,org.asteriskjava.manager.internal.ManagerReaderImplTest,N/A,N/A,1,N/A,0.001,ERROR
javamop_asterisk-java,null,2,0,1,0,14.63,FAILURE
javamop_asterisk-java,org.asteriskjava.manager.internal.ManagerWriterImplTest,N/A,N/A,1,N/A,14.47,ERROR
javamop_asterisk-java,org.asteriskjava.manager.internal.ResponseBuilderImplTest,9,0,0,0,0.109,SUCCESS
javamop_asterisk-java,org.asteriskjava.manager.internal.ActionBuilderImplTest,16,0,0,0,0.294,SUCCESS
javamop_asterisk-java,org.asteriskjava.manager.internal.backwardsCompatibility.bridge.BridgeEnterEventComparatorTest,17,0,0,0,0.031,SUCCESS
javamop_asterisk-java,null,36,0,36,0,0.094,FAILURE
javamop_asterisk-java,org.asteriskjava.manager.internal.EventBuilderImplTest,N/A,N/A,1,N/A,0.003,ERROR
javamop_asterisk-java,org.asteriskjava.manager.internal.EventBuilderImplTest,N/A,N/A,1,N/A,0.001,ERROR
javamop_asterisk-java,org.asteriskjava.manager.internal.EventBuilderImplTest,N/A,N/A,1,N/A,0.002,ERROR
javamop_asterisk-java,org.asteriskjava.manager.internal.EventBuilderImplTest,N/A,N/A,1,N/A,0.001,ERROR
javamop_asterisk-java,org.asteriskjava.manager.internal.EventBuilderImplTest,N/A,N/A,1,N/A,0.002,ERROR
javamop_asterisk-java,org.asteriskjava.manager.internal.EventBuilderImplTest,N/A,N/A,1,N/A,0.001,ERROR
javamop_asterisk-java,org.asteriskjava.manager.internal.EventBuilderImplTest,N/A,N/A,1,N/A,0.002,ERROR
javamop_asterisk-java,org.asteriskjava.manager.internal.EventBuilderImplTest,N/A,N/A,1,N/A,0.001,ERROR
javamop_asterisk-java,org.asteriskjava.manager.internal.EventBuilderImplTest,N/A,N/A,1,N/A,0.001,ERROR
javamop_asterisk-java,org.asteriskjava.manager.internal.EventBuilderImplTest,N/A,N/A,1,N/A,0.001,ERROR
javamop_asterisk-java,org.asteriskjava.manager.internal.EventBuilderImplTest,N/A,N/A,1,N/A,0.002,ERROR
javamop_asterisk-java,org.asteriskjava.manager.internal.EventBuilderImplTest,N/A,N/A,1,N/A,0.002,ERROR
javamop_asterisk-java,org.asteriskjava.manager.internal.EventBuilderImplTest,N/A,N/A,1,N/A,0.001,ERROR
javamop_asterisk-java,org.asteriskjava.manager.internal.EventBuilderImplTest,N/A,N/A,1,N/A,0.002,ERROR
javamop_asterisk-java,org.asteriskjava.manager.internal.EventBuilderImplTest,N/A,N/A,1,N/A,0.001,ERROR
javamop_asterisk-java,org.asteriskjava.manager.internal.EventBuilderImplTest,N/A,N/A,1,N/A,0.002,ERROR
javamop_asterisk-java,org.asteriskjava.manager.internal.EventBuilderImplTest,N/A,N/A,1,N/A,0.002,ERROR
javamop_asterisk-java,org.asteriskjava.manager.internal.EventBuilderImplTest,N/A,N/A,1,N/A,0.001,ERROR
javamop_asterisk-java,org.asteriskjava.manager.internal.EventBuilderImplTest,N/A,N/A,1,N/A,0.001,ERROR
javamop_asterisk-java,org.asteriskjava.manager.internal.EventBuilderImplTest,N/A,N/A,1,N/A,0.002,ERROR
javamop_asterisk-java,org.asteriskjava.manager.internal.EventBuilderImplTest,N/A,N/A,1,N/A,0.001,ERROR
javamop_asterisk-java,org.asteriskjava.manager.internal.EventBuilderImplTest,N/A,N/A,1,N/A,0.001,ERROR
javamop_asterisk-java,org.asteriskjava.manager.internal.EventBuilderImplTest,N/A,N/A,1,N/A,0.002,ERROR
javamop_asterisk-java,org.asteriskjava.manager.internal.EventBuilderImplTest,N/A,N/A,1,N/A,0.001,ERROR
javamop_asterisk-java,org.asteriskjava.manager.internal.EventBuilderImplTest,N/A,N/A,1,N/A,0.001,ERROR
javamop_asterisk-java,org.asteriskjava.manager.internal.EventBuilderImplTest,N/A,N/A,1,N/A,0.001,ERROR
javamop_asterisk-java,org.asteriskjava.manager.internal.EventBuilderImplTest,N/A,N/A,1,N/A,0.002,ERROR
javamop_asterisk-java,org.asteriskjava.manager.internal.EventBuilderImplTest,N/A,N/A,1,N/A,0.001,ERROR
javamop_asterisk-java,org.asteriskjava.manager.internal.EventBuilderImplTest,N/A,N/A,1,N/A,0.001,ERROR
javamop_asterisk-java,org.asteriskjava.manager.internal.EventBuilderImplTest,N/A,N/A,1,N/A,0.001,ERROR
javamop_asterisk-java,org.asteriskjava.manager.internal.EventBuilderImplTest,N/A,N/A,1,N/A,0.001,ERROR
javamop_asterisk-java,org.asteriskjava.manager.internal.EventBuilderImplTest,N/A,N/A,1,N/A,0.002,ERROR
javamop_asterisk-java,org.asteriskjava.manager.internal.EventBuilderImplTest,N/A,N/A,1,N/A,0.002,ERROR
javamop_asterisk-java,org.asteriskjava.manager.internal.EventBuilderImplTest,N/A,N/A,1,N/A,0.001,ERROR
javamop_asterisk-java,org.asteriskjava.manager.internal.EventBuilderImplTest,N/A,N/A,1,N/A,0.001,ERROR
javamop_asterisk-java,org.asteriskjava.manager.internal.EventBuilderImplTest,N/A,N/A,1,N/A,0.002,ERROR
javamop_asterisk-java,null,22,0,22,0,0.187,FAILURE
javamop_asterisk-java,org.asteriskjava.manager.internal.ManagerConnectionImplTest,N/A,N/A,1,N/A,0.004,ERROR
javamop_asterisk-java,org.asteriskjava.manager.internal.ManagerConnectionImplTest,N/A,N/A,1,N/A,0.002,ERROR
javamop_asterisk-java,org.asteriskjava.manager.internal.ManagerConnectionImplTest,N/A,N/A,1,N/A,0.003,ERROR
javamop_asterisk-java,org.asteriskjava.manager.internal.ManagerConnectionImplTest,N/A,N/A,1,N/A,0.004,ERROR
javamop_asterisk-java,org.asteriskjava.manager.internal.ManagerConnectionImplTest,N/A,N/A,1,N/A,0.004,ERROR
javamop_asterisk-java,org.asteriskjava.manager.internal.ManagerConnectionImplTest,N/A,N/A,1,N/A,0.003,ERROR
javamop_asterisk-java,org.asteriskjava.manager.internal.ManagerConnectionImplTest,N/A,N/A,1,N/A,0.004,ERROR
javamop_asterisk-java,org.asteriskjava.manager.internal.ManagerConnectionImplTest,N/A,N/A,1,N/A,0.003,ERROR
javamop_asterisk-java,org.asteriskjava.manager.internal.ManagerConnectionImplTest,N/A,N/A,1,N/A,0.003,ERROR
javamop_asterisk-java,org.asteriskjava.manager.internal.ManagerConnectionImplTest,N/A,N/A,1,N/A,0.005,ERROR
javamop_asterisk-java,org.asteriskjava.manager.internal.ManagerConnectionImplTest,N/A,N/A,1,N/A,0.004,ERROR
javamop_asterisk-java,org.asteriskjava.manager.internal.ManagerConnectionImplTest,N/A,N/A,1,N/A,0.004,ERROR
javamop_asterisk-java,org.asteriskjava.manager.internal.ManagerConnectionImplTest,N/A,N/A,1,N/A,0.002,ERROR
javamop_asterisk-java,org.asteriskjava.manager.internal.ManagerConnectionImplTest,N/A,N/A,1,N/A,0.003,ERROR
javamop_asterisk-java,org.asteriskjava.manager.internal.ManagerConnectionImplTest,N/A,N/A,1,N/A,0.003,ERROR
javamop_asterisk-java,org.asteriskjava.manager.internal.ManagerConnectionImplTest,N/A,N/A,1,N/A,0.003,ERROR
javamop_asterisk-java,org.asteriskjava.manager.internal.ManagerConnectionImplTest,N/A,N/A,1,N/A,0.003,ERROR
javamop_asterisk-java,org.asteriskjava.manager.internal.ManagerConnectionImplTest,N/A,N/A,1,N/A,0.002,ERROR
javamop_asterisk-java,org.asteriskjava.manager.internal.ManagerConnectionImplTest,N/A,N/A,1,N/A,0.002,ERROR
javamop_asterisk-java,org.asteriskjava.manager.internal.ManagerConnectionImplTest,N/A,N/A,1,N/A,0.003,ERROR
javamop_asterisk-java,org.asteriskjava.manager.internal.ManagerConnectionImplTest,N/A,N/A,1,N/A,0.003,ERROR
javamop_asterisk-java,org.asteriskjava.manager.internal.ManagerConnectionImplTest,N/A,N/A,1,N/A,0.003,ERROR
javamop_asterisk-java,org.asteriskjava.manager.response.CoreStatusResponseTest,2,0,0,0,0.009,SUCCESS
javamop_asterisk-java,org.asteriskjava.manager.response.SipShowPeerResponseTest,5,0,0,0,0.012,SUCCESS
javamop_asterisk-java,org.asteriskjava.live.HangupCauseTest,1,0,0,0,0.056,SUCCESS
javamop_asterisk-java,org.asteriskjava.live.QueueMemberStateTest,2,0,0,0,0.025,SUCCESS
javamop_asterisk-java,org.asteriskjava.live.internal.AsteriskQueueMemberImplTest,1,0,0,0,1.971,SUCCESS
javamop_asterisk-java,org.asteriskjava.live.internal.AsteriskChannelImplTest,1,0,0,0,0.083,SUCCESS
javamop_asterisk-java,org.asteriskjava.live.internal.AsteriskAgentImplTest,1,0,0,0,0.058,SUCCESS
javamop_asterisk-java,org.asteriskjava.live.CallerIdTest,7,0,0,0,0.053,SUCCESS
javamop_asterisk-java,null,2,0,2,0,0.008,FAILURE
javamop_asterisk-java,org.asteriskjava.lock.LockerTest,N/A,N/A,1,N/A,0.001,ERROR
javamop_asterisk-java,org.asteriskjava.lock.LockerTest,N/A,N/A,1,N/A,0.002,ERROR
javamop_asterisk-java,org.asteriskjava.fastagi.command.ReceiveTextCommandTest,2,0,0,0,0.024,SUCCESS
javamop_asterisk-java,org.asteriskjava.fastagi.command.NoopCommandTest,1,0,0,0,0.012,SUCCESS
javamop_asterisk-java,null,2,0,1,0,0.024,FAILURE
javamop_asterisk-java,org.asteriskjava.fastagi.command.SpeechCreateCommandTest,1,0,0,0,0.014,SUCCESS
javamop_asterisk-java,org.asteriskjava.fastagi.command.SetContextCommandTest,1,0,0,0,0.015,SUCCESS
javamop_asterisk-java,org.asteriskjava.fastagi.command.QueueCommandTest,1,0,0,0,0.016,SUCCESS
javamop_asterisk-java,org.asteriskjava.fastagi.command.SayPhoneticCommandTest,2,0,0,0,0.018,SUCCESS
javamop_asterisk-java,org.asteriskjava.fastagi.command.VerboseCommandTest,1,0,0,0,0.017,SUCCESS
javamop_asterisk-java,org.asteriskjava.fastagi.command.SayAlphaCommandTest,2,0,0,0,0.02,SUCCESS
javamop_asterisk-java,org.asteriskjava.fastagi.command.SendTextCommandTest,1,0,0,0,0.015,SUCCESS
javamop_asterisk-java,org.asteriskjava.fastagi.command.StreamFileCommandTest,3,0,0,0,0.021,SUCCESS
javamop_asterisk-java,org.asteriskjava.fastagi.command.ControlStreamFileCommandTest,5,0,0,0,0.027,SUCCESS
javamop_asterisk-java,org.asteriskjava.fastagi.command.ChannelStatusCommandTest,2,0,0,0,0.018,SUCCESS
javamop_asterisk-java,org.asteriskjava.fastagi.command.DatabaseDelTreeCommandTest,2,0,0,0,0.025,SUCCESS
javamop_asterisk-java,org.asteriskjava.fastagi.command.DatabaseGetCommandTest,1,0,0,0,0.019,SUCCESS
javamop_asterisk-java,org.asteriskjava.fastagi.command.SpeechUnloadGrammarCommandTest,1,0,0,0,0.016,SUCCESS
javamop_asterisk-java,org.asteriskjava.fastagi.command.HangupCommandTest,2,0,0,0,0.016,SUCCESS
javamop_asterisk-java,org.asteriskjava.fastagi.command.SetMusicOffCommandTest,1,0,0,0,0.013,SUCCESS
javamop_asterisk-java,org.asteriskjava.fastagi.command.SetPriorityCommandTest,1,0,0,0,0.017,SUCCESS
javamop_asterisk-java,org.asteriskjava.fastagi.command.SetMusicOnCommandTest,2,0,0,0,0.02,SUCCESS
javamop_asterisk-java,org.asteriskjava.fastagi.command.GetDataCommandTest,6,0,0,0,0.276,SUCCESS
javamop_asterisk-java,org.asteriskjava.fastagi.command.ReceiveCharCommandTest,2,0,0,0,0.027,SUCCESS
javamop_asterisk-java,org.asteriskjava.fastagi.command.SayNumberCommandTest,2,0,0,0,0.024,SUCCESS
javamop_asterisk-java,org.asteriskjava.fastagi.command.SetCallerIdCommandTest,1,0,0,0,0.018,SUCCESS
javamop_asterisk-java,org.asteriskjava.fastagi.command.WaitForDigitCommandTest,2,0,0,0,0.017,SUCCESS
javamop_asterisk-java,org.asteriskjava.fastagi.command.SayDateTimeCommandTest,4,0,0,0,0.029,SUCCESS
javamop_asterisk-java,org.asteriskjava.fastagi.command.SayTimeCommandTest,2,0,0,0,0.016,SUCCESS
javamop_asterisk-java,null,11,0,1,0,0.092,FAILURE
javamop_asterisk-java,org.asteriskjava.fastagi.command.DatabaseDelCommandTest,2,0,0,0,0.024,SUCCESS
javamop_asterisk-java,org.asteriskjava.fastagi.command.GosubCommandTest,2,0,0,0,0.026,SUCCESS
javamop_asterisk-java,org.asteriskjava.fastagi.command.GetOptionCommandTest,2,0,0,0,0.024,SUCCESS
javamop_asterisk-java,org.asteriskjava.fastagi.command.SayDigitsCommandTest,2,0,0,0,0.021,SUCCESS
javamop_asterisk-java,org.asteriskjava.fastagi.command.SpeechDestroyCommandTest,1,0,0,0,0.012,SUCCESS
javamop_asterisk-java,null,2,0,2,0,0.035,FAILURE
javamop_asterisk-java,org.asteriskjava.fastagi.command.AnswerCommandTest,1,0,0,0,0.013,SUCCESS
javamop_asterisk-java,org.asteriskjava.fastagi.command.RecordFileCommandTest,2,0,0,0,0.027,SUCCESS
javamop_asterisk-java,org.asteriskjava.fastagi.command.SpeechRecognizeCommandTest,2,0,0,0,0.02,SUCCESS
javamop_asterisk-java,org.asteriskjava.fastagi.command.BridgeCommandTest,2,0,0,0,0.028,SUCCESS
javamop_asterisk-java,org.asteriskjava.fastagi.command.SetAutoHangupCommandTest,1,0,0,0,0.014,SUCCESS
javamop_asterisk-java,org.asteriskjava.fastagi.command.TddModeCommandTest,1,0,0,0,0.014,SUCCESS
javamop_asterisk-java,org.asteriskjava.fastagi.command.SpeechActivateGrammarCommandTest,1,0,0,0,0.019,SUCCESS
javamop_asterisk-java,org.asteriskjava.fastagi.command.AsyncAgiBreakCommandTest,1,0,0,0,0.014,SUCCESS
javamop_asterisk-java,org.asteriskjava.fastagi.command.SpeechSetCommandTest,1,0,0,0,0.017,SUCCESS
javamop_asterisk-java,org.asteriskjava.fastagi.command.SetExtensionCommandTest,1,0,0,0,0.014,SUCCESS
javamop_asterisk-java,org.asteriskjava.fastagi.command.SpeechDeactivateGrammarCommandTest,1,0,0,0,0.015,SUCCESS
javamop_asterisk-java,org.asteriskjava.fastagi.command.SpeechLoadGrammarCommandTest,1,0,0,0,0.019,SUCCESS
javamop_asterisk-java,org.asteriskjava.fastagi.command.DatabasePutCommandTest,1,0,0,0,0.02,SUCCESS
javamop_asterisk-java,org.asteriskjava.fastagi.command.SendImageCommandTest,1,0,0,0,0.017,SUCCESS
javamop_asterisk-java,org.asteriskjava.fastagi.command.MeetmeCommandTest,2,0,0,0,0.024,SUCCESS
javamop_asterisk-java,org.asteriskjava.fastagi.command.SetVariableCommandTest,1,0,0,0,0.017,SUCCESS
javamop_asterisk-java,org.asteriskjava.fastagi.command.GetFullVariableCommandTest,2,0,0,0,0.021,SUCCESS
javamop_asterisk-java,org.asteriskjava.fastagi.command.ExecCommandTest,5,0,0,0,0.018,SUCCESS
javamop_asterisk-java,org.asteriskjava.fastagi.ClassNameMappingStrategyTest,2,0,0,0,0.108,SUCCESS
javamop_asterisk-java,null,3,0,3,0,0.061,FAILURE
javamop_asterisk-java,org.asteriskjava.fastagi.ResourceBundleMappingStrategyTest,N/A,N/A,1,N/A,0.056,ERROR
javamop_asterisk-java,org.asteriskjava.fastagi.ResourceBundleMappingStrategyTest,N/A,N/A,1,N/A,0.002,ERROR
javamop_asterisk-java,org.asteriskjava.fastagi.ResourceBundleMappingStrategyTest,N/A,N/A,1,N/A,0.002,ERROR
javamop_asterisk-java,org.asteriskjava.fastagi.DefaultAgiServerTest,4,0,0,0,0.276,SUCCESS
javamop_asterisk-java,null,2,0,2,0,0.007,FAILURE
javamop_asterisk-java,org.asteriskjava.fastagi.CompositeMappingStrategyTest,N/A,N/A,1,N/A,0.003,ERROR
javamop_asterisk-java,org.asteriskjava.fastagi.CompositeMappingStrategyTest,N/A,N/A,1,N/A,0.002,ERROR
javamop_asterisk-java,org.asteriskjava.fastagi.internal.AgiReplyImplTest,12,0,0,0,0.114,SUCCESS
javamop_asterisk-java,null,1,0,1,0,0.006,FAILURE
javamop_asterisk-java,org.asteriskjava.fastagi.internal.AgiWriterImplTest,N/A,N/A,1,N/A,0.002,ERROR
javamop_asterisk-java,null,5,0,5,0,0.027,FAILURE
javamop_asterisk-java,org.asteriskjava.fastagi.internal.AgiReaderImplTest,N/A,N/A,1,N/A,0.002,ERROR
javamop_asterisk-java,org.asteriskjava.fastagi.internal.AgiReaderImplTest,N/A,N/A,1,N/A,0.001,ERROR
javamop_asterisk-java,org.asteriskjava.fastagi.internal.AgiReaderImplTest,N/A,N/A,1,N/A,0.001,ERROR
javamop_asterisk-java,org.asteriskjava.fastagi.internal.AgiReaderImplTest,N/A,N/A,1,N/A,0.002,ERROR
javamop_asterisk-java,org.asteriskjava.fastagi.internal.AgiReaderImplTest,N/A,N/A,1,N/A,0.002,ERROR
javamop_asterisk-java,null,3,0,3,0,0.016,FAILURE
javamop_asterisk-java,org.asteriskjava.fastagi.internal.AgiChannelImplTest,N/A,N/A,1,N/A,0.002,ERROR
javamop_asterisk-java,org.asteriskjava.fastagi.internal.AgiChannelImplTest,N/A,N/A,1,N/A,0.001,ERROR
javamop_asterisk-java,org.asteriskjava.fastagi.internal.AgiChannelImplTest,N/A,N/A,1,N/A,0.002,ERROR
javamop_asterisk-java,org.asteriskjava.fastagi.internal.AgiRequestImplTest,24,0,0,0,0.311,SUCCESS
javamop_asterisk-java,org.asteriskjava.fastagi.ScriptEngineMappingStrategyTest,3,0,0,0,0.004,SUCCESS
javamop_asterisk-java,org.asteriskjava.util.DateUtilTest,2,0,0,0,0.004,SUCCESS
javamop_asterisk-java,org.asteriskjava.util.internal.streamreader.FastScannerDeterministicTest,3,0,0,0,0.285,SUCCESS
javamop_asterisk-java,org.asteriskjava.util.internal.streamreader.FastScannerRandomTest,2,0,0,0,20.18,SUCCESS
javamop_asterisk-java,org.asteriskjava.util.internal.streamreader.FastScannerSpeedTest,3,0,0,0,10.69,SUCCESS
javamop_asterisk-java,org.asteriskjava.util.AstUtilTest,7,0,0,0,0.012,SUCCESS
javamop_asterisk-java,org.asteriskjava.AsteriskVersionTest,6,0,0,0,0.006,SUCCESS
Sum: 102.91000000000005
--------------------Execution: 4 -----------------------------------
javamop_asterisk-java,null,1,0,1,0,13.72,FAILURE
javamop_asterisk-java,org.asteriskjava.config.ConfigFileParserTest,4,0,0,0,0.184,SUCCESS
javamop_asterisk-java,org.asteriskjava.manager.event.ConfbridgeJoinEventTest,1,0,0,0,7.847,SUCCESS
javamop_asterisk-java,org.asteriskjava.manager.event.AgiExecStartEventTest,1,0,0,0,0.023,SUCCESS
javamop_asterisk-java,org.asteriskjava.manager.event.ChanSpyStopEventTest,1,0,0,0,0.098,SUCCESS
javamop_asterisk-java,org.asteriskjava.manager.event.AsyncAgiEventTest,2,0,0,0,0.059,SUCCESS
javamop_asterisk-java,org.asteriskjava.manager.event.BridgeCreateEventTest,1,0,0,0,0.013,SUCCESS
javamop_asterisk-java,org.asteriskjava.manager.event.T38FaxStatusEventTest,2,0,0,0,0.031,SUCCESS
javamop_asterisk-java,org.asteriskjava.manager.event.CdrEventTest,3,0,0,0,0.022,SUCCESS
javamop_asterisk-java,org.asteriskjava.manager.event.ChannelTalkingStartEventTest,1,0,0,0,0.022,SUCCESS
javamop_asterisk-java,org.asteriskjava.manager.event.MusicOnHoldEventTest,1,0,0,0,0.014,SUCCESS
javamop_asterisk-java,org.asteriskjava.manager.event.NewStateEventTest,2,0,0,0,0.081,SUCCESS
javamop_asterisk-java,org.asteriskjava.manager.event.BridgeEnterEventTest,1,0,0,0,0.003,SUCCESS
javamop_asterisk-java,org.asteriskjava.manager.event.ChannelReloadEventTest,3,0,0,0,0.006,SUCCESS
javamop_asterisk-java,org.asteriskjava.manager.event.AttendedTransferEventTest,1,0,0,0,0.024,SUCCESS
javamop_asterisk-java,org.asteriskjava.manager.event.HangupEventTest,2,0,0,0,0.136,SUCCESS
javamop_asterisk-java,org.asteriskjava.manager.event.ChannelTalkingStopEventTest,1,0,0,0,0.03,SUCCESS
javamop_asterisk-java,org.asteriskjava.manager.event.SkypeBuddyStatusEventTest,2,0,0,0,0.003,SUCCESS
javamop_asterisk-java,org.asteriskjava.manager.event.AgentConnectEventTest,1,0,0,0,0.021,SUCCESS
javamop_asterisk-java,org.asteriskjava.manager.event.ConfbridgeLeaveEventTest,1,0,0,0,0.01,SUCCESS
javamop_asterisk-java,org.asteriskjava.manager.event.RtcpReceivedEventTest,5,0,0,0,0.011,SUCCESS
javamop_asterisk-java,org.asteriskjava.manager.event.HangupRequestEventTest,1,0,0,0,0.016,SUCCESS
javamop_asterisk-java,org.asteriskjava.manager.event.SkypeChatMessageEventTest,1,0,0,0,0.039,SUCCESS
javamop_asterisk-java,org.asteriskjava.manager.AbstractManagerEventListenerTest,2,0,0,0,0.004,SUCCESS
javamop_asterisk-java,null,9,0,9,0,6.612,FAILURE
javamop_asterisk-java,org.asteriskjava.manager.internal.ManagerReaderImplTest,N/A,N/A,1,N/A,6.592,ERROR
javamop_asterisk-java,org.asteriskjava.manager.internal.ManagerReaderImplTest,N/A,N/A,1,N/A,0.002,ERROR
javamop_asterisk-java,org.asteriskjava.manager.internal.ManagerReaderImplTest,N/A,N/A,1,N/A,0.002,ERROR
javamop_asterisk-java,org.asteriskjava.manager.internal.ManagerReaderImplTest,N/A,N/A,1,N/A,0.001,ERROR
javamop_asterisk-java,org.asteriskjava.manager.internal.ManagerReaderImplTest,N/A,N/A,1,N/A,0.001,ERROR
javamop_asterisk-java,org.asteriskjava.manager.internal.ManagerReaderImplTest,N/A,N/A,1,N/A,0.001,ERROR
javamop_asterisk-java,org.asteriskjava.manager.internal.ManagerReaderImplTest,N/A,N/A,1,N/A,0.001,ERROR
javamop_asterisk-java,org.asteriskjava.manager.internal.ManagerReaderImplTest,N/A,N/A,1,N/A,0.002,ERROR
javamop_asterisk-java,org.asteriskjava.manager.internal.ManagerReaderImplTest,N/A,N/A,1,N/A,0.002,ERROR
javamop_asterisk-java,null,2,0,1,0,15.34,FAILURE
javamop_asterisk-java,org.asteriskjava.manager.internal.ManagerWriterImplTest,N/A,N/A,1,N/A,15.13,ERROR
javamop_asterisk-java,org.asteriskjava.manager.internal.ResponseBuilderImplTest,9,0,0,0,0.133,SUCCESS
javamop_asterisk-java,org.asteriskjava.manager.internal.ActionBuilderImplTest,16,0,0,0,0.361,SUCCESS
javamop_asterisk-java,org.asteriskjava.manager.internal.backwardsCompatibility.bridge.BridgeEnterEventComparatorTest,17,0,0,0,0.028,SUCCESS
javamop_asterisk-java,null,36,0,36,0,0.1,FAILURE
javamop_asterisk-java,org.asteriskjava.manager.internal.EventBuilderImplTest,N/A,N/A,1,N/A,0.002,ERROR
javamop_asterisk-java,org.asteriskjava.manager.internal.EventBuilderImplTest,N/A,N/A,1,N/A,0.002,ERROR
javamop_asterisk-java,org.asteriskjava.manager.internal.EventBuilderImplTest,N/A,N/A,1,N/A,0.001,ERROR
javamop_asterisk-java,org.asteriskjava.manager.internal.EventBuilderImplTest,N/A,N/A,1,N/A,0.004,ERROR
javamop_asterisk-java,org.asteriskjava.manager.internal.EventBuilderImplTest,N/A,N/A,1,N/A,0.003,ERROR
javamop_asterisk-java,org.asteriskjava.manager.internal.EventBuilderImplTest,N/A,N/A,1,N/A,0.001,ERROR
javamop_asterisk-java,org.asteriskjava.manager.internal.EventBuilderImplTest,N/A,N/A,1,N/A,0.002,ERROR
javamop_asterisk-java,org.asteriskjava.manager.internal.EventBuilderImplTest,N/A,N/A,1,N/A,0.001,ERROR
javamop_asterisk-java,org.asteriskjava.manager.internal.EventBuilderImplTest,N/A,N/A,1,N/A,0.002,ERROR
javamop_asterisk-java,org.asteriskjava.manager.internal.EventBuilderImplTest,N/A,N/A,1,N/A,0.002,ERROR
javamop_asterisk-java,org.asteriskjava.manager.internal.EventBuilderImplTest,N/A,N/A,1,N/A,0.002,ERROR
javamop_asterisk-java,org.asteriskjava.manager.internal.EventBuilderImplTest,N/A,N/A,1,N/A,0.003,ERROR
javamop_asterisk-java,org.asteriskjava.manager.internal.EventBuilderImplTest,N/A,N/A,1,N/A,0.001,ERROR
javamop_asterisk-java,org.asteriskjava.manager.internal.EventBuilderImplTest,N/A,N/A,1,N/A,0.001,ERROR
javamop_asterisk-java,org.asteriskjava.manager.internal.EventBuilderImplTest,N/A,N/A,1,N/A,0.002,ERROR
javamop_asterisk-java,org.asteriskjava.manager.internal.EventBuilderImplTest,N/A,N/A,1,N/A,0.002,ERROR
javamop_asterisk-java,org.asteriskjava.manager.internal.EventBuilderImplTest,N/A,N/A,1,N/A,0.001,ERROR
javamop_asterisk-java,org.asteriskjava.manager.internal.EventBuilderImplTest,N/A,N/A,1,N/A,0.001,ERROR
javamop_asterisk-java,org.asteriskjava.manager.internal.EventBuilderImplTest,N/A,N/A,1,N/A,0.001,ERROR
javamop_asterisk-java,org.asteriskjava.manager.internal.EventBuilderImplTest,N/A,N/A,1,N/A,0.002,ERROR
javamop_asterisk-java,org.asteriskjava.manager.internal.EventBuilderImplTest,N/A,N/A,1,N/A,0.001,ERROR
javamop_asterisk-java,org.asteriskjava.manager.internal.EventBuilderImplTest,N/A,N/A,1,N/A,0.002,ERROR
javamop_asterisk-java,org.asteriskjava.manager.internal.EventBuilderImplTest,N/A,N/A,1,N/A,0.002,ERROR
javamop_asterisk-java,org.asteriskjava.manager.internal.EventBuilderImplTest,N/A,N/A,1,N/A,0.001,ERROR
javamop_asterisk-java,org.asteriskjava.manager.internal.EventBuilderImplTest,N/A,N/A,1,N/A,0.002,ERROR
javamop_asterisk-java,org.asteriskjava.manager.internal.EventBuilderImplTest,N/A,N/A,1,N/A,0.002,ERROR
javamop_asterisk-java,org.asteriskjava.manager.internal.EventBuilderImplTest,N/A,N/A,1,N/A,0.001,ERROR
javamop_asterisk-java,org.asteriskjava.manager.internal.EventBuilderImplTest,N/A,N/A,1,N/A,0.001,ERROR
javamop_asterisk-java,org.asteriskjava.manager.internal.EventBuilderImplTest,N/A,N/A,1,N/A,0.001,ERROR
javamop_asterisk-java,org.asteriskjava.manager.internal.EventBuilderImplTest,N/A,N/A,1,N/A,0.001,ERROR
javamop_asterisk-java,org.asteriskjava.manager.internal.EventBuilderImplTest,N/A,N/A,1,N/A,0.002,ERROR
javamop_asterisk-java,org.asteriskjava.manager.internal.EventBuilderImplTest,N/A,N/A,1,N/A,0.002,ERROR
javamop_asterisk-java,org.asteriskjava.manager.internal.EventBuilderImplTest,N/A,N/A,1,N/A,0.001,ERROR
javamop_asterisk-java,org.asteriskjava.manager.internal.EventBuilderImplTest,N/A,N/A,1,N/A,0.001,ERROR
javamop_asterisk-java,org.asteriskjava.manager.internal.EventBuilderImplTest,N/A,N/A,1,N/A,0.002,ERROR
javamop_asterisk-java,org.asteriskjava.manager.internal.EventBuilderImplTest,N/A,N/A,1,N/A,0.001,ERROR
javamop_asterisk-java,null,22,0,22,0,0.246,FAILURE
javamop_asterisk-java,org.asteriskjava.manager.internal.ManagerConnectionImplTest,N/A,N/A,1,N/A,0.005,ERROR
javamop_asterisk-java,org.asteriskjava.manager.internal.ManagerConnectionImplTest,N/A,N/A,1,N/A,0.004,ERROR
javamop_asterisk-java,org.asteriskjava.manager.internal.ManagerConnectionImplTest,N/A,N/A,1,N/A,0.003,ERROR
javamop_asterisk-java,org.asteriskjava.manager.internal.ManagerConnectionImplTest,N/A,N/A,1,N/A,0.003,ERROR
javamop_asterisk-java,org.asteriskjava.manager.internal.ManagerConnectionImplTest,N/A,N/A,1,N/A,0.004,ERROR
javamop_asterisk-java,org.asteriskjava.manager.internal.ManagerConnectionImplTest,N/A,N/A,1,N/A,0.004,ERROR
javamop_asterisk-java,org.asteriskjava.manager.internal.ManagerConnectionImplTest,N/A,N/A,1,N/A,0.003,ERROR
javamop_asterisk-java,org.asteriskjava.manager.internal.ManagerConnectionImplTest,N/A,N/A,1,N/A,0.003,ERROR
javamop_asterisk-java,org.asteriskjava.manager.internal.ManagerConnectionImplTest,N/A,N/A,1,N/A,0.004,ERROR
javamop_asterisk-java,org.asteriskjava.manager.internal.ManagerConnectionImplTest,N/A,N/A,1,N/A,0.003,ERROR
javamop_asterisk-java,org.asteriskjava.manager.internal.ManagerConnectionImplTest,N/A,N/A,1,N/A,0.004,ERROR
javamop_asterisk-java,org.asteriskjava.manager.internal.ManagerConnectionImplTest,N/A,N/A,1,N/A,0.003,ERROR
javamop_asterisk-java,org.asteriskjava.manager.internal.ManagerConnectionImplTest,N/A,N/A,1,N/A,0.003,ERROR
javamop_asterisk-java,org.asteriskjava.manager.internal.ManagerConnectionImplTest,N/A,N/A,1,N/A,0.006,ERROR
javamop_asterisk-java,org.asteriskjava.manager.internal.ManagerConnectionImplTest,N/A,N/A,1,N/A,0.003,ERROR
javamop_asterisk-java,org.asteriskjava.manager.internal.ManagerConnectionImplTest,N/A,N/A,1,N/A,0.004,ERROR
javamop_asterisk-java,org.asteriskjava.manager.internal.ManagerConnectionImplTest,N/A,N/A,1,N/A,0.004,ERROR
javamop_asterisk-java,org.asteriskjava.manager.internal.ManagerConnectionImplTest,N/A,N/A,1,N/A,0.003,ERROR
javamop_asterisk-java,org.asteriskjava.manager.internal.ManagerConnectionImplTest,N/A,N/A,1,N/A,0.003,ERROR
javamop_asterisk-java,org.asteriskjava.manager.internal.ManagerConnectionImplTest,N/A,N/A,1,N/A,0.002,ERROR
javamop_asterisk-java,org.asteriskjava.manager.internal.ManagerConnectionImplTest,N/A,N/A,1,N/A,0.002,ERROR
javamop_asterisk-java,org.asteriskjava.manager.internal.ManagerConnectionImplTest,N/A,N/A,1,N/A,0.003,ERROR
javamop_asterisk-java,org.asteriskjava.manager.response.CoreStatusResponseTest,2,0,0,0,0.01,SUCCESS
javamop_asterisk-java,org.asteriskjava.manager.response.SipShowPeerResponseTest,5,0,0,0,0.012,SUCCESS
javamop_asterisk-java,org.asteriskjava.live.HangupCauseTest,1,0,0,0,0.054,SUCCESS
javamop_asterisk-java,org.asteriskjava.live.QueueMemberStateTest,2,0,0,0,0.025,SUCCESS
javamop_asterisk-java,org.asteriskjava.live.internal.AsteriskQueueMemberImplTest,1,0,0,0,2.277,SUCCESS
javamop_asterisk-java,org.asteriskjava.live.internal.AsteriskChannelImplTest,1,0,0,0,0.138,SUCCESS
javamop_asterisk-java,org.asteriskjava.live.internal.AsteriskAgentImplTest,1,0,0,0,0.084,SUCCESS
javamop_asterisk-java,org.asteriskjava.live.CallerIdTest,7,0,0,0,0.044,SUCCESS
javamop_asterisk-java,null,2,0,2,0,0.008,FAILURE
javamop_asterisk-java,org.asteriskjava.lock.LockerTest,N/A,N/A,1,N/A,0.002,ERROR
javamop_asterisk-java,org.asteriskjava.lock.LockerTest,N/A,N/A,1,N/A,0.003,ERROR
javamop_asterisk-java,org.asteriskjava.fastagi.command.ReceiveTextCommandTest,2,0,0,0,0.021,SUCCESS
javamop_asterisk-java,org.asteriskjava.fastagi.command.NoopCommandTest,1,0,0,0,0.022,SUCCESS
javamop_asterisk-java,null,2,0,1,0,0.036,FAILURE
javamop_asterisk-java,org.asteriskjava.fastagi.command.SpeechCreateCommandTest,1,0,0,0,0.022,SUCCESS
javamop_asterisk-java,org.asteriskjava.fastagi.command.SetContextCommandTest,1,0,0,0,0.021,SUCCESS
javamop_asterisk-java,org.asteriskjava.fastagi.command.QueueCommandTest,1,0,0,0,0.021,SUCCESS
javamop_asterisk-java,org.asteriskjava.fastagi.command.SayPhoneticCommandTest,2,0,0,0,0.021,SUCCESS
javamop_asterisk-java,org.asteriskjava.fastagi.command.VerboseCommandTest,1,0,0,0,0.022,SUCCESS
javamop_asterisk-java,org.asteriskjava.fastagi.command.SayAlphaCommandTest,2,0,0,0,0.025,SUCCESS
javamop_asterisk-java,org.asteriskjava.fastagi.command.SendTextCommandTest,1,0,0,0,0.019,SUCCESS
javamop_asterisk-java,org.asteriskjava.fastagi.command.StreamFileCommandTest,3,0,0,0,0.03,SUCCESS
javamop_asterisk-java,org.asteriskjava.fastagi.command.ControlStreamFileCommandTest,5,0,0,0,0.036,SUCCESS
javamop_asterisk-java,org.asteriskjava.fastagi.command.ChannelStatusCommandTest,2,0,0,0,0.021,SUCCESS
javamop_asterisk-java,org.asteriskjava.fastagi.command.DatabaseDelTreeCommandTest,2,0,0,0,0.025,SUCCESS
javamop_asterisk-java,org.asteriskjava.fastagi.command.DatabaseGetCommandTest,1,0,0,0,0.02,SUCCESS
javamop_asterisk-java,org.asteriskjava.fastagi.command.SpeechUnloadGrammarCommandTest,1,0,0,0,0.019,SUCCESS
javamop_asterisk-java,org.asteriskjava.fastagi.command.HangupCommandTest,2,0,0,0,0.032,SUCCESS
javamop_asterisk-java,org.asteriskjava.fastagi.command.SetMusicOffCommandTest,1,0,0,0,0.014,SUCCESS
javamop_asterisk-java,org.asteriskjava.fastagi.command.SetPriorityCommandTest,1,0,0,0,0.018,SUCCESS
javamop_asterisk-java,org.asteriskjava.fastagi.command.SetMusicOnCommandTest,2,0,0,0,0.02,SUCCESS
javamop_asterisk-java,org.asteriskjava.fastagi.command.GetDataCommandTest,6,0,0,0,0.331,SUCCESS
javamop_asterisk-java,org.asteriskjava.fastagi.command.ReceiveCharCommandTest,2,0,0,0,0.017,SUCCESS
javamop_asterisk-java,org.asteriskjava.fastagi.command.SayNumberCommandTest,2,0,0,0,0.02,SUCCESS
javamop_asterisk-java,org.asteriskjava.fastagi.command.SetCallerIdCommandTest,1,0,0,0,0.017,SUCCESS
javamop_asterisk-java,org.asteriskjava.fastagi.command.WaitForDigitCommandTest,2,0,0,0,0.019,SUCCESS
javamop_asterisk-java,org.asteriskjava.fastagi.command.SayDateTimeCommandTest,4,0,0,0,0.042,SUCCESS
javamop_asterisk-java,org.asteriskjava.fastagi.command.SayTimeCommandTest,2,0,0,0,0.02,SUCCESS
javamop_asterisk-java,null,11,0,1,0,0.106,FAILURE
javamop_asterisk-java,org.asteriskjava.fastagi.command.DatabaseDelCommandTest,2,0,0,0,0.027,SUCCESS
javamop_asterisk-java,org.asteriskjava.fastagi.command.GosubCommandTest,2,0,0,0,0.033,SUCCESS
javamop_asterisk-java,org.asteriskjava.fastagi.command.GetOptionCommandTest,2,0,0,0,0.04,SUCCESS
javamop_asterisk-java,org.asteriskjava.fastagi.command.SayDigitsCommandTest,2,0,0,0,0.026,SUCCESS
javamop_asterisk-java,org.asteriskjava.fastagi.command.SpeechDestroyCommandTest,1,0,0,0,0.016,SUCCESS
javamop_asterisk-java,null,2,0,2,0,0.041,FAILURE
javamop_asterisk-java,org.asteriskjava.fastagi.command.AnswerCommandTest,1,0,0,0,0.014,SUCCESS
javamop_asterisk-java,org.asteriskjava.fastagi.command.RecordFileCommandTest,2,0,0,0,0.035,SUCCESS
javamop_asterisk-java,org.asteriskjava.fastagi.command.SpeechRecognizeCommandTest,2,0,0,0,0.025,SUCCESS
javamop_asterisk-java,org.asteriskjava.fastagi.command.BridgeCommandTest,2,0,0,0,0.042,SUCCESS
javamop_asterisk-java,org.asteriskjava.fastagi.command.SetAutoHangupCommandTest,1,0,0,0,0.017,SUCCESS
javamop_asterisk-java,org.asteriskjava.fastagi.command.TddModeCommandTest,1,0,0,0,0.021,SUCCESS
javamop_asterisk-java,org.asteriskjava.fastagi.command.SpeechActivateGrammarCommandTest,1,0,0,0,0.018,SUCCESS
javamop_asterisk-java,org.asteriskjava.fastagi.command.AsyncAgiBreakCommandTest,1,0,0,0,0.015,SUCCESS
javamop_asterisk-java,org.asteriskjava.fastagi.command.SpeechSetCommandTest,1,0,0,0,0.022,SUCCESS
javamop_asterisk-java,org.asteriskjava.fastagi.command.SetExtensionCommandTest,1,0,0,0,0.018,SUCCESS
javamop_asterisk-java,org.asteriskjava.fastagi.command.SpeechDeactivateGrammarCommandTest,1,0,0,0,0.022,SUCCESS
javamop_asterisk-java,org.asteriskjava.fastagi.command.SpeechLoadGrammarCommandTest,1,0,0,0,0.02,SUCCESS
javamop_asterisk-java,org.asteriskjava.fastagi.command.DatabasePutCommandTest,1,0,0,0,0.029,SUCCESS
javamop_asterisk-java,org.asteriskjava.fastagi.command.SendImageCommandTest,1,0,0,0,0.027,SUCCESS
javamop_asterisk-java,org.asteriskjava.fastagi.command.MeetmeCommandTest,2,0,0,0,0.037,SUCCESS
javamop_asterisk-java,org.asteriskjava.fastagi.command.SetVariableCommandTest,1,0,0,0,0.024,SUCCESS
javamop_asterisk-java,org.asteriskjava.fastagi.command.GetFullVariableCommandTest,2,0,0,0,0.028,SUCCESS
javamop_asterisk-java,org.asteriskjava.fastagi.command.ExecCommandTest,5,0,0,0,0.027,SUCCESS
javamop_asterisk-java,org.asteriskjava.fastagi.ClassNameMappingStrategyTest,2,0,0,0,0.094,SUCCESS
javamop_asterisk-java,null,3,0,3,0,0.071,FAILURE
javamop_asterisk-java,org.asteriskjava.fastagi.ResourceBundleMappingStrategyTest,N/A,N/A,1,N/A,0.064,ERROR
javamop_asterisk-java,org.asteriskjava.fastagi.ResourceBundleMappingStrategyTest,N/A,N/A,1,N/A,0.004,ERROR
javamop_asterisk-java,org.asteriskjava.fastagi.ResourceBundleMappingStrategyTest,N/A,N/A,1,N/A,0.001,ERROR
javamop_asterisk-java,org.asteriskjava.fastagi.DefaultAgiServerTest,4,0,0,0,0.279,SUCCESS
javamop_asterisk-java,null,2,0,2,0,0.008,FAILURE
javamop_asterisk-java,org.asteriskjava.fastagi.CompositeMappingStrategyTest,N/A,N/A,1,N/A,0.003,ERROR
javamop_asterisk-java,org.asteriskjava.fastagi.CompositeMappingStrategyTest,N/A,N/A,1,N/A,0.003,ERROR
javamop_asterisk-java,org.asteriskjava.fastagi.internal.AgiReplyImplTest,12,0,0,0,0.14,SUCCESS
javamop_asterisk-java,null,1,0,1,0,0.006,FAILURE
javamop_asterisk-java,org.asteriskjava.fastagi.internal.AgiWriterImplTest,N/A,N/A,1,N/A,0.002,ERROR
javamop_asterisk-java,null,5,0,5,0,0.026,FAILURE
javamop_asterisk-java,org.asteriskjava.fastagi.internal.AgiReaderImplTest,N/A,N/A,1,N/A,0.002,ERROR
javamop_asterisk-java,org.asteriskjava.fastagi.internal.AgiReaderImplTest,N/A,N/A,1,N/A,0.002,ERROR
javamop_asterisk-java,org.asteriskjava.fastagi.internal.AgiReaderImplTest,N/A,N/A,1,N/A,0.002,ERROR
javamop_asterisk-java,org.asteriskjava.fastagi.internal.AgiReaderImplTest,N/A,N/A,1,N/A,0.002,ERROR
javamop_asterisk-java,org.asteriskjava.fastagi.internal.AgiReaderImplTest,N/A,N/A,1,N/A,0.001,ERROR
javamop_asterisk-java,null,3,0,3,0,0.015,FAILURE
javamop_asterisk-java,org.asteriskjava.fastagi.internal.AgiChannelImplTest,N/A,N/A,1,N/A,0.002,ERROR
javamop_asterisk-java,org.asteriskjava.fastagi.internal.AgiChannelImplTest,N/A,N/A,1,N/A,0.002,ERROR
javamop_asterisk-java,org.asteriskjava.fastagi.internal.AgiChannelImplTest,N/A,N/A,1,N/A,0.001,ERROR
javamop_asterisk-java,org.asteriskjava.fastagi.internal.AgiRequestImplTest,24,0,0,0,0.359,SUCCESS
javamop_asterisk-java,org.asteriskjava.fastagi.ScriptEngineMappingStrategyTest,3,0,0,0,0.004,SUCCESS
javamop_asterisk-java,org.asteriskjava.util.DateUtilTest,2,0,0,0,0.007,SUCCESS
javamop_asterisk-java,org.asteriskjava.util.internal.streamreader.FastScannerDeterministicTest,3,0,0,0,0.295,SUCCESS
javamop_asterisk-java,org.asteriskjava.util.internal.streamreader.FastScannerRandomTest,2,0,0,0,20.37,SUCCESS
javamop_asterisk-java,org.asteriskjava.util.internal.streamreader.FastScannerSpeedTest,3,0,0,0,9.796,SUCCESS
javamop_asterisk-java,org.asteriskjava.util.AstUtilTest,7,0,0,0,0.005,SUCCESS
javamop_asterisk-java,org.asteriskjava.AsteriskVersionTest,6,0,0,0,0.006,SUCCESS
Sum: 102.99600000000004
--------------------Execution: 5 -----------------------------------
javamop_asterisk-java,null,1,0,1,0,11.38,FAILURE
javamop_asterisk-java,org.asteriskjava.config.ConfigFileParserTest,4,0,0,0,0.175,SUCCESS
javamop_asterisk-java,org.asteriskjava.manager.event.ConfbridgeJoinEventTest,1,0,0,0,5.925,SUCCESS
javamop_asterisk-java,org.asteriskjava.manager.event.AgiExecStartEventTest,1,0,0,0,0.019,SUCCESS
javamop_asterisk-java,org.asteriskjava.manager.event.ChanSpyStopEventTest,1,0,0,0,0.079,SUCCESS
javamop_asterisk-java,org.asteriskjava.manager.event.AsyncAgiEventTest,2,0,0,0,0.043,SUCCESS
javamop_asterisk-java,org.asteriskjava.manager.event.BridgeCreateEventTest,1,0,0,0,0.01,SUCCESS
javamop_asterisk-java,org.asteriskjava.manager.event.T38FaxStatusEventTest,2,0,0,0,0.025,SUCCESS
javamop_asterisk-java,org.asteriskjava.manager.event.CdrEventTest,3,0,0,0,0.018,SUCCESS
javamop_asterisk-java,org.asteriskjava.manager.event.ChannelTalkingStartEventTest,1,0,0,0,0.016,SUCCESS
javamop_asterisk-java,org.asteriskjava.manager.event.MusicOnHoldEventTest,1,0,0,0,0.011,SUCCESS
javamop_asterisk-java,org.asteriskjava.manager.event.NewStateEventTest,2,0,0,0,0.063,SUCCESS
javamop_asterisk-java,org.asteriskjava.manager.event.BridgeEnterEventTest,1,0,0,0,0.002,SUCCESS
javamop_asterisk-java,org.asteriskjava.manager.event.ChannelReloadEventTest,3,0,0,0,0.005,SUCCESS
javamop_asterisk-java,org.asteriskjava.manager.event.AttendedTransferEventTest,1,0,0,0,0.021,SUCCESS
javamop_asterisk-java,org.asteriskjava.manager.event.HangupEventTest,2,0,0,0,0.122,SUCCESS
javamop_asterisk-java,org.asteriskjava.manager.event.ChannelTalkingStopEventTest,1,0,0,0,0.025,SUCCESS
javamop_asterisk-java,org.asteriskjava.manager.event.SkypeBuddyStatusEventTest,2,0,0,0,0.004,SUCCESS
javamop_asterisk-java,org.asteriskjava.manager.event.AgentConnectEventTest,1,0,0,0,0.018,SUCCESS
javamop_asterisk-java,org.asteriskjava.manager.event.ConfbridgeLeaveEventTest,1,0,0,0,0.008,SUCCESS
javamop_asterisk-java,org.asteriskjava.manager.event.RtcpReceivedEventTest,5,0,0,0,0.009,SUCCESS
javamop_asterisk-java,org.asteriskjava.manager.event.HangupRequestEventTest,1,0,0,0,0.009,SUCCESS
javamop_asterisk-java,org.asteriskjava.manager.event.SkypeChatMessageEventTest,1,0,0,0,0.034,SUCCESS
javamop_asterisk-java,org.asteriskjava.manager.AbstractManagerEventListenerTest,2,0,0,0,0.003,SUCCESS
javamop_asterisk-java,null,9,0,9,0,6.116,FAILURE
javamop_asterisk-java,org.asteriskjava.manager.internal.ManagerReaderImplTest,N/A,N/A,1,N/A,6.097,ERROR
javamop_asterisk-java,org.asteriskjava.manager.internal.ManagerReaderImplTest,N/A,N/A,1,N/A,0.002,ERROR
javamop_asterisk-java,org.asteriskjava.manager.internal.ManagerReaderImplTest,N/A,N/A,1,N/A,0.002,ERROR
javamop_asterisk-java,org.asteriskjava.manager.internal.ManagerReaderImplTest,N/A,N/A,1,N/A,0.002,ERROR
javamop_asterisk-java,org.asteriskjava.manager.internal.ManagerReaderImplTest,N/A,N/A,1,N/A,0.002,ERROR
javamop_asterisk-java,org.asteriskjava.manager.internal.ManagerReaderImplTest,N/A,N/A,1,N/A,0.001,ERROR
javamop_asterisk-java,org.asteriskjava.manager.internal.ManagerReaderImplTest,N/A,N/A,1,N/A,0.001,ERROR
javamop_asterisk-java,org.asteriskjava.manager.internal.ManagerReaderImplTest,N/A,N/A,1,N/A,0.001,ERROR
javamop_asterisk-java,org.asteriskjava.manager.internal.ManagerReaderImplTest,N/A,N/A,1,N/A,0.001,ERROR
javamop_asterisk-java,null,2,0,1,0,12.78,FAILURE
javamop_asterisk-java,org.asteriskjava.manager.internal.ManagerWriterImplTest,N/A,N/A,1,N/A,12.63,ERROR
javamop_asterisk-java,org.asteriskjava.manager.internal.ResponseBuilderImplTest,9,0,0,0,0.095,SUCCESS
javamop_asterisk-java,org.asteriskjava.manager.internal.ActionBuilderImplTest,16,0,0,0,0.242,SUCCESS
javamop_asterisk-java,org.asteriskjava.manager.internal.backwardsCompatibility.bridge.BridgeEnterEventComparatorTest,17,0,0,0,0.022,SUCCESS
javamop_asterisk-java,null,36,0,36,0,0.08,FAILURE
javamop_asterisk-java,org.asteriskjava.manager.internal.EventBuilderImplTest,N/A,N/A,1,N/A,0.002,ERROR
javamop_asterisk-java,org.asteriskjava.manager.internal.EventBuilderImplTest,N/A,N/A,1,N/A,0.001,ERROR
javamop_asterisk-java,org.asteriskjava.manager.internal.EventBuilderImplTest,N/A,N/A,1,N/A,0.002,ERROR
javamop_asterisk-java,org.asteriskjava.manager.internal.EventBuilderImplTest,N/A,N/A,1,N/A,0.001,ERROR
javamop_asterisk-java,org.asteriskjava.manager.internal.EventBuilderImplTest,N/A,N/A,1,N/A,0.001,ERROR
javamop_asterisk-java,org.asteriskjava.manager.internal.EventBuilderImplTest,N/A,N/A,1,N/A,0.001,ERROR
javamop_asterisk-java,org.asteriskjava.manager.internal.EventBuilderImplTest,N/A,N/A,1,N/A,0.001,ERROR
javamop_asterisk-java,org.asteriskjava.manager.internal.EventBuilderImplTest,N/A,N/A,1,N/A,0.001,ERROR
javamop_asterisk-java,org.asteriskjava.manager.internal.EventBuilderImplTest,N/A,N/A,1,N/A,0.001,ERROR
javamop_asterisk-java,org.asteriskjava.manager.internal.EventBuilderImplTest,N/A,N/A,1,N/A,0.002,ERROR
javamop_asterisk-java,org.asteriskjava.manager.internal.EventBuilderImplTest,N/A,N/A,1,N/A,0.001,ERROR
javamop_asterisk-java,org.asteriskjava.manager.internal.EventBuilderImplTest,N/A,N/A,1,N/A,0.002,ERROR
javamop_asterisk-java,org.asteriskjava.manager.internal.EventBuilderImplTest,N/A,N/A,1,N/A,0.002,ERROR
javamop_asterisk-java,org.asteriskjava.manager.internal.EventBuilderImplTest,N/A,N/A,1,N/A,0.001,ERROR
javamop_asterisk-java,org.asteriskjava.manager.internal.EventBuilderImplTest,N/A,N/A,1,N/A,0.001,ERROR
javamop_asterisk-java,org.asteriskjava.manager.internal.EventBuilderImplTest,N/A,N/A,1,N/A,0.002,ERROR
javamop_asterisk-java,org.asteriskjava.manager.internal.EventBuilderImplTest,N/A,N/A,1,N/A,0.001,ERROR
javamop_asterisk-java,org.asteriskjava.manager.internal.EventBuilderImplTest,N/A,N/A,1,N/A,0.0,ERROR
javamop_asterisk-java,org.asteriskjava.manager.internal.EventBuilderImplTest,N/A,N/A,1,N/A,0.001,ERROR
javamop_asterisk-java,org.asteriskjava.manager.internal.EventBuilderImplTest,N/A,N/A,1,N/A,0.001,ERROR
javamop_asterisk-java,org.asteriskjava.manager.internal.EventBuilderImplTest,N/A,N/A,1,N/A,0.001,ERROR
javamop_asterisk-java,org.asteriskjava.manager.internal.EventBuilderImplTest,N/A,N/A,1,N/A,0.001,ERROR
javamop_asterisk-java,org.asteriskjava.manager.internal.EventBuilderImplTest,N/A,N/A,1,N/A,0.001,ERROR
javamop_asterisk-java,org.asteriskjava.manager.internal.EventBuilderImplTest,N/A,N/A,1,N/A,0.001,ERROR
javamop_asterisk-java,org.asteriskjava.manager.internal.EventBuilderImplTest,N/A,N/A,1,N/A,0.001,ERROR
javamop_asterisk-java,org.asteriskjava.manager.internal.EventBuilderImplTest,N/A,N/A,1,N/A,0.002,ERROR
javamop_asterisk-java,org.asteriskjava.manager.internal.EventBuilderImplTest,N/A,N/A,1,N/A,0.001,ERROR
javamop_asterisk-java,org.asteriskjava.manager.internal.EventBuilderImplTest,N/A,N/A,1,N/A,0.002,ERROR
javamop_asterisk-java,org.asteriskjava.manager.internal.EventBuilderImplTest,N/A,N/A,1,N/A,0.001,ERROR
javamop_asterisk-java,org.asteriskjava.manager.internal.EventBuilderImplTest,N/A,N/A,1,N/A,0.001,ERROR
javamop_asterisk-java,org.asteriskjava.manager.internal.EventBuilderImplTest,N/A,N/A,1,N/A,0.001,ERROR
javamop_asterisk-java,org.asteriskjava.manager.internal.EventBuilderImplTest,N/A,N/A,1,N/A,0.005,ERROR
javamop_asterisk-java,org.asteriskjava.manager.internal.EventBuilderImplTest,N/A,N/A,1,N/A,0.001,ERROR
javamop_asterisk-java,org.asteriskjava.manager.internal.EventBuilderImplTest,N/A,N/A,1,N/A,0.001,ERROR
javamop_asterisk-java,org.asteriskjava.manager.internal.EventBuilderImplTest,N/A,N/A,1,N/A,0.001,ERROR
javamop_asterisk-java,org.asteriskjava.manager.internal.EventBuilderImplTest,N/A,N/A,1,N/A,0.001,ERROR
javamop_asterisk-java,null,22,0,22,0,0.15,FAILURE
javamop_asterisk-java,org.asteriskjava.manager.internal.ManagerConnectionImplTest,N/A,N/A,1,N/A,0.003,ERROR
javamop_asterisk-java,org.asteriskjava.manager.internal.ManagerConnectionImplTest,N/A,N/A,1,N/A,0.002,ERROR
javamop_asterisk-java,org.asteriskjava.manager.internal.ManagerConnectionImplTest,N/A,N/A,1,N/A,0.002,ERROR
javamop_asterisk-java,org.asteriskjava.manager.internal.ManagerConnectionImplTest,N/A,N/A,1,N/A,0.002,ERROR
javamop_asterisk-java,org.asteriskjava.manager.internal.ManagerConnectionImplTest,N/A,N/A,1,N/A,0.003,ERROR
javamop_asterisk-java,org.asteriskjava.manager.internal.ManagerConnectionImplTest,N/A,N/A,1,N/A,0.002,ERROR
javamop_asterisk-java,org.asteriskjava.manager.internal.ManagerConnectionImplTest,N/A,N/A,1,N/A,0.002,ERROR
javamop_asterisk-java,org.asteriskjava.manager.internal.ManagerConnectionImplTest,N/A,N/A,1,N/A,0.003,ERROR
javamop_asterisk-java,org.asteriskjava.manager.internal.ManagerConnectionImplTest,N/A,N/A,1,N/A,0.002,ERROR
javamop_asterisk-java,org.asteriskjava.manager.internal.ManagerConnectionImplTest,N/A,N/A,1,N/A,0.002,ERROR
javamop_asterisk-java,org.asteriskjava.manager.internal.ManagerConnectionImplTest,N/A,N/A,1,N/A,0.002,ERROR
javamop_asterisk-java,org.asteriskjava.manager.internal.ManagerConnectionImplTest,N/A,N/A,1,N/A,0.002,ERROR
javamop_asterisk-java,org.asteriskjava.manager.internal.ManagerConnectionImplTest,N/A,N/A,1,N/A,0.003,ERROR
javamop_asterisk-java,org.asteriskjava.manager.internal.ManagerConnectionImplTest,N/A,N/A,1,N/A,0.001,ERROR
javamop_asterisk-java,org.asteriskjava.manager.internal.ManagerConnectionImplTest,N/A,N/A,1,N/A,0.001,ERROR
javamop_asterisk-java,org.asteriskjava.manager.internal.ManagerConnectionImplTest,N/A,N/A,1,N/A,0.002,ERROR
javamop_asterisk-java,org.asteriskjava.manager.internal.ManagerConnectionImplTest,N/A,N/A,1,N/A,0.001,ERROR
javamop_asterisk-java,org.asteriskjava.manager.internal.ManagerConnectionImplTest,N/A,N/A,1,N/A,0.002,ERROR
javamop_asterisk-java,org.asteriskjava.manager.internal.ManagerConnectionImplTest,N/A,N/A,1,N/A,0.001,ERROR
javamop_asterisk-java,org.asteriskjava.manager.internal.ManagerConnectionImplTest,N/A,N/A,1,N/A,0.001,ERROR
javamop_asterisk-java,org.asteriskjava.manager.internal.ManagerConnectionImplTest,N/A,N/A,1,N/A,0.001,ERROR
javamop_asterisk-java,org.asteriskjava.manager.internal.ManagerConnectionImplTest,N/A,N/A,1,N/A,0.001,ERROR
javamop_asterisk-java,org.asteriskjava.manager.response.CoreStatusResponseTest,2,0,0,0,0.006,SUCCESS
javamop_asterisk-java,org.asteriskjava.manager.response.SipShowPeerResponseTest,5,0,0,0,0.009,SUCCESS
javamop_asterisk-java,org.asteriskjava.live.HangupCauseTest,1,0,0,0,0.037,SUCCESS
javamop_asterisk-java,org.asteriskjava.live.QueueMemberStateTest,2,0,0,0,0.019,SUCCESS
javamop_asterisk-java,org.asteriskjava.live.internal.AsteriskQueueMemberImplTest,1,0,0,0,1.633,SUCCESS
javamop_asterisk-java,org.asteriskjava.live.internal.AsteriskChannelImplTest,1,0,0,0,0.068,SUCCESS
javamop_asterisk-java,org.asteriskjava.live.internal.AsteriskAgentImplTest,1,0,0,0,0.088,SUCCESS
javamop_asterisk-java,org.asteriskjava.live.CallerIdTest,7,0,0,0,0.038,SUCCESS
javamop_asterisk-java,null,2,0,2,0,0.008,FAILURE
javamop_asterisk-java,org.asteriskjava.lock.LockerTest,N/A,N/A,1,N/A,0.001,ERROR
javamop_asterisk-java,org.asteriskjava.lock.LockerTest,N/A,N/A,1,N/A,0.004,ERROR
javamop_asterisk-java,org.asteriskjava.fastagi.command.ReceiveTextCommandTest,2,0,0,0,0.019,SUCCESS
javamop_asterisk-java,org.asteriskjava.fastagi.command.NoopCommandTest,1,0,0,0,0.012,SUCCESS
javamop_asterisk-java,null,2,0,1,0,0.032,FAILURE
javamop_asterisk-java,org.asteriskjava.fastagi.command.SpeechCreateCommandTest,1,0,0,0,0.013,SUCCESS
javamop_asterisk-java,org.asteriskjava.fastagi.command.SetContextCommandTest,1,0,0,0,0.012,SUCCESS
javamop_asterisk-java,org.asteriskjava.fastagi.command.QueueCommandTest,1,0,0,0,0.016,SUCCESS
javamop_asterisk-java,org.asteriskjava.fastagi.command.SayPhoneticCommandTest,2,0,0,0,0.014,SUCCESS
javamop_asterisk-java,org.asteriskjava.fastagi.command.VerboseCommandTest,1,0,0,0,0.015,SUCCESS
javamop_asterisk-java,org.asteriskjava.fastagi.command.SayAlphaCommandTest,2,0,0,0,0.017,SUCCESS
javamop_asterisk-java,org.asteriskjava.fastagi.command.SendTextCommandTest,1,0,0,0,0.013,SUCCESS
javamop_asterisk-java,org.asteriskjava.fastagi.command.StreamFileCommandTest,3,0,0,0,0.02,SUCCESS
javamop_asterisk-java,org.asteriskjava.fastagi.command.ControlStreamFileCommandTest,5,0,0,0,0.026,SUCCESS
javamop_asterisk-java,org.asteriskjava.fastagi.command.ChannelStatusCommandTest,2,0,0,0,0.015,SUCCESS
javamop_asterisk-java,org.asteriskjava.fastagi.command.DatabaseDelTreeCommandTest,2,0,0,0,0.02,SUCCESS
javamop_asterisk-java,org.asteriskjava.fastagi.command.DatabaseGetCommandTest,1,0,0,0,0.015,SUCCESS
javamop_asterisk-java,org.asteriskjava.fastagi.command.SpeechUnloadGrammarCommandTest,1,0,0,0,0.012,SUCCESS
javamop_asterisk-java,org.asteriskjava.fastagi.command.HangupCommandTest,2,0,0,0,0.016,SUCCESS
javamop_asterisk-java,org.asteriskjava.fastagi.command.SetMusicOffCommandTest,1,0,0,0,0.009,SUCCESS
javamop_asterisk-java,org.asteriskjava.fastagi.command.SetPriorityCommandTest,1,0,0,0,0.012,SUCCESS
javamop_asterisk-java,org.asteriskjava.fastagi.command.SetMusicOnCommandTest,2,0,0,0,0.016,SUCCESS
javamop_asterisk-java,org.asteriskjava.fastagi.command.GetDataCommandTest,6,0,0,0,0.227,SUCCESS
javamop_asterisk-java,org.asteriskjava.fastagi.command.ReceiveCharCommandTest,2,0,0,0,0.018,SUCCESS
javamop_asterisk-java,org.asteriskjava.fastagi.command.SayNumberCommandTest,2,0,0,0,0.02,SUCCESS
javamop_asterisk-java,org.asteriskjava.fastagi.command.SetCallerIdCommandTest,1,0,0,0,0.022,SUCCESS
javamop_asterisk-java,org.asteriskjava.fastagi.command.WaitForDigitCommandTest,2,0,0,0,0.02,SUCCESS
javamop_asterisk-java,org.asteriskjava.fastagi.command.SayDateTimeCommandTest,4,0,0,0,0.032,SUCCESS
javamop_asterisk-java,org.asteriskjava.fastagi.command.SayTimeCommandTest,2,0,0,0,0.019,SUCCESS
javamop_asterisk-java,null,11,0,1,0,0.075,FAILURE
javamop_asterisk-java,org.asteriskjava.fastagi.command.DatabaseDelCommandTest,2,0,0,0,0.021,SUCCESS
javamop_asterisk-java,org.asteriskjava.fastagi.command.GosubCommandTest,2,0,0,0,0.023,SUCCESS
javamop_asterisk-java,org.asteriskjava.fastagi.command.GetOptionCommandTest,2,0,0,0,0.023,SUCCESS
javamop_asterisk-java,org.asteriskjava.fastagi.command.SayDigitsCommandTest,2,0,0,0,0.019,SUCCESS
javamop_asterisk-java,org.asteriskjava.fastagi.command.SpeechDestroyCommandTest,1,0,0,0,0.01,SUCCESS
javamop_asterisk-java,null,2,0,2,0,0.026,FAILURE
javamop_asterisk-java,org.asteriskjava.fastagi.command.AnswerCommandTest,1,0,0,0,0.01,SUCCESS
javamop_asterisk-java,org.asteriskjava.fastagi.command.RecordFileCommandTest,2,0,0,0,0.026,SUCCESS
javamop_asterisk-java,org.asteriskjava.fastagi.command.SpeechRecognizeCommandTest,2,0,0,0,0.017,SUCCESS
javamop_asterisk-java,org.asteriskjava.fastagi.command.BridgeCommandTest,2,0,0,0,0.026,SUCCESS
javamop_asterisk-java,org.asteriskjava.fastagi.command.SetAutoHangupCommandTest,1,0,0,0,0.013,SUCCESS
javamop_asterisk-java,org.asteriskjava.fastagi.command.TddModeCommandTest,1,0,0,0,0.013,SUCCESS
javamop_asterisk-java,org.asteriskjava.fastagi.command.SpeechActivateGrammarCommandTest,1,0,0,0,0.013,SUCCESS
javamop_asterisk-java,org.asteriskjava.fastagi.command.AsyncAgiBreakCommandTest,1,0,0,0,0.009,SUCCESS
javamop_asterisk-java,org.asteriskjava.fastagi.command.SpeechSetCommandTest,1,0,0,0,0.014,SUCCESS
javamop_asterisk-java,org.asteriskjava.fastagi.command.SetExtensionCommandTest,1,0,0,0,0.012,SUCCESS
javamop_asterisk-java,org.asteriskjava.fastagi.command.SpeechDeactivateGrammarCommandTest,1,0,0,0,0.014,SUCCESS
javamop_asterisk-java,org.asteriskjava.fastagi.command.SpeechLoadGrammarCommandTest,1,0,0,0,0.014,SUCCESS
javamop_asterisk-java,org.asteriskjava.fastagi.command.DatabasePutCommandTest,1,0,0,0,0.018,SUCCESS
javamop_asterisk-java,org.asteriskjava.fastagi.command.SendImageCommandTest,1,0,0,0,0.016,SUCCESS
javamop_asterisk-java,org.asteriskjava.fastagi.command.MeetmeCommandTest,2,0,0,0,0.021,SUCCESS
javamop_asterisk-java,org.asteriskjava.fastagi.command.SetVariableCommandTest,1,0,0,0,0.014,SUCCESS
javamop_asterisk-java,org.asteriskjava.fastagi.command.GetFullVariableCommandTest,2,0,0,0,0.014,SUCCESS
javamop_asterisk-java,org.asteriskjava.fastagi.command.ExecCommandTest,5,0,0,0,0.015,SUCCESS
javamop_asterisk-java,org.asteriskjava.fastagi.ClassNameMappingStrategyTest,2,0,0,0,0.066,SUCCESS
javamop_asterisk-java,null,3,0,3,0,0.067,FAILURE
javamop_asterisk-java,org.asteriskjava.fastagi.ResourceBundleMappingStrategyTest,N/A,N/A,1,N/A,0.051,ERROR
javamop_asterisk-java,org.asteriskjava.fastagi.ResourceBundleMappingStrategyTest,N/A,N/A,1,N/A,0.012,ERROR
javamop_asterisk-java,org.asteriskjava.fastagi.ResourceBundleMappingStrategyTest,N/A,N/A,1,N/A,0.002,ERROR
javamop_asterisk-java,org.asteriskjava.fastagi.DefaultAgiServerTest,4,0,0,0,0.235,SUCCESS
javamop_asterisk-java,null,2,0,2,0,0.008,FAILURE
javamop_asterisk-java,org.asteriskjava.fastagi.CompositeMappingStrategyTest,N/A,N/A,1,N/A,0.003,ERROR
javamop_asterisk-java,org.asteriskjava.fastagi.CompositeMappingStrategyTest,N/A,N/A,1,N/A,0.003,ERROR
javamop_asterisk-java,org.asteriskjava.fastagi.internal.AgiReplyImplTest,12,0,0,0,0.103,SUCCESS
javamop_asterisk-java,null,1,0,1,0,0.005,FAILURE
javamop_asterisk-java,org.asteriskjava.fastagi.internal.AgiWriterImplTest,N/A,N/A,1,N/A,0.001,ERROR
javamop_asterisk-java,null,5,0,5,0,0.02,FAILURE
javamop_asterisk-java,org.asteriskjava.fastagi.internal.AgiReaderImplTest,N/A,N/A,1,N/A,0.002,ERROR
javamop_asterisk-java,org.asteriskjava.fastagi.internal.AgiReaderImplTest,N/A,N/A,1,N/A,0.001,ERROR
javamop_asterisk-java,org.asteriskjava.fastagi.internal.AgiReaderImplTest,N/A,N/A,1,N/A,0.001,ERROR
javamop_asterisk-java,org.asteriskjava.fastagi.internal.AgiReaderImplTest,N/A,N/A,1,N/A,0.002,ERROR
javamop_asterisk-java,org.asteriskjava.fastagi.internal.AgiReaderImplTest,N/A,N/A,1,N/A,0.001,ERROR
javamop_asterisk-java,null,3,0,3,0,0.012,FAILURE
javamop_asterisk-java,org.asteriskjava.fastagi.internal.AgiChannelImplTest,N/A,N/A,1,N/A,0.002,ERROR
javamop_asterisk-java,org.asteriskjava.fastagi.internal.AgiChannelImplTest,N/A,N/A,1,N/A,0.002,ERROR
javamop_asterisk-java,org.asteriskjava.fastagi.internal.AgiChannelImplTest,N/A,N/A,1,N/A,0.001,ERROR
javamop_asterisk-java,org.asteriskjava.fastagi.internal.AgiRequestImplTest,24,0,0,0,0.265,SUCCESS
javamop_asterisk-java,org.asteriskjava.fastagi.ScriptEngineMappingStrategyTest,3,0,0,0,0.003,SUCCESS
javamop_asterisk-java,org.asteriskjava.util.DateUtilTest,2,0,0,0,0.004,SUCCESS
javamop_asterisk-java,org.asteriskjava.util.internal.streamreader.FastScannerDeterministicTest,3,0,0,0,0.255,SUCCESS
javamop_asterisk-java,org.asteriskjava.util.internal.streamreader.FastScannerRandomTest,2,0,0,0,16.37,SUCCESS
javamop_asterisk-java,org.asteriskjava.util.internal.streamreader.FastScannerSpeedTest,3,0,0,0,8.25,SUCCESS
javamop_asterisk-java,org.asteriskjava.util.AstUtilTest,7,0,0,0,0.005,SUCCESS
javamop_asterisk-java,org.asteriskjava.AsteriskVersionTest,6,0,0,0,0.005,SUCCESS
Sum: 85.16199999999999
--------------------Execution: 6 -----------------------------------
javamop_asterisk-java,null,1,0,1,0,11.91,FAILURE
javamop_asterisk-java,org.asteriskjava.config.ConfigFileParserTest,4,0,0,0,0.16,SUCCESS
javamop_asterisk-java,org.asteriskjava.manager.event.ConfbridgeJoinEventTest,1,0,0,0,6.332,SUCCESS
javamop_asterisk-java,org.asteriskjava.manager.event.AgiExecStartEventTest,1,0,0,0,0.027,SUCCESS
javamop_asterisk-java,org.asteriskjava.manager.event.ChanSpyStopEventTest,1,0,0,0,0.097,SUCCESS
javamop_asterisk-java,org.asteriskjava.manager.event.AsyncAgiEventTest,2,0,0,0,0.054,SUCCESS
javamop_asterisk-java,org.asteriskjava.manager.event.BridgeCreateEventTest,1,0,0,0,0.012,SUCCESS
javamop_asterisk-java,org.asteriskjava.manager.event.T38FaxStatusEventTest,2,0,0,0,0.028,SUCCESS
javamop_asterisk-java,org.asteriskjava.manager.event.CdrEventTest,3,0,0,0,0.02,SUCCESS
javamop_asterisk-java,org.asteriskjava.manager.event.ChannelTalkingStartEventTest,1,0,0,0,0.018,SUCCESS
javamop_asterisk-java,org.asteriskjava.manager.event.MusicOnHoldEventTest,1,0,0,0,0.011,SUCCESS
javamop_asterisk-java,org.asteriskjava.manager.event.NewStateEventTest,2,0,0,0,0.075,SUCCESS
javamop_asterisk-java,org.asteriskjava.manager.event.BridgeEnterEventTest,1,0,0,0,0.002,SUCCESS
javamop_asterisk-java,org.asteriskjava.manager.event.ChannelReloadEventTest,3,0,0,0,0.005,SUCCESS
javamop_asterisk-java,org.asteriskjava.manager.event.AttendedTransferEventTest,1,0,0,0,0.021,SUCCESS
javamop_asterisk-java,org.asteriskjava.manager.event.HangupEventTest,2,0,0,0,0.124,SUCCESS
javamop_asterisk-java,org.asteriskjava.manager.event.ChannelTalkingStopEventTest,1,0,0,0,0.028,SUCCESS
javamop_asterisk-java,org.asteriskjava.manager.event.SkypeBuddyStatusEventTest,2,0,0,0,0.002,SUCCESS
javamop_asterisk-java,org.asteriskjava.manager.event.AgentConnectEventTest,1,0,0,0,0.018,SUCCESS
javamop_asterisk-java,org.asteriskjava.manager.event.ConfbridgeLeaveEventTest,1,0,0,0,0.009,SUCCESS
javamop_asterisk-java,org.asteriskjava.manager.event.RtcpReceivedEventTest,5,0,0,0,0.009,SUCCESS
javamop_asterisk-java,org.asteriskjava.manager.event.HangupRequestEventTest,1,0,0,0,0.01,SUCCESS
javamop_asterisk-java,org.asteriskjava.manager.event.SkypeChatMessageEventTest,1,0,0,0,0.034,SUCCESS
javamop_asterisk-java,org.asteriskjava.manager.AbstractManagerEventListenerTest,2,0,0,0,0.004,SUCCESS
javamop_asterisk-java,null,9,0,9,0,6.044,FAILURE
javamop_asterisk-java,org.asteriskjava.manager.internal.ManagerReaderImplTest,N/A,N/A,1,N/A,6.026,ERROR
javamop_asterisk-java,org.asteriskjava.manager.internal.ManagerReaderImplTest,N/A,N/A,1,N/A,0.001,ERROR
javamop_asterisk-java,org.asteriskjava.manager.internal.ManagerReaderImplTest,N/A,N/A,1,N/A,0.001,ERROR
javamop_asterisk-java,org.asteriskjava.manager.internal.ManagerReaderImplTest,N/A,N/A,1,N/A,0.001,ERROR
javamop_asterisk-java,org.asteriskjava.manager.internal.ManagerReaderImplTest,N/A,N/A,1,N/A,0.001,ERROR
javamop_asterisk-java,org.asteriskjava.manager.internal.ManagerReaderImplTest,N/A,N/A,1,N/A,0.001,ERROR
javamop_asterisk-java,org.asteriskjava.manager.internal.ManagerReaderImplTest,N/A,N/A,1,N/A,0.001,ERROR
javamop_asterisk-java,org.asteriskjava.manager.internal.ManagerReaderImplTest,N/A,N/A,1,N/A,0.002,ERROR
javamop_asterisk-java,org.asteriskjava.manager.internal.ManagerReaderImplTest,N/A,N/A,1,N/A,0.001,ERROR
javamop_asterisk-java,null,2,0,1,0,13.26,FAILURE
javamop_asterisk-java,org.asteriskjava.manager.internal.ManagerWriterImplTest,N/A,N/A,1,N/A,13.1,ERROR
javamop_asterisk-java,org.asteriskjava.manager.internal.ResponseBuilderImplTest,9,0,0,0,0.096,SUCCESS
javamop_asterisk-java,org.asteriskjava.manager.internal.ActionBuilderImplTest,16,0,0,0,0.263,SUCCESS
javamop_asterisk-java,org.asteriskjava.manager.internal.backwardsCompatibility.bridge.BridgeEnterEventComparatorTest,17,0,0,0,0.022,SUCCESS
javamop_asterisk-java,null,36,0,36,0,0.082,FAILURE
javamop_asterisk-java,org.asteriskjava.manager.internal.EventBuilderImplTest,N/A,N/A,1,N/A,0.001,ERROR
javamop_asterisk-java,org.asteriskjava.manager.internal.EventBuilderImplTest,N/A,N/A,1,N/A,0.001,ERROR
javamop_asterisk-java,org.asteriskjava.manager.internal.EventBuilderImplTest,N/A,N/A,1,N/A,0.003,ERROR
javamop_asterisk-java,org.asteriskjava.manager.internal.EventBuilderImplTest,N/A,N/A,1,N/A,0.001,ERROR
javamop_asterisk-java,org.asteriskjava.manager.internal.EventBuilderImplTest,N/A,N/A,1,N/A,0.002,ERROR
javamop_asterisk-java,org.asteriskjava.manager.internal.EventBuilderImplTest,N/A,N/A,1,N/A,0.002,ERROR
javamop_asterisk-java,org.asteriskjava.manager.internal.EventBuilderImplTest,N/A,N/A,1,N/A,0.001,ERROR
javamop_asterisk-java,org.asteriskjava.manager.internal.EventBuilderImplTest,N/A,N/A,1,N/A,0.002,ERROR
javamop_asterisk-java,org.asteriskjava.manager.internal.EventBuilderImplTest,N/A,N/A,1,N/A,0.001,ERROR
javamop_asterisk-java,org.asteriskjava.manager.internal.EventBuilderImplTest,N/A,N/A,1,N/A,0.001,ERROR
javamop_asterisk-java,org.asteriskjava.manager.internal.EventBuilderImplTest,N/A,N/A,1,N/A,0.001,ERROR
javamop_asterisk-java,org.asteriskjava.manager.internal.EventBuilderImplTest,N/A,N/A,1,N/A,0.001,ERROR
javamop_asterisk-java,org.asteriskjava.manager.internal.EventBuilderImplTest,N/A,N/A,1,N/A,0.002,ERROR
javamop_asterisk-java,org.asteriskjava.manager.internal.EventBuilderImplTest,N/A,N/A,1,N/A,0.002,ERROR
javamop_asterisk-java,org.asteriskjava.manager.internal.EventBuilderImplTest,N/A,N/A,1,N/A,0.002,ERROR
javamop_asterisk-java,org.asteriskjava.manager.internal.EventBuilderImplTest,N/A,N/A,1,N/A,0.003,ERROR
javamop_asterisk-java,org.asteriskjava.manager.internal.EventBuilderImplTest,N/A,N/A,1,N/A,0.001,ERROR
javamop_asterisk-java,org.asteriskjava.manager.internal.EventBuilderImplTest,N/A,N/A,1,N/A,0.001,ERROR
javamop_asterisk-java,org.asteriskjava.manager.internal.EventBuilderImplTest,N/A,N/A,1,N/A,0.001,ERROR
javamop_asterisk-java,org.asteriskjava.manager.internal.EventBuilderImplTest,N/A,N/A,1,N/A,0.0,ERROR
javamop_asterisk-java,org.asteriskjava.manager.internal.EventBuilderImplTest,N/A,N/A,1,N/A,0.001,ERROR
javamop_asterisk-java,org.asteriskjava.manager.internal.EventBuilderImplTest,N/A,N/A,1,N/A,0.001,ERROR
javamop_asterisk-java,org.asteriskjava.manager.internal.EventBuilderImplTest,N/A,N/A,1,N/A,0.001,ERROR
javamop_asterisk-java,org.asteriskjava.manager.internal.EventBuilderImplTest,N/A,N/A,1,N/A,0.003,ERROR
javamop_asterisk-java,org.asteriskjava.manager.internal.EventBuilderImplTest,N/A,N/A,1,N/A,0.001,ERROR
javamop_asterisk-java,org.asteriskjava.manager.internal.EventBuilderImplTest,N/A,N/A,1,N/A,0.001,ERROR
javamop_asterisk-java,org.asteriskjava.manager.internal.EventBuilderImplTest,N/A,N/A,1,N/A,0.002,ERROR
javamop_asterisk-java,org.asteriskjava.manager.internal.EventBuilderImplTest,N/A,N/A,1,N/A,0.002,ERROR
javamop_asterisk-java,org.asteriskjava.manager.internal.EventBuilderImplTest,N/A,N/A,1,N/A,0.001,ERROR
javamop_asterisk-java,org.asteriskjava.manager.internal.EventBuilderImplTest,N/A,N/A,1,N/A,0.001,ERROR
javamop_asterisk-java,org.asteriskjava.manager.internal.EventBuilderImplTest,N/A,N/A,1,N/A,0.001,ERROR
javamop_asterisk-java,org.asteriskjava.manager.internal.EventBuilderImplTest,N/A,N/A,1,N/A,0.002,ERROR
javamop_asterisk-java,org.asteriskjava.manager.internal.EventBuilderImplTest,N/A,N/A,1,N/A,0.004,ERROR
javamop_asterisk-java,org.asteriskjava.manager.internal.EventBuilderImplTest,N/A,N/A,1,N/A,0.001,ERROR
javamop_asterisk-java,org.asteriskjava.manager.internal.EventBuilderImplTest,N/A,N/A,1,N/A,0.001,ERROR
javamop_asterisk-java,org.asteriskjava.manager.internal.EventBuilderImplTest,N/A,N/A,1,N/A,0.001,ERROR
javamop_asterisk-java,null,22,0,22,0,0.126,FAILURE
javamop_asterisk-java,org.asteriskjava.manager.internal.ManagerConnectionImplTest,N/A,N/A,1,N/A,0.003,ERROR
javamop_asterisk-java,org.asteriskjava.manager.internal.ManagerConnectionImplTest,N/A,N/A,1,N/A,0.002,ERROR
javamop_asterisk-java,org.asteriskjava.manager.internal.ManagerConnectionImplTest,N/A,N/A,1,N/A,0.001,ERROR
javamop_asterisk-java,org.asteriskjava.manager.internal.ManagerConnectionImplTest,N/A,N/A,1,N/A,0.002,ERROR
javamop_asterisk-java,org.asteriskjava.manager.internal.ManagerConnectionImplTest,N/A,N/A,1,N/A,0.002,ERROR
javamop_asterisk-java,org.asteriskjava.manager.internal.ManagerConnectionImplTest,N/A,N/A,1,N/A,0.001,ERROR
javamop_asterisk-java,org.asteriskjava.manager.internal.ManagerConnectionImplTest,N/A,N/A,1,N/A,0.002,ERROR
javamop_asterisk-java,org.asteriskjava.manager.internal.ManagerConnectionImplTest,N/A,N/A,1,N/A,0.002,ERROR
javamop_asterisk-java,org.asteriskjava.manager.internal.ManagerConnectionImplTest,N/A,N/A,1,N/A,0.003,ERROR
javamop_asterisk-java,org.asteriskjava.manager.internal.ManagerConnectionImplTest,N/A,N/A,1,N/A,0.002,ERROR
javamop_asterisk-java,org.asteriskjava.manager.internal.ManagerConnectionImplTest,N/A,N/A,1,N/A,0.003,ERROR
javamop_asterisk-java,org.asteriskjava.manager.internal.ManagerConnectionImplTest,N/A,N/A,1,N/A,0.003,ERROR
javamop_asterisk-java,org.asteriskjava.manager.internal.ManagerConnectionImplTest,N/A,N/A,1,N/A,0.002,ERROR
javamop_asterisk-java,org.asteriskjava.manager.internal.ManagerConnectionImplTest,N/A,N/A,1,N/A,0.002,ERROR
javamop_asterisk-java,org.asteriskjava.manager.internal.ManagerConnectionImplTest,N/A,N/A,1,N/A,0.003,ERROR
javamop_asterisk-java,org.asteriskjava.manager.internal.ManagerConnectionImplTest,N/A,N/A,1,N/A,0.002,ERROR
javamop_asterisk-java,org.asteriskjava.manager.internal.ManagerConnectionImplTest,N/A,N/A,1,N/A,0.002,ERROR
javamop_asterisk-java,org.asteriskjava.manager.internal.ManagerConnectionImplTest,N/A,N/A,1,N/A,0.001,ERROR
javamop_asterisk-java,org.asteriskjava.manager.internal.ManagerConnectionImplTest,N/A,N/A,1,N/A,0.001,ERROR
javamop_asterisk-java,org.asteriskjava.manager.internal.ManagerConnectionImplTest,N/A,N/A,1,N/A,0.002,ERROR
javamop_asterisk-java,org.asteriskjava.manager.internal.ManagerConnectionImplTest,N/A,N/A,1,N/A,0.002,ERROR
javamop_asterisk-java,org.asteriskjava.manager.internal.ManagerConnectionImplTest,N/A,N/A,1,N/A,0.002,ERROR
javamop_asterisk-java,org.asteriskjava.manager.response.CoreStatusResponseTest,2,0,0,0,0.005,SUCCESS
javamop_asterisk-java,org.asteriskjava.manager.response.SipShowPeerResponseTest,5,0,0,0,0.011,SUCCESS
javamop_asterisk-java,org.asteriskjava.live.HangupCauseTest,1,0,0,0,0.038,SUCCESS
javamop_asterisk-java,org.asteriskjava.live.QueueMemberStateTest,2,0,0,0,0.019,SUCCESS
javamop_asterisk-java,org.asteriskjava.live.internal.AsteriskQueueMemberImplTest,1,0,0,0,1.768,SUCCESS
javamop_asterisk-java,org.asteriskjava.live.internal.AsteriskChannelImplTest,1,0,0,0,0.078,SUCCESS
javamop_asterisk-java,org.asteriskjava.live.internal.AsteriskAgentImplTest,1,0,0,0,0.045,SUCCESS
javamop_asterisk-java,org.asteriskjava.live.CallerIdTest,7,0,0,0,0.037,SUCCESS
javamop_asterisk-java,null,2,0,2,0,0.006,FAILURE
javamop_asterisk-java,org.asteriskjava.lock.LockerTest,N/A,N/A,1,N/A,0.001,ERROR
javamop_asterisk-java,org.asteriskjava.lock.LockerTest,N/A,N/A,1,N/A,0.002,ERROR
javamop_asterisk-java,org.asteriskjava.fastagi.command.ReceiveTextCommandTest,2,0,0,0,0.018,SUCCESS
javamop_asterisk-java,org.asteriskjava.fastagi.command.NoopCommandTest,1,0,0,0,0.013,SUCCESS
javamop_asterisk-java,null,2,0,1,0,0.028,FAILURE
javamop_asterisk-java,org.asteriskjava.fastagi.command.SpeechCreateCommandTest,1,0,0,0,0.015,SUCCESS
javamop_asterisk-java,org.asteriskjava.fastagi.command.SetContextCommandTest,1,0,0,0,0.017,SUCCESS
javamop_asterisk-java,org.asteriskjava.fastagi.command.QueueCommandTest,1,0,0,0,0.015,SUCCESS
javamop_asterisk-java,org.asteriskjava.fastagi.command.SayPhoneticCommandTest,2,0,0,0,0.018,SUCCESS
javamop_asterisk-java,org.asteriskjava.fastagi.command.VerboseCommandTest,1,0,0,0,0.016,SUCCESS
javamop_asterisk-java,org.asteriskjava.fastagi.command.SayAlphaCommandTest,2,0,0,0,0.017,SUCCESS
javamop_asterisk-java,org.asteriskjava.fastagi.command.SendTextCommandTest,1,0,0,0,0.013,SUCCESS
javamop_asterisk-java,org.asteriskjava.fastagi.command.StreamFileCommandTest,3,0,0,0,0.023,SUCCESS
javamop_asterisk-java,org.asteriskjava.fastagi.command.ControlStreamFileCommandTest,5,0,0,0,0.028,SUCCESS
javamop_asterisk-java,org.asteriskjava.fastagi.command.ChannelStatusCommandTest,2,0,0,0,0.015,SUCCESS
javamop_asterisk-java,org.asteriskjava.fastagi.command.DatabaseDelTreeCommandTest,2,0,0,0,0.019,SUCCESS
javamop_asterisk-java,org.asteriskjava.fastagi.command.DatabaseGetCommandTest,1,0,0,0,0.016,SUCCESS
javamop_asterisk-java,org.asteriskjava.fastagi.command.SpeechUnloadGrammarCommandTest,1,0,0,0,0.016,SUCCESS
javamop_asterisk-java,org.asteriskjava.fastagi.command.HangupCommandTest,2,0,0,0,0.018,SUCCESS
javamop_asterisk-java,org.asteriskjava.fastagi.command.SetMusicOffCommandTest,1,0,0,0,0.011,SUCCESS
javamop_asterisk-java,org.asteriskjava.fastagi.command.SetPriorityCommandTest,1,0,0,0,0.014,SUCCESS
javamop_asterisk-java,org.asteriskjava.fastagi.command.SetMusicOnCommandTest,2,0,0,0,0.019,SUCCESS
javamop_asterisk-java,org.asteriskjava.fastagi.command.GetDataCommandTest,6,0,0,0,0.291,SUCCESS
javamop_asterisk-java,org.asteriskjava.fastagi.command.ReceiveCharCommandTest,2,0,0,0,0.019,SUCCESS
javamop_asterisk-java,org.asteriskjava.fastagi.command.SayNumberCommandTest,2,0,0,0,0.017,SUCCESS
javamop_asterisk-java,org.asteriskjava.fastagi.command.SetCallerIdCommandTest,1,0,0,0,0.015,SUCCESS
javamop_asterisk-java,org.asteriskjava.fastagi.command.WaitForDigitCommandTest,2,0,0,0,0.014,SUCCESS
javamop_asterisk-java,org.asteriskjava.fastagi.command.SayDateTimeCommandTest,4,0,0,0,0.026,SUCCESS
javamop_asterisk-java,org.asteriskjava.fastagi.command.SayTimeCommandTest,2,0,0,0,0.016,SUCCESS
javamop_asterisk-java,null,11,0,1,0,0.075,FAILURE
javamop_asterisk-java,org.asteriskjava.fastagi.command.DatabaseDelCommandTest,2,0,0,0,0.022,SUCCESS
javamop_asterisk-java,org.asteriskjava.fastagi.command.GosubCommandTest,2,0,0,0,0.024,SUCCESS
javamop_asterisk-java,org.asteriskjava.fastagi.command.GetOptionCommandTest,2,0,0,0,0.022,SUCCESS
javamop_asterisk-java,org.asteriskjava.fastagi.command.SayDigitsCommandTest,2,0,0,0,0.018,SUCCESS
javamop_asterisk-java,org.asteriskjava.fastagi.command.SpeechDestroyCommandTest,1,0,0,0,0.011,SUCCESS
javamop_asterisk-java,null,2,0,2,0,0.027,FAILURE
javamop_asterisk-java,org.asteriskjava.fastagi.command.AnswerCommandTest,1,0,0,0,0.011,SUCCESS
javamop_asterisk-java,org.asteriskjava.fastagi.command.RecordFileCommandTest,2,0,0,0,0.027,SUCCESS
javamop_asterisk-java,org.asteriskjava.fastagi.command.SpeechRecognizeCommandTest,2,0,0,0,0.018,SUCCESS
javamop_asterisk-java,org.asteriskjava.fastagi.command.BridgeCommandTest,2,0,0,0,0.023,SUCCESS
javamop_asterisk-java,org.asteriskjava.fastagi.command.SetAutoHangupCommandTest,1,0,0,0,0.013,SUCCESS
javamop_asterisk-java,org.asteriskjava.fastagi.command.TddModeCommandTest,1,0,0,0,0.013,SUCCESS
javamop_asterisk-java,org.asteriskjava.fastagi.command.SpeechActivateGrammarCommandTest,1,0,0,0,0.013,SUCCESS
javamop_asterisk-java,org.asteriskjava.fastagi.command.AsyncAgiBreakCommandTest,1,0,0,0,0.009,SUCCESS
javamop_asterisk-java,org.asteriskjava.fastagi.command.SpeechSetCommandTest,1,0,0,0,0.016,SUCCESS
javamop_asterisk-java,org.asteriskjava.fastagi.command.SetExtensionCommandTest,1,0,0,0,0.013,SUCCESS
javamop_asterisk-java,org.asteriskjava.fastagi.command.SpeechDeactivateGrammarCommandTest,1,0,0,0,0.013,SUCCESS
javamop_asterisk-java,org.asteriskjava.fastagi.command.SpeechLoadGrammarCommandTest,1,0,0,0,0.015,SUCCESS
javamop_asterisk-java,org.asteriskjava.fastagi.command.DatabasePutCommandTest,1,0,0,0,0.022,SUCCESS
javamop_asterisk-java,org.asteriskjava.fastagi.command.SendImageCommandTest,1,0,0,0,0.016,SUCCESS
javamop_asterisk-java,org.asteriskjava.fastagi.command.MeetmeCommandTest,2,0,0,0,0.022,SUCCESS
javamop_asterisk-java,org.asteriskjava.fastagi.command.SetVariableCommandTest,1,0,0,0,0.015,SUCCESS
javamop_asterisk-java,org.asteriskjava.fastagi.command.GetFullVariableCommandTest,2,0,0,0,0.018,SUCCESS
javamop_asterisk-java,org.asteriskjava.fastagi.command.ExecCommandTest,5,0,0,0,0.016,SUCCESS
javamop_asterisk-java,org.asteriskjava.fastagi.ClassNameMappingStrategyTest,2,0,0,0,0.08,SUCCESS
javamop_asterisk-java,null,3,0,3,0,0.061,FAILURE
javamop_asterisk-java,org.asteriskjava.fastagi.ResourceBundleMappingStrategyTest,N/A,N/A,1,N/A,0.055,ERROR
javamop_asterisk-java,org.asteriskjava.fastagi.ResourceBundleMappingStrategyTest,N/A,N/A,1,N/A,0.002,ERROR
javamop_asterisk-java,org.asteriskjava.fastagi.ResourceBundleMappingStrategyTest,N/A,N/A,1,N/A,0.001,ERROR
javamop_asterisk-java,org.asteriskjava.fastagi.DefaultAgiServerTest,4,0,0,0,0.24,SUCCESS
javamop_asterisk-java,null,2,0,2,0,0.006,FAILURE
javamop_asterisk-java,org.asteriskjava.fastagi.CompositeMappingStrategyTest,N/A,N/A,1,N/A,0.002,ERROR
javamop_asterisk-java,org.asteriskjava.fastagi.CompositeMappingStrategyTest,N/A,N/A,1,N/A,0.002,ERROR
javamop_asterisk-java,org.asteriskjava.fastagi.internal.AgiReplyImplTest,12,0,0,0,0.103,SUCCESS
javamop_asterisk-java,null,1,0,1,0,0.006,FAILURE
javamop_asterisk-java,org.asteriskjava.fastagi.internal.AgiWriterImplTest,N/A,N/A,1,N/A,0.002,ERROR
javamop_asterisk-java,null,5,0,5,0,0.019,FAILURE
javamop_asterisk-java,org.asteriskjava.fastagi.internal.AgiReaderImplTest,N/A,N/A,1,N/A,0.001,ERROR
javamop_asterisk-java,org.asteriskjava.fastagi.internal.AgiReaderImplTest,N/A,N/A,1,N/A,0.001,ERROR
javamop_asterisk-java,org.asteriskjava.fastagi.internal.AgiReaderImplTest,N/A,N/A,1,N/A,0.001,ERROR
javamop_asterisk-java,org.asteriskjava.fastagi.internal.AgiReaderImplTest,N/A,N/A,1,N/A,0.002,ERROR
javamop_asterisk-java,org.asteriskjava.fastagi.internal.AgiReaderImplTest,N/A,N/A,1,N/A,0.001,ERROR
javamop_asterisk-java,null,3,0,3,0,0.013,FAILURE
javamop_asterisk-java,org.asteriskjava.fastagi.internal.AgiChannelImplTest,N/A,N/A,1,N/A,0.001,ERROR
javamop_asterisk-java,org.asteriskjava.fastagi.internal.AgiChannelImplTest,N/A,N/A,1,N/A,0.001,ERROR
javamop_asterisk-java,org.asteriskjava.fastagi.internal.AgiChannelImplTest,N/A,N/A,1,N/A,0.001,ERROR
javamop_asterisk-java,org.asteriskjava.fastagi.internal.AgiRequestImplTest,24,0,0,0,0.268,SUCCESS
javamop_asterisk-java,org.asteriskjava.fastagi.ScriptEngineMappingStrategyTest,3,0,0,0,0.004,SUCCESS
javamop_asterisk-java,org.asteriskjava.util.DateUtilTest,2,0,0,0,0.004,SUCCESS
javamop_asterisk-java,org.asteriskjava.util.internal.streamreader.FastScannerDeterministicTest,3,0,0,0,0.303,SUCCESS
javamop_asterisk-java,org.asteriskjava.util.internal.streamreader.FastScannerRandomTest,2,0,0,0,17.24,SUCCESS
javamop_asterisk-java,org.asteriskjava.util.internal.streamreader.FastScannerSpeedTest,3,0,0,0,8.99,SUCCESS
javamop_asterisk-java,org.asteriskjava.util.AstUtilTest,7,0,0,0,0.004,SUCCESS
javamop_asterisk-java,org.asteriskjava.AsteriskVersionTest,6,0,0,0,0.005,SUCCESS
Sum: 88.80399999999997
--------------------Execution: 7 -----------------------------------
javamop_asterisk-java,null,1,0,1,0,12.34,FAILURE
javamop_asterisk-java,org.asteriskjava.config.ConfigFileParserTest,4,0,0,0,0.186,SUCCESS
javamop_asterisk-java,org.asteriskjava.manager.event.ConfbridgeJoinEventTest,1,0,0,0,6.879,SUCCESS
javamop_asterisk-java,org.asteriskjava.manager.event.AgiExecStartEventTest,1,0,0,0,0.026,SUCCESS
javamop_asterisk-java,org.asteriskjava.manager.event.ChanSpyStopEventTest,1,0,0,0,0.107,SUCCESS
javamop_asterisk-java,org.asteriskjava.manager.event.AsyncAgiEventTest,2,0,0,0,0.057,SUCCESS
javamop_asterisk-java,org.asteriskjava.manager.event.BridgeCreateEventTest,1,0,0,0,0.014,SUCCESS
javamop_asterisk-java,org.asteriskjava.manager.event.T38FaxStatusEventTest,2,0,0,0,0.039,SUCCESS
javamop_asterisk-java,org.asteriskjava.manager.event.CdrEventTest,3,0,0,0,0.025,SUCCESS
javamop_asterisk-java,org.asteriskjava.manager.event.ChannelTalkingStartEventTest,1,0,0,0,0.022,SUCCESS
javamop_asterisk-java,org.asteriskjava.manager.event.MusicOnHoldEventTest,1,0,0,0,0.014,SUCCESS
javamop_asterisk-java,org.asteriskjava.manager.event.NewStateEventTest,2,0,0,0,0.073,SUCCESS
javamop_asterisk-java,org.asteriskjava.manager.event.BridgeEnterEventTest,1,0,0,0,0.003,SUCCESS
javamop_asterisk-java,org.asteriskjava.manager.event.ChannelReloadEventTest,3,0,0,0,0.005,SUCCESS
javamop_asterisk-java,org.asteriskjava.manager.event.AttendedTransferEventTest,1,0,0,0,0.022,SUCCESS
javamop_asterisk-java,org.asteriskjava.manager.event.HangupEventTest,2,0,0,0,0.149,SUCCESS
javamop_asterisk-java,org.asteriskjava.manager.event.ChannelTalkingStopEventTest,1,0,0,0,0.027,SUCCESS
javamop_asterisk-java,org.asteriskjava.manager.event.SkypeBuddyStatusEventTest,2,0,0,0,0.003,SUCCESS
javamop_asterisk-java,org.asteriskjava.manager.event.AgentConnectEventTest,1,0,0,0,0.023,SUCCESS
javamop_asterisk-java,org.asteriskjava.manager.event.ConfbridgeLeaveEventTest,1,0,0,0,0.01,SUCCESS
javamop_asterisk-java,org.asteriskjava.manager.event.RtcpReceivedEventTest,5,0,0,0,0.01,SUCCESS
javamop_asterisk-java,org.asteriskjava.manager.event.HangupRequestEventTest,1,0,0,0,0.01,SUCCESS
javamop_asterisk-java,org.asteriskjava.manager.event.SkypeChatMessageEventTest,1,0,0,0,0.039,SUCCESS
javamop_asterisk-java,org.asteriskjava.manager.AbstractManagerEventListenerTest,2,0,0,0,0.005,SUCCESS
javamop_asterisk-java,null,9,0,9,0,6.21,FAILURE
javamop_asterisk-java,org.asteriskjava.manager.internal.ManagerReaderImplTest,N/A,N/A,1,N/A,6.192,ERROR
javamop_asterisk-java,org.asteriskjava.manager.internal.ManagerReaderImplTest,N/A,N/A,1,N/A,0.002,ERROR
javamop_asterisk-java,org.asteriskjava.manager.internal.ManagerReaderImplTest,N/A,N/A,1,N/A,0.001,ERROR
javamop_asterisk-java,org.asteriskjava.manager.internal.ManagerReaderImplTest,N/A,N/A,1,N/A,0.001,ERROR
javamop_asterisk-java,org.asteriskjava.manager.internal.ManagerReaderImplTest,N/A,N/A,1,N/A,0.001,ERROR
javamop_asterisk-java,org.asteriskjava.manager.internal.ManagerReaderImplTest,N/A,N/A,1,N/A,0.001,ERROR
javamop_asterisk-java,org.asteriskjava.manager.internal.ManagerReaderImplTest,N/A,N/A,1,N/A,0.001,ERROR
javamop_asterisk-java,org.asteriskjava.manager.internal.ManagerReaderImplTest,N/A,N/A,1,N/A,0.002,ERROR
javamop_asterisk-java,org.asteriskjava.manager.internal.ManagerReaderImplTest,N/A,N/A,1,N/A,0.001,ERROR
javamop_asterisk-java,null,2,0,1,0,14.18,FAILURE
javamop_asterisk-java,org.asteriskjava.manager.internal.ManagerWriterImplTest,N/A,N/A,1,N/A,14.02,ERROR
javamop_asterisk-java,org.asteriskjava.manager.internal.ResponseBuilderImplTest,9,0,0,0,0.119,SUCCESS
javamop_asterisk-java,org.asteriskjava.manager.internal.ActionBuilderImplTest,16,0,0,0,0.27,SUCCESS
javamop_asterisk-java,org.asteriskjava.manager.internal.backwardsCompatibility.bridge.BridgeEnterEventComparatorTest,17,0,0,0,0.022,SUCCESS
javamop_asterisk-java,null,36,0,36,0,0.088,FAILURE
javamop_asterisk-java,org.asteriskjava.manager.internal.EventBuilderImplTest,N/A,N/A,1,N/A,0.001,ERROR
javamop_asterisk-java,org.asteriskjava.manager.internal.EventBuilderImplTest,N/A,N/A,1,N/A,0.001,ERROR
javamop_asterisk-java,org.asteriskjava.manager.internal.EventBuilderImplTest,N/A,N/A,1,N/A,0.002,ERROR
javamop_asterisk-java,org.asteriskjava.manager.internal.EventBuilderImplTest,N/A,N/A,1,N/A,0.003,ERROR
javamop_asterisk-java,org.asteriskjava.manager.internal.EventBuilderImplTest,N/A,N/A,1,N/A,0.001,ERROR
javamop_asterisk-java,org.asteriskjava.manager.internal.EventBuilderImplTest,N/A,N/A,1,N/A,0.002,ERROR
javamop_asterisk-java,org.asteriskjava.manager.internal.EventBuilderImplTest,N/A,N/A,1,N/A,0.002,ERROR
javamop_asterisk-java,org.asteriskjava.manager.internal.EventBuilderImplTest,N/A,N/A,1,N/A,0.001,ERROR
javamop_asterisk-java,org.asteriskjava.manager.internal.EventBuilderImplTest,N/A,N/A,1,N/A,0.001,ERROR
javamop_asterisk-java,org.asteriskjava.manager.internal.EventBuilderImplTest,N/A,N/A,1,N/A,0.001,ERROR
javamop_asterisk-java,org.asteriskjava.manager.internal.EventBuilderImplTest,N/A,N/A,1,N/A,0.004,ERROR
javamop_asterisk-java,org.asteriskjava.manager.internal.EventBuilderImplTest,N/A,N/A,1,N/A,0.002,ERROR
javamop_asterisk-java,org.asteriskjava.manager.internal.EventBuilderImplTest,N/A,N/A,1,N/A,0.001,ERROR
javamop_asterisk-java,org.asteriskjava.manager.internal.EventBuilderImplTest,N/A,N/A,1,N/A,0.001,ERROR
javamop_asterisk-java,org.asteriskjava.manager.internal.EventBuilderImplTest,N/A,N/A,1,N/A,0.001,ERROR
javamop_asterisk-java,org.asteriskjava.manager.internal.EventBuilderImplTest,N/A,N/A,1,N/A,0.002,ERROR
javamop_asterisk-java,org.asteriskjava.manager.internal.EventBuilderImplTest,N/A,N/A,1,N/A,0.001,ERROR
javamop_asterisk-java,org.asteriskjava.manager.internal.EventBuilderImplTest,N/A,N/A,1,N/A,0.002,ERROR
javamop_asterisk-java,org.asteriskjava.manager.internal.EventBuilderImplTest,N/A,N/A,1,N/A,0.001,ERROR
javamop_asterisk-java,org.asteriskjava.manager.internal.EventBuilderImplTest,N/A,N/A,1,N/A,0.001,ERROR
javamop_asterisk-java,org.asteriskjava.manager.internal.EventBuilderImplTest,N/A,N/A,1,N/A,0.002,ERROR
javamop_asterisk-java,org.asteriskjava.manager.internal.EventBuilderImplTest,N/A,N/A,1,N/A,0.001,ERROR
javamop_asterisk-java,org.asteriskjava.manager.internal.EventBuilderImplTest,N/A,N/A,1,N/A,0.001,ERROR
javamop_asterisk-java,org.asteriskjava.manager.internal.EventBuilderImplTest,N/A,N/A,1,N/A,0.002,ERROR
javamop_asterisk-java,org.asteriskjava.manager.internal.EventBuilderImplTest,N/A,N/A,1,N/A,0.002,ERROR
javamop_asterisk-java,org.asteriskjava.manager.internal.EventBuilderImplTest,N/A,N/A,1,N/A,0.001,ERROR
javamop_asterisk-java,org.asteriskjava.manager.internal.EventBuilderImplTest,N/A,N/A,1,N/A,0.001,ERROR
javamop_asterisk-java,org.asteriskjava.manager.internal.EventBuilderImplTest,N/A,N/A,1,N/A,0.002,ERROR
javamop_asterisk-java,org.asteriskjava.manager.internal.EventBuilderImplTest,N/A,N/A,1,N/A,0.001,ERROR
javamop_asterisk-java,org.asteriskjava.manager.internal.EventBuilderImplTest,N/A,N/A,1,N/A,0.001,ERROR
javamop_asterisk-java,org.asteriskjava.manager.internal.EventBuilderImplTest,N/A,N/A,1,N/A,0.002,ERROR
javamop_asterisk-java,org.asteriskjava.manager.internal.EventBuilderImplTest,N/A,N/A,1,N/A,0.001,ERROR
javamop_asterisk-java,org.asteriskjava.manager.internal.EventBuilderImplTest,N/A,N/A,1,N/A,0.001,ERROR
javamop_asterisk-java,org.asteriskjava.manager.internal.EventBuilderImplTest,N/A,N/A,1,N/A,0.001,ERROR
javamop_asterisk-java,org.asteriskjava.manager.internal.EventBuilderImplTest,N/A,N/A,1,N/A,0.001,ERROR
javamop_asterisk-java,org.asteriskjava.manager.internal.EventBuilderImplTest,N/A,N/A,1,N/A,0.001,ERROR
javamop_asterisk-java,null,22,0,22,0,0.145,FAILURE
javamop_asterisk-java,org.asteriskjava.manager.internal.ManagerConnectionImplTest,N/A,N/A,1,N/A,0.004,ERROR
javamop_asterisk-java,org.asteriskjava.manager.internal.ManagerConnectionImplTest,N/A,N/A,1,N/A,0.003,ERROR
javamop_asterisk-java,org.asteriskjava.manager.internal.ManagerConnectionImplTest,N/A,N/A,1,N/A,0.003,ERROR
javamop_asterisk-java,org.asteriskjava.manager.internal.ManagerConnectionImplTest,N/A,N/A,1,N/A,0.002,ERROR
javamop_asterisk-java,org.asteriskjava.manager.internal.ManagerConnectionImplTest,N/A,N/A,1,N/A,0.002,ERROR
javamop_asterisk-java,org.asteriskjava.manager.internal.ManagerConnectionImplTest,N/A,N/A,1,N/A,0.003,ERROR
javamop_asterisk-java,org.asteriskjava.manager.internal.ManagerConnectionImplTest,N/A,N/A,1,N/A,0.003,ERROR
javamop_asterisk-java,org.asteriskjava.manager.internal.ManagerConnectionImplTest,N/A,N/A,1,N/A,0.003,ERROR
javamop_asterisk-java,org.asteriskjava.manager.internal.ManagerConnectionImplTest,N/A,N/A,1,N/A,0.003,ERROR
javamop_asterisk-java,org.asteriskjava.manager.internal.ManagerConnectionImplTest,N/A,N/A,1,N/A,0.002,ERROR
javamop_asterisk-java,org.asteriskjava.manager.internal.ManagerConnectionImplTest,N/A,N/A,1,N/A,0.002,ERROR
javamop_asterisk-java,org.asteriskjava.manager.internal.ManagerConnectionImplTest,N/A,N/A,1,N/A,0.003,ERROR
javamop_asterisk-java,org.asteriskjava.manager.internal.ManagerConnectionImplTest,N/A,N/A,1,N/A,0.002,ERROR
javamop_asterisk-java,org.asteriskjava.manager.internal.ManagerConnectionImplTest,N/A,N/A,1,N/A,0.002,ERROR
javamop_asterisk-java,org.asteriskjava.manager.internal.ManagerConnectionImplTest,N/A,N/A,1,N/A,0.001,ERROR
javamop_asterisk-java,org.asteriskjava.manager.internal.ManagerConnectionImplTest,N/A,N/A,1,N/A,0.002,ERROR
javamop_asterisk-java,org.asteriskjava.manager.internal.ManagerConnectionImplTest,N/A,N/A,1,N/A,0.005,ERROR
javamop_asterisk-java,org.asteriskjava.manager.internal.ManagerConnectionImplTest,N/A,N/A,1,N/A,0.002,ERROR
javamop_asterisk-java,org.asteriskjava.manager.internal.ManagerConnectionImplTest,N/A,N/A,1,N/A,0.001,ERROR
javamop_asterisk-java,org.asteriskjava.manager.internal.ManagerConnectionImplTest,N/A,N/A,1,N/A,0.001,ERROR
javamop_asterisk-java,org.asteriskjava.manager.internal.ManagerConnectionImplTest,N/A,N/A,1,N/A,0.002,ERROR
javamop_asterisk-java,org.asteriskjava.manager.internal.ManagerConnectionImplTest,N/A,N/A,1,N/A,0.001,ERROR
javamop_asterisk-java,org.asteriskjava.manager.response.CoreStatusResponseTest,2,0,0,0,0.007,SUCCESS
javamop_asterisk-java,org.asteriskjava.manager.response.SipShowPeerResponseTest,5,0,0,0,0.01,SUCCESS
javamop_asterisk-java,org.asteriskjava.live.HangupCauseTest,1,0,0,0,0.04,SUCCESS
javamop_asterisk-java,org.asteriskjava.live.QueueMemberStateTest,2,0,0,0,0.021,SUCCESS
javamop_asterisk-java,org.asteriskjava.live.internal.AsteriskQueueMemberImplTest,1,0,0,0,1.849,SUCCESS
javamop_asterisk-java,org.asteriskjava.live.internal.AsteriskChannelImplTest,1,0,0,0,0.095,SUCCESS
javamop_asterisk-java,org.asteriskjava.live.internal.AsteriskAgentImplTest,1,0,0,0,0.067,SUCCESS
javamop_asterisk-java,org.asteriskjava.live.CallerIdTest,7,0,0,0,0.06,SUCCESS
javamop_asterisk-java,null,2,0,2,0,0.008,FAILURE
javamop_asterisk-java,org.asteriskjava.lock.LockerTest,N/A,N/A,1,N/A,0.002,ERROR
javamop_asterisk-java,org.asteriskjava.lock.LockerTest,N/A,N/A,1,N/A,0.003,ERROR
javamop_asterisk-java,org.asteriskjava.fastagi.command.ReceiveTextCommandTest,2,0,0,0,0.024,SUCCESS
javamop_asterisk-java,org.asteriskjava.fastagi.command.NoopCommandTest,1,0,0,0,0.017,SUCCESS
javamop_asterisk-java,null,2,0,1,0,0.033,FAILURE
javamop_asterisk-java,org.asteriskjava.fastagi.command.SpeechCreateCommandTest,1,0,0,0,0.019,SUCCESS
javamop_asterisk-java,org.asteriskjava.fastagi.command.SetContextCommandTest,1,0,0,0,0.015,SUCCESS
javamop_asterisk-java,org.asteriskjava.fastagi.command.QueueCommandTest,1,0,0,0,0.019,SUCCESS
javamop_asterisk-java,org.asteriskjava.fastagi.command.SayPhoneticCommandTest,2,0,0,0,0.022,SUCCESS
javamop_asterisk-java,org.asteriskjava.fastagi.command.VerboseCommandTest,1,0,0,0,0.018,SUCCESS
javamop_asterisk-java,org.asteriskjava.fastagi.command.SayAlphaCommandTest,2,0,0,0,0.021,SUCCESS
javamop_asterisk-java,org.asteriskjava.fastagi.command.SendTextCommandTest,1,0,0,0,0.019,SUCCESS
javamop_asterisk-java,org.asteriskjava.fastagi.command.StreamFileCommandTest,3,0,0,0,0.025,SUCCESS
javamop_asterisk-java,org.asteriskjava.fastagi.command.ControlStreamFileCommandTest,5,0,0,0,0.031,SUCCESS
javamop_asterisk-java,org.asteriskjava.fastagi.command.ChannelStatusCommandTest,2,0,0,0,0.018,SUCCESS
javamop_asterisk-java,org.asteriskjava.fastagi.command.DatabaseDelTreeCommandTest,2,0,0,0,0.025,SUCCESS
javamop_asterisk-java,org.asteriskjava.fastagi.command.DatabaseGetCommandTest,1,0,0,0,0.018,SUCCESS
javamop_asterisk-java,org.asteriskjava.fastagi.command.SpeechUnloadGrammarCommandTest,1,0,0,0,0.019,SUCCESS
javamop_asterisk-java,org.asteriskjava.fastagi.command.HangupCommandTest,2,0,0,0,0.019,SUCCESS
javamop_asterisk-java,org.asteriskjava.fastagi.command.SetMusicOffCommandTest,1,0,0,0,0.012,SUCCESS
javamop_asterisk-java,org.asteriskjava.fastagi.command.SetPriorityCommandTest,1,0,0,0,0.015,SUCCESS
javamop_asterisk-java,org.asteriskjava.fastagi.command.SetMusicOnCommandTest,2,0,0,0,0.021,SUCCESS
javamop_asterisk-java,org.asteriskjava.fastagi.command.GetDataCommandTest,6,0,0,0,0.324,SUCCESS
javamop_asterisk-java,org.asteriskjava.fastagi.command.ReceiveCharCommandTest,2,0,0,0,0.018,SUCCESS
javamop_asterisk-java,org.asteriskjava.fastagi.command.SayNumberCommandTest,2,0,0,0,0.018,SUCCESS
javamop_asterisk-java,org.asteriskjava.fastagi.command.SetCallerIdCommandTest,1,0,0,0,0.015,SUCCESS
javamop_asterisk-java,org.asteriskjava.fastagi.command.WaitForDigitCommandTest,2,0,0,0,0.02,SUCCESS
javamop_asterisk-java,org.asteriskjava.fastagi.command.SayDateTimeCommandTest,4,0,0,0,0.03,SUCCESS
javamop_asterisk-java,org.asteriskjava.fastagi.command.SayTimeCommandTest,2,0,0,0,0.017,SUCCESS
javamop_asterisk-java,null,11,0,1,0,0.083,FAILURE
javamop_asterisk-java,org.asteriskjava.fastagi.command.DatabaseDelCommandTest,2,0,0,0,0.028,SUCCESS
javamop_asterisk-java,org.asteriskjava.fastagi.command.GosubCommandTest,2,0,0,0,0.027,SUCCESS
javamop_asterisk-java,org.asteriskjava.fastagi.command.GetOptionCommandTest,2,0,0,0,0.025,SUCCESS
javamop_asterisk-java,org.asteriskjava.fastagi.command.SayDigitsCommandTest,2,0,0,0,0.021,SUCCESS
javamop_asterisk-java,org.asteriskjava.fastagi.command.SpeechDestroyCommandTest,1,0,0,0,0.011,SUCCESS
javamop_asterisk-java,null,2,0,2,0,0.03,FAILURE
javamop_asterisk-java,org.asteriskjava.fastagi.command.AnswerCommandTest,1,0,0,0,0.013,SUCCESS
javamop_asterisk-java,org.asteriskjava.fastagi.command.RecordFileCommandTest,2,0,0,0,0.029,SUCCESS
javamop_asterisk-java,org.asteriskjava.fastagi.command.SpeechRecognizeCommandTest,2,0,0,0,0.022,SUCCESS
javamop_asterisk-java,org.asteriskjava.fastagi.command.BridgeCommandTest,2,0,0,0,0.028,SUCCESS
javamop_asterisk-java,org.asteriskjava.fastagi.command.SetAutoHangupCommandTest,1,0,0,0,0.015,SUCCESS
javamop_asterisk-java,org.asteriskjava.fastagi.command.TddModeCommandTest,1,0,0,0,0.013,SUCCESS
javamop_asterisk-java,org.asteriskjava.fastagi.command.SpeechActivateGrammarCommandTest,1,0,0,0,0.017,SUCCESS
javamop_asterisk-java,org.asteriskjava.fastagi.command.AsyncAgiBreakCommandTest,1,0,0,0,0.01,SUCCESS
javamop_asterisk-java,org.asteriskjava.fastagi.command.SpeechSetCommandTest,1,0,0,0,0.016,SUCCESS
javamop_asterisk-java,org.asteriskjava.fastagi.command.SetExtensionCommandTest,1,0,0,0,0.013,SUCCESS
javamop_asterisk-java,org.asteriskjava.fastagi.command.SpeechDeactivateGrammarCommandTest,1,0,0,0,0.014,SUCCESS
javamop_asterisk-java,org.asteriskjava.fastagi.command.SpeechLoadGrammarCommandTest,1,0,0,0,0.017,SUCCESS
javamop_asterisk-java,org.asteriskjava.fastagi.command.DatabasePutCommandTest,1,0,0,0,0.023,SUCCESS
javamop_asterisk-java,org.asteriskjava.fastagi.command.SendImageCommandTest,1,0,0,0,0.019,SUCCESS
javamop_asterisk-java,org.asteriskjava.fastagi.command.MeetmeCommandTest,2,0,0,0,0.023,SUCCESS
javamop_asterisk-java,org.asteriskjava.fastagi.command.SetVariableCommandTest,1,0,0,0,0.016,SUCCESS
javamop_asterisk-java,org.asteriskjava.fastagi.command.GetFullVariableCommandTest,2,0,0,0,0.017,SUCCESS
javamop_asterisk-java,org.asteriskjava.fastagi.command.ExecCommandTest,5,0,0,0,0.017,SUCCESS
javamop_asterisk-java,org.asteriskjava.fastagi.ClassNameMappingStrategyTest,2,0,0,0,0.088,SUCCESS
javamop_asterisk-java,null,3,0,3,0,0.064,FAILURE
javamop_asterisk-java,org.asteriskjava.fastagi.ResourceBundleMappingStrategyTest,N/A,N/A,1,N/A,0.058,ERROR
javamop_asterisk-java,org.asteriskjava.fastagi.ResourceBundleMappingStrategyTest,N/A,N/A,1,N/A,0.002,ERROR
javamop_asterisk-java,org.asteriskjava.fastagi.ResourceBundleMappingStrategyTest,N/A,N/A,1,N/A,0.001,ERROR
javamop_asterisk-java,org.asteriskjava.fastagi.DefaultAgiServerTest,4,0,0,0,0.261,SUCCESS
javamop_asterisk-java,null,2,0,2,0,0.006,FAILURE
javamop_asterisk-java,org.asteriskjava.fastagi.CompositeMappingStrategyTest,N/A,N/A,1,N/A,0.002,ERROR
javamop_asterisk-java,org.asteriskjava.fastagi.CompositeMappingStrategyTest,N/A,N/A,1,N/A,0.002,ERROR
javamop_asterisk-java,org.asteriskjava.fastagi.internal.AgiReplyImplTest,12,0,0,0,0.113,SUCCESS
javamop_asterisk-java,null,1,0,1,0,0.006,FAILURE
javamop_asterisk-java,org.asteriskjava.fastagi.internal.AgiWriterImplTest,N/A,N/A,1,N/A,0.002,ERROR
javamop_asterisk-java,null,5,0,5,0,0.022,FAILURE
javamop_asterisk-java,org.asteriskjava.fastagi.internal.AgiReaderImplTest,N/A,N/A,1,N/A,0.002,ERROR
javamop_asterisk-java,org.asteriskjava.fastagi.internal.AgiReaderImplTest,N/A,N/A,1,N/A,0.001,ERROR
javamop_asterisk-java,org.asteriskjava.fastagi.internal.AgiReaderImplTest,N/A,N/A,1,N/A,0.001,ERROR
javamop_asterisk-java,org.asteriskjava.fastagi.internal.AgiReaderImplTest,N/A,N/A,1,N/A,0.002,ERROR
javamop_asterisk-java,org.asteriskjava.fastagi.internal.AgiReaderImplTest,N/A,N/A,1,N/A,0.001,ERROR
javamop_asterisk-java,null,3,0,3,0,0.017,FAILURE
javamop_asterisk-java,org.asteriskjava.fastagi.internal.AgiChannelImplTest,N/A,N/A,1,N/A,0.003,ERROR
javamop_asterisk-java,org.asteriskjava.fastagi.internal.AgiChannelImplTest,N/A,N/A,1,N/A,0.001,ERROR
javamop_asterisk-java,org.asteriskjava.fastagi.internal.AgiChannelImplTest,N/A,N/A,1,N/A,0.002,ERROR
javamop_asterisk-java,org.asteriskjava.fastagi.internal.AgiRequestImplTest,24,0,0,0,0.303,SUCCESS
javamop_asterisk-java,org.asteriskjava.fastagi.ScriptEngineMappingStrategyTest,3,0,0,0,0.004,SUCCESS
javamop_asterisk-java,org.asteriskjava.util.DateUtilTest,2,0,0,0,0.004,SUCCESS
javamop_asterisk-java,org.asteriskjava.util.internal.streamreader.FastScannerDeterministicTest,3,0,0,0,0.261,SUCCESS
javamop_asterisk-java,org.asteriskjava.util.internal.streamreader.FastScannerRandomTest,2,0,0,0,18.46,SUCCESS
javamop_asterisk-java,org.asteriskjava.util.internal.streamreader.FastScannerSpeedTest,3,0,0,0,9.457,SUCCESS
javamop_asterisk-java,org.asteriskjava.util.AstUtilTest,7,0,0,0,0.005,SUCCESS
javamop_asterisk-java,org.asteriskjava.AsteriskVersionTest,6,0,0,0,0.006,SUCCESS
Sum: 94.16599999999997
--------------------Execution: 8 -----------------------------------
javamop_asterisk-java,null,1,0,1,0,13.54,FAILURE
javamop_asterisk-java,org.asteriskjava.config.ConfigFileParserTest,4,0,0,0,0.174,SUCCESS
javamop_asterisk-java,org.asteriskjava.manager.event.ConfbridgeJoinEventTest,1,0,0,0,7.441,SUCCESS
javamop_asterisk-java,org.asteriskjava.manager.event.AgiExecStartEventTest,1,0,0,0,0.027,SUCCESS
javamop_asterisk-java,org.asteriskjava.manager.event.ChanSpyStopEventTest,1,0,0,0,0.107,SUCCESS
javamop_asterisk-java,org.asteriskjava.manager.event.AsyncAgiEventTest,2,0,0,0,0.068,SUCCESS
javamop_asterisk-java,org.asteriskjava.manager.event.BridgeCreateEventTest,1,0,0,0,0.013,SUCCESS
javamop_asterisk-java,org.asteriskjava.manager.event.T38FaxStatusEventTest,2,0,0,0,0.033,SUCCESS
javamop_asterisk-java,org.asteriskjava.manager.event.CdrEventTest,3,0,0,0,0.028,SUCCESS
javamop_asterisk-java,org.asteriskjava.manager.event.ChannelTalkingStartEventTest,1,0,0,0,0.022,SUCCESS
javamop_asterisk-java,org.asteriskjava.manager.event.MusicOnHoldEventTest,1,0,0,0,0.013,SUCCESS
javamop_asterisk-java,org.asteriskjava.manager.event.NewStateEventTest,2,0,0,0,0.077,SUCCESS
javamop_asterisk-java,org.asteriskjava.manager.event.BridgeEnterEventTest,1,0,0,0,0.002,SUCCESS
javamop_asterisk-java,org.asteriskjava.manager.event.ChannelReloadEventTest,3,0,0,0,0.006,SUCCESS
javamop_asterisk-java,org.asteriskjava.manager.event.AttendedTransferEventTest,1,0,0,0,0.026,SUCCESS
javamop_asterisk-java,org.asteriskjava.manager.event.HangupEventTest,2,0,0,0,0.135,SUCCESS
javamop_asterisk-java,org.asteriskjava.manager.event.ChannelTalkingStopEventTest,1,0,0,0,0.03,SUCCESS
javamop_asterisk-java,org.asteriskjava.manager.event.SkypeBuddyStatusEventTest,2,0,0,0,0.004,SUCCESS
javamop_asterisk-java,org.asteriskjava.manager.event.AgentConnectEventTest,1,0,0,0,0.024,SUCCESS
javamop_asterisk-java,org.asteriskjava.manager.event.ConfbridgeLeaveEventTest,1,0,0,0,0.011,SUCCESS
javamop_asterisk-java,org.asteriskjava.manager.event.RtcpReceivedEventTest,5,0,0,0,0.01,SUCCESS
javamop_asterisk-java,org.asteriskjava.manager.event.HangupRequestEventTest,1,0,0,0,0.012,SUCCESS
javamop_asterisk-java,org.asteriskjava.manager.event.SkypeChatMessageEventTest,1,0,0,0,0.044,SUCCESS
javamop_asterisk-java,org.asteriskjava.manager.AbstractManagerEventListenerTest,2,0,0,0,0.006,SUCCESS
javamop_asterisk-java,null,9,0,9,0,7.655,FAILURE
javamop_asterisk-java,org.asteriskjava.manager.internal.ManagerReaderImplTest,N/A,N/A,1,N/A,7.628,ERROR
javamop_asterisk-java,org.asteriskjava.manager.internal.ManagerReaderImplTest,N/A,N/A,1,N/A,0.002,ERROR
javamop_asterisk-java,org.asteriskjava.manager.internal.ManagerReaderImplTest,N/A,N/A,1,N/A,0.002,ERROR
javamop_asterisk-java,org.asteriskjava.manager.internal.ManagerReaderImplTest,N/A,N/A,1,N/A,0.002,ERROR
javamop_asterisk-java,org.asteriskjava.manager.internal.ManagerReaderImplTest,N/A,N/A,1,N/A,0.001,ERROR
javamop_asterisk-java,org.asteriskjava.manager.internal.ManagerReaderImplTest,N/A,N/A,1,N/A,0.002,ERROR
javamop_asterisk-java,org.asteriskjava.manager.internal.ManagerReaderImplTest,N/A,N/A,1,N/A,0.001,ERROR
javamop_asterisk-java,org.asteriskjava.manager.internal.ManagerReaderImplTest,N/A,N/A,1,N/A,0.002,ERROR
javamop_asterisk-java,org.asteriskjava.manager.internal.ManagerReaderImplTest,N/A,N/A,1,N/A,0.002,ERROR
javamop_asterisk-java,null,2,0,1,0,15.73,FAILURE
javamop_asterisk-java,org.asteriskjava.manager.internal.ManagerWriterImplTest,N/A,N/A,1,N/A,15.56,ERROR
javamop_asterisk-java,org.asteriskjava.manager.internal.ResponseBuilderImplTest,9,0,0,0,0.116,SUCCESS
javamop_asterisk-java,org.asteriskjava.manager.internal.ActionBuilderImplTest,16,0,0,0,0.281,SUCCESS
javamop_asterisk-java,org.asteriskjava.manager.internal.backwardsCompatibility.bridge.BridgeEnterEventComparatorTest,17,0,0,0,0.02,SUCCESS
javamop_asterisk-java,null,36,0,36,0,0.096,FAILURE
javamop_asterisk-java,org.asteriskjava.manager.internal.EventBuilderImplTest,N/A,N/A,1,N/A,0.001,ERROR
javamop_asterisk-java,org.asteriskjava.manager.internal.EventBuilderImplTest,N/A,N/A,1,N/A,0.001,ERROR
javamop_asterisk-java,org.asteriskjava.manager.internal.EventBuilderImplTest,N/A,N/A,1,N/A,0.001,ERROR
javamop_asterisk-java,org.asteriskjava.manager.internal.EventBuilderImplTest,N/A,N/A,1,N/A,0.002,ERROR
javamop_asterisk-java,org.asteriskjava.manager.internal.EventBuilderImplTest,N/A,N/A,1,N/A,0.001,ERROR
javamop_asterisk-java,org.asteriskjava.manager.internal.EventBuilderImplTest,N/A,N/A,1,N/A,0.001,ERROR
javamop_asterisk-java,org.asteriskjava.manager.internal.EventBuilderImplTest,N/A,N/A,1,N/A,0.004,ERROR
javamop_asterisk-java,org.asteriskjava.manager.internal.EventBuilderImplTest,N/A,N/A,1,N/A,0.002,ERROR
javamop_asterisk-java,org.asteriskjava.manager.internal.EventBuilderImplTest,N/A,N/A,1,N/A,0.002,ERROR
javamop_asterisk-java,org.asteriskjava.manager.internal.EventBuilderImplTest,N/A,N/A,1,N/A,0.002,ERROR
javamop_asterisk-java,org.asteriskjava.manager.internal.EventBuilderImplTest,N/A,N/A,1,N/A,0.001,ERROR
javamop_asterisk-java,org.asteriskjava.manager.internal.EventBuilderImplTest,N/A,N/A,1,N/A,0.007,ERROR
javamop_asterisk-java,org.asteriskjava.manager.internal.EventBuilderImplTest,N/A,N/A,1,N/A,0.001,ERROR
javamop_asterisk-java,org.asteriskjava.manager.internal.EventBuilderImplTest,N/A,N/A,1,N/A,0.001,ERROR
javamop_asterisk-java,org.asteriskjava.manager.internal.EventBuilderImplTest,N/A,N/A,1,N/A,0.001,ERROR
javamop_asterisk-java,org.asteriskjava.manager.internal.EventBuilderImplTest,N/A,N/A,1,N/A,0.002,ERROR
javamop_asterisk-java,org.asteriskjava.manager.internal.EventBuilderImplTest,N/A,N/A,1,N/A,0.002,ERROR
javamop_asterisk-java,org.asteriskjava.manager.internal.EventBuilderImplTest,N/A,N/A,1,N/A,0.001,ERROR
javamop_asterisk-java,org.asteriskjava.manager.internal.EventBuilderImplTest,N/A,N/A,1,N/A,0.001,ERROR
javamop_asterisk-java,org.asteriskjava.manager.internal.EventBuilderImplTest,N/A,N/A,1,N/A,0.001,ERROR
javamop_asterisk-java,org.asteriskjava.manager.internal.EventBuilderImplTest,N/A,N/A,1,N/A,0.002,ERROR
javamop_asterisk-java,org.asteriskjava.manager.internal.EventBuilderImplTest,N/A,N/A,1,N/A,0.002,ERROR
javamop_asterisk-java,org.asteriskjava.manager.internal.EventBuilderImplTest,N/A,N/A,1,N/A,0.001,ERROR
javamop_asterisk-java,org.asteriskjava.manager.internal.EventBuilderImplTest,N/A,N/A,1,N/A,0.002,ERROR
javamop_asterisk-java,org.asteriskjava.manager.internal.EventBuilderImplTest,N/A,N/A,1,N/A,0.003,ERROR
javamop_asterisk-java,org.asteriskjava.manager.internal.EventBuilderImplTest,N/A,N/A,1,N/A,0.001,ERROR
javamop_asterisk-java,org.asteriskjava.manager.internal.EventBuilderImplTest,N/A,N/A,1,N/A,0.001,ERROR
javamop_asterisk-java,org.asteriskjava.manager.internal.EventBuilderImplTest,N/A,N/A,1,N/A,0.001,ERROR
javamop_asterisk-java,org.asteriskjava.manager.internal.EventBuilderImplTest,N/A,N/A,1,N/A,0.001,ERROR
javamop_asterisk-java,org.asteriskjava.manager.internal.EventBuilderImplTest,N/A,N/A,1,N/A,0.001,ERROR
javamop_asterisk-java,org.asteriskjava.manager.internal.EventBuilderImplTest,N/A,N/A,1,N/A,0.001,ERROR
javamop_asterisk-java,org.asteriskjava.manager.internal.EventBuilderImplTest,N/A,N/A,1,N/A,0.002,ERROR
javamop_asterisk-java,org.asteriskjava.manager.internal.EventBuilderImplTest,N/A,N/A,1,N/A,0.003,ERROR
javamop_asterisk-java,org.asteriskjava.manager.internal.EventBuilderImplTest,N/A,N/A,1,N/A,0.002,ERROR
javamop_asterisk-java,org.asteriskjava.manager.internal.EventBuilderImplTest,N/A,N/A,1,N/A,0.001,ERROR
javamop_asterisk-java,org.asteriskjava.manager.internal.EventBuilderImplTest,N/A,N/A,1,N/A,0.002,ERROR
javamop_asterisk-java,null,22,0,22,0,0.153,FAILURE
javamop_asterisk-java,org.asteriskjava.manager.internal.ManagerConnectionImplTest,N/A,N/A,1,N/A,0.003,ERROR
javamop_asterisk-java,org.asteriskjava.manager.internal.ManagerConnectionImplTest,N/A,N/A,1,N/A,0.003,ERROR
javamop_asterisk-java,org.asteriskjava.manager.internal.ManagerConnectionImplTest,N/A,N/A,1,N/A,0.003,ERROR
javamop_asterisk-java,org.asteriskjava.manager.internal.ManagerConnectionImplTest,N/A,N/A,1,N/A,0.002,ERROR
javamop_asterisk-java,org.asteriskjava.manager.internal.ManagerConnectionImplTest,N/A,N/A,1,N/A,0.002,ERROR
javamop_asterisk-java,org.asteriskjava.manager.internal.ManagerConnectionImplTest,N/A,N/A,1,N/A,0.002,ERROR
javamop_asterisk-java,org.asteriskjava.manager.internal.ManagerConnectionImplTest,N/A,N/A,1,N/A,0.002,ERROR
javamop_asterisk-java,org.asteriskjava.manager.internal.ManagerConnectionImplTest,N/A,N/A,1,N/A,0.002,ERROR
javamop_asterisk-java,org.asteriskjava.manager.internal.ManagerConnectionImplTest,N/A,N/A,1,N/A,0.002,ERROR
javamop_asterisk-java,org.asteriskjava.manager.internal.ManagerConnectionImplTest,N/A,N/A,1,N/A,0.002,ERROR
javamop_asterisk-java,org.asteriskjava.manager.internal.ManagerConnectionImplTest,N/A,N/A,1,N/A,0.002,ERROR
javamop_asterisk-java,org.asteriskjava.manager.internal.ManagerConnectionImplTest,N/A,N/A,1,N/A,0.003,ERROR
javamop_asterisk-java,org.asteriskjava.manager.internal.ManagerConnectionImplTest,N/A,N/A,1,N/A,0.002,ERROR
javamop_asterisk-java,org.asteriskjava.manager.internal.ManagerConnectionImplTest,N/A,N/A,1,N/A,0.001,ERROR
javamop_asterisk-java,org.asteriskjava.manager.internal.ManagerConnectionImplTest,N/A,N/A,1,N/A,0.002,ERROR
javamop_asterisk-java,org.asteriskjava.manager.internal.ManagerConnectionImplTest,N/A,N/A,1,N/A,0.003,ERROR
javamop_asterisk-java,org.asteriskjava.manager.internal.ManagerConnectionImplTest,N/A,N/A,1,N/A,0.003,ERROR
javamop_asterisk-java,org.asteriskjava.manager.internal.ManagerConnectionImplTest,N/A,N/A,1,N/A,0.003,ERROR
javamop_asterisk-java,org.asteriskjava.manager.internal.ManagerConnectionImplTest,N/A,N/A,1,N/A,0.002,ERROR
javamop_asterisk-java,org.asteriskjava.manager.internal.ManagerConnectionImplTest,N/A,N/A,1,N/A,0.002,ERROR
javamop_asterisk-java,org.asteriskjava.manager.internal.ManagerConnectionImplTest,N/A,N/A,1,N/A,0.001,ERROR
javamop_asterisk-java,org.asteriskjava.manager.internal.ManagerConnectionImplTest,N/A,N/A,1,N/A,0.002,ERROR
javamop_asterisk-java,org.asteriskjava.manager.response.CoreStatusResponseTest,2,0,0,0,0.006,SUCCESS
javamop_asterisk-java,org.asteriskjava.manager.response.SipShowPeerResponseTest,5,0,0,0,0.012,SUCCESS
javamop_asterisk-java,org.asteriskjava.live.HangupCauseTest,1,0,0,0,0.045,SUCCESS
javamop_asterisk-java,org.asteriskjava.live.QueueMemberStateTest,2,0,0,0,0.021,SUCCESS
javamop_asterisk-java,org.asteriskjava.live.internal.AsteriskQueueMemberImplTest,1,0,0,0,1.966,SUCCESS
javamop_asterisk-java,org.asteriskjava.live.internal.AsteriskChannelImplTest,1,0,0,0,0.104,SUCCESS
javamop_asterisk-java,org.asteriskjava.live.internal.AsteriskAgentImplTest,1,0,0,0,0.066,SUCCESS
javamop_asterisk-java,org.asteriskjava.live.CallerIdTest,7,0,0,0,0.036,SUCCESS
javamop_asterisk-java,null,2,0,2,0,0.007,FAILURE
javamop_asterisk-java,org.asteriskjava.lock.LockerTest,N/A,N/A,1,N/A,0.001,ERROR
javamop_asterisk-java,org.asteriskjava.lock.LockerTest,N/A,N/A,1,N/A,0.002,ERROR
javamop_asterisk-java,org.asteriskjava.fastagi.command.ReceiveTextCommandTest,2,0,0,0,0.02,SUCCESS
javamop_asterisk-java,org.asteriskjava.fastagi.command.NoopCommandTest,1,0,0,0,0.015,SUCCESS
javamop_asterisk-java,null,2,0,1,0,0.037,FAILURE
javamop_asterisk-java,org.asteriskjava.fastagi.command.SpeechCreateCommandTest,1,0,0,0,0.019,SUCCESS
javamop_asterisk-java,org.asteriskjava.fastagi.command.SetContextCommandTest,1,0,0,0,0.015,SUCCESS
javamop_asterisk-java,org.asteriskjava.fastagi.command.QueueCommandTest,1,0,0,0,0.018,SUCCESS
javamop_asterisk-java,org.asteriskjava.fastagi.command.SayPhoneticCommandTest,2,0,0,0,0.019,SUCCESS
javamop_asterisk-java,org.asteriskjava.fastagi.command.VerboseCommandTest,1,0,0,0,0.018,SUCCESS
javamop_asterisk-java,org.asteriskjava.fastagi.command.SayAlphaCommandTest,2,0,0,0,0.02,SUCCESS
javamop_asterisk-java,org.asteriskjava.fastagi.command.SendTextCommandTest,1,0,0,0,0.015,SUCCESS
javamop_asterisk-java,org.asteriskjava.fastagi.command.StreamFileCommandTest,3,0,0,0,0.023,SUCCESS
javamop_asterisk-java,org.asteriskjava.fastagi.command.ControlStreamFileCommandTest,5,0,0,0,0.028,SUCCESS
javamop_asterisk-java,org.asteriskjava.fastagi.command.ChannelStatusCommandTest,2,0,0,0,0.018,SUCCESS
javamop_asterisk-java,org.asteriskjava.fastagi.command.DatabaseDelTreeCommandTest,2,0,0,0,0.022,SUCCESS
javamop_asterisk-java,org.asteriskjava.fastagi.command.DatabaseGetCommandTest,1,0,0,0,0.021,SUCCESS
javamop_asterisk-java,org.asteriskjava.fastagi.command.SpeechUnloadGrammarCommandTest,1,0,0,0,0.016,SUCCESS
javamop_asterisk-java,org.asteriskjava.fastagi.command.HangupCommandTest,2,0,0,0,0.018,SUCCESS
javamop_asterisk-java,org.asteriskjava.fastagi.command.SetMusicOffCommandTest,1,0,0,0,0.012,SUCCESS
javamop_asterisk-java,org.asteriskjava.fastagi.command.SetPriorityCommandTest,1,0,0,0,0.015,SUCCESS
javamop_asterisk-java,org.asteriskjava.fastagi.command.SetMusicOnCommandTest,2,0,0,0,0.019,SUCCESS
javamop_asterisk-java,org.asteriskjava.fastagi.command.GetDataCommandTest,6,0,0,0,0.306,SUCCESS
javamop_asterisk-java,org.asteriskjava.fastagi.command.ReceiveCharCommandTest,2,0,0,0,0.018,SUCCESS
javamop_asterisk-java,org.asteriskjava.fastagi.command.SayNumberCommandTest,2,0,0,0,0.023,SUCCESS
javamop_asterisk-java,org.asteriskjava.fastagi.command.SetCallerIdCommandTest,1,0,0,0,0.018,SUCCESS
javamop_asterisk-java,org.asteriskjava.fastagi.command.WaitForDigitCommandTest,2,0,0,0,0.017,SUCCESS
javamop_asterisk-java,org.asteriskjava.fastagi.command.SayDateTimeCommandTest,4,0,0,0,0.036,SUCCESS
javamop_asterisk-java,org.asteriskjava.fastagi.command.SayTimeCommandTest,2,0,0,0,0.018,SUCCESS
javamop_asterisk-java,null,11,0,1,0,0.089,FAILURE
javamop_asterisk-java,org.asteriskjava.fastagi.command.DatabaseDelCommandTest,2,0,0,0,0.024,SUCCESS
javamop_asterisk-java,org.asteriskjava.fastagi.command.GosubCommandTest,2,0,0,0,0.026,SUCCESS
javamop_asterisk-java,org.asteriskjava.fastagi.command.GetOptionCommandTest,2,0,0,0,0.025,SUCCESS
javamop_asterisk-java,org.asteriskjava.fastagi.command.SayDigitsCommandTest,2,0,0,0,0.026,SUCCESS
javamop_asterisk-java,org.asteriskjava.fastagi.command.SpeechDestroyCommandTest,1,0,0,0,0.011,SUCCESS
javamop_asterisk-java,null,2,0,2,0,0.034,FAILURE
javamop_asterisk-java,org.asteriskjava.fastagi.command.AnswerCommandTest,1,0,0,0,0.013,SUCCESS
javamop_asterisk-java,org.asteriskjava.fastagi.command.RecordFileCommandTest,2,0,0,0,0.031,SUCCESS
javamop_asterisk-java,org.asteriskjava.fastagi.command.SpeechRecognizeCommandTest,2,0,0,0,0.019,SUCCESS
javamop_asterisk-java,org.asteriskjava.fastagi.command.BridgeCommandTest,2,0,0,0,0.028,SUCCESS
javamop_asterisk-java,org.asteriskjava.fastagi.command.SetAutoHangupCommandTest,1,0,0,0,0.015,SUCCESS
javamop_asterisk-java,org.asteriskjava.fastagi.command.TddModeCommandTest,1,0,0,0,0.015,SUCCESS
javamop_asterisk-java,org.asteriskjava.fastagi.command.SpeechActivateGrammarCommandTest,1,0,0,0,0.016,SUCCESS
javamop_asterisk-java,org.asteriskjava.fastagi.command.AsyncAgiBreakCommandTest,1,0,0,0,0.011,SUCCESS
javamop_asterisk-java,org.asteriskjava.fastagi.command.SpeechSetCommandTest,1,0,0,0,0.016,SUCCESS
javamop_asterisk-java,org.asteriskjava.fastagi.command.SetExtensionCommandTest,1,0,0,0,0.015,SUCCESS
javamop_asterisk-java,org.asteriskjava.fastagi.command.SpeechDeactivateGrammarCommandTest,1,0,0,0,0.018,SUCCESS
javamop_asterisk-java,org.asteriskjava.fastagi.command.SpeechLoadGrammarCommandTest,1,0,0,0,0.022,SUCCESS
javamop_asterisk-java,org.asteriskjava.fastagi.command.DatabasePutCommandTest,1,0,0,0,0.02,SUCCESS
javamop_asterisk-java,org.asteriskjava.fastagi.command.SendImageCommandTest,1,0,0,0,0.017,SUCCESS
javamop_asterisk-java,org.asteriskjava.fastagi.command.MeetmeCommandTest,2,0,0,0,0.025,SUCCESS
javamop_asterisk-java,org.asteriskjava.fastagi.command.SetVariableCommandTest,1,0,0,0,0.016,SUCCESS
javamop_asterisk-java,org.asteriskjava.fastagi.command.GetFullVariableCommandTest,2,0,0,0,0.018,SUCCESS
javamop_asterisk-java,org.asteriskjava.fastagi.command.ExecCommandTest,5,0,0,0,0.02,SUCCESS
javamop_asterisk-java,org.asteriskjava.fastagi.ClassNameMappingStrategyTest,2,0,0,0,0.106,SUCCESS
javamop_asterisk-java,null,3,0,3,0,0.062,FAILURE
javamop_asterisk-java,org.asteriskjava.fastagi.ResourceBundleMappingStrategyTest,N/A,N/A,1,N/A,0.057,ERROR
javamop_asterisk-java,org.asteriskjava.fastagi.ResourceBundleMappingStrategyTest,N/A,N/A,1,N/A,0.003,ERROR
javamop_asterisk-java,org.asteriskjava.fastagi.ResourceBundleMappingStrategyTest,N/A,N/A,1,N/A,0.001,ERROR
javamop_asterisk-java,org.asteriskjava.fastagi.DefaultAgiServerTest,4,0,0,0,0.282,SUCCESS
javamop_asterisk-java,null,2,0,2,0,0.007,FAILURE
javamop_asterisk-java,org.asteriskjava.fastagi.CompositeMappingStrategyTest,N/A,N/A,1,N/A,0.002,ERROR
javamop_asterisk-java,org.asteriskjava.fastagi.CompositeMappingStrategyTest,N/A,N/A,1,N/A,0.003,ERROR
javamop_asterisk-java,org.asteriskjava.fastagi.internal.AgiReplyImplTest,12,0,0,0,0.121,SUCCESS
javamop_asterisk-java,null,1,0,1,0,0.005,FAILURE
javamop_asterisk-java,org.asteriskjava.fastagi.internal.AgiWriterImplTest,N/A,N/A,1,N/A,0.002,ERROR
javamop_asterisk-java,null,5,0,5,0,0.022,FAILURE
javamop_asterisk-java,org.asteriskjava.fastagi.internal.AgiReaderImplTest,N/A,N/A,1,N/A,0.001,ERROR
javamop_asterisk-java,org.asteriskjava.fastagi.internal.AgiReaderImplTest,N/A,N/A,1,N/A,0.001,ERROR
javamop_asterisk-java,org.asteriskjava.fastagi.internal.AgiReaderImplTest,N/A,N/A,1,N/A,0.001,ERROR
javamop_asterisk-java,org.asteriskjava.fastagi.internal.AgiReaderImplTest,N/A,N/A,1,N/A,0.001,ERROR
javamop_asterisk-java,org.asteriskjava.fastagi.internal.AgiReaderImplTest,N/A,N/A,1,N/A,0.002,ERROR
javamop_asterisk-java,null,3,0,3,0,0.015,FAILURE
javamop_asterisk-java,org.asteriskjava.fastagi.internal.AgiChannelImplTest,N/A,N/A,1,N/A,0.002,ERROR
javamop_asterisk-java,org.asteriskjava.fastagi.internal.AgiChannelImplTest,N/A,N/A,1,N/A,0.001,ERROR
javamop_asterisk-java,org.asteriskjava.fastagi.internal.AgiChannelImplTest,N/A,N/A,1,N/A,0.002,ERROR
javamop_asterisk-java,org.asteriskjava.fastagi.internal.AgiRequestImplTest,24,0,0,0,0.312,SUCCESS
javamop_asterisk-java,org.asteriskjava.fastagi.ScriptEngineMappingStrategyTest,3,0,0,0,0.004,SUCCESS
javamop_asterisk-java,org.asteriskjava.util.DateUtilTest,2,0,0,0,0.004,SUCCESS
javamop_asterisk-java,org.asteriskjava.util.internal.streamreader.FastScannerDeterministicTest,3,0,0,0,0.306,SUCCESS
javamop_asterisk-java,org.asteriskjava.util.internal.streamreader.FastScannerRandomTest,2,0,0,0,19.89,SUCCESS
javamop_asterisk-java,org.asteriskjava.util.internal.streamreader.FastScannerSpeedTest,3,0,0,0,10.18,SUCCESS
javamop_asterisk-java,org.asteriskjava.util.AstUtilTest,7,0,0,0,0.005,SUCCESS
javamop_asterisk-java,org.asteriskjava.AsteriskVersionTest,6,0,0,0,0.004,SUCCESS
Sum: 104.2800000000001
--------------------Execution: 9 -----------------------------------
javamop_asterisk-java,null,1,0,1,0,13.97,FAILURE
javamop_asterisk-java,org.asteriskjava.config.ConfigFileParserTest,4,0,0,0,0.165,SUCCESS
javamop_asterisk-java,org.asteriskjava.manager.event.ConfbridgeJoinEventTest,1,0,0,0,7.166,SUCCESS
javamop_asterisk-java,org.asteriskjava.manager.event.AgiExecStartEventTest,1,0,0,0,0.021,SUCCESS
javamop_asterisk-java,org.asteriskjava.manager.event.ChanSpyStopEventTest,1,0,0,0,0.088,SUCCESS
javamop_asterisk-java,org.asteriskjava.manager.event.AsyncAgiEventTest,2,0,0,0,0.05,SUCCESS
javamop_asterisk-java,org.asteriskjava.manager.event.BridgeCreateEventTest,1,0,0,0,0.014,SUCCESS
javamop_asterisk-java,org.asteriskjava.manager.event.T38FaxStatusEventTest,2,0,0,0,0.03,SUCCESS
javamop_asterisk-java,org.asteriskjava.manager.event.CdrEventTest,3,0,0,0,0.02,SUCCESS
javamop_asterisk-java,org.asteriskjava.manager.event.ChannelTalkingStartEventTest,1,0,0,0,0.021,SUCCESS
javamop_asterisk-java,org.asteriskjava.manager.event.MusicOnHoldEventTest,1,0,0,0,0.013,SUCCESS
javamop_asterisk-java,org.asteriskjava.manager.event.NewStateEventTest,2,0,0,0,0.079,SUCCESS
javamop_asterisk-java,org.asteriskjava.manager.event.BridgeEnterEventTest,1,0,0,0,0.002,SUCCESS
javamop_asterisk-java,org.asteriskjava.manager.event.ChannelReloadEventTest,3,0,0,0,0.006,SUCCESS
javamop_asterisk-java,org.asteriskjava.manager.event.AttendedTransferEventTest,1,0,0,0,0.024,SUCCESS
javamop_asterisk-java,org.asteriskjava.manager.event.HangupEventTest,2,0,0,0,0.157,SUCCESS
javamop_asterisk-java,org.asteriskjava.manager.event.ChannelTalkingStopEventTest,1,0,0,0,0.028,SUCCESS
javamop_asterisk-java,org.asteriskjava.manager.event.SkypeBuddyStatusEventTest,2,0,0,0,0.003,SUCCESS
javamop_asterisk-java,org.asteriskjava.manager.event.AgentConnectEventTest,1,0,0,0,0.022,SUCCESS
javamop_asterisk-java,org.asteriskjava.manager.event.ConfbridgeLeaveEventTest,1,0,0,0,0.01,SUCCESS
javamop_asterisk-java,org.asteriskjava.manager.event.RtcpReceivedEventTest,5,0,0,0,0.01,SUCCESS
javamop_asterisk-java,org.asteriskjava.manager.event.HangupRequestEventTest,1,0,0,0,0.011,SUCCESS
javamop_asterisk-java,org.asteriskjava.manager.event.SkypeChatMessageEventTest,1,0,0,0,0.041,SUCCESS
javamop_asterisk-java,org.asteriskjava.manager.AbstractManagerEventListenerTest,2,0,0,0,0.004,SUCCESS
javamop_asterisk-java,null,9,0,9,0,6.657,FAILURE
javamop_asterisk-java,org.asteriskjava.manager.internal.ManagerReaderImplTest,N/A,N/A,1,N/A,6.639,ERROR
javamop_asterisk-java,org.asteriskjava.manager.internal.ManagerReaderImplTest,N/A,N/A,1,N/A,0.001,ERROR
javamop_asterisk-java,org.asteriskjava.manager.internal.ManagerReaderImplTest,N/A,N/A,1,N/A,0.001,ERROR
javamop_asterisk-java,org.asteriskjava.manager.internal.ManagerReaderImplTest,N/A,N/A,1,N/A,0.001,ERROR
javamop_asterisk-java,org.asteriskjava.manager.internal.ManagerReaderImplTest,N/A,N/A,1,N/A,0.001,ERROR
javamop_asterisk-java,org.asteriskjava.manager.internal.ManagerReaderImplTest,N/A,N/A,1,N/A,0.001,ERROR
javamop_asterisk-java,org.asteriskjava.manager.internal.ManagerReaderImplTest,N/A,N/A,1,N/A,0.001,ERROR
javamop_asterisk-java,org.asteriskjava.manager.internal.ManagerReaderImplTest,N/A,N/A,1,N/A,0.002,ERROR
javamop_asterisk-java,org.asteriskjava.manager.internal.ManagerReaderImplTest,N/A,N/A,1,N/A,0.001,ERROR
javamop_asterisk-java,null,2,0,1,0,14.47,FAILURE
javamop_asterisk-java,org.asteriskjava.manager.internal.ManagerWriterImplTest,N/A,N/A,1,N/A,14.31,ERROR
javamop_asterisk-java,org.asteriskjava.manager.internal.ResponseBuilderImplTest,9,0,0,0,0.111,SUCCESS
javamop_asterisk-java,org.asteriskjava.manager.internal.ActionBuilderImplTest,16,0,0,0,0.318,SUCCESS
javamop_asterisk-java,org.asteriskjava.manager.internal.backwardsCompatibility.bridge.BridgeEnterEventComparatorTest,17,0,0,0,0.025,SUCCESS
javamop_asterisk-java,null,36,0,36,0,0.096,FAILURE
javamop_asterisk-java,org.asteriskjava.manager.internal.EventBuilderImplTest,N/A,N/A,1,N/A,0.002,ERROR
javamop_asterisk-java,org.asteriskjava.manager.internal.EventBuilderImplTest,N/A,N/A,1,N/A,0.002,ERROR
javamop_asterisk-java,org.asteriskjava.manager.internal.EventBuilderImplTest,N/A,N/A,1,N/A,0.002,ERROR
javamop_asterisk-java,org.asteriskjava.manager.internal.EventBuilderImplTest,N/A,N/A,1,N/A,0.002,ERROR
javamop_asterisk-java,org.asteriskjava.manager.internal.EventBuilderImplTest,N/A,N/A,1,N/A,0.003,ERROR
javamop_asterisk-java,org.asteriskjava.manager.internal.EventBuilderImplTest,N/A,N/A,1,N/A,0.001,ERROR
javamop_asterisk-java,org.asteriskjava.manager.internal.EventBuilderImplTest,N/A,N/A,1,N/A,0.001,ERROR
javamop_asterisk-java,org.asteriskjava.manager.internal.EventBuilderImplTest,N/A,N/A,1,N/A,0.001,ERROR
javamop_asterisk-java,org.asteriskjava.manager.internal.EventBuilderImplTest,N/A,N/A,1,N/A,0.001,ERROR
javamop_asterisk-java,org.asteriskjava.manager.internal.EventBuilderImplTest,N/A,N/A,1,N/A,0.001,ERROR
javamop_asterisk-java,org.asteriskjava.manager.internal.EventBuilderImplTest,N/A,N/A,1,N/A,0.001,ERROR
javamop_asterisk-java,org.asteriskjava.manager.internal.EventBuilderImplTest,N/A,N/A,1,N/A,0.01,ERROR
javamop_asterisk-java,org.asteriskjava.manager.internal.EventBuilderImplTest,N/A,N/A,1,N/A,0.002,ERROR
javamop_asterisk-java,org.asteriskjava.manager.internal.EventBuilderImplTest,N/A,N/A,1,N/A,0.001,ERROR
javamop_asterisk-java,org.asteriskjava.manager.internal.EventBuilderImplTest,N/A,N/A,1,N/A,0.001,ERROR
javamop_asterisk-java,org.asteriskjava.manager.internal.EventBuilderImplTest,N/A,N/A,1,N/A,0.002,ERROR
javamop_asterisk-java,org.asteriskjava.manager.internal.EventBuilderImplTest,N/A,N/A,1,N/A,0.002,ERROR
javamop_asterisk-java,org.asteriskjava.manager.internal.EventBuilderImplTest,N/A,N/A,1,N/A,0.001,ERROR
javamop_asterisk-java,org.asteriskjava.manager.internal.EventBuilderImplTest,N/A,N/A,1,N/A,0.002,ERROR
javamop_asterisk-java,org.asteriskjava.manager.internal.EventBuilderImplTest,N/A,N/A,1,N/A,0.001,ERROR
javamop_asterisk-java,org.asteriskjava.manager.internal.EventBuilderImplTest,N/A,N/A,1,N/A,0.002,ERROR
javamop_asterisk-java,org.asteriskjava.manager.internal.EventBuilderImplTest,N/A,N/A,1,N/A,0.002,ERROR
javamop_asterisk-java,org.asteriskjava.manager.internal.EventBuilderImplTest,N/A,N/A,1,N/A,0.002,ERROR
javamop_asterisk-java,org.asteriskjava.manager.internal.EventBuilderImplTest,N/A,N/A,1,N/A,0.002,ERROR
javamop_asterisk-java,org.asteriskjava.manager.internal.EventBuilderImplTest,N/A,N/A,1,N/A,0.001,ERROR
javamop_asterisk-java,org.asteriskjava.manager.internal.EventBuilderImplTest,N/A,N/A,1,N/A,0.003,ERROR
javamop_asterisk-java,org.asteriskjava.manager.internal.EventBuilderImplTest,N/A,N/A,1,N/A,0.001,ERROR
javamop_asterisk-java,org.asteriskjava.manager.internal.EventBuilderImplTest,N/A,N/A,1,N/A,0.001,ERROR
javamop_asterisk-java,org.asteriskjava.manager.internal.EventBuilderImplTest,N/A,N/A,1,N/A,0.001,ERROR
javamop_asterisk-java,org.asteriskjava.manager.internal.EventBuilderImplTest,N/A,N/A,1,N/A,0.002,ERROR
javamop_asterisk-java,org.asteriskjava.manager.internal.EventBuilderImplTest,N/A,N/A,1,N/A,0.001,ERROR
javamop_asterisk-java,org.asteriskjava.manager.internal.EventBuilderImplTest,N/A,N/A,1,N/A,0.001,ERROR
javamop_asterisk-java,org.asteriskjava.manager.internal.EventBuilderImplTest,N/A,N/A,1,N/A,0.001,ERROR
javamop_asterisk-java,org.asteriskjava.manager.internal.EventBuilderImplTest,N/A,N/A,1,N/A,0.001,ERROR
javamop_asterisk-java,org.asteriskjava.manager.internal.EventBuilderImplTest,N/A,N/A,1,N/A,0.001,ERROR
javamop_asterisk-java,org.asteriskjava.manager.internal.EventBuilderImplTest,N/A,N/A,1,N/A,0.002,ERROR
javamop_asterisk-java,null,22,0,22,0,0.124,FAILURE
javamop_asterisk-java,org.asteriskjava.manager.internal.ManagerConnectionImplTest,N/A,N/A,1,N/A,0.003,ERROR
javamop_asterisk-java,org.asteriskjava.manager.internal.ManagerConnectionImplTest,N/A,N/A,1,N/A,0.002,ERROR
javamop_asterisk-java,org.asteriskjava.manager.internal.ManagerConnectionImplTest,N/A,N/A,1,N/A,0.002,ERROR
javamop_asterisk-java,org.asteriskjava.manager.internal.ManagerConnectionImplTest,N/A,N/A,1,N/A,0.002,ERROR
javamop_asterisk-java,org.asteriskjava.manager.internal.ManagerConnectionImplTest,N/A,N/A,1,N/A,0.002,ERROR
javamop_asterisk-java,org.asteriskjava.manager.internal.ManagerConnectionImplTest,N/A,N/A,1,N/A,0.002,ERROR
javamop_asterisk-java,org.asteriskjava.manager.internal.ManagerConnectionImplTest,N/A,N/A,1,N/A,0.003,ERROR
javamop_asterisk-java,org.asteriskjava.manager.internal.ManagerConnectionImplTest,N/A,N/A,1,N/A,0.002,ERROR
javamop_asterisk-java,org.asteriskjava.manager.internal.ManagerConnectionImplTest,N/A,N/A,1,N/A,0.002,ERROR
javamop_asterisk-java,org.asteriskjava.manager.internal.ManagerConnectionImplTest,N/A,N/A,1,N/A,0.003,ERROR
javamop_asterisk-java,org.asteriskjava.manager.internal.ManagerConnectionImplTest,N/A,N/A,1,N/A,0.003,ERROR
javamop_asterisk-java,org.asteriskjava.manager.internal.ManagerConnectionImplTest,N/A,N/A,1,N/A,0.002,ERROR
javamop_asterisk-java,org.asteriskjava.manager.internal.ManagerConnectionImplTest,N/A,N/A,1,N/A,0.002,ERROR
javamop_asterisk-java,org.asteriskjava.manager.internal.ManagerConnectionImplTest,N/A,N/A,1,N/A,0.002,ERROR
javamop_asterisk-java,org.asteriskjava.manager.internal.ManagerConnectionImplTest,N/A,N/A,1,N/A,0.002,ERROR
javamop_asterisk-java,org.asteriskjava.manager.internal.ManagerConnectionImplTest,N/A,N/A,1,N/A,0.002,ERROR
javamop_asterisk-java,org.asteriskjava.manager.internal.ManagerConnectionImplTest,N/A,N/A,1,N/A,0.003,ERROR
javamop_asterisk-java,org.asteriskjava.manager.internal.ManagerConnectionImplTest,N/A,N/A,1,N/A,0.002,ERROR
javamop_asterisk-java,org.asteriskjava.manager.internal.ManagerConnectionImplTest,N/A,N/A,1,N/A,0.001,ERROR
javamop_asterisk-java,org.asteriskjava.manager.internal.ManagerConnectionImplTest,N/A,N/A,1,N/A,0.001,ERROR
javamop_asterisk-java,org.asteriskjava.manager.internal.ManagerConnectionImplTest,N/A,N/A,1,N/A,0.001,ERROR
javamop_asterisk-java,org.asteriskjava.manager.internal.ManagerConnectionImplTest,N/A,N/A,1,N/A,0.002,ERROR
javamop_asterisk-java,org.asteriskjava.manager.response.CoreStatusResponseTest,2,0,0,0,0.006,SUCCESS
javamop_asterisk-java,org.asteriskjava.manager.response.SipShowPeerResponseTest,5,0,0,0,0.013,SUCCESS
javamop_asterisk-java,org.asteriskjava.live.HangupCauseTest,1,0,0,0,0.068,SUCCESS
javamop_asterisk-java,org.asteriskjava.live.QueueMemberStateTest,2,0,0,0,0.024,SUCCESS
javamop_asterisk-java,org.asteriskjava.live.internal.AsteriskQueueMemberImplTest,1,0,0,0,1.912,SUCCESS
javamop_asterisk-java,org.asteriskjava.live.internal.AsteriskChannelImplTest,1,0,0,0,0.082,SUCCESS
javamop_asterisk-java,org.asteriskjava.live.internal.AsteriskAgentImplTest,1,0,0,0,0.054,SUCCESS
javamop_asterisk-java,org.asteriskjava.live.CallerIdTest,7,0,0,0,0.034,SUCCESS
javamop_asterisk-java,null,2,0,2,0,0.011,FAILURE
javamop_asterisk-java,org.asteriskjava.lock.LockerTest,N/A,N/A,1,N/A,0.001,ERROR
javamop_asterisk-java,org.asteriskjava.lock.LockerTest,N/A,N/A,1,N/A,0.006,ERROR
javamop_asterisk-java,org.asteriskjava.fastagi.command.ReceiveTextCommandTest,2,0,0,0,0.02,SUCCESS
javamop_asterisk-java,org.asteriskjava.fastagi.command.NoopCommandTest,1,0,0,0,0.016,SUCCESS
javamop_asterisk-java,null,2,0,1,0,0.031,FAILURE
javamop_asterisk-java,org.asteriskjava.fastagi.command.SpeechCreateCommandTest,1,0,0,0,0.026,SUCCESS
javamop_asterisk-java,org.asteriskjava.fastagi.command.SetContextCommandTest,1,0,0,0,0.023,SUCCESS
javamop_asterisk-java,org.asteriskjava.fastagi.command.QueueCommandTest,1,0,0,0,0.02,SUCCESS
javamop_asterisk-java,org.asteriskjava.fastagi.command.SayPhoneticCommandTest,2,0,0,0,0.02,SUCCESS
javamop_asterisk-java,org.asteriskjava.fastagi.command.VerboseCommandTest,1,0,0,0,0.019,SUCCESS
javamop_asterisk-java,org.asteriskjava.fastagi.command.SayAlphaCommandTest,2,0,0,0,0.019,SUCCESS
javamop_asterisk-java,org.asteriskjava.fastagi.command.SendTextCommandTest,1,0,0,0,0.017,SUCCESS
javamop_asterisk-java,org.asteriskjava.fastagi.command.StreamFileCommandTest,3,0,0,0,0.022,SUCCESS
javamop_asterisk-java,org.asteriskjava.fastagi.command.ControlStreamFileCommandTest,5,0,0,0,0.026,SUCCESS
javamop_asterisk-java,org.asteriskjava.fastagi.command.ChannelStatusCommandTest,2,0,0,0,0.019,SUCCESS
javamop_asterisk-java,org.asteriskjava.fastagi.command.DatabaseDelTreeCommandTest,2,0,0,0,0.023,SUCCESS
javamop_asterisk-java,org.asteriskjava.fastagi.command.DatabaseGetCommandTest,1,0,0,0,0.019,SUCCESS
javamop_asterisk-java,org.asteriskjava.fastagi.command.SpeechUnloadGrammarCommandTest,1,0,0,0,0.018,SUCCESS
javamop_asterisk-java,org.asteriskjava.fastagi.command.HangupCommandTest,2,0,0,0,0.02,SUCCESS
javamop_asterisk-java,org.asteriskjava.fastagi.command.SetMusicOffCommandTest,1,0,0,0,0.011,SUCCESS
javamop_asterisk-java,org.asteriskjava.fastagi.command.SetPriorityCommandTest,1,0,0,0,0.016,SUCCESS
javamop_asterisk-java,org.asteriskjava.fastagi.command.SetMusicOnCommandTest,2,0,0,0,0.017,SUCCESS
javamop_asterisk-java,org.asteriskjava.fastagi.command.GetDataCommandTest,6,0,0,0,0.307,SUCCESS
javamop_asterisk-java,org.asteriskjava.fastagi.command.ReceiveCharCommandTest,2,0,0,0,0.022,SUCCESS
javamop_asterisk-java,org.asteriskjava.fastagi.command.SayNumberCommandTest,2,0,0,0,0.043,SUCCESS
javamop_asterisk-java,org.asteriskjava.fastagi.command.SetCallerIdCommandTest,1,0,0,0,0.021,SUCCESS
javamop_asterisk-java,org.asteriskjava.fastagi.command.WaitForDigitCommandTest,2,0,0,0,0.019,SUCCESS
javamop_asterisk-java,org.asteriskjava.fastagi.command.SayDateTimeCommandTest,4,0,0,0,0.04,SUCCESS
javamop_asterisk-java,org.asteriskjava.fastagi.command.SayTimeCommandTest,2,0,0,0,0.024,SUCCESS
javamop_asterisk-java,null,11,0,1,0,0.125,FAILURE
javamop_asterisk-java,org.asteriskjava.fastagi.command.DatabaseDelCommandTest,2,0,0,0,0.029,SUCCESS
javamop_asterisk-java,org.asteriskjava.fastagi.command.GosubCommandTest,2,0,0,0,0.034,SUCCESS
javamop_asterisk-java,org.asteriskjava.fastagi.command.GetOptionCommandTest,2,0,0,0,0.03,SUCCESS
javamop_asterisk-java,org.asteriskjava.fastagi.command.SayDigitsCommandTest,2,0,0,0,0.025,SUCCESS
javamop_asterisk-java,org.asteriskjava.fastagi.command.SpeechDestroyCommandTest,1,0,0,0,0.016,SUCCESS
javamop_asterisk-java,null,2,0,2,0,0.04,FAILURE
javamop_asterisk-java,org.asteriskjava.fastagi.command.AnswerCommandTest,1,0,0,0,0.016,SUCCESS
javamop_asterisk-java,org.asteriskjava.fastagi.command.RecordFileCommandTest,2,0,0,0,0.043,SUCCESS
javamop_asterisk-java,org.asteriskjava.fastagi.command.SpeechRecognizeCommandTest,2,0,0,0,0.035,SUCCESS
javamop_asterisk-java,org.asteriskjava.fastagi.command.BridgeCommandTest,2,0,0,0,0.037,SUCCESS
javamop_asterisk-java,org.asteriskjava.fastagi.command.SetAutoHangupCommandTest,1,0,0,0,0.016,SUCCESS
javamop_asterisk-java,org.asteriskjava.fastagi.command.TddModeCommandTest,1,0,0,0,0.02,SUCCESS
javamop_asterisk-java,org.asteriskjava.fastagi.command.SpeechActivateGrammarCommandTest,1,0,0,0,0.02,SUCCESS
javamop_asterisk-java,org.asteriskjava.fastagi.command.AsyncAgiBreakCommandTest,1,0,0,0,0.013,SUCCESS
javamop_asterisk-java,org.asteriskjava.fastagi.command.SpeechSetCommandTest,1,0,0,0,0.022,SUCCESS
javamop_asterisk-java,org.asteriskjava.fastagi.command.SetExtensionCommandTest,1,0,0,0,0.016,SUCCESS
javamop_asterisk-java,org.asteriskjava.fastagi.command.SpeechDeactivateGrammarCommandTest,1,0,0,0,0.021,SUCCESS
javamop_asterisk-java,org.asteriskjava.fastagi.command.SpeechLoadGrammarCommandTest,1,0,0,0,0.018,SUCCESS
javamop_asterisk-java,org.asteriskjava.fastagi.command.DatabasePutCommandTest,1,0,0,0,0.022,SUCCESS
javamop_asterisk-java,org.asteriskjava.fastagi.command.SendImageCommandTest,1,0,0,0,0.022,SUCCESS
javamop_asterisk-java,org.asteriskjava.fastagi.command.MeetmeCommandTest,2,0,0,0,0.039,SUCCESS
javamop_asterisk-java,org.asteriskjava.fastagi.command.SetVariableCommandTest,1,0,0,0,0.024,SUCCESS
javamop_asterisk-java,org.asteriskjava.fastagi.command.GetFullVariableCommandTest,2,0,0,0,0.027,SUCCESS
javamop_asterisk-java,org.asteriskjava.fastagi.command.ExecCommandTest,5,0,0,0,0.023,SUCCESS
javamop_asterisk-java,org.asteriskjava.fastagi.ClassNameMappingStrategyTest,2,0,0,0,0.087,SUCCESS
javamop_asterisk-java,null,3,0,3,0,0.067,FAILURE
javamop_asterisk-java,org.asteriskjava.fastagi.ResourceBundleMappingStrategyTest,N/A,N/A,1,N/A,0.06,ERROR
javamop_asterisk-java,org.asteriskjava.fastagi.ResourceBundleMappingStrategyTest,N/A,N/A,1,N/A,0.002,ERROR
javamop_asterisk-java,org.asteriskjava.fastagi.ResourceBundleMappingStrategyTest,N/A,N/A,1,N/A,0.001,ERROR
javamop_asterisk-java,org.asteriskjava.fastagi.DefaultAgiServerTest,4,0,0,0,0.288,SUCCESS
javamop_asterisk-java,null,2,0,2,0,0.007,FAILURE
javamop_asterisk-java,org.asteriskjava.fastagi.CompositeMappingStrategyTest,N/A,N/A,1,N/A,0.003,ERROR
javamop_asterisk-java,org.asteriskjava.fastagi.CompositeMappingStrategyTest,N/A,N/A,1,N/A,0.002,ERROR
javamop_asterisk-java,org.asteriskjava.fastagi.internal.AgiReplyImplTest,12,0,0,0,0.114,SUCCESS
javamop_asterisk-java,null,1,0,1,0,0.006,FAILURE
javamop_asterisk-java,org.asteriskjava.fastagi.internal.AgiWriterImplTest,N/A,N/A,1,N/A,0.002,ERROR
javamop_asterisk-java,null,5,0,5,0,0.024,FAILURE
javamop_asterisk-java,org.asteriskjava.fastagi.internal.AgiReaderImplTest,N/A,N/A,1,N/A,0.002,ERROR
javamop_asterisk-java,org.asteriskjava.fastagi.internal.AgiReaderImplTest,N/A,N/A,1,N/A,0.002,ERROR
javamop_asterisk-java,org.asteriskjava.fastagi.internal.AgiReaderImplTest,N/A,N/A,1,N/A,0.002,ERROR
javamop_asterisk-java,org.asteriskjava.fastagi.internal.AgiReaderImplTest,N/A,N/A,1,N/A,0.002,ERROR
javamop_asterisk-java,org.asteriskjava.fastagi.internal.AgiReaderImplTest,N/A,N/A,1,N/A,0.002,ERROR
javamop_asterisk-java,null,3,0,3,0,0.015,FAILURE
javamop_asterisk-java,org.asteriskjava.fastagi.internal.AgiChannelImplTest,N/A,N/A,1,N/A,0.001,ERROR
javamop_asterisk-java,org.asteriskjava.fastagi.internal.AgiChannelImplTest,N/A,N/A,1,N/A,0.001,ERROR
javamop_asterisk-java,org.asteriskjava.fastagi.internal.AgiChannelImplTest,N/A,N/A,1,N/A,0.002,ERROR
javamop_asterisk-java,org.asteriskjava.fastagi.internal.AgiRequestImplTest,24,0,0,0,0.33,SUCCESS
javamop_asterisk-java,org.asteriskjava.fastagi.ScriptEngineMappingStrategyTest,3,0,0,0,0.006,SUCCESS
javamop_asterisk-java,org.asteriskjava.util.DateUtilTest,2,0,0,0,0.004,SUCCESS
javamop_asterisk-java,org.asteriskjava.util.internal.streamreader.FastScannerDeterministicTest,3,0,0,0,0.27,SUCCESS
javamop_asterisk-java,org.asteriskjava.util.internal.streamreader.FastScannerRandomTest,2,0,0,0,20.38,SUCCESS
javamop_asterisk-java,org.asteriskjava.util.internal.streamreader.FastScannerSpeedTest,3,0,0,0,9.853,SUCCESS
javamop_asterisk-java,org.asteriskjava.util.AstUtilTest,7,0,0,0,0.005,SUCCESS
javamop_asterisk-java,org.asteriskjava.AsteriskVersionTest,6,0,0,0,0.005,SUCCESS
Sum: 100.19000000000004
--------------------Execution: 10 -----------------------------------
javamop_asterisk-java,null,1,0,1,0,13.17,FAILURE
javamop_asterisk-java,org.asteriskjava.config.ConfigFileParserTest,4,0,0,0,0.178,SUCCESS
javamop_asterisk-java,org.asteriskjava.manager.event.ConfbridgeJoinEventTest,1,0,0,0,7.27,SUCCESS
javamop_asterisk-java,org.asteriskjava.manager.event.AgiExecStartEventTest,1,0,0,0,0.023,SUCCESS
javamop_asterisk-java,org.asteriskjava.manager.event.ChanSpyStopEventTest,1,0,0,0,0.086,SUCCESS
javamop_asterisk-java,org.asteriskjava.manager.event.AsyncAgiEventTest,2,0,0,0,0.052,SUCCESS
javamop_asterisk-java,org.asteriskjava.manager.event.BridgeCreateEventTest,1,0,0,0,0.011,SUCCESS
javamop_asterisk-java,org.asteriskjava.manager.event.T38FaxStatusEventTest,2,0,0,0,0.027,SUCCESS
javamop_asterisk-java,org.asteriskjava.manager.event.CdrEventTest,3,0,0,0,0.019,SUCCESS
javamop_asterisk-java,org.asteriskjava.manager.event.ChannelTalkingStartEventTest,1,0,0,0,0.018,SUCCESS
javamop_asterisk-java,org.asteriskjava.manager.event.MusicOnHoldEventTest,1,0,0,0,0.011,SUCCESS
javamop_asterisk-java,org.asteriskjava.manager.event.NewStateEventTest,2,0,0,0,0.075,SUCCESS
javamop_asterisk-java,org.asteriskjava.manager.event.BridgeEnterEventTest,1,0,0,0,0.003,SUCCESS
javamop_asterisk-java,org.asteriskjava.manager.event.ChannelReloadEventTest,3,0,0,0,0.007,SUCCESS
javamop_asterisk-java,org.asteriskjava.manager.event.AttendedTransferEventTest,1,0,0,0,0.024,SUCCESS
javamop_asterisk-java,org.asteriskjava.manager.event.HangupEventTest,2,0,0,0,0.137,SUCCESS
javamop_asterisk-java,org.asteriskjava.manager.event.ChannelTalkingStopEventTest,1,0,0,0,0.028,SUCCESS
javamop_asterisk-java,org.asteriskjava.manager.event.SkypeBuddyStatusEventTest,2,0,0,0,0.004,SUCCESS
javamop_asterisk-java,org.asteriskjava.manager.event.AgentConnectEventTest,1,0,0,0,0.023,SUCCESS
javamop_asterisk-java,org.asteriskjava.manager.event.ConfbridgeLeaveEventTest,1,0,0,0,0.012,SUCCESS
javamop_asterisk-java,org.asteriskjava.manager.event.RtcpReceivedEventTest,5,0,0,0,0.013,SUCCESS
javamop_asterisk-java,org.asteriskjava.manager.event.HangupRequestEventTest,1,0,0,0,0.012,SUCCESS
javamop_asterisk-java,org.asteriskjava.manager.event.SkypeChatMessageEventTest,1,0,0,0,0.047,SUCCESS
javamop_asterisk-java,org.asteriskjava.manager.AbstractManagerEventListenerTest,2,0,0,0,0.005,SUCCESS
javamop_asterisk-java,null,9,0,9,0,6.776,FAILURE
javamop_asterisk-java,org.asteriskjava.manager.internal.ManagerReaderImplTest,N/A,N/A,1,N/A,6.756,ERROR
javamop_asterisk-java,org.asteriskjava.manager.internal.ManagerReaderImplTest,N/A,N/A,1,N/A,0.001,ERROR
javamop_asterisk-java,org.asteriskjava.manager.internal.ManagerReaderImplTest,N/A,N/A,1,N/A,0.002,ERROR
javamop_asterisk-java,org.asteriskjava.manager.internal.ManagerReaderImplTest,N/A,N/A,1,N/A,0.002,ERROR
javamop_asterisk-java,org.asteriskjava.manager.internal.ManagerReaderImplTest,N/A,N/A,1,N/A,0.001,ERROR
javamop_asterisk-java,org.asteriskjava.manager.internal.ManagerReaderImplTest,N/A,N/A,1,N/A,0.001,ERROR
javamop_asterisk-java,org.asteriskjava.manager.internal.ManagerReaderImplTest,N/A,N/A,1,N/A,0.001,ERROR
javamop_asterisk-java,org.asteriskjava.manager.internal.ManagerReaderImplTest,N/A,N/A,1,N/A,0.001,ERROR
javamop_asterisk-java,org.asteriskjava.manager.internal.ManagerReaderImplTest,N/A,N/A,1,N/A,0.002,ERROR
javamop_asterisk-java,null,2,0,1,0,14.37,FAILURE
javamop_asterisk-java,org.asteriskjava.manager.internal.ManagerWriterImplTest,N/A,N/A,1,N/A,14.2,ERROR
javamop_asterisk-java,org.asteriskjava.manager.internal.ResponseBuilderImplTest,9,0,0,0,0.11,SUCCESS
javamop_asterisk-java,org.asteriskjava.manager.internal.ActionBuilderImplTest,16,0,0,0,0.286,SUCCESS
javamop_asterisk-java,org.asteriskjava.manager.internal.backwardsCompatibility.bridge.BridgeEnterEventComparatorTest,17,0,0,0,0.021,SUCCESS
javamop_asterisk-java,null,36,0,36,0,0.072,FAILURE
javamop_asterisk-java,org.asteriskjava.manager.internal.EventBuilderImplTest,N/A,N/A,1,N/A,0.002,ERROR
javamop_asterisk-java,org.asteriskjava.manager.internal.EventBuilderImplTest,N/A,N/A,1,N/A,0.001,ERROR
javamop_asterisk-java,org.asteriskjava.manager.internal.EventBuilderImplTest,N/A,N/A,1,N/A,0.002,ERROR
javamop_asterisk-java,org.asteriskjava.manager.internal.EventBuilderImplTest,N/A,N/A,1,N/A,0.002,ERROR
javamop_asterisk-java,org.asteriskjava.manager.internal.EventBuilderImplTest,N/A,N/A,1,N/A,0.001,ERROR
javamop_asterisk-java,org.asteriskjava.manager.internal.EventBuilderImplTest,N/A,N/A,1,N/A,0.001,ERROR
javamop_asterisk-java,org.asteriskjava.manager.internal.EventBuilderImplTest,N/A,N/A,1,N/A,0.001,ERROR
javamop_asterisk-java,org.asteriskjava.manager.internal.EventBuilderImplTest,N/A,N/A,1,N/A,0.001,ERROR
javamop_asterisk-java,org.asteriskjava.manager.internal.EventBuilderImplTest,N/A,N/A,1,N/A,0.0,ERROR
javamop_asterisk-java,org.asteriskjava.manager.internal.EventBuilderImplTest,N/A,N/A,1,N/A,0.001,ERROR
javamop_asterisk-java,org.asteriskjava.manager.internal.EventBuilderImplTest,N/A,N/A,1,N/A,0.001,ERROR
javamop_asterisk-java,org.asteriskjava.manager.internal.EventBuilderImplTest,N/A,N/A,1,N/A,0.001,ERROR
javamop_asterisk-java,org.asteriskjava.manager.internal.EventBuilderImplTest,N/A,N/A,1,N/A,0.001,ERROR
javamop_asterisk-java,org.asteriskjava.manager.internal.EventBuilderImplTest,N/A,N/A,1,N/A,0.001,ERROR
javamop_asterisk-java,org.asteriskjava.manager.internal.EventBuilderImplTest,N/A,N/A,1,N/A,0.001,ERROR
javamop_asterisk-java,org.asteriskjava.manager.internal.EventBuilderImplTest,N/A,N/A,1,N/A,0.002,ERROR
javamop_asterisk-java,org.asteriskjava.manager.internal.EventBuilderImplTest,N/A,N/A,1,N/A,0.001,ERROR
javamop_asterisk-java,org.asteriskjava.manager.internal.EventBuilderImplTest,N/A,N/A,1,N/A,0.001,ERROR
javamop_asterisk-java,org.asteriskjava.manager.internal.EventBuilderImplTest,N/A,N/A,1,N/A,0.001,ERROR
javamop_asterisk-java,org.asteriskjava.manager.internal.EventBuilderImplTest,N/A,N/A,1,N/A,0.002,ERROR
javamop_asterisk-java,org.asteriskjava.manager.internal.EventBuilderImplTest,N/A,N/A,1,N/A,0.002,ERROR
javamop_asterisk-java,org.asteriskjava.manager.internal.EventBuilderImplTest,N/A,N/A,1,N/A,0.001,ERROR
javamop_asterisk-java,org.asteriskjava.manager.internal.EventBuilderImplTest,N/A,N/A,1,N/A,0.001,ERROR
javamop_asterisk-java,org.asteriskjava.manager.internal.EventBuilderImplTest,N/A,N/A,1,N/A,0.001,ERROR
javamop_asterisk-java,org.asteriskjava.manager.internal.EventBuilderImplTest,N/A,N/A,1,N/A,0.001,ERROR
javamop_asterisk-java,org.asteriskjava.manager.internal.EventBuilderImplTest,N/A,N/A,1,N/A,0.001,ERROR
javamop_asterisk-java,org.asteriskjava.manager.internal.EventBuilderImplTest,N/A,N/A,1,N/A,0.001,ERROR
javamop_asterisk-java,org.asteriskjava.manager.internal.EventBuilderImplTest,N/A,N/A,1,N/A,0.001,ERROR
javamop_asterisk-java,org.asteriskjava.manager.internal.EventBuilderImplTest,N/A,N/A,1,N/A,0.001,ERROR
javamop_asterisk-java,org.asteriskjava.manager.internal.EventBuilderImplTest,N/A,N/A,1,N/A,0.001,ERROR
javamop_asterisk-java,org.asteriskjava.manager.internal.EventBuilderImplTest,N/A,N/A,1,N/A,0.001,ERROR
javamop_asterisk-java,org.asteriskjava.manager.internal.EventBuilderImplTest,N/A,N/A,1,N/A,0.001,ERROR
javamop_asterisk-java,org.asteriskjava.manager.internal.EventBuilderImplTest,N/A,N/A,1,N/A,0.001,ERROR
javamop_asterisk-java,org.asteriskjava.manager.internal.EventBuilderImplTest,N/A,N/A,1,N/A,0.001,ERROR
javamop_asterisk-java,org.asteriskjava.manager.internal.EventBuilderImplTest,N/A,N/A,1,N/A,0.001,ERROR
javamop_asterisk-java,org.asteriskjava.manager.internal.EventBuilderImplTest,N/A,N/A,1,N/A,0.001,ERROR
javamop_asterisk-java,null,22,0,22,0,0.129,FAILURE
javamop_asterisk-java,org.asteriskjava.manager.internal.ManagerConnectionImplTest,N/A,N/A,1,N/A,0.003,ERROR
javamop_asterisk-java,org.asteriskjava.manager.internal.ManagerConnectionImplTest,N/A,N/A,1,N/A,0.004,ERROR
javamop_asterisk-java,org.asteriskjava.manager.internal.ManagerConnectionImplTest,N/A,N/A,1,N/A,0.002,ERROR
javamop_asterisk-java,org.asteriskjava.manager.internal.ManagerConnectionImplTest,N/A,N/A,1,N/A,0.002,ERROR
javamop_asterisk-java,org.asteriskjava.manager.internal.ManagerConnectionImplTest,N/A,N/A,1,N/A,0.003,ERROR
javamop_asterisk-java,org.asteriskjava.manager.internal.ManagerConnectionImplTest,N/A,N/A,1,N/A,0.002,ERROR
javamop_asterisk-java,org.asteriskjava.manager.internal.ManagerConnectionImplTest,N/A,N/A,1,N/A,0.002,ERROR
javamop_asterisk-java,org.asteriskjava.manager.internal.ManagerConnectionImplTest,N/A,N/A,1,N/A,0.003,ERROR
javamop_asterisk-java,org.asteriskjava.manager.internal.ManagerConnectionImplTest,N/A,N/A,1,N/A,0.006,ERROR
javamop_asterisk-java,org.asteriskjava.manager.internal.ManagerConnectionImplTest,N/A,N/A,1,N/A,0.003,ERROR
javamop_asterisk-java,org.asteriskjava.manager.internal.ManagerConnectionImplTest,N/A,N/A,1,N/A,0.002,ERROR
javamop_asterisk-java,org.asteriskjava.manager.internal.ManagerConnectionImplTest,N/A,N/A,1,N/A,0.002,ERROR
javamop_asterisk-java,org.asteriskjava.manager.internal.ManagerConnectionImplTest,N/A,N/A,1,N/A,0.002,ERROR
javamop_asterisk-java,org.asteriskjava.manager.internal.ManagerConnectionImplTest,N/A,N/A,1,N/A,0.002,ERROR
javamop_asterisk-java,org.asteriskjava.manager.internal.ManagerConnectionImplTest,N/A,N/A,1,N/A,0.002,ERROR
javamop_asterisk-java,org.asteriskjava.manager.internal.ManagerConnectionImplTest,N/A,N/A,1,N/A,0.002,ERROR
javamop_asterisk-java,org.asteriskjava.manager.internal.ManagerConnectionImplTest,N/A,N/A,1,N/A,0.002,ERROR
javamop_asterisk-java,org.asteriskjava.manager.internal.ManagerConnectionImplTest,N/A,N/A,1,N/A,0.002,ERROR
javamop_asterisk-java,org.asteriskjava.manager.internal.ManagerConnectionImplTest,N/A,N/A,1,N/A,0.001,ERROR
javamop_asterisk-java,org.asteriskjava.manager.internal.ManagerConnectionImplTest,N/A,N/A,1,N/A,0.001,ERROR
javamop_asterisk-java,org.asteriskjava.manager.internal.ManagerConnectionImplTest,N/A,N/A,1,N/A,0.002,ERROR
javamop_asterisk-java,org.asteriskjava.manager.internal.ManagerConnectionImplTest,N/A,N/A,1,N/A,0.001,ERROR
javamop_asterisk-java,org.asteriskjava.manager.response.CoreStatusResponseTest,2,0,0,0,0.007,SUCCESS
javamop_asterisk-java,org.asteriskjava.manager.response.SipShowPeerResponseTest,5,0,0,0,0.009,SUCCESS
javamop_asterisk-java,org.asteriskjava.live.HangupCauseTest,1,0,0,0,0.039,SUCCESS
javamop_asterisk-java,org.asteriskjava.live.QueueMemberStateTest,2,0,0,0,0.02,SUCCESS
javamop_asterisk-java,org.asteriskjava.live.internal.AsteriskQueueMemberImplTest,1,0,0,0,2.099,SUCCESS
javamop_asterisk-java,org.asteriskjava.live.internal.AsteriskChannelImplTest,1,0,0,0,0.097,SUCCESS
javamop_asterisk-java,org.asteriskjava.live.internal.AsteriskAgentImplTest,1,0,0,0,0.062,SUCCESS
javamop_asterisk-java,org.asteriskjava.live.CallerIdTest,7,0,0,0,0.046,SUCCESS
javamop_asterisk-java,null,2,0,2,0,0.011,FAILURE
javamop_asterisk-java,org.asteriskjava.lock.LockerTest,N/A,N/A,1,N/A,0.002,ERROR
javamop_asterisk-java,org.asteriskjava.lock.LockerTest,N/A,N/A,1,N/A,0.004,ERROR
javamop_asterisk-java,org.asteriskjava.fastagi.command.ReceiveTextCommandTest,2,0,0,0,0.022,SUCCESS
javamop_asterisk-java,org.asteriskjava.fastagi.command.NoopCommandTest,1,0,0,0,0.018,SUCCESS
javamop_asterisk-java,null,2,0,1,0,0.038,FAILURE
javamop_asterisk-java,org.asteriskjava.fastagi.command.SpeechCreateCommandTest,1,0,0,0,0.02,SUCCESS
javamop_asterisk-java,org.asteriskjava.fastagi.command.SetContextCommandTest,1,0,0,0,0.016,SUCCESS
javamop_asterisk-java,org.asteriskjava.fastagi.command.QueueCommandTest,1,0,0,0,0.018,SUCCESS
javamop_asterisk-java,org.asteriskjava.fastagi.command.SayPhoneticCommandTest,2,0,0,0,0.018,SUCCESS
javamop_asterisk-java,org.asteriskjava.fastagi.command.VerboseCommandTest,1,0,0,0,0.02,SUCCESS
javamop_asterisk-java,org.asteriskjava.fastagi.command.SayAlphaCommandTest,2,0,0,0,0.023,SUCCESS
javamop_asterisk-java,org.asteriskjava.fastagi.command.SendTextCommandTest,1,0,0,0,0.017,SUCCESS
javamop_asterisk-java,org.asteriskjava.fastagi.command.StreamFileCommandTest,3,0,0,0,0.024,SUCCESS
javamop_asterisk-java,org.asteriskjava.fastagi.command.ControlStreamFileCommandTest,5,0,0,0,0.029,SUCCESS
javamop_asterisk-java,org.asteriskjava.fastagi.command.ChannelStatusCommandTest,2,0,0,0,0.019,SUCCESS
javamop_asterisk-java,org.asteriskjava.fastagi.command.DatabaseDelTreeCommandTest,2,0,0,0,0.021,SUCCESS
javamop_asterisk-java,org.asteriskjava.fastagi.command.DatabaseGetCommandTest,1,0,0,0,0.019,SUCCESS
javamop_asterisk-java,org.asteriskjava.fastagi.command.SpeechUnloadGrammarCommandTest,1,0,0,0,0.016,SUCCESS
javamop_asterisk-java,org.asteriskjava.fastagi.command.HangupCommandTest,2,0,0,0,0.018,SUCCESS
javamop_asterisk-java,org.asteriskjava.fastagi.command.SetMusicOffCommandTest,1,0,0,0,0.012,SUCCESS
javamop_asterisk-java,org.asteriskjava.fastagi.command.SetPriorityCommandTest,1,0,0,0,0.017,SUCCESS
javamop_asterisk-java,org.asteriskjava.fastagi.command.SetMusicOnCommandTest,2,0,0,0,0.02,SUCCESS
javamop_asterisk-java,org.asteriskjava.fastagi.command.GetDataCommandTest,6,0,0,0,0.297,SUCCESS
javamop_asterisk-java,org.asteriskjava.fastagi.command.ReceiveCharCommandTest,2,0,0,0,0.018,SUCCESS
javamop_asterisk-java,org.asteriskjava.fastagi.command.SayNumberCommandTest,2,0,0,0,0.02,SUCCESS
javamop_asterisk-java,org.asteriskjava.fastagi.command.SetCallerIdCommandTest,1,0,0,0,0.015,SUCCESS
javamop_asterisk-java,org.asteriskjava.fastagi.command.WaitForDigitCommandTest,2,0,0,0,0.019,SUCCESS
javamop_asterisk-java,org.asteriskjava.fastagi.command.SayDateTimeCommandTest,4,0,0,0,0.03,SUCCESS
javamop_asterisk-java,org.asteriskjava.fastagi.command.SayTimeCommandTest,2,0,0,0,0.017,SUCCESS
javamop_asterisk-java,null,11,0,1,0,0.089,FAILURE
javamop_asterisk-java,org.asteriskjava.fastagi.command.DatabaseDelCommandTest,2,0,0,0,0.023,SUCCESS
javamop_asterisk-java,org.asteriskjava.fastagi.command.GosubCommandTest,2,0,0,0,0.028,SUCCESS
javamop_asterisk-java,org.asteriskjava.fastagi.command.GetOptionCommandTest,2,0,0,0,0.027,SUCCESS
javamop_asterisk-java,org.asteriskjava.fastagi.command.SayDigitsCommandTest,2,0,0,0,0.02,SUCCESS
javamop_asterisk-java,org.asteriskjava.fastagi.command.SpeechDestroyCommandTest,1,0,0,0,0.015,SUCCESS
javamop_asterisk-java,null,2,0,2,0,0.03,FAILURE
javamop_asterisk-java,org.asteriskjava.fastagi.command.AnswerCommandTest,1,0,0,0,0.011,SUCCESS
javamop_asterisk-java,org.asteriskjava.fastagi.command.RecordFileCommandTest,2,0,0,0,0.025,SUCCESS
javamop_asterisk-java,org.asteriskjava.fastagi.command.SpeechRecognizeCommandTest,2,0,0,0,0.019,SUCCESS
javamop_asterisk-java,org.asteriskjava.fastagi.command.BridgeCommandTest,2,0,0,0,0.027,SUCCESS
javamop_asterisk-java,org.asteriskjava.fastagi.command.SetAutoHangupCommandTest,1,0,0,0,0.015,SUCCESS
javamop_asterisk-java,org.asteriskjava.fastagi.command.TddModeCommandTest,1,0,0,0,0.023,SUCCESS
javamop_asterisk-java,org.asteriskjava.fastagi.command.SpeechActivateGrammarCommandTest,1,0,0,0,0.018,SUCCESS
javamop_asterisk-java,org.asteriskjava.fastagi.command.AsyncAgiBreakCommandTest,1,0,0,0,0.012,SUCCESS
javamop_asterisk-java,org.asteriskjava.fastagi.command.SpeechSetCommandTest,1,0,0,0,0.017,SUCCESS
javamop_asterisk-java,org.asteriskjava.fastagi.command.SetExtensionCommandTest,1,0,0,0,0.017,SUCCESS
javamop_asterisk-java,org.asteriskjava.fastagi.command.SpeechDeactivateGrammarCommandTest,1,0,0,0,0.015,SUCCESS
javamop_asterisk-java,org.asteriskjava.fastagi.command.SpeechLoadGrammarCommandTest,1,0,0,0,0.019,SUCCESS
javamop_asterisk-java,org.asteriskjava.fastagi.command.DatabasePutCommandTest,1,0,0,0,0.023,SUCCESS
javamop_asterisk-java,org.asteriskjava.fastagi.command.SendImageCommandTest,1,0,0,0,0.017,SUCCESS
javamop_asterisk-java,org.asteriskjava.fastagi.command.MeetmeCommandTest,2,0,0,0,0.026,SUCCESS
javamop_asterisk-java,org.asteriskjava.fastagi.command.SetVariableCommandTest,1,0,0,0,0.017,SUCCESS
javamop_asterisk-java,org.asteriskjava.fastagi.command.GetFullVariableCommandTest,2,0,0,0,0.024,SUCCESS
javamop_asterisk-java,org.asteriskjava.fastagi.command.ExecCommandTest,5,0,0,0,0.024,SUCCESS
javamop_asterisk-java,org.asteriskjava.fastagi.ClassNameMappingStrategyTest,2,0,0,0,0.087,SUCCESS
javamop_asterisk-java,null,3,0,3,0,0.062,FAILURE
javamop_asterisk-java,org.asteriskjava.fastagi.ResourceBundleMappingStrategyTest,N/A,N/A,1,N/A,0.056,ERROR
javamop_asterisk-java,org.asteriskjava.fastagi.ResourceBundleMappingStrategyTest,N/A,N/A,1,N/A,0.003,ERROR
javamop_asterisk-java,org.asteriskjava.fastagi.ResourceBundleMappingStrategyTest,N/A,N/A,1,N/A,0.001,ERROR
javamop_asterisk-java,org.asteriskjava.fastagi.DefaultAgiServerTest,4,0,0,0,0.269,SUCCESS
javamop_asterisk-java,null,2,0,2,0,0.007,FAILURE
javamop_asterisk-java,org.asteriskjava.fastagi.CompositeMappingStrategyTest,N/A,N/A,1,N/A,0.004,ERROR
javamop_asterisk-java,org.asteriskjava.fastagi.CompositeMappingStrategyTest,N/A,N/A,1,N/A,0.002,ERROR
javamop_asterisk-java,org.asteriskjava.fastagi.internal.AgiReplyImplTest,12,0,0,0,0.118,SUCCESS
javamop_asterisk-java,null,1,0,1,0,0.007,FAILURE
javamop_asterisk-java,org.asteriskjava.fastagi.internal.AgiWriterImplTest,N/A,N/A,1,N/A,0.002,ERROR
javamop_asterisk-java,null,5,0,5,0,0.022,FAILURE
javamop_asterisk-java,org.asteriskjava.fastagi.internal.AgiReaderImplTest,N/A,N/A,1,N/A,0.002,ERROR
javamop_asterisk-java,org.asteriskjava.fastagi.internal.AgiReaderImplTest,N/A,N/A,1,N/A,0.002,ERROR
javamop_asterisk-java,org.asteriskjava.fastagi.internal.AgiReaderImplTest,N/A,N/A,1,N/A,0.001,ERROR
javamop_asterisk-java,org.asteriskjava.fastagi.internal.AgiReaderImplTest,N/A,N/A,1,N/A,0.001,ERROR
javamop_asterisk-java,org.asteriskjava.fastagi.internal.AgiReaderImplTest,N/A,N/A,1,N/A,0.001,ERROR
javamop_asterisk-java,null,3,0,3,0,0.014,FAILURE
javamop_asterisk-java,org.asteriskjava.fastagi.internal.AgiChannelImplTest,N/A,N/A,1,N/A,0.001,ERROR
javamop_asterisk-java,org.asteriskjava.fastagi.internal.AgiChannelImplTest,N/A,N/A,1,N/A,0.002,ERROR
javamop_asterisk-java,org.asteriskjava.fastagi.internal.AgiChannelImplTest,N/A,N/A,1,N/A,0.001,ERROR
javamop_asterisk-java,org.asteriskjava.fastagi.internal.AgiRequestImplTest,24,0,0,0,0.3,SUCCESS
javamop_asterisk-java,org.asteriskjava.fastagi.ScriptEngineMappingStrategyTest,3,0,0,0,0.004,SUCCESS
javamop_asterisk-java,org.asteriskjava.util.DateUtilTest,2,0,0,0,0.005,SUCCESS
javamop_asterisk-java,org.asteriskjava.util.internal.streamreader.FastScannerDeterministicTest,3,0,0,0,0.554,SUCCESS
javamop_asterisk-java,org.asteriskjava.util.internal.streamreader.FastScannerRandomTest,2,0,0,0,21.03,SUCCESS
javamop_asterisk-java,org.asteriskjava.util.internal.streamreader.FastScannerSpeedTest,3,0,0,0,9.981,SUCCESS
javamop_asterisk-java,org.asteriskjava.util.AstUtilTest,7,0,0,0,0.005,SUCCESS
javamop_asterisk-java,org.asteriskjava.AsteriskVersionTest,6,0,0,0,0.005,SUCCESS
Sum: 100.4249999999999
