id,Project Name,Filename:Line number,Specification,Conclusion,log
104.0,recrack.kornakapi,com/thoughtworks/xstream/core/util/PrioritizedList.java,SortedSet_Comparable,FalseAlarm,"[MSL] Specification SortedSet_Comparable has been violated on line [com.thoughtworks.xstream.core.util.PrioritizedList.add(PrioritizedList.java:29), com.thoughtworks.xstream.core.DefaultConverterLookup.registerConverter(DefaultConverterLookup.java:55), com.thoughtworks.xstream.XStream.registerConverter(XStream.java:1033), com.thoughtworks.xstream.XStream.dynamicallyRegisterConverter(XStream.java:663), com.thoughtworks.xstream.XStream.setupConverters(XStream.java:543), com.thoughtworks.xstream.XStream.<init>(XStream.java:375), com.thoughtworks.xstream.XStream.<init>(XStream.java:301), org.plista.kornakapi.core.config.Configuration.fromXML(Configuration.java:34), org.plista.kornakapi.RegressionTest0.test00007(RegressionTest0.java:72), sun.reflect.NativeMethodAccessorImpl.invoke0(Native Method), sun.reflect.NativeMethodAccessorImpl.invoke(NativeMethodAccessorImpl.java:62), sun.reflect.DelegatingMethodAccessorImpl.invoke(DelegatingMethodAccessorImpl.java:43), java.lang.reflect.Method.invoke(Method.java:498), org.junit.runners.model.FrameworkMethod$1.runReflectiveCall(FrameworkMethod.java:47), org.junit.internal.runners.model.ReflectiveCallable.run(ReflectiveCallable.java:12), org.junit.runners.model.FrameworkMethod.invokeExplosively(FrameworkMethod.java:44), org.junit.internal.runners.statements.InvokeMethod.evaluate(InvokeMethod.java:17), org.junit.runners.ParentRunner.runLeaf(ParentRunner.java:271), org.junit.runners.BlockJUnit4ClassRunner.runChild(BlockJUnit4ClassRunner.java:70), org.junit.runners.BlockJUnit4ClassRunner.runChild(BlockJUnit4ClassRunner.java:50), org.junit.runners.ParentRunner$3.run(ParentRunner.java:238), org.junit.runners.ParentRunner$1.schedule(ParentRunner.java:63), org.junit.runners.ParentRunner.runChildren(ParentRunner.java:236), org.junit.runners.ParentRunner.access$000(ParentRunner.java:53), org.junit.runners.ParentRunner$2.evaluate(ParentRunner.java:229), org.junit.runners.ParentRunner.run(ParentRunner.java:309), org.junit.runners.Suite.runChild(Suite.java:127), org.junit.runners.Suite.runChild(Suite.java:26), org.junit.runners.ParentRunner$3.run(ParentRunner.java:238), org.junit.runners.ParentRunner$1.schedule(ParentRunner.java:63), org.junit.runners.ParentRunner.runChildren(ParentRunner.java:236), org.junit.runners.ParentRunner.access$000(ParentRunner.java:53), org.junit.runners.ParentRunner$2.evaluate(ParentRunner.java:229), org.junit.runners.ParentRunner.run(ParentRunner.java:309), org.apache.maven.surefire.junit4.JUnit4Provider.execute(JUnit4Provider.java:316), org.apache.maven.surefire.junit4.JUnit4Provider.executeWithRerun(JUnit4Provider.java:240), org.apache.maven.surefire.junit4.JUnit4Provider.executeTestSet(JUnit4Provider.java:214), org.apache.maven.surefire.junit4.JUnit4Provider.invoke(JUnit4Provider.java:155), org.apache.maven.surefire.booter.ForkedBooter.runSuitesInProcess(ForkedBooter.java:385), org.apache.maven.surefire.booter.ForkedBooter.execute(ForkedBooter.java:162), org.apache.maven.surefire.booter.ForkedBooter.run(ForkedBooter.java:507), org.apache.maven.surefire.booter.ForkedBooter.main(ForkedBooter.java:495)]"
105.0,recrack.kornakapi,com/thoughtworks/xstream/core/util/PrioritizedList.java,TreeSet_Comparable,FalseAlarm,"[MSL] Specification TreeSet_Comparable has been violated on line [com.thoughtworks.xstream.core.util.PrioritizedList.add(PrioritizedList.java:29), com.thoughtworks.xstream.core.DefaultConverterLookup.registerConverter(DefaultConverterLookup.java:55), com.thoughtworks.xstream.XStream.registerConverter(XStream.java:1033), com.thoughtworks.xstream.XStream.dynamicallyRegisterConverter(XStream.java:663), com.thoughtworks.xstream.XStream.setupConverters(XStream.java:543), com.thoughtworks.xstream.XStream.<init>(XStream.java:375), com.thoughtworks.xstream.XStream.<init>(XStream.java:301), org.plista.kornakapi.core.config.Configuration.fromXML(Configuration.java:34), org.plista.kornakapi.RegressionTest0.test00007(RegressionTest0.java:72), sun.reflect.NativeMethodAccessorImpl.invoke0(Native Method), sun.reflect.NativeMethodAccessorImpl.invoke(NativeMethodAccessorImpl.java:62), sun.reflect.DelegatingMethodAccessorImpl.invoke(DelegatingMethodAccessorImpl.java:43), java.lang.reflect.Method.invoke(Method.java:498), org.junit.runners.model.FrameworkMethod$1.runReflectiveCall(FrameworkMethod.java:47), org.junit.internal.runners.model.ReflectiveCallable.run(ReflectiveCallable.java:12), org.junit.runners.model.FrameworkMethod.invokeExplosively(FrameworkMethod.java:44), org.junit.internal.runners.statements.InvokeMethod.evaluate(InvokeMethod.java:17), org.junit.runners.ParentRunner.runLeaf(ParentRunner.java:271), org.junit.runners.BlockJUnit4ClassRunner.runChild(BlockJUnit4ClassRunner.java:70), org.junit.runners.BlockJUnit4ClassRunner.runChild(BlockJUnit4ClassRunner.java:50), org.junit.runners.ParentRunner$3.run(ParentRunner.java:238), org.junit.runners.ParentRunner$1.schedule(ParentRunner.java:63), org.junit.runners.ParentRunner.runChildren(ParentRunner.java:236), org.junit.runners.ParentRunner.access$000(ParentRunner.java:53), org.junit.runners.ParentRunner$2.evaluate(ParentRunner.java:229), org.junit.runners.ParentRunner.run(ParentRunner.java:309), org.junit.runners.Suite.runChild(Suite.java:127), org.junit.runners.Suite.runChild(Suite.java:26), org.junit.runners.ParentRunner$3.run(ParentRunner.java:238), org.junit.runners.ParentRunner$1.schedule(ParentRunner.java:63), org.junit.runners.ParentRunner.runChildren(ParentRunner.java:236), org.junit.runners.ParentRunner.access$000(ParentRunner.java:53), org.junit.runners.ParentRunner$2.evaluate(ParentRunner.java:229), org.junit.runners.ParentRunner.run(ParentRunner.java:309), org.apache.maven.surefire.junit4.JUnit4Provider.execute(JUnit4Provider.java:316), org.apache.maven.surefire.junit4.JUnit4Provider.executeWithRerun(JUnit4Provider.java:240), org.apache.maven.surefire.junit4.JUnit4Provider.executeTestSet(JUnit4Provider.java:214), org.apache.maven.surefire.junit4.JUnit4Provider.invoke(JUnit4Provider.java:155), org.apache.maven.surefire.booter.ForkedBooter.runSuitesInProcess(ForkedBooter.java:385), org.apache.maven.surefire.booter.ForkedBooter.execute(ForkedBooter.java:162), org.apache.maven.surefire.booter.ForkedBooter.run(ForkedBooter.java:507), org.apache.maven.surefire.booter.ForkedBooter.main(ForkedBooter.java:495)]"
106.0,jbossas.jboss-dmr,org/jboss/dmr/Base64.java#L627,ByteArrayOutputStream_FlushBeforeRetrieve,Truebug,"[MSL] Specification ByteArrayOutputStream_FlushBeforeRetrieve has been violated on line [org.jboss.dmr.Base64.decode(Base64.java:627), org.jboss.dmr.Base64.decodeToObject(Base64.java:660), org.jboss.dmr.RegressionTest15.test07929(RegressionTest15.java:18737), sun.reflect.NativeMethodAccessorImpl.invoke0(Native Method), sun.reflect.NativeMethodAccessorImpl.invoke(NativeMethodAccessorImpl.java:62), sun.reflect.DelegatingMethodAccessorImpl.invoke(DelegatingMethodAccessorImpl.java:43), java.lang.reflect.Method.invoke(Method.java:498), org.junit.runners.model.FrameworkMethod$1.runReflectiveCall(FrameworkMethod.java:59), org.junit.internal.runners.model.ReflectiveCallable.run(ReflectiveCallable.java:12), org.junit.runners.model.FrameworkMethod.invokeExplosively(FrameworkMethod.java:56), org.junit.internal.runners.statements.InvokeMethod.evaluate(InvokeMethod.java:17), org.junit.runners.ParentRunner$3.evaluate(ParentRunner.java:306), org.junit.runners.BlockJUnit4ClassRunner$1.evaluate(BlockJUnit4ClassRunner.java:100), org.junit.runners.ParentRunner.runLeaf(ParentRunner.java:366), org.junit.runners.BlockJUnit4ClassRunner.runChild(BlockJUnit4ClassRunner.java:103), org.junit.runners.BlockJUnit4ClassRunner.runChild(BlockJUnit4ClassRunner.java:63), org.junit.runners.ParentRunner$4.run(ParentRunner.java:331), org.junit.runners.ParentRunner$1.schedule(ParentRunner.java:79), org.junit.runners.ParentRunner.runChildren(ParentRunner.java:329), org.junit.runners.ParentRunner.access$100(ParentRunner.java:66), org.junit.runners.ParentRunner$2.evaluate(ParentRunner.java:293), org.junit.runners.ParentRunner$3.evaluate(ParentRunner.java:306), org.junit.runners.ParentRunner.run(ParentRunner.java:413), org.junit.runners.Suite.runChild(Suite.java:128), org.junit.runners.Suite.runChild(Suite.java:27), org.junit.runners.ParentRunner$4.run(ParentRunner.java:331), org.junit.runners.ParentRunner$1.schedule(ParentRunner.java:79), org.junit.runners.ParentRunner.runChildren(ParentRunner.java:329), org.junit.runners.ParentRunner.access$100(ParentRunner.java:66), org.junit.runners.ParentRunner$2.evaluate(ParentRunner.java:293), org.junit.runners.ParentRunner$3.evaluate(ParentRunner.java:306), org.junit.runners.ParentRunner.run(ParentRunner.java:413), org.apache.maven.surefire.junit4.JUnit4Provider.execute(JUnit4Provider.java:367), org.apache.maven.surefire.junit4.JUnit4Provider.executeWithRerun(JUnit4Provider.java:274), org.apache.maven.surefire.junit4.JUnit4Provider.executeTestSet(JUnit4Provider.java:238), org.apache.maven.surefire.junit4.JUnit4Provider.invoke(JUnit4Provider.java:161), org.apache.maven.surefire.booter.ForkedBooter.invokeProviderInSameClassLoader(ForkedBooter.java:290), org.apache.maven.surefire.booter.ForkedBooter.runSuitesInProcess(ForkedBooter.java:242), org.apache.maven.surefire.booter.ForkedBooter.main(ForkedBooter.java:121)]"
107.0,jbossas.jboss-dmr,org/jboss/dmr/stream/ModelReaderImpl.java#L839,ByteArrayOutputStream_FlushBeforeRetrieve,Truebug,"[MSL] Specification ByteArrayOutputStream_FlushBeforeRetrieve has been violated on line [org.jboss.dmr.stream.ModelReaderImpl.readBytes(ModelReaderImpl.java:839), org.jboss.dmr.stream.ModelReaderImpl.next(ModelReaderImpl.java:431), org.jboss.dmr.ModelNodeFactory.readFrom(ModelNodeFactory.java:82), org.jboss.dmr.ModelNodeFactory.readFrom(ModelNodeFactory.java:63), org.jboss.dmr.ModelNodeFactory.readFrom(ModelNodeFactory.java:68), org.jboss.dmr.ModelNode.fromString(ModelNode.java:1736), org.jboss.dmr.RegressionTest10.test05001(RegressionTest10.java:16), sun.reflect.NativeMethodAccessorImpl.invoke0(Native Method), sun.reflect.NativeMethodAccessorImpl.invoke(NativeMethodAccessorImpl.java:62), sun.reflect.DelegatingMethodAccessorImpl.invoke(DelegatingMethodAccessorImpl.java:43), java.lang.reflect.Method.invoke(Method.java:498), org.junit.runners.model.FrameworkMethod$1.runReflectiveCall(FrameworkMethod.java:59), org.junit.internal.runners.model.ReflectiveCallable.run(ReflectiveCallable.java:12), org.junit.runners.model.FrameworkMethod.invokeExplosively(FrameworkMethod.java:56), org.junit.internal.runners.statements.InvokeMethod.evaluate(InvokeMethod.java:17), org.junit.runners.ParentRunner$3.evaluate(ParentRunner.java:306), org.junit.runners.BlockJUnit4ClassRunner$1.evaluate(BlockJUnit4ClassRunner.java:100), org.junit.runners.ParentRunner.runLeaf(ParentRunner.java:366), org.junit.runners.BlockJUnit4ClassRunner.runChild(BlockJUnit4ClassRunner.java:103), org.junit.runners.BlockJUnit4ClassRunner.runChild(BlockJUnit4ClassRunner.java:63), org.junit.runners.ParentRunner$4.run(ParentRunner.java:331), org.junit.runners.ParentRunner$1.schedule(ParentRunner.java:79), org.junit.runners.ParentRunner.runChildren(ParentRunner.java:329), org.junit.runners.ParentRunner.access$100(ParentRunner.java:66), org.junit.runners.ParentRunner$2.evaluate(ParentRunner.java:293), org.junit.runners.ParentRunner$3.evaluate(ParentRunner.java:306), org.junit.runners.ParentRunner.run(ParentRunner.java:413), org.junit.runners.Suite.runChild(Suite.java:128), org.junit.runners.Suite.runChild(Suite.java:27), org.junit.runners.ParentRunner$4.run(ParentRunner.java:331), org.junit.runners.ParentRunner$1.schedule(ParentRunner.java:79), org.junit.runners.ParentRunner.runChildren(ParentRunner.java:329), org.junit.runners.ParentRunner.access$100(ParentRunner.java:66), org.junit.runners.ParentRunner$2.evaluate(ParentRunner.java:293), org.junit.runners.ParentRunner$3.evaluate(ParentRunner.java:306), org.junit.runners.ParentRunner.run(ParentRunner.java:413), org.apache.maven.surefire.junit4.JUnit4Provider.execute(JUnit4Provider.java:367), org.apache.maven.surefire.junit4.JUnit4Provider.executeWithRerun(JUnit4Provider.java:274), org.apache.maven.surefire.junit4.JUnit4Provider.executeTestSet(JUnit4Provider.java:238), org.apache.maven.surefire.junit4.JUnit4Provider.invoke(JUnit4Provider.java:161), org.apache.maven.surefire.booter.ForkedBooter.invokeProviderInSameClassLoader(ForkedBooter.java:290), org.apache.maven.surefire.booter.ForkedBooter.runSuitesInProcess(ForkedBooter.java:242), org.apache.maven.surefire.booter.ForkedBooter.main(ForkedBooter.java:121)]"
108.0,jbossas.jboss-dmr,org/jboss/dmr/test/ModelNodeReadWriteTest.java#L344,ByteArrayOutputStream_FlushBeforeRetrieve,FalseAlarm,"[MSL] Specification ByteArrayOutputStream_FlushBeforeRetrieve has been violated on line [org.jboss.dmr.test.ModelNodeReadWriteTest.testFromBase64(ModelNodeReadWriteTest.java:344), sun.reflect.NativeMethodAccessorImpl.invoke0(Native Method), sun.reflect.NativeMethodAccessorImpl.invoke(NativeMethodAccessorImpl.java:62), sun.reflect.DelegatingMethodAccessorImpl.invoke(DelegatingMethodAccessorImpl.java:43), java.lang.reflect.Method.invoke(Method.java:498), org.junit.runners.model.FrameworkMethod$1.runReflectiveCall(FrameworkMethod.java:59), org.junit.internal.runners.model.ReflectiveCallable.run(ReflectiveCallable.java:12), org.junit.runners.model.FrameworkMethod.invokeExplosively(FrameworkMethod.java:56), org.junit.internal.runners.statements.InvokeMethod.evaluate(InvokeMethod.java:17), org.junit.internal.runners.statements.RunBefores.evaluate(RunBefores.java:26), org.junit.runners.ParentRunner$3.evaluate(ParentRunner.java:306), org.junit.runners.BlockJUnit4ClassRunner$1.evaluate(BlockJUnit4ClassRunner.java:100), org.junit.runners.ParentRunner.runLeaf(ParentRunner.java:366), org.junit.runners.BlockJUnit4ClassRunner.runChild(BlockJUnit4ClassRunner.java:103), org.junit.runners.BlockJUnit4ClassRunner.runChild(BlockJUnit4ClassRunner.java:63), org.junit.runners.ParentRunner$4.run(ParentRunner.java:331), org.junit.runners.ParentRunner$1.schedule(ParentRunner.java:79), org.junit.runners.ParentRunner.runChildren(ParentRunner.java:329), org.junit.runners.ParentRunner.access$100(ParentRunner.java:66), org.junit.runners.ParentRunner$2.evaluate(ParentRunner.java:293), org.junit.runners.ParentRunner$3.evaluate(ParentRunner.java:306), org.junit.runners.ParentRunner.run(ParentRunner.java:413), org.apache.maven.surefire.junit4.JUnit4Provider.execute(JUnit4Provider.java:367), org.apache.maven.surefire.junit4.JUnit4Provider.executeWithRerun(JUnit4Provider.java:274), org.apache.maven.surefire.junit4.JUnit4Provider.executeTestSet(JUnit4Provider.java:238), org.apache.maven.surefire.junit4.JUnit4Provider.invoke(JUnit4Provider.java:161), org.apache.maven.surefire.booter.ForkedBooter.invokeProviderInSameClassLoader(ForkedBooter.java:290), org.apache.maven.surefire.booter.ForkedBooter.runSuitesInProcess(ForkedBooter.java:242), org.apache.maven.surefire.booter.ForkedBooter.main(ForkedBooter.java:121)]"
109.0,jbossas.jboss-dmr,org/jboss/dmr/test/ModelNodeReadWriteTest.java#L358,ByteArrayOutputStream_FlushBeforeRetrieve,FalseAlarm,"[MSL] Specification ByteArrayOutputStream_FlushBeforeRetrieve has been violated on line [org.jboss.dmr.test.ModelNodeReadWriteTest.testFromBase64String(ModelNodeReadWriteTest.java:358), sun.reflect.NativeMethodAccessorImpl.invoke0(Native Method), sun.reflect.NativeMethodAccessorImpl.invoke(NativeMethodAccessorImpl.java:62), sun.reflect.DelegatingMethodAccessorImpl.invoke(DelegatingMethodAccessorImpl.java:43), java.lang.reflect.Method.invoke(Method.java:498), org.junit.runners.model.FrameworkMethod$1.runReflectiveCall(FrameworkMethod.java:59), org.junit.internal.runners.model.ReflectiveCallable.run(ReflectiveCallable.java:12), org.junit.runners.model.FrameworkMethod.invokeExplosively(FrameworkMethod.java:56), org.junit.internal.runners.statements.InvokeMethod.evaluate(InvokeMethod.java:17), org.junit.internal.runners.statements.RunBefores.evaluate(RunBefores.java:26), org.junit.runners.ParentRunner$3.evaluate(ParentRunner.java:306), org.junit.runners.BlockJUnit4ClassRunner$1.evaluate(BlockJUnit4ClassRunner.java:100), org.junit.runners.ParentRunner.runLeaf(ParentRunner.java:366), org.junit.runners.BlockJUnit4ClassRunner.runChild(BlockJUnit4ClassRunner.java:103), org.junit.runners.BlockJUnit4ClassRunner.runChild(BlockJUnit4ClassRunner.java:63), org.junit.runners.ParentRunner$4.run(ParentRunner.java:331), org.junit.runners.ParentRunner$1.schedule(ParentRunner.java:79), org.junit.runners.ParentRunner.runChildren(ParentRunner.java:329), org.junit.runners.ParentRunner.access$100(ParentRunner.java:66), org.junit.runners.ParentRunner$2.evaluate(ParentRunner.java:293), org.junit.runners.ParentRunner$3.evaluate(ParentRunner.java:306), org.junit.runners.ParentRunner.run(ParentRunner.java:413), org.apache.maven.surefire.junit4.JUnit4Provider.execute(JUnit4Provider.java:367), org.apache.maven.surefire.junit4.JUnit4Provider.executeWithRerun(JUnit4Provider.java:274), org.apache.maven.surefire.junit4.JUnit4Provider.executeTestSet(JUnit4Provider.java:238), org.apache.maven.surefire.junit4.JUnit4Provider.invoke(JUnit4Provider.java:161), org.apache.maven.surefire.booter.ForkedBooter.invokeProviderInSameClassLoader(ForkedBooter.java:290), org.apache.maven.surefire.booter.ForkedBooter.runSuitesInProcess(ForkedBooter.java:242), org.apache.maven.surefire.booter.ForkedBooter.main(ForkedBooter.java:121)]"
110.0,jbossas.jboss-dmr,org/jboss/dmr/test/ModelNodeReadWriteTest.java#L333,ByteArrayOutputStream_FlushBeforeRetrieve,FalseAlarm,"[MSL] Specification ByteArrayOutputStream_FlushBeforeRetrieve has been violated on line [org.jboss.dmr.test.ModelNodeReadWriteTest.testWriteBase64(ModelNodeReadWriteTest.java:333), sun.reflect.NativeMethodAccessorImpl.invoke0(Native Method), sun.reflect.NativeMethodAccessorImpl.invoke(NativeMethodAccessorImpl.java:62), sun.reflect.DelegatingMethodAccessorImpl.invoke(DelegatingMethodAccessorImpl.java:43), java.lang.reflect.Method.invoke(Method.java:498), org.junit.runners.model.FrameworkMethod$1.runReflectiveCall(FrameworkMethod.java:59), org.junit.internal.runners.model.ReflectiveCallable.run(ReflectiveCallable.java:12), org.junit.runners.model.FrameworkMethod.invokeExplosively(FrameworkMethod.java:56), org.junit.internal.runners.statements.InvokeMethod.evaluate(InvokeMethod.java:17), org.junit.internal.runners.statements.RunBefores.evaluate(RunBefores.java:26), org.junit.runners.ParentRunner$3.evaluate(ParentRunner.java:306), org.junit.runners.BlockJUnit4ClassRunner$1.evaluate(BlockJUnit4ClassRunner.java:100), org.junit.runners.ParentRunner.runLeaf(ParentRunner.java:366), org.junit.runners.BlockJUnit4ClassRunner.runChild(BlockJUnit4ClassRunner.java:103), org.junit.runners.BlockJUnit4ClassRunner.runChild(BlockJUnit4ClassRunner.java:63), org.junit.runners.ParentRunner$4.run(ParentRunner.java:331), org.junit.runners.ParentRunner$1.schedule(ParentRunner.java:79), org.junit.runners.ParentRunner.runChildren(ParentRunner.java:329), org.junit.runners.ParentRunner.access$100(ParentRunner.java:66), org.junit.runners.ParentRunner$2.evaluate(ParentRunner.java:293), org.junit.runners.ParentRunner$3.evaluate(ParentRunner.java:306), org.junit.runners.ParentRunner.run(ParentRunner.java:413), org.apache.maven.surefire.junit4.JUnit4Provider.execute(JUnit4Provider.java:367), org.apache.maven.surefire.junit4.JUnit4Provider.executeWithRerun(JUnit4Provider.java:274), org.apache.maven.surefire.junit4.JUnit4Provider.executeTestSet(JUnit4Provider.java:238), org.apache.maven.surefire.junit4.JUnit4Provider.invoke(JUnit4Provider.java:161), org.apache.maven.surefire.booter.ForkedBooter.invokeProviderInSameClassLoader(ForkedBooter.java:290), org.apache.maven.surefire.booter.ForkedBooter.runSuitesInProcess(ForkedBooter.java:242), org.apache.maven.surefire.booter.ForkedBooter.main(ForkedBooter.java:121)]"
111.0,jbossas.jboss-dmr,org/jboss/dmr/Base64.java#L632,Closeable_MeaninglessClose,FalseAlarm,"[MSL] Specification Closeable_MeaninglessClose has been violated on line [org.jboss.dmr.Base64.decode(Base64.java:632), org.jboss.dmr.Base64.decodeToObject(Base64.java:660), org.jboss.dmr.RegressionTest15.test07929(RegressionTest15.java:18737), sun.reflect.NativeMethodAccessorImpl.invoke0(Native Method), sun.reflect.NativeMethodAccessorImpl.invoke(NativeMethodAccessorImpl.java:62), sun.reflect.DelegatingMethodAccessorImpl.invoke(DelegatingMethodAccessorImpl.java:43), java.lang.reflect.Method.invoke(Method.java:498), org.junit.runners.model.FrameworkMethod$1.runReflectiveCall(FrameworkMethod.java:59), org.junit.internal.runners.model.ReflectiveCallable.run(ReflectiveCallable.java:12), org.junit.runners.model.FrameworkMethod.invokeExplosively(FrameworkMethod.java:56), org.junit.internal.runners.statements.InvokeMethod.evaluate(InvokeMethod.java:17), org.junit.runners.ParentRunner$3.evaluate(ParentRunner.java:306), org.junit.runners.BlockJUnit4ClassRunner$1.evaluate(BlockJUnit4ClassRunner.java:100), org.junit.runners.ParentRunner.runLeaf(ParentRunner.java:366), org.junit.runners.BlockJUnit4ClassRunner.runChild(BlockJUnit4ClassRunner.java:103), org.junit.runners.BlockJUnit4ClassRunner.runChild(BlockJUnit4ClassRunner.java:63), org.junit.runners.ParentRunner$4.run(ParentRunner.java:331), org.junit.runners.ParentRunner$1.schedule(ParentRunner.java:79), org.junit.runners.ParentRunner.runChildren(ParentRunner.java:329), org.junit.runners.ParentRunner.access$100(ParentRunner.java:66), org.junit.runners.ParentRunner$2.evaluate(ParentRunner.java:293), org.junit.runners.ParentRunner$3.evaluate(ParentRunner.java:306), org.junit.runners.ParentRunner.run(ParentRunner.java:413), org.junit.runners.Suite.runChild(Suite.java:128), org.junit.runners.Suite.runChild(Suite.java:27), org.junit.runners.ParentRunner$4.run(ParentRunner.java:331), org.junit.runners.ParentRunner$1.schedule(ParentRunner.java:79), org.junit.runners.ParentRunner.runChildren(ParentRunner.java:329), org.junit.runners.ParentRunner.access$100(ParentRunner.java:66), org.junit.runners.ParentRunner$2.evaluate(ParentRunner.java:293), org.junit.runners.ParentRunner$3.evaluate(ParentRunner.java:306), org.junit.runners.ParentRunner.run(ParentRunner.java:413), org.apache.maven.surefire.junit4.JUnit4Provider.execute(JUnit4Provider.java:367), org.apache.maven.surefire.junit4.JUnit4Provider.executeWithRerun(JUnit4Provider.java:274), org.apache.maven.surefire.junit4.JUnit4Provider.executeTestSet(JUnit4Provider.java:238), org.apache.maven.surefire.junit4.JUnit4Provider.invoke(JUnit4Provider.java:161), org.apache.maven.surefire.booter.ForkedBooter.invokeProviderInSameClassLoader(ForkedBooter.java:290), org.apache.maven.surefire.booter.ForkedBooter.runSuitesInProcess(ForkedBooter.java:242), org.apache.maven.surefire.booter.ForkedBooter.main(ForkedBooter.java:121)]"
112.0,jbossas.jboss-dmr,org/jboss/dmr/Base64.java#L682,Closeable_MeaninglessClose,FalseAlarm,"[MSL] Specification Closeable_MeaninglessClose has been violated on line [org.jboss.dmr.Base64.decodeToObject(Base64.java:682), org.jboss.dmr.RegressionTest0.test00060(RegressionTest0.java:991), sun.reflect.NativeMethodAccessorImpl.invoke0(Native Method), sun.reflect.NativeMethodAccessorImpl.invoke(NativeMethodAccessorImpl.java:62), sun.reflect.DelegatingMethodAccessorImpl.invoke(DelegatingMethodAccessorImpl.java:43), java.lang.reflect.Method.invoke(Method.java:498), org.junit.runners.model.FrameworkMethod$1.runReflectiveCall(FrameworkMethod.java:59), org.junit.internal.runners.model.ReflectiveCallable.run(ReflectiveCallable.java:12), org.junit.runners.model.FrameworkMethod.invokeExplosively(FrameworkMethod.java:56), org.junit.internal.runners.statements.InvokeMethod.evaluate(InvokeMethod.java:17), org.junit.runners.ParentRunner$3.evaluate(ParentRunner.java:306), org.junit.runners.BlockJUnit4ClassRunner$1.evaluate(BlockJUnit4ClassRunner.java:100), org.junit.runners.ParentRunner.runLeaf(ParentRunner.java:366), org.junit.runners.BlockJUnit4ClassRunner.runChild(BlockJUnit4ClassRunner.java:103), org.junit.runners.BlockJUnit4ClassRunner.runChild(BlockJUnit4ClassRunner.java:63), org.junit.runners.ParentRunner$4.run(ParentRunner.java:331), org.junit.runners.ParentRunner$1.schedule(ParentRunner.java:79), org.junit.runners.ParentRunner.runChildren(ParentRunner.java:329), org.junit.runners.ParentRunner.access$100(ParentRunner.java:66), org.junit.runners.ParentRunner$2.evaluate(ParentRunner.java:293), org.junit.runners.ParentRunner$3.evaluate(ParentRunner.java:306), org.junit.runners.ParentRunner.run(ParentRunner.java:413), org.junit.runners.Suite.runChild(Suite.java:128), org.junit.runners.Suite.runChild(Suite.java:27), org.junit.runners.ParentRunner$4.run(ParentRunner.java:331), org.junit.runners.ParentRunner$1.schedule(ParentRunner.java:79), org.junit.runners.ParentRunner.runChildren(ParentRunner.java:329), org.junit.runners.ParentRunner.access$100(ParentRunner.java:66), org.junit.runners.ParentRunner$2.evaluate(ParentRunner.java:293), org.junit.runners.ParentRunner$3.evaluate(ParentRunner.java:306), org.junit.runners.ParentRunner.run(ParentRunner.java:413), org.apache.maven.surefire.junit4.JUnit4Provider.execute(JUnit4Provider.java:367), org.apache.maven.surefire.junit4.JUnit4Provider.executeWithRerun(JUnit4Provider.java:274), org.apache.maven.surefire.junit4.JUnit4Provider.executeTestSet(JUnit4Provider.java:238), org.apache.maven.surefire.junit4.JUnit4Provider.invoke(JUnit4Provider.java:161), org.apache.maven.surefire.booter.ForkedBooter.invokeProviderInSameClassLoader(ForkedBooter.java:290), org.apache.maven.surefire.booter.ForkedBooter.runSuitesInProcess(ForkedBooter.java:242), org.apache.maven.surefire.booter.ForkedBooter.main(ForkedBooter.java:121)]"
113.0,jbossas.jboss-dmr,org/jboss/dmr/Base64.java#L431,Closeable_MeaninglessClose,FalseAlarm,"[MSL] Specification Closeable_MeaninglessClose has been violated on line [org.jboss.dmr.Base64.encodeBytes(Base64.java:431), org.jboss.dmr.Base64.encodeBytes(Base64.java:359), org.jboss.dmr.RegressionTest0.test00158(RegressionTest0.java:2877), sun.reflect.NativeMethodAccessorImpl.invoke0(Native Method), sun.reflect.NativeMethodAccessorImpl.invoke(NativeMethodAccessorImpl.java:62), sun.reflect.DelegatingMethodAccessorImpl.invoke(DelegatingMethodAccessorImpl.java:43), java.lang.reflect.Method.invoke(Method.java:498), org.junit.runners.model.FrameworkMethod$1.runReflectiveCall(FrameworkMethod.java:59), org.junit.internal.runners.model.ReflectiveCallable.run(ReflectiveCallable.java:12), org.junit.runners.model.FrameworkMethod.invokeExplosively(FrameworkMethod.java:56), org.junit.internal.runners.statements.InvokeMethod.evaluate(InvokeMethod.java:17), org.junit.runners.ParentRunner$3.evaluate(ParentRunner.java:306), org.junit.runners.BlockJUnit4ClassRunner$1.evaluate(BlockJUnit4ClassRunner.java:100), org.junit.runners.ParentRunner.runLeaf(ParentRunner.java:366), org.junit.runners.BlockJUnit4ClassRunner.runChild(BlockJUnit4ClassRunner.java:103), org.junit.runners.BlockJUnit4ClassRunner.runChild(BlockJUnit4ClassRunner.java:63), org.junit.runners.ParentRunner$4.run(ParentRunner.java:331), org.junit.runners.ParentRunner$1.schedule(ParentRunner.java:79), org.junit.runners.ParentRunner.runChildren(ParentRunner.java:329), org.junit.runners.ParentRunner.access$100(ParentRunner.java:66), org.junit.runners.ParentRunner$2.evaluate(ParentRunner.java:293), org.junit.runners.ParentRunner$3.evaluate(ParentRunner.java:306), org.junit.runners.ParentRunner.run(ParentRunner.java:413), org.junit.runners.Suite.runChild(Suite.java:128), org.junit.runners.Suite.runChild(Suite.java:27), org.junit.runners.ParentRunner$4.run(ParentRunner.java:331), org.junit.runners.ParentRunner$1.schedule(ParentRunner.java:79), org.junit.runners.ParentRunner.runChildren(ParentRunner.java:329), org.junit.runners.ParentRunner.access$100(ParentRunner.java:66), org.junit.runners.ParentRunner$2.evaluate(ParentRunner.java:293), org.junit.runners.ParentRunner$3.evaluate(ParentRunner.java:306), org.junit.runners.ParentRunner.run(ParentRunner.java:413), org.apache.maven.surefire.junit4.JUnit4Provider.execute(JUnit4Provider.java:367), org.apache.maven.surefire.junit4.JUnit4Provider.executeWithRerun(JUnit4Provider.java:274), org.apache.maven.surefire.junit4.JUnit4Provider.executeTestSet(JUnit4Provider.java:238), org.apache.maven.surefire.junit4.JUnit4Provider.invoke(JUnit4Provider.java:161), org.apache.maven.surefire.booter.ForkedBooter.invokeProviderInSameClassLoader(ForkedBooter.java:290), org.apache.maven.surefire.booter.ForkedBooter.runSuitesInProcess(ForkedBooter.java:242), org.apache.maven.surefire.booter.ForkedBooter.main(ForkedBooter.java:121)]"
114.0,jbossas.jboss-dmr,org/jboss/dmr/Base64.java#L311,Closeable_MeaninglessClose,FalseAlarm,"[MSL] Specification Closeable_MeaninglessClose has been violated on line [org.jboss.dmr.Base64.encodeObject(Base64.java:311), org.jboss.dmr.Base64.encodeObject(Base64.java:244), org.jboss.dmr.RegressionTest0.test00069(RegressionTest0.java:1155), sun.reflect.NativeMethodAccessorImpl.invoke0(Native Method), sun.reflect.NativeMethodAccessorImpl.invoke(NativeMethodAccessorImpl.java:62), sun.reflect.DelegatingMethodAccessorImpl.invoke(DelegatingMethodAccessorImpl.java:43), java.lang.reflect.Method.invoke(Method.java:498), org.junit.runners.model.FrameworkMethod$1.runReflectiveCall(FrameworkMethod.java:59), org.junit.internal.runners.model.ReflectiveCallable.run(ReflectiveCallable.java:12), org.junit.runners.model.FrameworkMethod.invokeExplosively(FrameworkMethod.java:56), org.junit.internal.runners.statements.InvokeMethod.evaluate(InvokeMethod.java:17), org.junit.runners.ParentRunner$3.evaluate(ParentRunner.java:306), org.junit.runners.BlockJUnit4ClassRunner$1.evaluate(BlockJUnit4ClassRunner.java:100), org.junit.runners.ParentRunner.runLeaf(ParentRunner.java:366), org.junit.runners.BlockJUnit4ClassRunner.runChild(BlockJUnit4ClassRunner.java:103), org.junit.runners.BlockJUnit4ClassRunner.runChild(BlockJUnit4ClassRunner.java:63), org.junit.runners.ParentRunner$4.run(ParentRunner.java:331), org.junit.runners.ParentRunner$1.schedule(ParentRunner.java:79), org.junit.runners.ParentRunner.runChildren(ParentRunner.java:329), org.junit.runners.ParentRunner.access$100(ParentRunner.java:66), org.junit.runners.ParentRunner$2.evaluate(ParentRunner.java:293), org.junit.runners.ParentRunner$3.evaluate(ParentRunner.java:306), org.junit.runners.ParentRunner.run(ParentRunner.java:413), org.junit.runners.Suite.runChild(Suite.java:128), org.junit.runners.Suite.runChild(Suite.java:27), org.junit.runners.ParentRunner$4.run(ParentRunner.java:331), org.junit.runners.ParentRunner$1.schedule(ParentRunner.java:79), org.junit.runners.ParentRunner.runChildren(ParentRunner.java:329), org.junit.runners.ParentRunner.access$100(ParentRunner.java:66), org.junit.runners.ParentRunner$2.evaluate(ParentRunner.java:293), org.junit.runners.ParentRunner$3.evaluate(ParentRunner.java:306), org.junit.runners.ParentRunner.run(ParentRunner.java:413), org.apache.maven.surefire.junit4.JUnit4Provider.execute(JUnit4Provider.java:367), org.apache.maven.surefire.junit4.JUnit4Provider.executeWithRerun(JUnit4Provider.java:274), org.apache.maven.surefire.junit4.JUnit4Provider.executeTestSet(JUnit4Provider.java:238), org.apache.maven.surefire.junit4.JUnit4Provider.invoke(JUnit4Provider.java:161), org.apache.maven.surefire.booter.ForkedBooter.invokeProviderInSameClassLoader(ForkedBooter.java:290), org.apache.maven.surefire.booter.ForkedBooter.runSuitesInProcess(ForkedBooter.java:242), org.apache.maven.surefire.booter.ForkedBooter.main(ForkedBooter.java:121)]"
115.0,jbossas.jboss-dmr,org/jboss/dmr/ModelNode.java#L1820,Closeable_MeaninglessClose,FalseAlarm,"[MSL] Specification Closeable_MeaninglessClose has been violated on line [org.jboss.dmr.ModelNode.fromBase64String(ModelNode.java:1820), org.jboss.dmr.test.ModelNodeReadWriteTest.testFromBase64String(ModelNodeReadWriteTest.java:365), sun.reflect.NativeMethodAccessorImpl.invoke0(Native Method), sun.reflect.NativeMethodAccessorImpl.invoke(NativeMethodAccessorImpl.java:62), sun.reflect.DelegatingMethodAccessorImpl.invoke(DelegatingMethodAccessorImpl.java:43), java.lang.reflect.Method.invoke(Method.java:498), org.junit.runners.model.FrameworkMethod$1.runReflectiveCall(FrameworkMethod.java:59), org.junit.internal.runners.model.ReflectiveCallable.run(ReflectiveCallable.java:12), org.junit.runners.model.FrameworkMethod.invokeExplosively(FrameworkMethod.java:56), org.junit.internal.runners.statements.InvokeMethod.evaluate(InvokeMethod.java:17), org.junit.internal.runners.statements.RunBefores.evaluate(RunBefores.java:26), org.junit.runners.ParentRunner$3.evaluate(ParentRunner.java:306), org.junit.runners.BlockJUnit4ClassRunner$1.evaluate(BlockJUnit4ClassRunner.java:100), org.junit.runners.ParentRunner.runLeaf(ParentRunner.java:366), org.junit.runners.BlockJUnit4ClassRunner.runChild(BlockJUnit4ClassRunner.java:103), org.junit.runners.BlockJUnit4ClassRunner.runChild(BlockJUnit4ClassRunner.java:63), org.junit.runners.ParentRunner$4.run(ParentRunner.java:331), org.junit.runners.ParentRunner$1.schedule(ParentRunner.java:79), org.junit.runners.ParentRunner.runChildren(ParentRunner.java:329), org.junit.runners.ParentRunner.access$100(ParentRunner.java:66), org.junit.runners.ParentRunner$2.evaluate(ParentRunner.java:293), org.junit.runners.ParentRunner$3.evaluate(ParentRunner.java:306), org.junit.runners.ParentRunner.run(ParentRunner.java:413), org.apache.maven.surefire.junit4.JUnit4Provider.execute(JUnit4Provider.java:367), org.apache.maven.surefire.junit4.JUnit4Provider.executeWithRerun(JUnit4Provider.java:274), org.apache.maven.surefire.junit4.JUnit4Provider.executeTestSet(JUnit4Provider.java:238), org.apache.maven.surefire.junit4.JUnit4Provider.invoke(JUnit4Provider.java:161), org.apache.maven.surefire.booter.ForkedBooter.invokeProviderInSameClassLoader(ForkedBooter.java:290), org.apache.maven.surefire.booter.ForkedBooter.runSuitesInProcess(ForkedBooter.java:242), org.apache.maven.surefire.booter.ForkedBooter.main(ForkedBooter.java:121)]"
116.0,jbossas.jboss-dmr,org/jboss/dmr/Base64.java#L632,Closeable_MultipleClose,FalseAlarm,"[MSL] Specification Closeable_MultipleClose has been violated on line [org.jboss.dmr.Base64.decode(Base64.java:632), org.jboss.dmr.Base64.decodeToObject(Base64.java:660), org.jboss.dmr.RegressionTest15.test07929(RegressionTest15.java:18737), sun.reflect.NativeMethodAccessorImpl.invoke0(Native Method), sun.reflect.NativeMethodAccessorImpl.invoke(NativeMethodAccessorImpl.java:62), sun.reflect.DelegatingMethodAccessorImpl.invoke(DelegatingMethodAccessorImpl.java:43), java.lang.reflect.Method.invoke(Method.java:498), org.junit.runners.model.FrameworkMethod$1.runReflectiveCall(FrameworkMethod.java:59), org.junit.internal.runners.model.ReflectiveCallable.run(ReflectiveCallable.java:12), org.junit.runners.model.FrameworkMethod.invokeExplosively(FrameworkMethod.java:56), org.junit.internal.runners.statements.InvokeMethod.evaluate(InvokeMethod.java:17), org.junit.runners.ParentRunner$3.evaluate(ParentRunner.java:306), org.junit.runners.BlockJUnit4ClassRunner$1.evaluate(BlockJUnit4ClassRunner.java:100), org.junit.runners.ParentRunner.runLeaf(ParentRunner.java:366), org.junit.runners.BlockJUnit4ClassRunner.runChild(BlockJUnit4ClassRunner.java:103), org.junit.runners.BlockJUnit4ClassRunner.runChild(BlockJUnit4ClassRunner.java:63), org.junit.runners.ParentRunner$4.run(ParentRunner.java:331), org.junit.runners.ParentRunner$1.schedule(ParentRunner.java:79), org.junit.runners.ParentRunner.runChildren(ParentRunner.java:329), org.junit.runners.ParentRunner.access$100(ParentRunner.java:66), org.junit.runners.ParentRunner$2.evaluate(ParentRunner.java:293), org.junit.runners.ParentRunner$3.evaluate(ParentRunner.java:306), org.junit.runners.ParentRunner.run(ParentRunner.java:413), org.junit.runners.Suite.runChild(Suite.java:128), org.junit.runners.Suite.runChild(Suite.java:27), org.junit.runners.ParentRunner$4.run(ParentRunner.java:331), org.junit.runners.ParentRunner$1.schedule(ParentRunner.java:79), org.junit.runners.ParentRunner.runChildren(ParentRunner.java:329), org.junit.runners.ParentRunner.access$100(ParentRunner.java:66), org.junit.runners.ParentRunner$2.evaluate(ParentRunner.java:293), org.junit.runners.ParentRunner$3.evaluate(ParentRunner.java:306), org.junit.runners.ParentRunner.run(ParentRunner.java:413), org.apache.maven.surefire.junit4.JUnit4Provider.execute(JUnit4Provider.java:367), org.apache.maven.surefire.junit4.JUnit4Provider.executeWithRerun(JUnit4Provider.java:274), org.apache.maven.surefire.junit4.JUnit4Provider.executeTestSet(JUnit4Provider.java:238), org.apache.maven.surefire.junit4.JUnit4Provider.invoke(JUnit4Provider.java:161), org.apache.maven.surefire.booter.ForkedBooter.invokeProviderInSameClassLoader(ForkedBooter.java:290), org.apache.maven.surefire.booter.ForkedBooter.runSuitesInProcess(ForkedBooter.java:242), org.apache.maven.surefire.booter.ForkedBooter.main(ForkedBooter.java:121)]"
117.0,jbossas.jboss-dmr,org/jboss/dmr/Base64.java#L682,Closeable_MultipleClose,FalseAlarm,"[MSL] Specification Closeable_MultipleClose has been violated on line [org.jboss.dmr.Base64.decodeToObject(Base64.java:682), org.jboss.dmr.RegressionTest0.test00060(RegressionTest0.java:991), sun.reflect.NativeMethodAccessorImpl.invoke0(Native Method), sun.reflect.NativeMethodAccessorImpl.invoke(NativeMethodAccessorImpl.java:62), sun.reflect.DelegatingMethodAccessorImpl.invoke(DelegatingMethodAccessorImpl.java:43), java.lang.reflect.Method.invoke(Method.java:498), org.junit.runners.model.FrameworkMethod$1.runReflectiveCall(FrameworkMethod.java:59), org.junit.internal.runners.model.ReflectiveCallable.run(ReflectiveCallable.java:12), org.junit.runners.model.FrameworkMethod.invokeExplosively(FrameworkMethod.java:56), org.junit.internal.runners.statements.InvokeMethod.evaluate(InvokeMethod.java:17), org.junit.runners.ParentRunner$3.evaluate(ParentRunner.java:306), org.junit.runners.BlockJUnit4ClassRunner$1.evaluate(BlockJUnit4ClassRunner.java:100), org.junit.runners.ParentRunner.runLeaf(ParentRunner.java:366), org.junit.runners.BlockJUnit4ClassRunner.runChild(BlockJUnit4ClassRunner.java:103), org.junit.runners.BlockJUnit4ClassRunner.runChild(BlockJUnit4ClassRunner.java:63), org.junit.runners.ParentRunner$4.run(ParentRunner.java:331), org.junit.runners.ParentRunner$1.schedule(ParentRunner.java:79), org.junit.runners.ParentRunner.runChildren(ParentRunner.java:329), org.junit.runners.ParentRunner.access$100(ParentRunner.java:66), org.junit.runners.ParentRunner$2.evaluate(ParentRunner.java:293), org.junit.runners.ParentRunner$3.evaluate(ParentRunner.java:306), org.junit.runners.ParentRunner.run(ParentRunner.java:413), org.junit.runners.Suite.runChild(Suite.java:128), org.junit.runners.Suite.runChild(Suite.java:27), org.junit.runners.ParentRunner$4.run(ParentRunner.java:331), org.junit.runners.ParentRunner$1.schedule(ParentRunner.java:79), org.junit.runners.ParentRunner.runChildren(ParentRunner.java:329), org.junit.runners.ParentRunner.access$100(ParentRunner.java:66), org.junit.runners.ParentRunner$2.evaluate(ParentRunner.java:293), org.junit.runners.ParentRunner$3.evaluate(ParentRunner.java:306), org.junit.runners.ParentRunner.run(ParentRunner.java:413), org.apache.maven.surefire.junit4.JUnit4Provider.execute(JUnit4Provider.java:367), org.apache.maven.surefire.junit4.JUnit4Provider.executeWithRerun(JUnit4Provider.java:274), org.apache.maven.surefire.junit4.JUnit4Provider.executeTestSet(JUnit4Provider.java:238), org.apache.maven.surefire.junit4.JUnit4Provider.invoke(JUnit4Provider.java:161), org.apache.maven.surefire.booter.ForkedBooter.invokeProviderInSameClassLoader(ForkedBooter.java:290), org.apache.maven.surefire.booter.ForkedBooter.runSuitesInProcess(ForkedBooter.java:242), org.apache.maven.surefire.booter.ForkedBooter.main(ForkedBooter.java:121)]"
118.0,jbossas.jboss-dmr,org/jboss/dmr/Base64.java#L418,Closeable_MultipleClose,Truebug,"[MSL] Specification Closeable_MultipleClose has been violated on line [org.jboss.dmr.Base64.encodeBytes(Base64.java:418), org.jboss.dmr.Base64.encodeBytes(Base64.java:359), org.jboss.dmr.RegressionTest0.test00158(RegressionTest0.java:2877), sun.reflect.NativeMethodAccessorImpl.invoke0(Native Method), sun.reflect.NativeMethodAccessorImpl.invoke(NativeMethodAccessorImpl.java:62), sun.reflect.DelegatingMethodAccessorImpl.invoke(DelegatingMethodAccessorImpl.java:43), java.lang.reflect.Method.invoke(Method.java:498), org.junit.runners.model.FrameworkMethod$1.runReflectiveCall(FrameworkMethod.java:59), org.junit.internal.runners.model.ReflectiveCallable.run(ReflectiveCallable.java:12), org.junit.runners.model.FrameworkMethod.invokeExplosively(FrameworkMethod.java:56), org.junit.internal.runners.statements.InvokeMethod.evaluate(InvokeMethod.java:17), org.junit.runners.ParentRunner$3.evaluate(ParentRunner.java:306), org.junit.runners.BlockJUnit4ClassRunner$1.evaluate(BlockJUnit4ClassRunner.java:100), org.junit.runners.ParentRunner.runLeaf(ParentRunner.java:366), org.junit.runners.BlockJUnit4ClassRunner.runChild(BlockJUnit4ClassRunner.java:103), org.junit.runners.BlockJUnit4ClassRunner.runChild(BlockJUnit4ClassRunner.java:63), org.junit.runners.ParentRunner$4.run(ParentRunner.java:331), org.junit.runners.ParentRunner$1.schedule(ParentRunner.java:79), org.junit.runners.ParentRunner.runChildren(ParentRunner.java:329), org.junit.runners.ParentRunner.access$100(ParentRunner.java:66), org.junit.runners.ParentRunner$2.evaluate(ParentRunner.java:293), org.junit.runners.ParentRunner$3.evaluate(ParentRunner.java:306), org.junit.runners.ParentRunner.run(ParentRunner.java:413), org.junit.runners.Suite.runChild(Suite.java:128), org.junit.runners.Suite.runChild(Suite.java:27), org.junit.runners.ParentRunner$4.run(ParentRunner.java:331), org.junit.runners.ParentRunner$1.schedule(ParentRunner.java:79), org.junit.runners.ParentRunner.runChildren(ParentRunner.java:329), org.junit.runners.ParentRunner.access$100(ParentRunner.java:66), org.junit.runners.ParentRunner$2.evaluate(ParentRunner.java:293), org.junit.runners.ParentRunner$3.evaluate(ParentRunner.java:306), org.junit.runners.ParentRunner.run(ParentRunner.java:413), org.apache.maven.surefire.junit4.JUnit4Provider.execute(JUnit4Provider.java:367), org.apache.maven.surefire.junit4.JUnit4Provider.executeWithRerun(JUnit4Provider.java:274), org.apache.maven.surefire.junit4.JUnit4Provider.executeTestSet(JUnit4Provider.java:238), org.apache.maven.surefire.junit4.JUnit4Provider.invoke(JUnit4Provider.java:161), org.apache.maven.surefire.booter.ForkedBooter.invokeProviderInSameClassLoader(ForkedBooter.java:290), org.apache.maven.surefire.booter.ForkedBooter.runSuitesInProcess(ForkedBooter.java:242), org.apache.maven.surefire.booter.ForkedBooter.main(ForkedBooter.java:121)]"
119.0,jbossas.jboss-dmr,org/jboss/dmr/Base64.java#L423,Closeable_MultipleClose,Truebug,"[MSL] Specification Closeable_MultipleClose has been violated on line [org.jboss.dmr.Base64.encodeBytes(Base64.java:423), org.jboss.dmr.Base64.encodeBytes(Base64.java:359), org.jboss.dmr.RegressionTest0.test00158(RegressionTest0.java:2877), sun.reflect.NativeMethodAccessorImpl.invoke0(Native Method), sun.reflect.NativeMethodAccessorImpl.invoke(NativeMethodAccessorImpl.java:62), sun.reflect.DelegatingMethodAccessorImpl.invoke(DelegatingMethodAccessorImpl.java:43), java.lang.reflect.Method.invoke(Method.java:498), org.junit.runners.model.FrameworkMethod$1.runReflectiveCall(FrameworkMethod.java:59), org.junit.internal.runners.model.ReflectiveCallable.run(ReflectiveCallable.java:12), org.junit.runners.model.FrameworkMethod.invokeExplosively(FrameworkMethod.java:56), org.junit.internal.runners.statements.InvokeMethod.evaluate(InvokeMethod.java:17), org.junit.runners.ParentRunner$3.evaluate(ParentRunner.java:306), org.junit.runners.BlockJUnit4ClassRunner$1.evaluate(BlockJUnit4ClassRunner.java:100), org.junit.runners.ParentRunner.runLeaf(ParentRunner.java:366), org.junit.runners.BlockJUnit4ClassRunner.runChild(BlockJUnit4ClassRunner.java:103), org.junit.runners.BlockJUnit4ClassRunner.runChild(BlockJUnit4ClassRunner.java:63), org.junit.runners.ParentRunner$4.run(ParentRunner.java:331), org.junit.runners.ParentRunner$1.schedule(ParentRunner.java:79), org.junit.runners.ParentRunner.runChildren(ParentRunner.java:329), org.junit.runners.ParentRunner.access$100(ParentRunner.java:66), org.junit.runners.ParentRunner$2.evaluate(ParentRunner.java:293), org.junit.runners.ParentRunner$3.evaluate(ParentRunner.java:306), org.junit.runners.ParentRunner.run(ParentRunner.java:413), org.junit.runners.Suite.runChild(Suite.java:128), org.junit.runners.Suite.runChild(Suite.java:27), org.junit.runners.ParentRunner$4.run(ParentRunner.java:331), org.junit.runners.ParentRunner$1.schedule(ParentRunner.java:79), org.junit.runners.ParentRunner.runChildren(ParentRunner.java:329), org.junit.runners.ParentRunner.access$100(ParentRunner.java:66), org.junit.runners.ParentRunner$2.evaluate(ParentRunner.java:293), org.junit.runners.ParentRunner$3.evaluate(ParentRunner.java:306), org.junit.runners.ParentRunner.run(ParentRunner.java:413), org.apache.maven.surefire.junit4.JUnit4Provider.execute(JUnit4Provider.java:367), org.apache.maven.surefire.junit4.JUnit4Provider.executeWithRerun(JUnit4Provider.java:274), org.apache.maven.surefire.junit4.JUnit4Provider.executeTestSet(JUnit4Provider.java:238), org.apache.maven.surefire.junit4.JUnit4Provider.invoke(JUnit4Provider.java:161), org.apache.maven.surefire.booter.ForkedBooter.invokeProviderInSameClassLoader(ForkedBooter.java:290), org.apache.maven.surefire.booter.ForkedBooter.runSuitesInProcess(ForkedBooter.java:242), org.apache.maven.surefire.booter.ForkedBooter.main(ForkedBooter.java:121)]"
120.0,jbossas.jboss-dmr,org/jboss/dmr/Base64.java#L427,Closeable_MultipleClose,FalseAlarm,"[MSL] Specification Closeable_MultipleClose has been violated on line [org.jboss.dmr.Base64.encodeBytes(Base64.java:427), org.jboss.dmr.Base64.encodeBytes(Base64.java:359), org.jboss.dmr.RegressionTest0.test00158(RegressionTest0.java:2877), sun.reflect.NativeMethodAccessorImpl.invoke0(Native Method), sun.reflect.NativeMethodAccessorImpl.invoke(NativeMethodAccessorImpl.java:62), sun.reflect.DelegatingMethodAccessorImpl.invoke(DelegatingMethodAccessorImpl.java:43), java.lang.reflect.Method.invoke(Method.java:498), org.junit.runners.model.FrameworkMethod$1.runReflectiveCall(FrameworkMethod.java:59), org.junit.internal.runners.model.ReflectiveCallable.run(ReflectiveCallable.java:12), org.junit.runners.model.FrameworkMethod.invokeExplosively(FrameworkMethod.java:56), org.junit.internal.runners.statements.InvokeMethod.evaluate(InvokeMethod.java:17), org.junit.runners.ParentRunner$3.evaluate(ParentRunner.java:306), org.junit.runners.BlockJUnit4ClassRunner$1.evaluate(BlockJUnit4ClassRunner.java:100), org.junit.runners.ParentRunner.runLeaf(ParentRunner.java:366), org.junit.runners.BlockJUnit4ClassRunner.runChild(BlockJUnit4ClassRunner.java:103), org.junit.runners.BlockJUnit4ClassRunner.runChild(BlockJUnit4ClassRunner.java:63), org.junit.runners.ParentRunner$4.run(ParentRunner.java:331), org.junit.runners.ParentRunner$1.schedule(ParentRunner.java:79), org.junit.runners.ParentRunner.runChildren(ParentRunner.java:329), org.junit.runners.ParentRunner.access$100(ParentRunner.java:66), org.junit.runners.ParentRunner$2.evaluate(ParentRunner.java:293), org.junit.runners.ParentRunner$3.evaluate(ParentRunner.java:306), org.junit.runners.ParentRunner.run(ParentRunner.java:413), org.junit.runners.Suite.runChild(Suite.java:128), org.junit.runners.Suite.runChild(Suite.java:27), org.junit.runners.ParentRunner$4.run(ParentRunner.java:331), org.junit.runners.ParentRunner$1.schedule(ParentRunner.java:79), org.junit.runners.ParentRunner.runChildren(ParentRunner.java:329), org.junit.runners.ParentRunner.access$100(ParentRunner.java:66), org.junit.runners.ParentRunner$2.evaluate(ParentRunner.java:293), org.junit.runners.ParentRunner$3.evaluate(ParentRunner.java:306), org.junit.runners.ParentRunner.run(ParentRunner.java:413), org.apache.maven.surefire.junit4.JUnit4Provider.execute(JUnit4Provider.java:367), org.apache.maven.surefire.junit4.JUnit4Provider.executeWithRerun(JUnit4Provider.java:274), org.apache.maven.surefire.junit4.JUnit4Provider.executeTestSet(JUnit4Provider.java:238), org.apache.maven.surefire.junit4.JUnit4Provider.invoke(JUnit4Provider.java:161), org.apache.maven.surefire.booter.ForkedBooter.invokeProviderInSameClassLoader(ForkedBooter.java:290), org.apache.maven.surefire.booter.ForkedBooter.runSuitesInProcess(ForkedBooter.java:242), org.apache.maven.surefire.booter.ForkedBooter.main(ForkedBooter.java:121)]"
121.0,jbossas.jboss-dmr,org/jboss/dmr/Base64.java#L431,Closeable_MultipleClose,FalseAlarm,"[MSL] Specification Closeable_MultipleClose has been violated on line [org.jboss.dmr.Base64.encodeBytes(Base64.java:431), org.jboss.dmr.Base64.encodeBytes(Base64.java:359), org.jboss.dmr.RegressionTest0.test00158(RegressionTest0.java:2877), sun.reflect.NativeMethodAccessorImpl.invoke0(Native Method), sun.reflect.NativeMethodAccessorImpl.invoke(NativeMethodAccessorImpl.java:62), sun.reflect.DelegatingMethodAccessorImpl.invoke(DelegatingMethodAccessorImpl.java:43), java.lang.reflect.Method.invoke(Method.java:498), org.junit.runners.model.FrameworkMethod$1.runReflectiveCall(FrameworkMethod.java:59), org.junit.internal.runners.model.ReflectiveCallable.run(ReflectiveCallable.java:12), org.junit.runners.model.FrameworkMethod.invokeExplosively(FrameworkMethod.java:56), org.junit.internal.runners.statements.InvokeMethod.evaluate(InvokeMethod.java:17), org.junit.runners.ParentRunner$3.evaluate(ParentRunner.java:306), org.junit.runners.BlockJUnit4ClassRunner$1.evaluate(BlockJUnit4ClassRunner.java:100), org.junit.runners.ParentRunner.runLeaf(ParentRunner.java:366), org.junit.runners.BlockJUnit4ClassRunner.runChild(BlockJUnit4ClassRunner.java:103), org.junit.runners.BlockJUnit4ClassRunner.runChild(BlockJUnit4ClassRunner.java:63), org.junit.runners.ParentRunner$4.run(ParentRunner.java:331), org.junit.runners.ParentRunner$1.schedule(ParentRunner.java:79), org.junit.runners.ParentRunner.runChildren(ParentRunner.java:329), org.junit.runners.ParentRunner.access$100(ParentRunner.java:66), org.junit.runners.ParentRunner$2.evaluate(ParentRunner.java:293), org.junit.runners.ParentRunner$3.evaluate(ParentRunner.java:306), org.junit.runners.ParentRunner.run(ParentRunner.java:413), org.junit.runners.Suite.runChild(Suite.java:128), org.junit.runners.Suite.runChild(Suite.java:27), org.junit.runners.ParentRunner$4.run(ParentRunner.java:331), org.junit.runners.ParentRunner$1.schedule(ParentRunner.java:79), org.junit.runners.ParentRunner.runChildren(ParentRunner.java:329), org.junit.runners.ParentRunner.access$100(ParentRunner.java:66), org.junit.runners.ParentRunner$2.evaluate(ParentRunner.java:293), org.junit.runners.ParentRunner$3.evaluate(ParentRunner.java:306), org.junit.runners.ParentRunner.run(ParentRunner.java:413), org.apache.maven.surefire.junit4.JUnit4Provider.execute(JUnit4Provider.java:367), org.apache.maven.surefire.junit4.JUnit4Provider.executeWithRerun(JUnit4Provider.java:274), org.apache.maven.surefire.junit4.JUnit4Provider.executeTestSet(JUnit4Provider.java:238), org.apache.maven.surefire.junit4.JUnit4Provider.invoke(JUnit4Provider.java:161), org.apache.maven.surefire.booter.ForkedBooter.invokeProviderInSameClassLoader(ForkedBooter.java:290), org.apache.maven.surefire.booter.ForkedBooter.runSuitesInProcess(ForkedBooter.java:242), org.apache.maven.surefire.booter.ForkedBooter.main(ForkedBooter.java:121)]"
122.0,jbossas.jboss-dmr,org/jboss/dmr/Base64.java#L299,Closeable_MultipleClose,FalseAlarm,"[MSL] Specification Closeable_MultipleClose has been violated on line [org.jboss.dmr.Base64.encodeObject(Base64.java:299), org.jboss.dmr.Base64.encodeObject(Base64.java:244), org.jboss.dmr.RegressionTest0.test00069(RegressionTest0.java:1155), sun.reflect.NativeMethodAccessorImpl.invoke0(Native Method), sun.reflect.NativeMethodAccessorImpl.invoke(NativeMethodAccessorImpl.java:62), sun.reflect.DelegatingMethodAccessorImpl.invoke(DelegatingMethodAccessorImpl.java:43), java.lang.reflect.Method.invoke(Method.java:498), org.junit.runners.model.FrameworkMethod$1.runReflectiveCall(FrameworkMethod.java:59), org.junit.internal.runners.model.ReflectiveCallable.run(ReflectiveCallable.java:12), org.junit.runners.model.FrameworkMethod.invokeExplosively(FrameworkMethod.java:56), org.junit.internal.runners.statements.InvokeMethod.evaluate(InvokeMethod.java:17), org.junit.runners.ParentRunner$3.evaluate(ParentRunner.java:306), org.junit.runners.BlockJUnit4ClassRunner$1.evaluate(BlockJUnit4ClassRunner.java:100), org.junit.runners.ParentRunner.runLeaf(ParentRunner.java:366), org.junit.runners.BlockJUnit4ClassRunner.runChild(BlockJUnit4ClassRunner.java:103), org.junit.runners.BlockJUnit4ClassRunner.runChild(BlockJUnit4ClassRunner.java:63), org.junit.runners.ParentRunner$4.run(ParentRunner.java:331), org.junit.runners.ParentRunner$1.schedule(ParentRunner.java:79), org.junit.runners.ParentRunner.runChildren(ParentRunner.java:329), org.junit.runners.ParentRunner.access$100(ParentRunner.java:66), org.junit.runners.ParentRunner$2.evaluate(ParentRunner.java:293), org.junit.runners.ParentRunner$3.evaluate(ParentRunner.java:306), org.junit.runners.ParentRunner.run(ParentRunner.java:413), org.junit.runners.Suite.runChild(Suite.java:128), org.junit.runners.Suite.runChild(Suite.java:27), org.junit.runners.ParentRunner$4.run(ParentRunner.java:331), org.junit.runners.ParentRunner$1.schedule(ParentRunner.java:79), org.junit.runners.ParentRunner.runChildren(ParentRunner.java:329), org.junit.runners.ParentRunner.access$100(ParentRunner.java:66), org.junit.runners.ParentRunner$2.evaluate(ParentRunner.java:293), org.junit.runners.ParentRunner$3.evaluate(ParentRunner.java:306), org.junit.runners.ParentRunner.run(ParentRunner.java:413), org.apache.maven.surefire.junit4.JUnit4Provider.execute(JUnit4Provider.java:367), org.apache.maven.surefire.junit4.JUnit4Provider.executeWithRerun(JUnit4Provider.java:274), org.apache.maven.surefire.junit4.JUnit4Provider.executeTestSet(JUnit4Provider.java:238), org.apache.maven.surefire.junit4.JUnit4Provider.invoke(JUnit4Provider.java:161), org.apache.maven.surefire.booter.ForkedBooter.invokeProviderInSameClassLoader(ForkedBooter.java:290), org.apache.maven.surefire.booter.ForkedBooter.runSuitesInProcess(ForkedBooter.java:242), org.apache.maven.surefire.booter.ForkedBooter.main(ForkedBooter.java:121)]"
123.0,jbossas.jboss-dmr,org/jboss/dmr/Base64.java#L303,Closeable_MultipleClose,FalseAlarm,"[MSL] Specification Closeable_MultipleClose has been violated on line [org.jboss.dmr.Base64.encodeObject(Base64.java:303), org.jboss.dmr.Base64.encodeObject(Base64.java:244), org.jboss.dmr.RegressionTest0.test00069(RegressionTest0.java:1155), sun.reflect.NativeMethodAccessorImpl.invoke0(Native Method), sun.reflect.NativeMethodAccessorImpl.invoke(NativeMethodAccessorImpl.java:62), sun.reflect.DelegatingMethodAccessorImpl.invoke(DelegatingMethodAccessorImpl.java:43), java.lang.reflect.Method.invoke(Method.java:498), org.junit.runners.model.FrameworkMethod$1.runReflectiveCall(FrameworkMethod.java:59), org.junit.internal.runners.model.ReflectiveCallable.run(ReflectiveCallable.java:12), org.junit.runners.model.FrameworkMethod.invokeExplosively(FrameworkMethod.java:56), org.junit.internal.runners.statements.InvokeMethod.evaluate(InvokeMethod.java:17), org.junit.runners.ParentRunner$3.evaluate(ParentRunner.java:306), org.junit.runners.BlockJUnit4ClassRunner$1.evaluate(BlockJUnit4ClassRunner.java:100), org.junit.runners.ParentRunner.runLeaf(ParentRunner.java:366), org.junit.runners.BlockJUnit4ClassRunner.runChild(BlockJUnit4ClassRunner.java:103), org.junit.runners.BlockJUnit4ClassRunner.runChild(BlockJUnit4ClassRunner.java:63), org.junit.runners.ParentRunner$4.run(ParentRunner.java:331), org.junit.runners.ParentRunner$1.schedule(ParentRunner.java:79), org.junit.runners.ParentRunner.runChildren(ParentRunner.java:329), org.junit.runners.ParentRunner.access$100(ParentRunner.java:66), org.junit.runners.ParentRunner$2.evaluate(ParentRunner.java:293), org.junit.runners.ParentRunner$3.evaluate(ParentRunner.java:306), org.junit.runners.ParentRunner.run(ParentRunner.java:413), org.junit.runners.Suite.runChild(Suite.java:128), org.junit.runners.Suite.runChild(Suite.java:27), org.junit.runners.ParentRunner$4.run(ParentRunner.java:331), org.junit.runners.ParentRunner$1.schedule(ParentRunner.java:79), org.junit.runners.ParentRunner.runChildren(ParentRunner.java:329), org.junit.runners.ParentRunner.access$100(ParentRunner.java:66), org.junit.runners.ParentRunner$2.evaluate(ParentRunner.java:293), org.junit.runners.ParentRunner$3.evaluate(ParentRunner.java:306), org.junit.runners.ParentRunner.run(ParentRunner.java:413), org.apache.maven.surefire.junit4.JUnit4Provider.execute(JUnit4Provider.java:367), org.apache.maven.surefire.junit4.JUnit4Provider.executeWithRerun(JUnit4Provider.java:274), org.apache.maven.surefire.junit4.JUnit4Provider.executeTestSet(JUnit4Provider.java:238), org.apache.maven.surefire.junit4.JUnit4Provider.invoke(JUnit4Provider.java:161), org.apache.maven.surefire.booter.ForkedBooter.invokeProviderInSameClassLoader(ForkedBooter.java:290), org.apache.maven.surefire.booter.ForkedBooter.runSuitesInProcess(ForkedBooter.java:242), org.apache.maven.surefire.booter.ForkedBooter.main(ForkedBooter.java:121)]"
124.0,jbossas.jboss-dmr,org/jboss/dmr/Base64.java#L307,Closeable_MultipleClose,FalseAlarm,"[MSL] Specification Closeable_MultipleClose has been violated on line [org.jboss.dmr.Base64.encodeObject(Base64.java:307), org.jboss.dmr.Base64.encodeObject(Base64.java:244), org.jboss.dmr.RegressionTest0.test00069(RegressionTest0.java:1155), sun.reflect.NativeMethodAccessorImpl.invoke0(Native Method), sun.reflect.NativeMethodAccessorImpl.invoke(NativeMethodAccessorImpl.java:62), sun.reflect.DelegatingMethodAccessorImpl.invoke(DelegatingMethodAccessorImpl.java:43), java.lang.reflect.Method.invoke(Method.java:498), org.junit.runners.model.FrameworkMethod$1.runReflectiveCall(FrameworkMethod.java:59), org.junit.internal.runners.model.ReflectiveCallable.run(ReflectiveCallable.java:12), org.junit.runners.model.FrameworkMethod.invokeExplosively(FrameworkMethod.java:56), org.junit.internal.runners.statements.InvokeMethod.evaluate(InvokeMethod.java:17), org.junit.runners.ParentRunner$3.evaluate(ParentRunner.java:306), org.junit.runners.BlockJUnit4ClassRunner$1.evaluate(BlockJUnit4ClassRunner.java:100), org.junit.runners.ParentRunner.runLeaf(ParentRunner.java:366), org.junit.runners.BlockJUnit4ClassRunner.runChild(BlockJUnit4ClassRunner.java:103), org.junit.runners.BlockJUnit4ClassRunner.runChild(BlockJUnit4ClassRunner.java:63), org.junit.runners.ParentRunner$4.run(ParentRunner.java:331), org.junit.runners.ParentRunner$1.schedule(ParentRunner.java:79), org.junit.runners.ParentRunner.runChildren(ParentRunner.java:329), org.junit.runners.ParentRunner.access$100(ParentRunner.java:66), org.junit.runners.ParentRunner$2.evaluate(ParentRunner.java:293), org.junit.runners.ParentRunner$3.evaluate(ParentRunner.java:306), org.junit.runners.ParentRunner.run(ParentRunner.java:413), org.junit.runners.Suite.runChild(Suite.java:128), org.junit.runners.Suite.runChild(Suite.java:27), org.junit.runners.ParentRunner$4.run(ParentRunner.java:331), org.junit.runners.ParentRunner$1.schedule(ParentRunner.java:79), org.junit.runners.ParentRunner.runChildren(ParentRunner.java:329), org.junit.runners.ParentRunner.access$100(ParentRunner.java:66), org.junit.runners.ParentRunner$2.evaluate(ParentRunner.java:293), org.junit.runners.ParentRunner$3.evaluate(ParentRunner.java:306), org.junit.runners.ParentRunner.run(ParentRunner.java:413), org.apache.maven.surefire.junit4.JUnit4Provider.execute(JUnit4Provider.java:367), org.apache.maven.surefire.junit4.JUnit4Provider.executeWithRerun(JUnit4Provider.java:274), org.apache.maven.surefire.junit4.JUnit4Provider.executeTestSet(JUnit4Provider.java:238), org.apache.maven.surefire.junit4.JUnit4Provider.invoke(JUnit4Provider.java:161), org.apache.maven.surefire.booter.ForkedBooter.invokeProviderInSameClassLoader(ForkedBooter.java:290), org.apache.maven.surefire.booter.ForkedBooter.runSuitesInProcess(ForkedBooter.java:242), org.apache.maven.surefire.booter.ForkedBooter.main(ForkedBooter.java:121)]"
125.0,jbossas.jboss-dmr,org/jboss/dmr/Base64.java#L311,Closeable_MultipleClose,FalseAlarm,"[MSL] Specification Closeable_MultipleClose has been violated on line [org.jboss.dmr.Base64.encodeObject(Base64.java:311), org.jboss.dmr.Base64.encodeObject(Base64.java:244), org.jboss.dmr.RegressionTest0.test00069(RegressionTest0.java:1155), sun.reflect.NativeMethodAccessorImpl.invoke0(Native Method), sun.reflect.NativeMethodAccessorImpl.invoke(NativeMethodAccessorImpl.java:62), sun.reflect.DelegatingMethodAccessorImpl.invoke(DelegatingMethodAccessorImpl.java:43), java.lang.reflect.Method.invoke(Method.java:498), org.junit.runners.model.FrameworkMethod$1.runReflectiveCall(FrameworkMethod.java:59), org.junit.internal.runners.model.ReflectiveCallable.run(ReflectiveCallable.java:12), org.junit.runners.model.FrameworkMethod.invokeExplosively(FrameworkMethod.java:56), org.junit.internal.runners.statements.InvokeMethod.evaluate(InvokeMethod.java:17), org.junit.runners.ParentRunner$3.evaluate(ParentRunner.java:306), org.junit.runners.BlockJUnit4ClassRunner$1.evaluate(BlockJUnit4ClassRunner.java:100), org.junit.runners.ParentRunner.runLeaf(ParentRunner.java:366), org.junit.runners.BlockJUnit4ClassRunner.runChild(BlockJUnit4ClassRunner.java:103), org.junit.runners.BlockJUnit4ClassRunner.runChild(BlockJUnit4ClassRunner.java:63), org.junit.runners.ParentRunner$4.run(ParentRunner.java:331), org.junit.runners.ParentRunner$1.schedule(ParentRunner.java:79), org.junit.runners.ParentRunner.runChildren(ParentRunner.java:329), org.junit.runners.ParentRunner.access$100(ParentRunner.java:66), org.junit.runners.ParentRunner$2.evaluate(ParentRunner.java:293), org.junit.runners.ParentRunner$3.evaluate(ParentRunner.java:306), org.junit.runners.ParentRunner.run(ParentRunner.java:413), org.junit.runners.Suite.runChild(Suite.java:128), org.junit.runners.Suite.runChild(Suite.java:27), org.junit.runners.ParentRunner$4.run(ParentRunner.java:331), org.junit.runners.ParentRunner$1.schedule(ParentRunner.java:79), org.junit.runners.ParentRunner.runChildren(ParentRunner.java:329), org.junit.runners.ParentRunner.access$100(ParentRunner.java:66), org.junit.runners.ParentRunner$2.evaluate(ParentRunner.java:293), org.junit.runners.ParentRunner$3.evaluate(ParentRunner.java:306), org.junit.runners.ParentRunner.run(ParentRunner.java:413), org.apache.maven.surefire.junit4.JUnit4Provider.execute(JUnit4Provider.java:367), org.apache.maven.surefire.junit4.JUnit4Provider.executeWithRerun(JUnit4Provider.java:274), org.apache.maven.surefire.junit4.JUnit4Provider.executeTestSet(JUnit4Provider.java:238), org.apache.maven.surefire.junit4.JUnit4Provider.invoke(JUnit4Provider.java:161), org.apache.maven.surefire.booter.ForkedBooter.invokeProviderInSameClassLoader(ForkedBooter.java:290), org.apache.maven.surefire.booter.ForkedBooter.runSuitesInProcess(ForkedBooter.java:242), org.apache.maven.surefire.booter.ForkedBooter.main(ForkedBooter.java:121)]"
126.0,jbossas.jboss-dmr,org/jboss/dmr/stream/ModelReaderImpl.java#L367,Long_BadParsingRadix,FalseAlarm,"[MSL] Specification Long_BadParsingRadix has been violated on line [org.jboss.dmr.stream.ModelReaderImpl.next(ModelReaderImpl.java:367), org.jboss.dmr.stream.AbstractModelStreamsTestCase.assertLongState(AbstractModelStreamsTestCase.java:949), org.jboss.dmr.stream.AbstractModelStreamsTestCase.assertNumberState(AbstractModelStreamsTestCase.java:842), org.jboss.dmr.stream.InvalidModelReaderTestCase.read_listStart_numberLong_listStart(InvalidModelReaderTestCase.java:7555), org.jboss.dmr.stream.InvalidModelReaderTestCase.notEmptyListMissingCommaAfterFirstItem(InvalidModelReaderTestCase.java:587), sun.reflect.NativeMethodAccessorImpl.invoke0(Native Method), sun.reflect.NativeMethodAccessorImpl.invoke(NativeMethodAccessorImpl.java:62), sun.reflect.DelegatingMethodAccessorImpl.invoke(DelegatingMethodAccessorImpl.java:43), java.lang.reflect.Method.invoke(Method.java:498), org.junit.runners.model.FrameworkMethod$1.runReflectiveCall(FrameworkMethod.java:59), org.junit.internal.runners.model.ReflectiveCallable.run(ReflectiveCallable.java:12), org.junit.runners.model.FrameworkMethod.invokeExplosively(FrameworkMethod.java:56), org.junit.internal.runners.statements.InvokeMethod.evaluate(InvokeMethod.java:17), org.junit.runners.ParentRunner$3.evaluate(ParentRunner.java:306), org.junit.runners.BlockJUnit4ClassRunner$1.evaluate(BlockJUnit4ClassRunner.java:100), org.junit.runners.ParentRunner.runLeaf(ParentRunner.java:366), org.junit.runners.BlockJUnit4ClassRunner.runChild(BlockJUnit4ClassRunner.java:103), org.junit.runners.BlockJUnit4ClassRunner.runChild(BlockJUnit4ClassRunner.java:63), org.junit.runners.ParentRunner$4.run(ParentRunner.java:331), org.junit.runners.ParentRunner$1.schedule(ParentRunner.java:79), org.junit.runners.ParentRunner.runChildren(ParentRunner.java:329), org.junit.runners.ParentRunner.access$100(ParentRunner.java:66), org.junit.runners.ParentRunner$2.evaluate(ParentRunner.java:293), org.junit.runners.ParentRunner$3.evaluate(ParentRunner.java:306), org.junit.runners.ParentRunner.run(ParentRunner.java:413), org.apache.maven.surefire.junit4.JUnit4Provider.execute(JUnit4Provider.java:367), org.apache.maven.surefire.junit4.JUnit4Provider.executeWithRerun(JUnit4Provider.java:274), org.apache.maven.surefire.junit4.JUnit4Provider.executeTestSet(JUnit4Provider.java:238), org.apache.maven.surefire.junit4.JUnit4Provider.invoke(JUnit4Provider.java:161), org.apache.maven.surefire.booter.ForkedBooter.invokeProviderInSameClassLoader(ForkedBooter.java:290), org.apache.maven.surefire.booter.ForkedBooter.runSuitesInProcess(ForkedBooter.java:242), org.apache.maven.surefire.booter.ForkedBooter.main(ForkedBooter.java:121)]"
127.0,jbossas.jboss-dmr,org/jboss/dmr/StringModelValue.java#L128,Long_BadParsingArgs,FalseAlarm,"[MSL] Specification Long_BadParsingArgs has been violated on line [org.jboss.dmr.StringModelValue.asLong(StringModelValue.java:128), org.jboss.dmr.ModelNode.asLong(ModelNode.java:246), org.jboss.dmr.ModelNode.asLongOrNull(ModelNode.java:273), org.jboss.dmr.RegressionTest21.test10881(RegressionTest21.java:17439), sun.reflect.NativeMethodAccessorImpl.invoke0(Native Method), sun.reflect.NativeMethodAccessorImpl.invoke(NativeMethodAccessorImpl.java:62), sun.reflect.DelegatingMethodAccessorImpl.invoke(DelegatingMethodAccessorImpl.java:43), java.lang.reflect.Method.invoke(Method.java:498), org.junit.runners.model.FrameworkMethod$1.runReflectiveCall(FrameworkMethod.java:59), org.junit.internal.runners.model.ReflectiveCallable.run(ReflectiveCallable.java:12), org.junit.runners.model.FrameworkMethod.invokeExplosively(FrameworkMethod.java:56), org.junit.internal.runners.statements.InvokeMethod.evaluate(InvokeMethod.java:17), org.junit.runners.ParentRunner$3.evaluate(ParentRunner.java:306), org.junit.runners.BlockJUnit4ClassRunner$1.evaluate(BlockJUnit4ClassRunner.java:100), org.junit.runners.ParentRunner.runLeaf(ParentRunner.java:366), org.junit.runners.BlockJUnit4ClassRunner.runChild(BlockJUnit4ClassRunner.java:103), org.junit.runners.BlockJUnit4ClassRunner.runChild(BlockJUnit4ClassRunner.java:63), org.junit.runners.ParentRunner$4.run(ParentRunner.java:331), org.junit.runners.ParentRunner$1.schedule(ParentRunner.java:79), org.junit.runners.ParentRunner.runChildren(ParentRunner.java:329), org.junit.runners.ParentRunner.access$100(ParentRunner.java:66), org.junit.runners.ParentRunner$2.evaluate(ParentRunner.java:293), org.junit.runners.ParentRunner$3.evaluate(ParentRunner.java:306), org.junit.runners.ParentRunner.run(ParentRunner.java:413), org.junit.runners.Suite.runChild(Suite.java:128), org.junit.runners.Suite.runChild(Suite.java:27), org.junit.runners.ParentRunner$4.run(ParentRunner.java:331), org.junit.runners.ParentRunner$1.schedule(ParentRunner.java:79), org.junit.runners.ParentRunner.runChildren(ParentRunner.java:329), org.junit.runners.ParentRunner.access$100(ParentRunner.java:66), org.junit.runners.ParentRunner$2.evaluate(ParentRunner.java:293), org.junit.runners.ParentRunner$3.evaluate(ParentRunner.java:306), org.junit.runners.ParentRunner.run(ParentRunner.java:413), org.apache.maven.surefire.junit4.JUnit4Provider.execute(JUnit4Provider.java:367), org.apache.maven.surefire.junit4.JUnit4Provider.executeWithRerun(JUnit4Provider.java:274), org.apache.maven.surefire.junit4.JUnit4Provider.executeTestSet(JUnit4Provider.java:238), org.apache.maven.surefire.junit4.JUnit4Provider.invoke(JUnit4Provider.java:161), org.apache.maven.surefire.booter.ForkedBooter.invokeProviderInSameClassLoader(ForkedBooter.java:290), org.apache.maven.surefire.booter.ForkedBooter.runSuitesInProcess(ForkedBooter.java:242), org.apache.maven.surefire.booter.ForkedBooter.main(ForkedBooter.java:121)]"
128.0,jbossas.jboss-dmr,org/jboss/dmr/StringModelValue.java#L133,Long_BadParsingArgs,FalseAlarm,"[MSL] Specification Long_BadParsingArgs has been violated on line [org.jboss.dmr.StringModelValue.asLong(StringModelValue.java:133), org.jboss.dmr.RegressionTest0.test00256(RegressionTest0.java:4963), sun.reflect.NativeMethodAccessorImpl.invoke0(Native Method), sun.reflect.NativeMethodAccessorImpl.invoke(NativeMethodAccessorImpl.java:62), sun.reflect.DelegatingMethodAccessorImpl.invoke(DelegatingMethodAccessorImpl.java:43), java.lang.reflect.Method.invoke(Method.java:498), org.junit.runners.model.FrameworkMethod$1.runReflectiveCall(FrameworkMethod.java:59), org.junit.internal.runners.model.ReflectiveCallable.run(ReflectiveCallable.java:12), org.junit.runners.model.FrameworkMethod.invokeExplosively(FrameworkMethod.java:56), org.junit.internal.runners.statements.InvokeMethod.evaluate(InvokeMethod.java:17), org.junit.runners.ParentRunner$3.evaluate(ParentRunner.java:306), org.junit.runners.BlockJUnit4ClassRunner$1.evaluate(BlockJUnit4ClassRunner.java:100), org.junit.runners.ParentRunner.runLeaf(ParentRunner.java:366), org.junit.runners.BlockJUnit4ClassRunner.runChild(BlockJUnit4ClassRunner.java:103), org.junit.runners.BlockJUnit4ClassRunner.runChild(BlockJUnit4ClassRunner.java:63), org.junit.runners.ParentRunner$4.run(ParentRunner.java:331), org.junit.runners.ParentRunner$1.schedule(ParentRunner.java:79), org.junit.runners.ParentRunner.runChildren(ParentRunner.java:329), org.junit.runners.ParentRunner.access$100(ParentRunner.java:66), org.junit.runners.ParentRunner$2.evaluate(ParentRunner.java:293), org.junit.runners.ParentRunner$3.evaluate(ParentRunner.java:306), org.junit.runners.ParentRunner.run(ParentRunner.java:413), org.junit.runners.Suite.runChild(Suite.java:128), org.junit.runners.Suite.runChild(Suite.java:27), org.junit.runners.ParentRunner$4.run(ParentRunner.java:331), org.junit.runners.ParentRunner$1.schedule(ParentRunner.java:79), org.junit.runners.ParentRunner.runChildren(ParentRunner.java:329), org.junit.runners.ParentRunner.access$100(ParentRunner.java:66), org.junit.runners.ParentRunner$2.evaluate(ParentRunner.java:293), org.junit.runners.ParentRunner$3.evaluate(ParentRunner.java:306), org.junit.runners.ParentRunner.run(ParentRunner.java:413), org.apache.maven.surefire.junit4.JUnit4Provider.execute(JUnit4Provider.java:367), org.apache.maven.surefire.junit4.JUnit4Provider.executeWithRerun(JUnit4Provider.java:274), org.apache.maven.surefire.junit4.JUnit4Provider.executeTestSet(JUnit4Provider.java:238), org.apache.maven.surefire.junit4.JUnit4Provider.invoke(JUnit4Provider.java:161), org.apache.maven.surefire.booter.ForkedBooter.invokeProviderInSameClassLoader(ForkedBooter.java:290), org.apache.maven.surefire.booter.ForkedBooter.runSuitesInProcess(ForkedBooter.java:242), org.apache.maven.surefire.booter.ForkedBooter.main(ForkedBooter.java:121)]"
129.0,jbossas.jboss-dmr,org/jboss/dmr/ValueExpression.java#L220,Long_BadParsingArgs,FalseAlarm,"[MSL] Specification Long_BadParsingArgs has been violated on line [org.jboss.dmr.ValueExpression.resolveLong(ValueExpression.java:220), org.jboss.dmr.RegressionTest0.test00239(RegressionTest0.java:4597), sun.reflect.NativeMethodAccessorImpl.invoke0(Native Method), sun.reflect.NativeMethodAccessorImpl.invoke(NativeMethodAccessorImpl.java:62), sun.reflect.DelegatingMethodAccessorImpl.invoke(DelegatingMethodAccessorImpl.java:43), java.lang.reflect.Method.invoke(Method.java:498), org.junit.runners.model.FrameworkMethod$1.runReflectiveCall(FrameworkMethod.java:59), org.junit.internal.runners.model.ReflectiveCallable.run(ReflectiveCallable.java:12), org.junit.runners.model.FrameworkMethod.invokeExplosively(FrameworkMethod.java:56), org.junit.internal.runners.statements.InvokeMethod.evaluate(InvokeMethod.java:17), org.junit.runners.ParentRunner$3.evaluate(ParentRunner.java:306), org.junit.runners.BlockJUnit4ClassRunner$1.evaluate(BlockJUnit4ClassRunner.java:100), org.junit.runners.ParentRunner.runLeaf(ParentRunner.java:366), org.junit.runners.BlockJUnit4ClassRunner.runChild(BlockJUnit4ClassRunner.java:103), org.junit.runners.BlockJUnit4ClassRunner.runChild(BlockJUnit4ClassRunner.java:63), org.junit.runners.ParentRunner$4.run(ParentRunner.java:331), org.junit.runners.ParentRunner$1.schedule(ParentRunner.java:79), org.junit.runners.ParentRunner.runChildren(ParentRunner.java:329), org.junit.runners.ParentRunner.access$100(ParentRunner.java:66), org.junit.runners.ParentRunner$2.evaluate(ParentRunner.java:293), org.junit.runners.ParentRunner$3.evaluate(ParentRunner.java:306), org.junit.runners.ParentRunner.run(ParentRunner.java:413), org.junit.runners.Suite.runChild(Suite.java:128), org.junit.runners.Suite.runChild(Suite.java:27), org.junit.runners.ParentRunner$4.run(ParentRunner.java:331), org.junit.runners.ParentRunner$1.schedule(ParentRunner.java:79), org.junit.runners.ParentRunner.runChildren(ParentRunner.java:329), org.junit.runners.ParentRunner.access$100(ParentRunner.java:66), org.junit.runners.ParentRunner$2.evaluate(ParentRunner.java:293), org.junit.runners.ParentRunner$3.evaluate(ParentRunner.java:306), org.junit.runners.ParentRunner.run(ParentRunner.java:413), org.apache.maven.surefire.junit4.JUnit4Provider.execute(JUnit4Provider.java:367), org.apache.maven.surefire.junit4.JUnit4Provider.executeWithRerun(JUnit4Provider.java:274), org.apache.maven.surefire.junit4.JUnit4Provider.executeTestSet(JUnit4Provider.java:238), org.apache.maven.surefire.junit4.JUnit4Provider.invoke(JUnit4Provider.java:161), org.apache.maven.surefire.booter.ForkedBooter.invokeProviderInSameClassLoader(ForkedBooter.java:290), org.apache.maven.surefire.booter.ForkedBooter.runSuitesInProcess(ForkedBooter.java:242), org.apache.maven.surefire.booter.ForkedBooter.main(ForkedBooter.java:121)]"
130.0,jbossas.jboss-dmr,org/jboss/dmr/ValueExpression.java#L230,Long_BadParsingArgs,FalseAlarm,"[MSL] Specification Long_BadParsingArgs has been violated on line [org.jboss.dmr.ValueExpression.resolveLong(ValueExpression.java:230), org.jboss.dmr.RegressionTest0.test00130(RegressionTest0.java:2394), sun.reflect.NativeMethodAccessorImpl.invoke0(Native Method), sun.reflect.NativeMethodAccessorImpl.invoke(NativeMethodAccessorImpl.java:62), sun.reflect.DelegatingMethodAccessorImpl.invoke(DelegatingMethodAccessorImpl.java:43), java.lang.reflect.Method.invoke(Method.java:498), org.junit.runners.model.FrameworkMethod$1.runReflectiveCall(FrameworkMethod.java:59), org.junit.internal.runners.model.ReflectiveCallable.run(ReflectiveCallable.java:12), org.junit.runners.model.FrameworkMethod.invokeExplosively(FrameworkMethod.java:56), org.junit.internal.runners.statements.InvokeMethod.evaluate(InvokeMethod.java:17), org.junit.runners.ParentRunner$3.evaluate(ParentRunner.java:306), org.junit.runners.BlockJUnit4ClassRunner$1.evaluate(BlockJUnit4ClassRunner.java:100), org.junit.runners.ParentRunner.runLeaf(ParentRunner.java:366), org.junit.runners.BlockJUnit4ClassRunner.runChild(BlockJUnit4ClassRunner.java:103), org.junit.runners.BlockJUnit4ClassRunner.runChild(BlockJUnit4ClassRunner.java:63), org.junit.runners.ParentRunner$4.run(ParentRunner.java:331), org.junit.runners.ParentRunner$1.schedule(ParentRunner.java:79), org.junit.runners.ParentRunner.runChildren(ParentRunner.java:329), org.junit.runners.ParentRunner.access$100(ParentRunner.java:66), org.junit.runners.ParentRunner$2.evaluate(ParentRunner.java:293), org.junit.runners.ParentRunner$3.evaluate(ParentRunner.java:306), org.junit.runners.ParentRunner.run(ParentRunner.java:413), org.junit.runners.Suite.runChild(Suite.java:128), org.junit.runners.Suite.runChild(Suite.java:27), org.junit.runners.ParentRunner$4.run(ParentRunner.java:331), org.junit.runners.ParentRunner$1.schedule(ParentRunner.java:79), org.junit.runners.ParentRunner.runChildren(ParentRunner.java:329), org.junit.runners.ParentRunner.access$100(ParentRunner.java:66), org.junit.runners.ParentRunner$2.evaluate(ParentRunner.java:293), org.junit.runners.ParentRunner$3.evaluate(ParentRunner.java:306), org.junit.runners.ParentRunner.run(ParentRunner.java:413), org.apache.maven.surefire.junit4.JUnit4Provider.execute(JUnit4Provider.java:367), org.apache.maven.surefire.junit4.JUnit4Provider.executeWithRerun(JUnit4Provider.java:274), org.apache.maven.surefire.junit4.JUnit4Provider.executeTestSet(JUnit4Provider.java:238), org.apache.maven.surefire.junit4.JUnit4Provider.invoke(JUnit4Provider.java:161), org.apache.maven.surefire.booter.ForkedBooter.invokeProviderInSameClassLoader(ForkedBooter.java:290), org.apache.maven.surefire.booter.ForkedBooter.runSuitesInProcess(ForkedBooter.java:242), org.apache.maven.surefire.booter.ForkedBooter.main(ForkedBooter.java:121)]"
131.0,jbossas.jboss-dmr,org/jboss/dmr/ValueExpressionResolver.java#L218,Character_ValidateChar,FalseAlarm,"[MSL] Specification Character_ValidateChar has been violated on line [org.jboss.dmr.ValueExpressionResolver.replaceNonAlphanumericByUnderscoresAndMakeUpperCase(ValueExpressionResolver.java:218), org.jboss.dmr.ValueExpressionResolver.resolvePart(ValueExpressionResolver.java:200), org.jboss.dmr.RegressionTest0.test00201(RegressionTest0.java:3749), sun.reflect.NativeMethodAccessorImpl.invoke0(Native Method), sun.reflect.NativeMethodAccessorImpl.invoke(NativeMethodAccessorImpl.java:62), sun.reflect.DelegatingMethodAccessorImpl.invoke(DelegatingMethodAccessorImpl.java:43), java.lang.reflect.Method.invoke(Method.java:498), org.junit.runners.model.FrameworkMethod$1.runReflectiveCall(FrameworkMethod.java:59), org.junit.internal.runners.model.ReflectiveCallable.run(ReflectiveCallable.java:12), org.junit.runners.model.FrameworkMethod.invokeExplosively(FrameworkMethod.java:56), org.junit.internal.runners.statements.InvokeMethod.evaluate(InvokeMethod.java:17), org.junit.runners.ParentRunner$3.evaluate(ParentRunner.java:306), org.junit.runners.BlockJUnit4ClassRunner$1.evaluate(BlockJUnit4ClassRunner.java:100), org.junit.runners.ParentRunner.runLeaf(ParentRunner.java:366), org.junit.runners.BlockJUnit4ClassRunner.runChild(BlockJUnit4ClassRunner.java:103), org.junit.runners.BlockJUnit4ClassRunner.runChild(BlockJUnit4ClassRunner.java:63), org.junit.runners.ParentRunner$4.run(ParentRunner.java:331), org.junit.runners.ParentRunner$1.schedule(ParentRunner.java:79), org.junit.runners.ParentRunner.runChildren(ParentRunner.java:329), org.junit.runners.ParentRunner.access$100(ParentRunner.java:66), org.junit.runners.ParentRunner$2.evaluate(ParentRunner.java:293), org.junit.runners.ParentRunner$3.evaluate(ParentRunner.java:306), org.junit.runners.ParentRunner.run(ParentRunner.java:413), org.junit.runners.Suite.runChild(Suite.java:128), org.junit.runners.Suite.runChild(Suite.java:27), org.junit.runners.ParentRunner$4.run(ParentRunner.java:331), org.junit.runners.ParentRunner$1.schedule(ParentRunner.java:79), org.junit.runners.ParentRunner.runChildren(ParentRunner.java:329), org.junit.runners.ParentRunner.access$100(ParentRunner.java:66), org.junit.runners.ParentRunner$2.evaluate(ParentRunner.java:293), org.junit.runners.ParentRunner$3.evaluate(ParentRunner.java:306), org.junit.runners.ParentRunner.run(ParentRunner.java:413), org.apache.maven.surefire.junit4.JUnit4Provider.execute(JUnit4Provider.java:367), org.apache.maven.surefire.junit4.JUnit4Provider.executeWithRerun(JUnit4Provider.java:274), org.apache.maven.surefire.junit4.JUnit4Provider.executeTestSet(JUnit4Provider.java:238), org.apache.maven.surefire.junit4.JUnit4Provider.invoke(JUnit4Provider.java:161), org.apache.maven.surefire.booter.ForkedBooter.invokeProviderInSameClassLoader(ForkedBooter.java:290), org.apache.maven.surefire.booter.ForkedBooter.runSuitesInProcess(ForkedBooter.java:242), org.apache.maven.surefire.booter.ForkedBooter.main(ForkedBooter.java:121)]"
132.0,codahale.og,com/codahale/og/tests/ObjectGraphTest.java#L1,Serializable_NoArgConstructor,FalseAlarm,"[MSL] Specification Serializable_NoArgConstructor has been violated on line [com.codahale.og.tests.ObjectGraphTest$1.<clinit>(ObjectGraphTest.java:1), com.codahale.og.tests.ObjectGraphTest.providesGenericTypesDependentOnSingletons(ObjectGraphTest.java:154), sun.reflect.NativeMethodAccessorImpl.invoke0(Native Method), sun.reflect.NativeMethodAccessorImpl.invoke(NativeMethodAccessorImpl.java:62), sun.reflect.DelegatingMethodAccessorImpl.invoke(DelegatingMethodAccessorImpl.java:43), java.lang.reflect.Method.invoke(Method.java:498), org.junit.runners.model.FrameworkMethod$1.runReflectiveCall(FrameworkMethod.java:47), org.junit.internal.runners.model.ReflectiveCallable.run(ReflectiveCallable.java:12), org.junit.runners.model.FrameworkMethod.invokeExplosively(FrameworkMethod.java:44), org.junit.internal.runners.statements.InvokeMethod.evaluate(InvokeMethod.java:17), org.junit.internal.runners.statements.RunBefores.evaluate(RunBefores.java:26), org.junit.runners.ParentRunner.runLeaf(ParentRunner.java:271), org.junit.runners.BlockJUnit4ClassRunner.runChild(BlockJUnit4ClassRunner.java:70), org.junit.runners.BlockJUnit4ClassRunner.runChild(BlockJUnit4ClassRunner.java:50), org.junit.runners.ParentRunner$3.run(ParentRunner.java:238), java.util.concurrent.Executors$RunnableAdapter.call(Executors.java:511), java.util.concurrent.FutureTask.run(FutureTask.java:266), java.util.concurrent.ThreadPoolExecutor.runWorker(ThreadPoolExecutor.java:1149), java.util.concurrent.ThreadPoolExecutor$Worker.run(ThreadPoolExecutor.java:624), java.lang.Thread.run(Thread.java:750)]"
133.0,codahale.og,com/codahale/og/tests/ObjectGraphTest.java#L1,Serializable_NoArgConstructor,FalseAlarm,"[MSL] Specification Serializable_NoArgConstructor has been violated on line [com.codahale.og.tests.ObjectGraphTest$2.<clinit>(ObjectGraphTest.java:1), com.codahale.og.tests.ObjectGraphTest.memoizesOnlySingletonAnnotatedObjects(ObjectGraphTest.java:160), sun.reflect.NativeMethodAccessorImpl.invoke0(Native Method), sun.reflect.NativeMethodAccessorImpl.invoke(NativeMethodAccessorImpl.java:62), sun.reflect.DelegatingMethodAccessorImpl.invoke(DelegatingMethodAccessorImpl.java:43), java.lang.reflect.Method.invoke(Method.java:498), org.junit.runners.model.FrameworkMethod$1.runReflectiveCall(FrameworkMethod.java:47), org.junit.internal.runners.model.ReflectiveCallable.run(ReflectiveCallable.java:12), org.junit.runners.model.FrameworkMethod.invokeExplosively(FrameworkMethod.java:44), org.junit.internal.runners.statements.InvokeMethod.evaluate(InvokeMethod.java:17), org.junit.internal.runners.statements.RunBefores.evaluate(RunBefores.java:26), org.junit.runners.ParentRunner.runLeaf(ParentRunner.java:271), org.junit.runners.BlockJUnit4ClassRunner.runChild(BlockJUnit4ClassRunner.java:70), org.junit.runners.BlockJUnit4ClassRunner.runChild(BlockJUnit4ClassRunner.java:50), org.junit.runners.ParentRunner$3.run(ParentRunner.java:238), java.util.concurrent.Executors$RunnableAdapter.call(Executors.java:511), java.util.concurrent.FutureTask.run(FutureTask.java:266), java.util.concurrent.ThreadPoolExecutor.runWorker(ThreadPoolExecutor.java:1149), java.util.concurrent.ThreadPoolExecutor$Worker.run(ThreadPoolExecutor.java:624), java.lang.Thread.run(Thread.java:750)]"
134.0,codahale.og,com/codahale/og/tests/ObjectGraphTest.java#L1,Serializable_NoArgConstructor,FalseAlarm,"[MSL] Specification Serializable_NoArgConstructor has been violated on line [com.codahale.og.tests.ObjectGraphTest$3.<clinit>(ObjectGraphTest.java:1), com.codahale.og.tests.ObjectGraphTest.memoizesOnlySingletonAnnotatedObjects(ObjectGraphTest.java:161), sun.reflect.NativeMethodAccessorImpl.invoke0(Native Method), sun.reflect.NativeMethodAccessorImpl.invoke(NativeMethodAccessorImpl.java:62), sun.reflect.DelegatingMethodAccessorImpl.invoke(DelegatingMethodAccessorImpl.java:43), java.lang.reflect.Method.invoke(Method.java:498), org.junit.runners.model.FrameworkMethod$1.runReflectiveCall(FrameworkMethod.java:47), org.junit.internal.runners.model.ReflectiveCallable.run(ReflectiveCallable.java:12), org.junit.runners.model.FrameworkMethod.invokeExplosively(FrameworkMethod.java:44), org.junit.internal.runners.statements.InvokeMethod.evaluate(InvokeMethod.java:17), org.junit.internal.runners.statements.RunBefores.evaluate(RunBefores.java:26), org.junit.runners.ParentRunner.runLeaf(ParentRunner.java:271), org.junit.runners.BlockJUnit4ClassRunner.runChild(BlockJUnit4ClassRunner.java:70), org.junit.runners.BlockJUnit4ClassRunner.runChild(BlockJUnit4ClassRunner.java:50), org.junit.runners.ParentRunner$3.run(ParentRunner.java:238), java.util.concurrent.Executors$RunnableAdapter.call(Executors.java:511), java.util.concurrent.FutureTask.run(FutureTask.java:266), java.util.concurrent.ThreadPoolExecutor.runWorker(ThreadPoolExecutor.java:1149), java.util.concurrent.ThreadPoolExecutor$Worker.run(ThreadPoolExecutor.java:624), java.lang.Thread.run(Thread.java:750)]"
135.0,codahale.og,com/codahale/og/tests/ObjectGraphTest.java#L1,Serializable_NoArgConstructor,FalseAlarm,"[MSL] Specification Serializable_NoArgConstructor has been violated on line [com.codahale.og.tests.ObjectGraphTest$4.<clinit>(ObjectGraphTest.java:1), com.codahale.og.tests.ObjectGraphTest.memoizesOnlySingletonAnnotatedObjects(ObjectGraphTest.java:166), sun.reflect.NativeMethodAccessorImpl.invoke0(Native Method), sun.reflect.NativeMethodAccessorImpl.invoke(NativeMethodAccessorImpl.java:62), sun.reflect.DelegatingMethodAccessorImpl.invoke(DelegatingMethodAccessorImpl.java:43), java.lang.reflect.Method.invoke(Method.java:498), org.junit.runners.model.FrameworkMethod$1.runReflectiveCall(FrameworkMethod.java:47), org.junit.internal.runners.model.ReflectiveCallable.run(ReflectiveCallable.java:12), org.junit.runners.model.FrameworkMethod.invokeExplosively(FrameworkMethod.java:44), org.junit.internal.runners.statements.InvokeMethod.evaluate(InvokeMethod.java:17), org.junit.internal.runners.statements.RunBefores.evaluate(RunBefores.java:26), org.junit.runners.ParentRunner.runLeaf(ParentRunner.java:271), org.junit.runners.BlockJUnit4ClassRunner.runChild(BlockJUnit4ClassRunner.java:70), org.junit.runners.BlockJUnit4ClassRunner.runChild(BlockJUnit4ClassRunner.java:50), org.junit.runners.ParentRunner$3.run(ParentRunner.java:238), java.util.concurrent.Executors$RunnableAdapter.call(Executors.java:511), java.util.concurrent.FutureTask.run(FutureTask.java:266), java.util.concurrent.ThreadPoolExecutor.runWorker(ThreadPoolExecutor.java:1149), java.util.concurrent.ThreadPoolExecutor$Worker.run(ThreadPoolExecutor.java:624), java.lang.Thread.run(Thread.java:750)]"
136.0,codahale.og,com/codahale/og/tests/ObjectGraphTest.java#L1,Serializable_NoArgConstructor,FalseAlarm,"[MSL] Specification Serializable_NoArgConstructor has been violated on line [com.codahale.og.tests.ObjectGraphTest$5.<clinit>(ObjectGraphTest.java:1), com.codahale.og.tests.ObjectGraphTest.memoizesOnlySingletonAnnotatedObjects(ObjectGraphTest.java:167), sun.reflect.NativeMethodAccessorImpl.invoke0(Native Method), sun.reflect.NativeMethodAccessorImpl.invoke(NativeMethodAccessorImpl.java:62), sun.reflect.DelegatingMethodAccessorImpl.invoke(DelegatingMethodAccessorImpl.java:43), java.lang.reflect.Method.invoke(Method.java:498), org.junit.runners.model.FrameworkMethod$1.runReflectiveCall(FrameworkMethod.java:47), org.junit.internal.runners.model.ReflectiveCallable.run(ReflectiveCallable.java:12), org.junit.runners.model.FrameworkMethod.invokeExplosively(FrameworkMethod.java:44), org.junit.internal.runners.statements.InvokeMethod.evaluate(InvokeMethod.java:17), org.junit.internal.runners.statements.RunBefores.evaluate(RunBefores.java:26), org.junit.runners.ParentRunner.runLeaf(ParentRunner.java:271), org.junit.runners.BlockJUnit4ClassRunner.runChild(BlockJUnit4ClassRunner.java:70), org.junit.runners.BlockJUnit4ClassRunner.runChild(BlockJUnit4ClassRunner.java:50), org.junit.runners.ParentRunner$3.run(ParentRunner.java:238), java.util.concurrent.Executors$RunnableAdapter.call(Executors.java:511), java.util.concurrent.FutureTask.run(FutureTask.java:266), java.util.concurrent.ThreadPoolExecutor.runWorker(ThreadPoolExecutor.java:1149), java.util.concurrent.ThreadPoolExecutor$Worker.run(ThreadPoolExecutor.java:624), java.lang.Thread.run(Thread.java:750)]"
137.0,codahale.og,com/codahale/og/tests/ObjectGraphTest.java#L1,Serializable_NoArgConstructor,FalseAlarm,"[MSL] Specification Serializable_NoArgConstructor has been violated on line [com.codahale.og.tests.ObjectGraphTest$6.<clinit>(ObjectGraphTest.java:1), com.codahale.og.tests.ObjectGraphTest.providesGenericTypesDependentOnProvidedTypes(ObjectGraphTest.java:175), sun.reflect.NativeMethodAccessorImpl.invoke0(Native Method), sun.reflect.NativeMethodAccessorImpl.invoke(NativeMethodAccessorImpl.java:62), sun.reflect.DelegatingMethodAccessorImpl.invoke(DelegatingMethodAccessorImpl.java:43), java.lang.reflect.Method.invoke(Method.java:498), org.junit.runners.model.FrameworkMethod$1.runReflectiveCall(FrameworkMethod.java:47), org.junit.internal.runners.model.ReflectiveCallable.run(ReflectiveCallable.java:12), org.junit.runners.model.FrameworkMethod.invokeExplosively(FrameworkMethod.java:44), org.junit.internal.runners.statements.InvokeMethod.evaluate(InvokeMethod.java:17), org.junit.internal.runners.statements.RunBefores.evaluate(RunBefores.java:26), org.junit.runners.ParentRunner.runLeaf(ParentRunner.java:271), org.junit.runners.BlockJUnit4ClassRunner.runChild(BlockJUnit4ClassRunner.java:70), org.junit.runners.BlockJUnit4ClassRunner.runChild(BlockJUnit4ClassRunner.java:50), org.junit.runners.ParentRunner$3.run(ParentRunner.java:238), java.util.concurrent.Executors$RunnableAdapter.call(Executors.java:511), java.util.concurrent.FutureTask.run(FutureTask.java:266), java.util.concurrent.ThreadPoolExecutor.runWorker(ThreadPoolExecutor.java:1149), java.util.concurrent.ThreadPoolExecutor$Worker.run(ThreadPoolExecutor.java:624), java.lang.Thread.run(Thread.java:750)]"
138.0,codahale.og,com/codahale/og/tests/ObjectGraphTest.java#L1,Serializable_NoArgConstructor,FalseAlarm,"[MSL] Specification Serializable_NoArgConstructor has been violated on line [com.codahale.og.tests.ObjectGraphTest$7.<clinit>(ObjectGraphTest.java:1), com.codahale.og.tests.ObjectGraphTest.providesSuperclassTypes(ObjectGraphTest.java:224), sun.reflect.NativeMethodAccessorImpl.invoke0(Native Method), sun.reflect.NativeMethodAccessorImpl.invoke(NativeMethodAccessorImpl.java:62), sun.reflect.DelegatingMethodAccessorImpl.invoke(DelegatingMethodAccessorImpl.java:43), java.lang.reflect.Method.invoke(Method.java:498), org.junit.runners.model.FrameworkMethod$1.runReflectiveCall(FrameworkMethod.java:47), org.junit.internal.runners.model.ReflectiveCallable.run(ReflectiveCallable.java:12), org.junit.runners.model.FrameworkMethod.invokeExplosively(FrameworkMethod.java:44), org.junit.internal.runners.statements.InvokeMethod.evaluate(InvokeMethod.java:17), org.junit.internal.runners.statements.RunBefores.evaluate(RunBefores.java:26), org.junit.runners.ParentRunner.runLeaf(ParentRunner.java:271), org.junit.runners.BlockJUnit4ClassRunner.runChild(BlockJUnit4ClassRunner.java:70), org.junit.runners.BlockJUnit4ClassRunner.runChild(BlockJUnit4ClassRunner.java:50), org.junit.runners.ParentRunner$3.run(ParentRunner.java:238), java.util.concurrent.Executors$RunnableAdapter.call(Executors.java:511), java.util.concurrent.FutureTask.run(FutureTask.java:266), java.util.concurrent.ThreadPoolExecutor.runWorker(ThreadPoolExecutor.java:1149), java.util.concurrent.ThreadPoolExecutor$Worker.run(ThreadPoolExecutor.java:624), java.lang.Thread.run(Thread.java:750)]"
139.0,codahale.og,com/codahale/og/tests/ObjectGraphTest.java#L1,Serializable_NoArgConstructor,FalseAlarm,"[MSL] Specification Serializable_NoArgConstructor has been violated on line [com.codahale.og.tests.ObjectGraphTest$8.<clinit>(ObjectGraphTest.java:1), com.codahale.og.tests.ObjectGraphTest.checksTheNameOfSuperclassTypes(ObjectGraphTest.java:231), sun.reflect.NativeMethodAccessorImpl.invoke0(Native Method), sun.reflect.NativeMethodAccessorImpl.invoke(NativeMethodAccessorImpl.java:62), sun.reflect.DelegatingMethodAccessorImpl.invoke(DelegatingMethodAccessorImpl.java:43), java.lang.reflect.Method.invoke(Method.java:498), org.junit.runners.model.FrameworkMethod$1.runReflectiveCall(FrameworkMethod.java:47), org.junit.internal.runners.model.ReflectiveCallable.run(ReflectiveCallable.java:12), org.junit.runners.model.FrameworkMethod.invokeExplosively(FrameworkMethod.java:44), org.junit.internal.runners.statements.InvokeMethod.evaluate(InvokeMethod.java:17), org.junit.internal.runners.statements.RunBefores.evaluate(RunBefores.java:26), org.junit.runners.ParentRunner.runLeaf(ParentRunner.java:271), org.junit.runners.BlockJUnit4ClassRunner.runChild(BlockJUnit4ClassRunner.java:70), org.junit.runners.BlockJUnit4ClassRunner.runChild(BlockJUnit4ClassRunner.java:50), org.junit.runners.ParentRunner$3.run(ParentRunner.java:238), java.util.concurrent.Executors$RunnableAdapter.call(Executors.java:511), java.util.concurrent.FutureTask.run(FutureTask.java:266), java.util.concurrent.ThreadPoolExecutor.runWorker(ThreadPoolExecutor.java:1149), java.util.concurrent.ThreadPoolExecutor$Worker.run(ThreadPoolExecutor.java:624), java.lang.Thread.run(Thread.java:750)]"
140.0,codahale.og,com/google/common/collect/ImmutableAsList.java,Collection_StandardConstructors,FalseAlarm,"[MSL] Specification Collection_StandardConstructors has been violated on line [com.google.common.collect.ImmutableAsList.<clinit>(ImmutableAsList.java:1), com.google.common.collect.RegularImmutableMap$EntrySet.createAsList(RegularImmutableMap.java:186), com.google.common.collect.ImmutableCollection.asList(ImmutableCollection.java:170), com.google.common.collect.RegularImmutableMap$EntrySet.iterator(RegularImmutableMap.java:181), com.google.common.collect.RegularImmutableMap$EntrySet.iterator(RegularImmutableMap.java:173), com.google.common.reflect.TypeResolver.where(TypeResolver.java:97), com.google.common.reflect.TypeResolver.accordingTo(TypeResolver.java:65), com.google.common.reflect.TypeToken.resolveType(TypeToken.java:266), com.google.common.reflect.TypeToken.isAssignableToParameterizedType(TypeToken.java:778), com.google.common.reflect.TypeToken.isAssignable(TypeToken.java:719), com.google.common.reflect.TypeToken.isAssignableFrom(TypeToken.java:436), com.google.common.reflect.TypeToken.isAssignableFrom(TypeToken.java:431), com.codahale.og.BindingKey.isAssignableFrom(BindingKey.java:42), com.codahale.og.ObjectGraph.get(ObjectGraph.java:115), com.codahale.og.tests.ObjectGraphTest.checksTheNameOfSuperclassTypes(ObjectGraphTest.java:231), sun.reflect.NativeMethodAccessorImpl.invoke0(Native Method), sun.reflect.NativeMethodAccessorImpl.invoke(NativeMethodAccessorImpl.java:62), sun.reflect.DelegatingMethodAccessorImpl.invoke(DelegatingMethodAccessorImpl.java:43), java.lang.reflect.Method.invoke(Method.java:498), org.junit.runners.model.FrameworkMethod$1.runReflectiveCall(FrameworkMethod.java:47), org.junit.internal.runners.model.ReflectiveCallable.run(ReflectiveCallable.java:12), org.junit.runners.model.FrameworkMethod.invokeExplosively(FrameworkMethod.java:44), org.junit.internal.runners.statements.InvokeMethod.evaluate(InvokeMethod.java:17), org.junit.internal.runners.statements.RunBefores.evaluate(RunBefores.java:26), org.junit.runners.ParentRunner.runLeaf(ParentRunner.java:271), org.junit.runners.BlockJUnit4ClassRunner.runChild(BlockJUnit4ClassRunner.java:70), org.junit.runners.BlockJUnit4ClassRunner.runChild(BlockJUnit4ClassRunner.java:50), org.junit.runners.ParentRunner$3.run(ParentRunner.java:238), java.util.concurrent.Executors$RunnableAdapter.call(Executors.java:511), java.util.concurrent.FutureTask.run(FutureTask.java:266), java.util.concurrent.ThreadPoolExecutor.runWorker(ThreadPoolExecutor.java:1149), java.util.concurrent.ThreadPoolExecutor$Worker.run(ThreadPoolExecutor.java:624), java.lang.Thread.run(Thread.java:750)]"
141.0,codahale.og,com/google/common/collect/ImmutableMapEntrySet.java,Collection_StandardConstructors,FalseAlarm,"[MSL] Specification Collection_StandardConstructors has been violated on line [com.google.common.collect.ImmutableMapEntrySet.<clinit>(ImmutableMapEntrySet.java:1), com.google.common.collect.RegularImmutableMap.createEntrySet(RegularImmutableMap.java:170), com.google.common.collect.ImmutableMap.entrySet(ImmutableMap.java:385), com.google.common.collect.ImmutableMap.entrySet(ImmutableMap.java:61), com.google.common.reflect.TypeResolver.where(TypeResolver.java:97), com.google.common.reflect.TypeResolver.accordingTo(TypeResolver.java:65), com.google.common.reflect.TypeToken.resolveType(TypeToken.java:266), com.google.common.reflect.TypeToken.isAssignableToParameterizedType(TypeToken.java:778), com.google.common.reflect.TypeToken.isAssignable(TypeToken.java:719), com.google.common.reflect.TypeToken.isAssignableFrom(TypeToken.java:436), com.google.common.reflect.TypeToken.isAssignableFrom(TypeToken.java:431), com.codahale.og.BindingKey.isAssignableFrom(BindingKey.java:42), com.codahale.og.ObjectGraph.get(ObjectGraph.java:115), com.codahale.og.tests.ObjectGraphTest.checksTheNameOfSuperclassTypes(ObjectGraphTest.java:231), sun.reflect.NativeMethodAccessorImpl.invoke0(Native Method), sun.reflect.NativeMethodAccessorImpl.invoke(NativeMethodAccessorImpl.java:62), sun.reflect.DelegatingMethodAccessorImpl.invoke(DelegatingMethodAccessorImpl.java:43), java.lang.reflect.Method.invoke(Method.java:498), org.junit.runners.model.FrameworkMethod$1.runReflectiveCall(FrameworkMethod.java:47), org.junit.internal.runners.model.ReflectiveCallable.run(ReflectiveCallable.java:12), org.junit.runners.model.FrameworkMethod.invokeExplosively(FrameworkMethod.java:44), org.junit.internal.runners.statements.InvokeMethod.evaluate(InvokeMethod.java:17), org.junit.internal.runners.statements.RunBefores.evaluate(RunBefores.java:26), org.junit.runners.ParentRunner.runLeaf(ParentRunner.java:271), org.junit.runners.BlockJUnit4ClassRunner.runChild(BlockJUnit4ClassRunner.java:70), org.junit.runners.BlockJUnit4ClassRunner.runChild(BlockJUnit4ClassRunner.java:50), org.junit.runners.ParentRunner$3.run(ParentRunner.java:238), java.util.concurrent.Executors$RunnableAdapter.call(Executors.java:511), java.util.concurrent.FutureTask.run(FutureTask.java:266), java.util.concurrent.ThreadPoolExecutor.runWorker(ThreadPoolExecutor.java:1149), java.util.concurrent.ThreadPoolExecutor$Worker.run(ThreadPoolExecutor.java:624), java.lang.Thread.run(Thread.java:750)]"
142.0,codahale.og,com/google/common/collect/RegularImmutableAsList.java,Collection_StandardConstructors,FalseAlarm,"[MSL] Specification Collection_StandardConstructors has been violated on line [com.google.common.collect.RegularImmutableAsList.<clinit>(RegularImmutableAsList.java:1), com.google.common.collect.RegularImmutableMap$EntrySet.createAsList(RegularImmutableMap.java:186), com.google.common.collect.ImmutableCollection.asList(ImmutableCollection.java:170), com.google.common.collect.RegularImmutableMap$EntrySet.iterator(RegularImmutableMap.java:181), com.google.common.collect.RegularImmutableMap$EntrySet.iterator(RegularImmutableMap.java:173), com.google.common.reflect.TypeResolver.where(TypeResolver.java:97), com.google.common.reflect.TypeResolver.accordingTo(TypeResolver.java:65), com.google.common.reflect.TypeToken.resolveType(TypeToken.java:266), com.google.common.reflect.TypeToken.isAssignableToParameterizedType(TypeToken.java:778), com.google.common.reflect.TypeToken.isAssignable(TypeToken.java:719), com.google.common.reflect.TypeToken.isAssignableFrom(TypeToken.java:436), com.google.common.reflect.TypeToken.isAssignableFrom(TypeToken.java:431), com.codahale.og.BindingKey.isAssignableFrom(BindingKey.java:42), com.codahale.og.ObjectGraph.get(ObjectGraph.java:115), com.codahale.og.tests.ObjectGraphTest.checksTheNameOfSuperclassTypes(ObjectGraphTest.java:231), sun.reflect.NativeMethodAccessorImpl.invoke0(Native Method), sun.reflect.NativeMethodAccessorImpl.invoke(NativeMethodAccessorImpl.java:62), sun.reflect.DelegatingMethodAccessorImpl.invoke(DelegatingMethodAccessorImpl.java:43), java.lang.reflect.Method.invoke(Method.java:498), org.junit.runners.model.FrameworkMethod$1.runReflectiveCall(FrameworkMethod.java:47), org.junit.internal.runners.model.ReflectiveCallable.run(ReflectiveCallable.java:12), org.junit.runners.model.FrameworkMethod.invokeExplosively(FrameworkMethod.java:44), org.junit.internal.runners.statements.InvokeMethod.evaluate(InvokeMethod.java:17), org.junit.internal.runners.statements.RunBefores.evaluate(RunBefores.java:26), org.junit.runners.ParentRunner.runLeaf(ParentRunner.java:271), org.junit.runners.BlockJUnit4ClassRunner.runChild(BlockJUnit4ClassRunner.java:70), org.junit.runners.BlockJUnit4ClassRunner.runChild(BlockJUnit4ClassRunner.java:50), org.junit.runners.ParentRunner$3.run(ParentRunner.java:238), java.util.concurrent.Executors$RunnableAdapter.call(Executors.java:511), java.util.concurrent.FutureTask.run(FutureTask.java:266), java.util.concurrent.ThreadPoolExecutor.runWorker(ThreadPoolExecutor.java:1149), java.util.concurrent.ThreadPoolExecutor$Worker.run(ThreadPoolExecutor.java:624), java.lang.Thread.run(Thread.java:750)]"
143.0,codahale.og,com/google/common/collect/RegularImmutableMap.java,Collection_StandardConstructors,FalseAlarm,"[MSL] Specification Collection_StandardConstructors has been violated on line [com.google.common.collect.RegularImmutableMap$EntrySet.<clinit>(RegularImmutableMap.java:1), com.google.common.collect.RegularImmutableMap.createEntrySet(RegularImmutableMap.java:170), com.google.common.collect.ImmutableMap.entrySet(ImmutableMap.java:385), com.google.common.collect.ImmutableMap.entrySet(ImmutableMap.java:61), com.google.common.reflect.TypeResolver.where(TypeResolver.java:97), com.google.common.reflect.TypeResolver.accordingTo(TypeResolver.java:65), com.google.common.reflect.TypeToken.resolveType(TypeToken.java:266), com.google.common.reflect.TypeToken.isAssignableToParameterizedType(TypeToken.java:778), com.google.common.reflect.TypeToken.isAssignable(TypeToken.java:719), com.google.common.reflect.TypeToken.isAssignableFrom(TypeToken.java:436), com.google.common.reflect.TypeToken.isAssignableFrom(TypeToken.java:431), com.codahale.og.BindingKey.isAssignableFrom(BindingKey.java:42), com.codahale.og.ObjectGraph.get(ObjectGraph.java:115), com.codahale.og.tests.ObjectGraphTest.checksTheNameOfSuperclassTypes(ObjectGraphTest.java:231), sun.reflect.NativeMethodAccessorImpl.invoke0(Native Method), sun.reflect.NativeMethodAccessorImpl.invoke(NativeMethodAccessorImpl.java:62), sun.reflect.DelegatingMethodAccessorImpl.invoke(DelegatingMethodAccessorImpl.java:43), java.lang.reflect.Method.invoke(Method.java:498), org.junit.runners.model.FrameworkMethod$1.runReflectiveCall(FrameworkMethod.java:47), org.junit.internal.runners.model.ReflectiveCallable.run(ReflectiveCallable.java:12), org.junit.runners.model.FrameworkMethod.invokeExplosively(FrameworkMethod.java:44), org.junit.internal.runners.statements.InvokeMethod.evaluate(InvokeMethod.java:17), org.junit.internal.runners.statements.RunBefores.evaluate(RunBefores.java:26), org.junit.runners.ParentRunner.runLeaf(ParentRunner.java:271), org.junit.runners.BlockJUnit4ClassRunner.runChild(BlockJUnit4ClassRunner.java:70), org.junit.runners.BlockJUnit4ClassRunner.runChild(BlockJUnit4ClassRunner.java:50), org.junit.runners.ParentRunner$3.run(ParentRunner.java:238), java.util.concurrent.Executors$RunnableAdapter.call(Executors.java:511), java.util.concurrent.FutureTask.run(FutureTask.java:266), java.util.concurrent.ThreadPoolExecutor.runWorker(ThreadPoolExecutor.java:1149), java.util.concurrent.ThreadPoolExecutor$Worker.run(ThreadPoolExecutor.java:624), java.lang.Thread.run(Thread.java:750)]"
145.0,sitespeedio.crawler,com/soulgalore/crawler/core/HTMLPageResponseFetcher.java,Boolean_StaticFactory,FalseAlarm,"[MSL] Specification Boolean_StaticFactory has been violated on line [com.soulgalore.crawler.core.HTMLPageResponseFetcher$$EnhancerByMockitoWithCGLIB$$85f380a4.get(<generated>:1), com.soulgalore.crawler.core.HTMLPageResponseCallable.call(HTMLPageResponseCallable.java:70), com.soulgalore.crawler.core.HTMLPageResponseCallable.call(HTMLPageResponseCallable.java:33), java.util.concurrent.FutureTask.run(FutureTask.java:266), java.util.concurrent.ThreadPoolExecutor.runWorker(ThreadPoolExecutor.java:1149), java.util.concurrent.ThreadPoolExecutor$Worker.run(ThreadPoolExecutor.java:624), java.lang.Thread.run(Thread.java:750)]"
146.0,sitespeedio.crawler,com/soulgalore/crawler/core/HTMLPageResponseFetcher.java,Boolean_StaticFactory,FalseAlarm,"[MSL] Specification Boolean_StaticFactory has been violated on line [com.soulgalore.crawler.core.HTMLPageResponseFetcher$$EnhancerByMockitoWithCGLIB$$85f380a4.get(<generated>:1), com.soulgalore.crawler.core.impl.DefaultCrawler.fetchOnePage(DefaultCrawler.java:277), com.soulgalore.crawler.core.impl.DefaultCrawler.verifyInput(DefaultCrawler.java:290), com.soulgalore.crawler.core.impl.DefaultCrawler.getUrls(DefaultCrawler.java:96), com.soulgalore.crawler.core.impl.WhenACrawlIsDone.oneLevelShouldBeFetched(WhenACrawlIsDone.java:65), sun.reflect.NativeMethodAccessorImpl.invoke0(Native Method), sun.reflect.NativeMethodAccessorImpl.invoke(NativeMethodAccessorImpl.java:62), sun.reflect.DelegatingMethodAccessorImpl.invoke(DelegatingMethodAccessorImpl.java:43), java.lang.reflect.Method.invoke(Method.java:498), org.junit.runners.model.FrameworkMethod$1.runReflectiveCall(FrameworkMethod.java:47), org.junit.internal.runners.model.ReflectiveCallable.run(ReflectiveCallable.java:12), org.junit.runners.model.FrameworkMethod.invokeExplosively(FrameworkMethod.java:44), org.junit.internal.runners.statements.InvokeMethod.evaluate(InvokeMethod.java:17), org.junit.internal.runners.statements.RunBefores.evaluate(RunBefores.java:26), org.junit.runners.ParentRunner.runLeaf(ParentRunner.java:271), org.junit.runners.BlockJUnit4ClassRunner.runChild(BlockJUnit4ClassRunner.java:70), org.junit.runners.BlockJUnit4ClassRunner.runChild(BlockJUnit4ClassRunner.java:50), org.junit.runners.ParentRunner$3.run(ParentRunner.java:238), org.apache.maven.surefire.junitcore.pc.Scheduler$1.run(Scheduler.java:318), org.apache.maven.surefire.junitcore.pc.InvokerStrategy.schedule(InvokerStrategy.java:41), org.apache.maven.surefire.junitcore.pc.Scheduler.schedule(Scheduler.java:274), org.junit.runners.ParentRunner.runChildren(ParentRunner.java:236), org.junit.runners.ParentRunner.access$000(ParentRunner.java:53), org.junit.runners.ParentRunner$2.evaluate(ParentRunner.java:229), org.junit.runners.ParentRunner.run(ParentRunner.java:309), org.junit.runners.Suite.runChild(Suite.java:127), org.junit.runners.Suite.runChild(Suite.java:26), org.junit.runners.ParentRunner$3.run(ParentRunner.java:238), org.apache.maven.surefire.junitcore.pc.Scheduler$1.run(Scheduler.java:318), java.util.concurrent.Executors$RunnableAdapter.call(Executors.java:511), java.util.concurrent.FutureTask.run(FutureTask.java:266), java.util.concurrent.ThreadPoolExecutor.runWorker(ThreadPoolExecutor.java:1149), java.util.concurrent.ThreadPoolExecutor$Worker.run(ThreadPoolExecutor.java:624), java.lang.Thread.run(Thread.java:750)]"
147.0,sitespeedio.crawler,com/soulgalore/crawler/core/HTMLPageResponseFetcher.java,Boolean_StaticFactory,FalseAlarm,"[MSL] Specification Boolean_StaticFactory has been violated on line [com.soulgalore.crawler.core.HTMLPageResponseFetcher$$EnhancerByMockitoWithCGLIB$$85f380a4.get(<generated>:1), com.soulgalore.crawler.core.impl.WhenACrawlIsDone.setUp(WhenACrawlIsDone.java:40), sun.reflect.NativeMethodAccessorImpl.invoke0(Native Method), sun.reflect.NativeMethodAccessorImpl.invoke(NativeMethodAccessorImpl.java:62), sun.reflect.DelegatingMethodAccessorImpl.invoke(DelegatingMethodAccessorImpl.java:43), java.lang.reflect.Method.invoke(Method.java:498), org.junit.runners.model.FrameworkMethod$1.runReflectiveCall(FrameworkMethod.java:47), org.junit.internal.runners.model.ReflectiveCallable.run(ReflectiveCallable.java:12), org.junit.runners.model.FrameworkMethod.invokeExplosively(FrameworkMethod.java:44), org.junit.internal.runners.statements.RunBefores.evaluate(RunBefores.java:24), org.junit.runners.ParentRunner.runLeaf(ParentRunner.java:271), org.junit.runners.BlockJUnit4ClassRunner.runChild(BlockJUnit4ClassRunner.java:70), org.junit.runners.BlockJUnit4ClassRunner.runChild(BlockJUnit4ClassRunner.java:50), org.junit.runners.ParentRunner$3.run(ParentRunner.java:238), org.apache.maven.surefire.junitcore.pc.Scheduler$1.run(Scheduler.java:318), org.apache.maven.surefire.junitcore.pc.InvokerStrategy.schedule(InvokerStrategy.java:41), org.apache.maven.surefire.junitcore.pc.Scheduler.schedule(Scheduler.java:274), org.junit.runners.ParentRunner.runChildren(ParentRunner.java:236), org.junit.runners.ParentRunner.access$000(ParentRunner.java:53), org.junit.runners.ParentRunner$2.evaluate(ParentRunner.java:229), org.junit.runners.ParentRunner.run(ParentRunner.java:309), org.junit.runners.Suite.runChild(Suite.java:127), org.junit.runners.Suite.runChild(Suite.java:26), org.junit.runners.ParentRunner$3.run(ParentRunner.java:238), org.apache.maven.surefire.junitcore.pc.Scheduler$1.run(Scheduler.java:318), java.util.concurrent.Executors$RunnableAdapter.call(Executors.java:511), java.util.concurrent.FutureTask.run(FutureTask.java:266), java.util.concurrent.ThreadPoolExecutor.runWorker(ThreadPoolExecutor.java:1149), java.util.concurrent.ThreadPoolExecutor$Worker.run(ThreadPoolExecutor.java:624), java.lang.Thread.run(Thread.java:750)]"
148.0,sitespeedio.crawler,com/soulgalore/crawler/core/HTMLPageResponseFetcher.java,Boolean_StaticFactory,FalseAlarm,"[MSL] Specification Boolean_StaticFactory has been violated on line [com.soulgalore.crawler.core.HTMLPageResponseFetcher$$EnhancerByMockitoWithCGLIB$$85f380a4.get(<generated>:1), com.soulgalore.crawler.core.impl.WhenACrawlIsDone.setUp(WhenACrawlIsDone.java:44), sun.reflect.NativeMethodAccessorImpl.invoke0(Native Method), sun.reflect.NativeMethodAccessorImpl.invoke(NativeMethodAccessorImpl.java:62), sun.reflect.DelegatingMethodAccessorImpl.invoke(DelegatingMethodAccessorImpl.java:43), java.lang.reflect.Method.invoke(Method.java:498), org.junit.runners.model.FrameworkMethod$1.runReflectiveCall(FrameworkMethod.java:47), org.junit.internal.runners.model.ReflectiveCallable.run(ReflectiveCallable.java:12), org.junit.runners.model.FrameworkMethod.invokeExplosively(FrameworkMethod.java:44), org.junit.internal.runners.statements.RunBefores.evaluate(RunBefores.java:24), org.junit.runners.ParentRunner.runLeaf(ParentRunner.java:271), org.junit.runners.BlockJUnit4ClassRunner.runChild(BlockJUnit4ClassRunner.java:70), org.junit.runners.BlockJUnit4ClassRunner.runChild(BlockJUnit4ClassRunner.java:50), org.junit.runners.ParentRunner$3.run(ParentRunner.java:238), org.apache.maven.surefire.junitcore.pc.Scheduler$1.run(Scheduler.java:318), org.apache.maven.surefire.junitcore.pc.InvokerStrategy.schedule(InvokerStrategy.java:41), org.apache.maven.surefire.junitcore.pc.Scheduler.schedule(Scheduler.java:274), org.junit.runners.ParentRunner.runChildren(ParentRunner.java:236), org.junit.runners.ParentRunner.access$000(ParentRunner.java:53), org.junit.runners.ParentRunner$2.evaluate(ParentRunner.java:229), org.junit.runners.ParentRunner.run(ParentRunner.java:309), org.junit.runners.Suite.runChild(Suite.java:127), org.junit.runners.Suite.runChild(Suite.java:26), org.junit.runners.ParentRunner$3.run(ParentRunner.java:238), org.apache.maven.surefire.junitcore.pc.Scheduler$1.run(Scheduler.java:318), java.util.concurrent.Executors$RunnableAdapter.call(Executors.java:511), java.util.concurrent.FutureTask.run(FutureTask.java:266), java.util.concurrent.ThreadPoolExecutor.runWorker(ThreadPoolExecutor.java:1149), java.util.concurrent.ThreadPoolExecutor$Worker.run(ThreadPoolExecutor.java:624), java.lang.Thread.run(Thread.java:750)]"
149.0,sitespeedio.crawler,org/jsoup/helper/DescendableLinkedList.java,Collection_StandardConstructors,FalseAlarm,"[MSL] Specification Collection_StandardConstructors has been violated on line [org.jsoup.helper.DescendableLinkedList.<clinit>(DescendableLinkedList.java:1), org.jsoup.parser.HtmlTreeBuilder.<init>(HtmlTreeBuilder.java:25), org.jsoup.parser.Parser.parse(Parser.java:89), org.jsoup.Jsoup.parse(Jsoup.java:31), com.soulgalore.crawler.core.HTMLPageResponse.<init>(HTMLPageResponse.java:89), com.soulgalore.crawler.core.impl.WhenAhrefsIsParsedFromResponse.allLinksShouldBeFetched(WhenAhrefsIsParsedFromResponse.java:26), sun.reflect.NativeMethodAccessorImpl.invoke0(Native Method), sun.reflect.NativeMethodAccessorImpl.invoke(NativeMethodAccessorImpl.java:62), sun.reflect.DelegatingMethodAccessorImpl.invoke(DelegatingMethodAccessorImpl.java:43), java.lang.reflect.Method.invoke(Method.java:498), org.junit.runners.model.FrameworkMethod$1.runReflectiveCall(FrameworkMethod.java:47), org.junit.internal.runners.model.ReflectiveCallable.run(ReflectiveCallable.java:12), org.junit.runners.model.FrameworkMethod.invokeExplosively(FrameworkMethod.java:44), org.junit.internal.runners.statements.InvokeMethod.evaluate(InvokeMethod.java:17), org.junit.runners.ParentRunner.runLeaf(ParentRunner.java:271), org.junit.runners.BlockJUnit4ClassRunner.runChild(BlockJUnit4ClassRunner.java:70), org.junit.runners.BlockJUnit4ClassRunner.runChild(BlockJUnit4ClassRunner.java:50), org.junit.runners.ParentRunner$3.run(ParentRunner.java:238), org.apache.maven.surefire.junitcore.pc.Scheduler$1.run(Scheduler.java:318), org.apache.maven.surefire.junitcore.pc.InvokerStrategy.schedule(InvokerStrategy.java:41), org.apache.maven.surefire.junitcore.pc.Scheduler.schedule(Scheduler.java:274), org.junit.runners.ParentRunner.runChildren(ParentRunner.java:236), org.junit.runners.ParentRunner.access$000(ParentRunner.java:53), org.junit.runners.ParentRunner$2.evaluate(ParentRunner.java:229), org.junit.runners.ParentRunner.run(ParentRunner.java:309), org.junit.runners.Suite.runChild(Suite.java:127), org.junit.runners.Suite.runChild(Suite.java:26), org.junit.runners.ParentRunner$3.run(ParentRunner.java:238), org.apache.maven.surefire.junitcore.pc.Scheduler$1.run(Scheduler.java:318), java.util.concurrent.Executors$RunnableAdapter.call(Executors.java:511), java.util.concurrent.FutureTask.run(FutureTask.java:266), java.util.concurrent.ThreadPoolExecutor.runWorker(ThreadPoolExecutor.java:1149), java.util.concurrent.ThreadPoolExecutor$Worker.run(ThreadPoolExecutor.java:624), java.lang.Thread.run(Thread.java:750)]"
150.0,sitespeedio.crawler,org/jsoup/parser/ParseErrorList.java,Collection_StandardConstructors,FalseAlarm,"[MSL] Specification Collection_StandardConstructors has been violated on line [org.jsoup.parser.ParseErrorList.<clinit>(ParseErrorList.java:1), org.jsoup.parser.Parser.parse(Parser.java:90), org.jsoup.Jsoup.parse(Jsoup.java:31), com.soulgalore.crawler.core.HTMLPageResponse.<init>(HTMLPageResponse.java:89), com.soulgalore.crawler.WhenACrawlerResultIsCreated.setup(WhenACrawlerResultIsCreated.java:36), sun.reflect.NativeMethodAccessorImpl.invoke0(Native Method), sun.reflect.NativeMethodAccessorImpl.invoke(NativeMethodAccessorImpl.java:62), sun.reflect.DelegatingMethodAccessorImpl.invoke(DelegatingMethodAccessorImpl.java:43), java.lang.reflect.Method.invoke(Method.java:498), org.junit.runners.model.FrameworkMethod$1.runReflectiveCall(FrameworkMethod.java:47), org.junit.internal.runners.model.ReflectiveCallable.run(ReflectiveCallable.java:12), org.junit.runners.model.FrameworkMethod.invokeExplosively(FrameworkMethod.java:44), org.junit.internal.runners.statements.RunBefores.evaluate(RunBefores.java:24), org.junit.runners.ParentRunner.runLeaf(ParentRunner.java:271), org.junit.runners.BlockJUnit4ClassRunner.runChild(BlockJUnit4ClassRunner.java:70), org.junit.runners.BlockJUnit4ClassRunner.runChild(BlockJUnit4ClassRunner.java:50), org.junit.runners.ParentRunner$3.run(ParentRunner.java:238), org.apache.maven.surefire.junitcore.pc.Scheduler$1.run(Scheduler.java:318), org.apache.maven.surefire.junitcore.pc.InvokerStrategy.schedule(InvokerStrategy.java:41), org.apache.maven.surefire.junitcore.pc.Scheduler.schedule(Scheduler.java:274), org.junit.runners.ParentRunner.runChildren(ParentRunner.java:236), org.junit.runners.ParentRunner.access$000(ParentRunner.java:53), org.junit.runners.ParentRunner$2.evaluate(ParentRunner.java:229), org.junit.runners.ParentRunner.run(ParentRunner.java:309), org.junit.runners.Suite.runChild(Suite.java:127), org.junit.runners.Suite.runChild(Suite.java:26), org.junit.runners.ParentRunner$3.run(ParentRunner.java:238), org.apache.maven.surefire.junitcore.pc.Scheduler$1.run(Scheduler.java:318), java.util.concurrent.Executors$RunnableAdapter.call(Executors.java:511), java.util.concurrent.FutureTask.run(FutureTask.java:266), java.util.concurrent.ThreadPoolExecutor.runWorker(ThreadPoolExecutor.java:1149), java.util.concurrent.ThreadPoolExecutor$Worker.run(ThreadPoolExecutor.java:624), java.lang.Thread.run(Thread.java:750)]"
151.0,sitespeedio.crawler,org/jsoup/helper/DescendableLinkedList.java#L79,Iterator_RemoveOnce,FalseAlarm,"[MSL] Specification Iterator_RemoveOnce has been violated on line [org.jsoup.helper.DescendableLinkedList$DescendingIterator.remove(DescendableLinkedList.java:79), org.jsoup.parser.HtmlTreeBuilder.popStackToClose(HtmlTreeBuilder.java:272), org.jsoup.parser.HtmlTreeBuilderState$7.process(HtmlTreeBuilderState.java:610), org.jsoup.parser.HtmlTreeBuilder.process(HtmlTreeBuilder.java:84), org.jsoup.parser.TreeBuilder.runParser(TreeBuilder.java:48), org.jsoup.parser.TreeBuilder.parse(TreeBuilder.java:41), org.jsoup.parser.HtmlTreeBuilder.parse(HtmlTreeBuilder.java:37), org.jsoup.parser.Parser.parse(Parser.java:90), org.jsoup.Jsoup.parse(Jsoup.java:31), com.soulgalore.crawler.core.HTMLPageResponse.<init>(HTMLPageResponse.java:89), com.soulgalore.crawler.core.impl.WhenAhrefsIsParsedFromResponse.allLinksShouldBeFetched(WhenAhrefsIsParsedFromResponse.java:26), sun.reflect.NativeMethodAccessorImpl.invoke0(Native Method), sun.reflect.NativeMethodAccessorImpl.invoke(NativeMethodAccessorImpl.java:62), sun.reflect.DelegatingMethodAccessorImpl.invoke(DelegatingMethodAccessorImpl.java:43), java.lang.reflect.Method.invoke(Method.java:498), org.junit.runners.model.FrameworkMethod$1.runReflectiveCall(FrameworkMethod.java:47), org.junit.internal.runners.model.ReflectiveCallable.run(ReflectiveCallable.java:12), org.junit.runners.model.FrameworkMethod.invokeExplosively(FrameworkMethod.java:44), org.junit.internal.runners.statements.InvokeMethod.evaluate(InvokeMethod.java:17), org.junit.runners.ParentRunner.runLeaf(ParentRunner.java:271), org.junit.runners.BlockJUnit4ClassRunner.runChild(BlockJUnit4ClassRunner.java:70), org.junit.runners.BlockJUnit4ClassRunner.runChild(BlockJUnit4ClassRunner.java:50), org.junit.runners.ParentRunner$3.run(ParentRunner.java:238), org.apache.maven.surefire.junitcore.pc.Scheduler$1.run(Scheduler.java:318), org.apache.maven.surefire.junitcore.pc.InvokerStrategy.schedule(InvokerStrategy.java:41), org.apache.maven.surefire.junitcore.pc.Scheduler.schedule(Scheduler.java:274), org.junit.runners.ParentRunner.runChildren(ParentRunner.java:236), org.junit.runners.ParentRunner.access$000(ParentRunner.java:53), org.junit.runners.ParentRunner$2.evaluate(ParentRunner.java:229), org.junit.runners.ParentRunner.run(ParentRunner.java:309), org.junit.runners.Suite.runChild(Suite.java:127), org.junit.runners.Suite.runChild(Suite.java:26), org.junit.runners.ParentRunner$3.run(ParentRunner.java:238), org.apache.maven.surefire.junitcore.pc.Scheduler$1.run(Scheduler.java:318), java.util.concurrent.Executors$RunnableAdapter.call(Executors.java:511), java.util.concurrent.FutureTask.run(FutureTask.java:266), java.util.concurrent.ThreadPoolExecutor.runWorker(ThreadPoolExecutor.java:1149), java.util.concurrent.ThreadPoolExecutor$Worker.run(ThreadPoolExecutor.java:624), java.lang.Thread.run(Thread.java:750)]"
152.0,sitespeedio.crawler,org/jsoup/parser/HtmlTreeBuilder.java#L617,Iterator_RemoveOnce,Truebug,"Iterator_RemoveOnce, [MSL] Specification Iterator_RemoveOnce has been violated on line [org.jsoup.helper.DescendableLinkedList$DescendingIterator.remove(DescendableLinkedList.java:79), org.jsoup.parser.HtmlTreeBuilder.removeFromActiveFormattingElements(HtmlTreeBuilder.java:617), org.jsoup.parser.HtmlTreeBuilderState$7.process(HtmlTreeBuilderState.java:681), org.jsoup.parser.HtmlTreeBuilder.process(HtmlTreeBuilder.java:84), org.jsoup.parser.HtmlTreeBuilderState$7.process(HtmlTreeBuilderState.java:403), org.jsoup.parser.HtmlTreeBuilder.process(HtmlTreeBuilder.java:84), org.jsoup.parser.TreeBuilder.runParser(TreeBuilder.java:48), org.jsoup.parser.TreeBuilder.parse(TreeBuilder.java:41), org.jsoup.parser.HtmlTreeBuilder.parse(HtmlTreeBuilder.java:37), org.jsoup.parser.Parser.parse(Parser.java:90), org.jsoup.Jsoup.parse(Jsoup.java:31), com.soulgalore.crawler.core.HTMLPageResponse.<init>(HTMLPageResponse.java:89), com.soulgalore.crawler.core.impl.WhenACrawlIsDone.getResponse(WhenACrawlIsDone.java:157), com.soulgalore.crawler.core.impl.WhenACrawlIsDone.setUp(WhenACrawlIsDone.java:47), sun.reflect.NativeMethodAccessorImpl.invoke0(Native Method), sun.reflect.NativeMethodAccessorImpl.invoke(NativeMethodAccessorImpl.java:62), sun.reflect.DelegatingMethodAccessorImpl.invoke(DelegatingMethodAccessorImpl.java:43), java.lang.reflect.Method.invoke(Method.java:498), org.junit.runners.model.FrameworkMethod$1.runReflectiveCall(FrameworkMethod.java:47), org.junit.internal.runners.model.ReflectiveCallable.run(ReflectiveCallable.java:12), org.junit.runners.model.FrameworkMethod.invokeExplosively(FrameworkMethod.java:44), org.junit.internal.runners.statements.RunBefores.evaluate(RunBefores.java:24), org.junit.runners.ParentRunner.runLeaf(ParentRunner.java:271), org.junit.runners.BlockJUnit4ClassRunner.runChild(BlockJUnit4ClassRunner.java:70), org.junit.runners.BlockJUnit4ClassRunner.runChild(BlockJUnit4ClassRunner.java:50), org.junit.runners.ParentRunner$3.run(ParentRunner.java:238), org.apache.maven.surefire.junitcore.pc.Scheduler$1.run(Scheduler.java:318), org.apache.maven.surefire.junitcore.pc.InvokerStrategy.schedule(InvokerStrategy.java:41), org.apache.maven.surefire.junitcore.pc.Scheduler.schedule(Scheduler.java:274), org.junit.runners.ParentRunner.runChildren(ParentRunner.java:236), org.junit.runners.ParentRunner.access$000(ParentRunner.java:53), org.junit.runners.ParentRunner$2.evaluate(ParentRunner.java:229), org.junit.runners.ParentRunner.run(ParentRunner.java:309), org.junit.runners.Suite.runChild(Suite.java:127), org.junit.runners.Suite.runChild(Suite.java:26), org.junit.runners.ParentRunner$3.run(ParentRunner.java:238), org.apache.maven.surefire.junitcore.pc.Scheduler$1.run(Scheduler.java:318), java.util.concurrent.Executors$RunnableAdapter.call(Executors.java:511), java.util.concurrent.FutureTask.run(FutureTask.java:266), java.util.concurrent.ThreadPoolExecutor.runWorker(ThreadPoolExecutor.java:1149), java.util.concurrent.ThreadPoolExecutor$Worker.run(ThreadPoolExecutor.java:624), java.lang.Thread.run(Thread.java:750)]"
153.0,sitespeedio.crawler,org/jsoup/parser/HtmlTreeBuilder.java#272,Iterator_RemoveOnce,FalseAlarm,"[MSL] Specification Iterator_RemoveOnce has been violated on line [org.jsoup.parser.HtmlTreeBuilder.popStackToClose(HtmlTreeBuilder.java:272), org.jsoup.parser.HtmlTreeBuilderState$7.process(HtmlTreeBuilderState.java:680), org.jsoup.parser.HtmlTreeBuilder.process(HtmlTreeBuilder.java:84), org.jsoup.parser.HtmlTreeBuilderState$7.process(HtmlTreeBuilderState.java:403), org.jsoup.parser.HtmlTreeBuilder.process(HtmlTreeBuilder.java:84), org.jsoup.parser.TreeBuilder.runParser(TreeBuilder.java:48), org.jsoup.parser.TreeBuilder.parse(TreeBuilder.java:41), org.jsoup.parser.HtmlTreeBuilder.parse(HtmlTreeBuilder.java:37), org.jsoup.parser.Parser.parse(Parser.java:90), org.jsoup.Jsoup.parse(Jsoup.java:31), com.soulgalore.crawler.core.HTMLPageResponse.<init>(HTMLPageResponse.java:89), com.soulgalore.crawler.core.impl.WhenACrawlIsDone.getResponse(WhenACrawlIsDone.java:157), com.soulgalore.crawler.core.impl.WhenACrawlIsDone.setUp(WhenACrawlIsDone.java:47), sun.reflect.NativeMethodAccessorImpl.invoke0(Native Method), sun.reflect.NativeMethodAccessorImpl.invoke(NativeMethodAccessorImpl.java:62), sun.reflect.DelegatingMethodAccessorImpl.invoke(DelegatingMethodAccessorImpl.java:43), java.lang.reflect.Method.invoke(Method.java:498), org.junit.runners.model.FrameworkMethod$1.runReflectiveCall(FrameworkMethod.java:47), org.junit.internal.runners.model.ReflectiveCallable.run(ReflectiveCallable.java:12), org.junit.runners.model.FrameworkMethod.invokeExplosively(FrameworkMethod.java:44), org.junit.internal.runners.statements.RunBefores.evaluate(RunBefores.java:24), org.junit.runners.ParentRunner.runLeaf(ParentRunner.java:271), org.junit.runners.BlockJUnit4ClassRunner.runChild(BlockJUnit4ClassRunner.java:70), org.junit.runners.BlockJUnit4ClassRunner.runChild(BlockJUnit4ClassRunner.java:50), org.junit.runners.ParentRunner$3.run(ParentRunner.java:238), org.apache.maven.surefire.junitcore.pc.Scheduler$1.run(Scheduler.java:318), org.apache.maven.surefire.junitcore.pc.InvokerStrategy.schedule(InvokerStrategy.java:41), org.apache.maven.surefire.junitcore.pc.Scheduler.schedule(Scheduler.java:274), org.junit.runners.ParentRunner.runChildren(ParentRunner.java:236), org.junit.runners.ParentRunner.access$000(ParentRunner.java:53), org.junit.runners.ParentRunner$2.evaluate(ParentRunner.java:229), org.junit.runners.ParentRunner.run(ParentRunner.java:309), org.junit.runners.Suite.runChild(Suite.java:127), org.junit.runners.Suite.runChild(Suite.java:26), org.junit.runners.ParentRunner$3.run(ParentRunner.java:238), org.apache.maven.surefire.junitcore.pc.Scheduler$1.run(Scheduler.java:318), java.util.concurrent.Executors$RunnableAdapter.call(Executors.java:511), java.util.concurrent.FutureTask.run(FutureTask.java:266), java.util.concurrent.ThreadPoolExecutor.runWorker(ThreadPoolExecutor.java:1149), java.util.concurrent.ThreadPoolExecutor$Worker.run(ThreadPoolExecutor.java:624), java.lang.Thread.run(Thread.java:750)]"
154.0,sitespeedio.crawler,org/apache/http/util/VersionInfo.java#L250,Closeable_MultipleClose,FalseAlarm,"[MSL] Specification Closeable_MultipleClose has been violated on line [org.apache.http.util.VersionInfo.loadVersionInfo(VersionInfo.java:250), org.apache.http.impl.client.DefaultHttpClient.setDefaultHttpParams(DefaultHttpClient.java:180), org.apache.http.impl.client.DefaultHttpClient.createHttpParams(DefaultHttpClient.java:158), org.apache.http.impl.client.AbstractHttpClient.getParams(AbstractHttpClient.java:448), com.soulgalore.crawler.guice.HttpClientProvider.get(HttpClientProvider.java:128), com.soulgalore.crawler.RegressionTest0.test00434(RegressionTest0.java:10809), sun.reflect.NativeMethodAccessorImpl.invoke0(Native Method), sun.reflect.NativeMethodAccessorImpl.invoke(NativeMethodAccessorImpl.java:62), sun.reflect.DelegatingMethodAccessorImpl.invoke(DelegatingMethodAccessorImpl.java:43), java.lang.reflect.Method.invoke(Method.java:498), org.junit.runners.model.FrameworkMethod$1.runReflectiveCall(FrameworkMethod.java:47), org.junit.internal.runners.model.ReflectiveCallable.run(ReflectiveCallable.java:12), org.junit.runners.model.FrameworkMethod.invokeExplosively(FrameworkMethod.java:44), org.junit.internal.runners.statements.InvokeMethod.evaluate(InvokeMethod.java:17), org.junit.runners.ParentRunner.runLeaf(ParentRunner.java:271), org.junit.runners.BlockJUnit4ClassRunner.runChild(BlockJUnit4ClassRunner.java:70), org.junit.runners.BlockJUnit4ClassRunner.runChild(BlockJUnit4ClassRunner.java:50), org.junit.runners.ParentRunner$3.run(ParentRunner.java:238), org.apache.maven.surefire.junitcore.pc.Scheduler$1.run(Scheduler.java:318), org.apache.maven.surefire.junitcore.pc.InvokerStrategy.schedule(InvokerStrategy.java:41), org.apache.maven.surefire.junitcore.pc.Scheduler.schedule(Scheduler.java:274), org.junit.runners.ParentRunner.runChildren(ParentRunner.java:236), org.junit.runners.ParentRunner.access$000(ParentRunner.java:53), org.junit.runners.ParentRunner$2.evaluate(ParentRunner.java:229), org.junit.runners.ParentRunner.run(ParentRunner.java:309), org.junit.runners.Suite.runChild(Suite.java:127), org.junit.runners.Suite.runChild(Suite.java:26), org.junit.runners.ParentRunner$3.run(ParentRunner.java:238), org.apache.maven.surefire.junitcore.pc.Scheduler$1.run(Scheduler.java:318), java.util.concurrent.Executors$RunnableAdapter.call(Executors.java:511), java.util.concurrent.FutureTask.run(FutureTask.java:266), java.util.concurrent.ThreadPoolExecutor.runWorker(ThreadPoolExecutor.java:1149), java.util.concurrent.ThreadPoolExecutor$Worker.run(ThreadPoolExecutor.java:624), java.lang.Thread.run(Thread.java:750)]"
155.0,sitespeedio.crawler,org/jsoup/parser/HtmlTreeBuilder.java,ByteArrayOutputStream_FlushBeforeRetrieve,FalseAlarm,"[MSL] Specification ByteArrayOutputStream_FlushBeforeRetrieve has been violated on line [org.objectweb.asm.ClassReader.readStream(ClassReader.java:329), org.objectweb.asm.ClassReader.<init>(ClassReader.java:287), org.jsoup.parser.HtmlTreeBuilder.popStackToClose(HtmlTreeBuilder.java:272), org.jsoup.parser.HtmlTreeBuilderState$7.process(HtmlTreeBuilderState.java:610), org.jsoup.parser.HtmlTreeBuilder.process(HtmlTreeBuilder.java:84), org.jsoup.parser.TreeBuilder.runParser(TreeBuilder.java:48), org.jsoup.parser.TreeBuilder.parse(TreeBuilder.java:41), org.jsoup.parser.HtmlTreeBuilder.parse(HtmlTreeBuilder.java:37), org.jsoup.parser.Parser.parse(Parser.java:90), org.jsoup.Jsoup.parse(Jsoup.java:31), com.soulgalore.crawler.core.HTMLPageResponse.<init>(HTMLPageResponse.java:89), com.soulgalore.crawler.core.impl.WhenAhrefsIsParsedFromResponse.allLinksShouldBeFetched(WhenAhrefsIsParsedFromResponse.java:26), sun.reflect.NativeMethodAccessorImpl.invoke0(Native Method), sun.reflect.NativeMethodAccessorImpl.invoke(NativeMethodAccessorImpl.java:62), sun.reflect.DelegatingMethodAccessorImpl.invoke(DelegatingMethodAccessorImpl.java:43), java.lang.reflect.Method.invoke(Method.java:498), org.junit.runners.model.FrameworkMethod$1.runReflectiveCall(FrameworkMethod.java:47), org.junit.internal.runners.model.ReflectiveCallable.run(ReflectiveCallable.java:12), org.junit.runners.model.FrameworkMethod.invokeExplosively(FrameworkMethod.java:44), org.junit.internal.runners.statements.InvokeMethod.evaluate(InvokeMethod.java:17), org.junit.runners.ParentRunner.runLeaf(ParentRunner.java:271), org.junit.runners.BlockJUnit4ClassRunner.runChild(BlockJUnit4ClassRunner.java:70), org.junit.runners.BlockJUnit4ClassRunner.runChild(BlockJUnit4ClassRunner.java:50), org.junit.runners.ParentRunner$3.run(ParentRunner.java:238), org.apache.maven.surefire.junitcore.pc.Scheduler$1.run(Scheduler.java:318), org.apache.maven.surefire.junitcore.pc.InvokerStrategy.schedule(InvokerStrategy.java:41), org.apache.maven.surefire.junitcore.pc.Scheduler.schedule(Scheduler.java:274), org.junit.runners.ParentRunner.runChildren(ParentRunner.java:236), org.junit.runners.ParentRunner.access$000(ParentRunner.java:53), org.junit.runners.ParentRunner$2.evaluate(ParentRunner.java:229), org.junit.runners.ParentRunner.run(ParentRunner.java:309), org.junit.runners.Suite.runChild(Suite.java:127), org.junit.runners.Suite.runChild(Suite.java:26), org.junit.runners.ParentRunner$3.run(ParentRunner.java:238), org.apache.maven.surefire.junitcore.pc.Scheduler$1.run(Scheduler.java:318), java.util.concurrent.Executors$RunnableAdapter.call(Executors.java:511), java.util.concurrent.FutureTask.run(FutureTask.java:266), java.util.concurrent.ThreadPoolExecutor.runWorker(ThreadPoolExecutor.java:1149), java.util.concurrent.ThreadPoolExecutor$Worker.run(ThreadPoolExecutor.java:624), java.lang.Thread.run(Thread.java:750)]"
156.0,sitespeedio.crawler,org/jsoup/parser/HtmlTreeBuilder.java,ByteArrayOutputStream_FlushBeforeRetrieve,FalseAlarm,"[MSL] Specification ByteArrayOutputStream_FlushBeforeRetrieve has been violated on line [org.objectweb.asm.ClassReader.readStream(ClassReader.java:329), org.objectweb.asm.ClassReader.<init>(ClassReader.java:287), org.jsoup.parser.HtmlTreeBuilder.popStackToClose(HtmlTreeBuilder.java:272), org.jsoup.parser.HtmlTreeBuilderState$7.process(HtmlTreeBuilderState.java:680), org.jsoup.parser.HtmlTreeBuilder.process(HtmlTreeBuilder.java:84), org.jsoup.parser.TreeBuilder.runParser(TreeBuilder.java:48), org.jsoup.parser.TreeBuilder.parse(TreeBuilder.java:41), org.jsoup.parser.HtmlTreeBuilder.parse(HtmlTreeBuilder.java:37), org.jsoup.parser.Parser.parse(Parser.java:90), org.jsoup.Jsoup.parse(Jsoup.java:31), com.soulgalore.crawler.core.HTMLPageResponse.<init>(HTMLPageResponse.java:89), com.soulgalore.crawler.core.impl.WhenAhrefsIsParsedFromResponse.mailToLinksShouldNotBeFetched(WhenAhrefsIsParsedFromResponse.java:37), sun.reflect.NativeMethodAccessorImpl.invoke0(Native Method), sun.reflect.NativeMethodAccessorImpl.invoke(NativeMethodAccessorImpl.java:62), sun.reflect.DelegatingMethodAccessorImpl.invoke(DelegatingMethodAccessorImpl.java:43), java.lang.reflect.Method.invoke(Method.java:498), org.junit.runners.model.FrameworkMethod$1.runReflectiveCall(FrameworkMethod.java:47), org.junit.internal.runners.model.ReflectiveCallable.run(ReflectiveCallable.java:12), org.junit.runners.model.FrameworkMethod.invokeExplosively(FrameworkMethod.java:44), org.junit.internal.runners.statements.InvokeMethod.evaluate(InvokeMethod.java:17), org.junit.runners.ParentRunner.runLeaf(ParentRunner.java:271), org.junit.runners.BlockJUnit4ClassRunner.runChild(BlockJUnit4ClassRunner.java:70), org.junit.runners.BlockJUnit4ClassRunner.runChild(BlockJUnit4ClassRunner.java:50), org.junit.runners.ParentRunner$3.run(ParentRunner.java:238), org.apache.maven.surefire.junitcore.pc.Scheduler$1.run(Scheduler.java:318), org.apache.maven.surefire.junitcore.pc.InvokerStrategy.schedule(InvokerStrategy.java:41), org.apache.maven.surefire.junitcore.pc.Scheduler.schedule(Scheduler.java:274), org.junit.runners.ParentRunner.runChildren(ParentRunner.java:236), org.junit.runners.ParentRunner.access$000(ParentRunner.java:53), org.junit.runners.ParentRunner$2.evaluate(ParentRunner.java:229), org.junit.runners.ParentRunner.run(ParentRunner.java:309), org.junit.runners.Suite.runChild(Suite.java:127), org.junit.runners.Suite.runChild(Suite.java:26), org.junit.runners.ParentRunner$3.run(ParentRunner.java:238), org.apache.maven.surefire.junitcore.pc.Scheduler$1.run(Scheduler.java:318), java.util.concurrent.Executors$RunnableAdapter.call(Executors.java:511), java.util.concurrent.FutureTask.run(FutureTask.java:266), java.util.concurrent.ThreadPoolExecutor.runWorker(ThreadPoolExecutor.java:1149), java.util.concurrent.ThreadPoolExecutor$Worker.run(ThreadPoolExecutor.java:624), java.lang.Thread.run(Thread.java:750)]"
157.0,apache.creadur-rat,org/apache/rat/report/xml/XmlReportTest.java#L103,ByteArrayOutputStream_FlushBeforeRetrieve,Truebug,"[MSL] Specification ByteArrayOutputStream_FlushBeforeRetrieve has been violated on line [org.apache.rat.report.xml.XmlReportTest.baseReport(XmlReportTest.java:103), sun.reflect.NativeMethodAccessorImpl.invoke0(Native Method), sun.reflect.NativeMethodAccessorImpl.invoke(NativeMethodAccessorImpl.java:62), sun.reflect.DelegatingMethodAccessorImpl.invoke(DelegatingMethodAccessorImpl.java:43), java.lang.reflect.Method.invoke(Method.java:498), org.junit.platform.commons.util.ReflectionUtils.invokeMethod(ReflectionUtils.java:728), org.junit.jupiter.engine.execution.MethodInvocation.proceed(MethodInvocation.java:60), org.junit.jupiter.engine.execution.InvocationInterceptorChain$ValidatingInvocation.proceed(InvocationInterceptorChain.java:131), org.junit.jupiter.engine.extension.TimeoutExtension.intercept(TimeoutExtension.java:156), org.junit.jupiter.engine.extension.TimeoutExtension.interceptTestableMethod(TimeoutExtension.java:147), org.junit.jupiter.engine.extension.TimeoutExtension.interceptTestMethod(TimeoutExtension.java:86), org.junit.jupiter.engine.execution.InterceptingExecutableInvoker$ReflectiveInterceptorCall.lambda$ofVoidMethod$0(InterceptingExecutableInvoker.java:103), org.junit.jupiter.engine.execution.InterceptingExecutableInvoker.lambda$invoke$0(InterceptingExecutableInvoker.java:93), org.junit.jupiter.engine.execution.InvocationInterceptorChain$InterceptedInvocation.proceed(InvocationInterceptorChain.java:106), org.junit.jupiter.engine.execution.InvocationInterceptorChain.proceed(InvocationInterceptorChain.java:64), org.junit.jupiter.engine.execution.InvocationInterceptorChain.chainAndInvoke(InvocationInterceptorChain.java:45), org.junit.jupiter.engine.execution.InvocationInterceptorChain.invoke(InvocationInterceptorChain.java:37), org.junit.jupiter.engine.execution.InterceptingExecutableInvoker.invoke(InterceptingExecutableInvoker.java:92), org.junit.jupiter.engine.execution.InterceptingExecutableInvoker.invoke(InterceptingExecutableInvoker.java:86), org.junit.jupiter.engine.descriptor.TestMethodTestDescriptor.lambda$invokeTestMethod$7(TestMethodTestDescriptor.java:218), org.junit.platform.engine.support.hierarchical.ThrowableCollector.execute(ThrowableCollector.java:73), org.junit.jupiter.engine.descriptor.TestMethodTestDescriptor.invokeTestMethod(TestMethodTestDescriptor.java:214), org.junit.jupiter.engine.descriptor.TestMethodTestDescriptor.execute(TestMethodTestDescriptor.java:139), org.junit.jupiter.engine.descriptor.TestMethodTestDescriptor.execute(TestMethodTestDescriptor.java:69), org.junit.platform.engine.support.hierarchical.NodeTestTask.lambda$executeRecursively$6(NodeTestTask.java:151), org.junit.platform.engine.support.hierarchical.ThrowableCollector.execute(ThrowableCollector.java:73), org.junit.platform.engine.support.hierarchical.NodeTestTask.lambda$executeRecursively$8(NodeTestTask.java:141), org.junit.platform.engine.support.hierarchical.Node.around(Node.java:137), org.junit.platform.engine.support.hierarchical.NodeTestTask.lambda$executeRecursively$9(NodeTestTask.java:139), org.junit.platform.engine.support.hierarchical.ThrowableCollector.execute(ThrowableCollector.java:73), org.junit.platform.engine.support.hierarchical.NodeTestTask.executeRecursively(NodeTestTask.java:138), org.junit.platform.engine.support.hierarchical.NodeTestTask.execute(NodeTestTask.java:95), java.util.ArrayList.forEach(ArrayList.java:1259), org.junit.platform.engine.support.hierarchical.SameThreadHierarchicalTestExecutorService.invokeAll(SameThreadHierarchicalTestExecutorService.java:41), org.junit.platform.engine.support.hierarchical.NodeTestTask.lambda$executeRecursively$6(NodeTestTask.java:155), org.junit.platform.engine.support.hierarchical.ThrowableCollector.execute(ThrowableCollector.java:73), org.junit.platform.engine.support.hierarchical.NodeTestTask.lambda$executeRecursively$8(NodeTestTask.java:141), org.junit.platform.engine.support.hierarchical.Node.around(Node.java:137), org.junit.platform.engine.support.hierarchical.NodeTestTask.lambda$executeRecursively$9(NodeTestTask.java:139), org.junit.platform.engine.support.hierarchical.ThrowableCollector.execute(ThrowableCollector.java:73), org.junit.platform.engine.support.hierarchical.NodeTestTask.executeRecursively(NodeTestTask.java:138), org.junit.platform.engine.support.hierarchical.NodeTestTask.execute(NodeTestTask.java:95), java.util.ArrayList.forEach(ArrayList.java:1259), org.junit.platform.engine.support.hierarchical.SameThreadHierarchicalTestExecutorService.invokeAll(SameThreadHierarchicalTestExecutorService.java:41), org.junit.platform.engine.support.hierarchical.NodeTestTask.lambda$executeRecursively$6(NodeTestTask.java:155), org.junit.platform.engine.support.hierarchical.ThrowableCollector.execute(ThrowableCollector.java:73), org.junit.platform.engine.support.hierarchical.NodeTestTask.lambda$executeRecursively$8(NodeTestTask.java:141), org.junit.platform.engine.support.hierarchical.Node.around(Node.java:137), org.junit.platform.engine.support.hierarchical.NodeTestTask.lambda$executeRecursively$9(NodeTestTask.java:139), org.junit.platform.engine.support.hierarchical.ThrowableCollector.execute(ThrowableCollector.java:73), org.junit.platform.engine.support.hierarchical.NodeTestTask.executeRecursively(NodeTestTask.java:138), org.junit.platform.engine.support.hierarchical.NodeTestTask.execute(NodeTestTask.java:95), org.junit.platform.engine.support.hierarchical.SameThreadHierarchicalTestExecutorService.submit(SameThreadHierarchicalTestExecutorService.java:35), org.junit.platform.engine.support.hierarchical.HierarchicalTestExecutor.execute(HierarchicalTestExecutor.java:57), org.junit.platform.engine.support.hierarchical.HierarchicalTestEngine.execute(HierarchicalTestEngine.java:54), org.junit.platform.launcher.core.EngineExecutionOrchestrator.execute(EngineExecutionOrchestrator.java:198), org.junit.platform.launcher.core.EngineExecutionOrchestrator.execute(EngineExecutionOrchestrator.java:169), org.junit.platform.launcher.core.EngineExecutionOrchestrator.execute(EngineExecutionOrchestrator.java:93), org.junit.platform.launcher.core.EngineExecutionOrchestrator.lambda$execute$0(EngineExecutionOrchestrator.java:58), org.junit.platform.launcher.core.EngineExecutionOrchestrator.withInterceptedStreams(EngineExecutionOrchestrator.java:141), org.junit.platform.launcher.core.EngineExecutionOrchestrator.execute(EngineExecutionOrchestrator.java:57), org.junit.platform.launcher.core.DefaultLauncher.execute(DefaultLauncher.java:103), org.junit.platform.launcher.core.DefaultLauncher.execute(DefaultLauncher.java:85), org.junit.platform.launcher.core.DelegatingLauncher.execute(DelegatingLauncher.java:47), org.apache.maven.surefire.junitplatform.LazyLauncher.execute(LazyLauncher.java:56), org.apache.maven.surefire.junitplatform.JUnitPlatformProvider.execute(JUnitPlatformProvider.java:184), org.apache.maven.surefire.junitplatform.JUnitPlatformProvider.invokeAllTests(JUnitPlatformProvider.java:148), org.apache.maven.surefire.junitplatform.JUnitPlatformProvider.invoke(JUnitPlatformProvider.java:122), org.apache.maven.surefire.booter.ForkedBooter.runSuitesInProcess(ForkedBooter.java:385), org.apache.maven.surefire.booter.ForkedBooter.execute(ForkedBooter.java:162), org.apache.maven.surefire.booter.ForkedBooter.run(ForkedBooter.java:507), org.apache.maven.surefire.booter.ForkedBooter.main(ForkedBooter.java:495)]"
158.0,apache.creadur-rat,org/apache/tools/ant/util/PropertyOutputStream.java#L66,ByteArrayOutputStream_FlushBeforeRetrieve,Truebug,"[MSL] Specification ByteArrayOutputStream_FlushBeforeRetrieve has been violated on line [org.apache.tools.ant.util.PropertyOutputStream.close(PropertyOutputStream.java:66), org.apache.tools.ant.taskdefs.PathConvert$2.close(PathConvert.java:436), org.apache.tools.ant.taskdefs.PathConvert$Output.close(PathConvert.java:67), org.apache.tools.ant.taskdefs.PathConvert.execute(PathConvert.java:406), org.apache.tools.ant.UnknownElement.execute(UnknownElement.java:299), sun.reflect.GeneratedMethodAccessor10.invoke(Unknown Source), sun.reflect.DelegatingMethodAccessorImpl.invoke(DelegatingMethodAccessorImpl.java:43), java.lang.reflect.Method.invoke(Method.java:498), org.apache.tools.ant.dispatch.DispatchUtils.execute(DispatchUtils.java:99), org.apache.tools.ant.Task.perform(Task.java:350), org.apache.tools.ant.Target.execute(Target.java:449), org.apache.tools.ant.helper.ProjectHelper2.parse(ProjectHelper2.java:184), org.apache.tools.ant.ProjectHelper.configureProject(ProjectHelper.java:104), org.apache.tools.ant.BuildFileRule.configureProject(BuildFileRule.java:165), org.apache.tools.ant.BuildFileRule.configureProject(BuildFileRule.java:143), org.apache.rat.anttasks.AbstractRatAntTaskTest.setUp(AbstractRatAntTaskTest.java:43), sun.reflect.NativeMethodAccessorImpl.invoke0(Native Method), sun.reflect.NativeMethodAccessorImpl.invoke(NativeMethodAccessorImpl.java:62), sun.reflect.DelegatingMethodAccessorImpl.invoke(DelegatingMethodAccessorImpl.java:43), java.lang.reflect.Method.invoke(Method.java:498), org.junit.runners.model.FrameworkMethod$1.runReflectiveCall(FrameworkMethod.java:59), org.junit.internal.runners.model.ReflectiveCallable.run(ReflectiveCallable.java:12), org.junit.runners.model.FrameworkMethod.invokeExplosively(FrameworkMethod.java:56), org.junit.internal.runners.statements.RunBefores.invokeMethod(RunBefores.java:33), org.junit.internal.runners.statements.RunBefores.evaluate(RunBefores.java:24), org.junit.rules.ExternalResource$1.evaluate(ExternalResource.java:54), org.junit.runners.ParentRunner$3.evaluate(ParentRunner.java:306), org.junit.runners.BlockJUnit4ClassRunner$1.evaluate(BlockJUnit4ClassRunner.java:100), org.junit.runners.ParentRunner.runLeaf(ParentRunner.java:366), org.junit.runners.BlockJUnit4ClassRunner.runChild(BlockJUnit4ClassRunner.java:103), org.junit.runners.BlockJUnit4ClassRunner.runChild(BlockJUnit4ClassRunner.java:63), org.junit.runners.ParentRunner$4.run(ParentRunner.java:331), org.junit.runners.ParentRunner$1.schedule(ParentRunner.java:79), org.junit.runners.ParentRunner.runChildren(ParentRunner.java:329), org.junit.runners.ParentRunner.access$100(ParentRunner.java:66), org.junit.runners.ParentRunner$2.evaluate(ParentRunner.java:293), org.junit.runners.ParentRunner$3.evaluate(ParentRunner.java:306), org.junit.runners.ParentRunner.run(ParentRunner.java:413), org.junit.runner.JUnitCore.run(JUnitCore.java:137), org.junit.runner.JUnitCore.run(JUnitCore.java:115), org.junit.vintage.engine.execution.RunnerExecutor.execute(RunnerExecutor.java:42), org.junit.vintage.engine.VintageTestEngine.executeAllChildren(VintageTestEngine.java:80), org.junit.vintage.engine.VintageTestEngine.execute(VintageTestEngine.java:72), org.junit.platform.launcher.core.EngineExecutionOrchestrator.execute(EngineExecutionOrchestrator.java:198), org.junit.platform.launcher.core.EngineExecutionOrchestrator.execute(EngineExecutionOrchestrator.java:169), org.junit.platform.launcher.core.EngineExecutionOrchestrator.execute(EngineExecutionOrchestrator.java:93), org.junit.platform.launcher.core.EngineExecutionOrchestrator.lambda$execute$0(EngineExecutionOrchestrator.java:58), org.junit.platform.launcher.core.EngineExecutionOrchestrator.withInterceptedStreams(EngineExecutionOrchestrator.java:141), org.junit.platform.launcher.core.EngineExecutionOrchestrator.execute(EngineExecutionOrchestrator.java:57), org.junit.platform.launcher.core.DefaultLauncher.execute(DefaultLauncher.java:103), org.junit.platform.launcher.core.DefaultLauncher.execute(DefaultLauncher.java:85), org.junit.platform.launcher.core.DelegatingLauncher.execute(DelegatingLauncher.java:47), org.apache.maven.surefire.junitplatform.LazyLauncher.execute(LazyLauncher.java:56), org.apache.maven.surefire.junitplatform.JUnitPlatformProvider.execute(JUnitPlatformProvider.java:184), org.apache.maven.surefire.junitplatform.JUnitPlatformProvider.invokeAllTests(JUnitPlatformProvider.java:148), org.apache.maven.surefire.junitplatform.JUnitPlatformProvider.invoke(JUnitPlatformProvider.java:122), org.apache.maven.surefire.booter.ForkedBooter.runSuitesInProcess(ForkedBooter.java:385), org.apache.maven.surefire.booter.ForkedBooter.execute(ForkedBooter.java:162), org.apache.maven.surefire.booter.ForkedBooter.run(ForkedBooter.java:507), org.apache.maven.surefire.booter.ForkedBooter.main(ForkedBooter.java:495)]"
184.0,apache.creadur-rat,com/google/common/collect/Sets.java,Collection_StandardConstructors,Truebug,"[MSL] Specification Collection_StandardConstructors has been violated on line [com.google.common.collect.Sets$ImprovedAbstractSet.<clinit>(Sets.java:1), com.google.common.collect.AbstractMapBasedMultimap$AsMap.createEntrySet(AbstractMapBasedMultimap.java:1355), com.google.common.collect.Maps$ViewCachingAbstractMap.entrySet(Maps.java:3798), com.google.common.collect.Maps$Values.iterator(Maps.java:4213), com.google.common.collect.AbstractMultimap.containsValue(AbstractMultimap.java:52), com.google.common.collect.LinkedHashMultimap.containsValue(LinkedHashMultimap.java:86), com.google.common.collect.AbstractMultimap$Values.contains(AbstractMultimap.java:211), com.google.inject.internal.CycleDetectingLock$CycleDetectingLockFactory$ReentrantCycleDetectingLock.checkState(CycleDetectingLock.java:227), com.google.inject.internal.CycleDetectingLock$CycleDetectingLockFactory$ReentrantCycleDetectingLock.lockOrDetectPotentialLocksCycle(CycleDetectingLock.java:146), com.google.inject.internal.Initializer$InjectableReference.get(Initializer.java:205), com.google.inject.internal.Initializer.injectAll(Initializer.java:140), com.google.inject.internal.InternalInjectorCreator.injectDynamically(InternalInjectorCreator.java:180), com.google.inject.internal.InternalInjectorCreator.build(InternalInjectorCreator.java:113), com.google.inject.Guice.createInjector(Guice.java:87), com.google.inject.Guice.createInjector(Guice.java:69), com.google.inject.Guice.createInjector(Guice.java:59), org.codehaus.plexus.DefaultPlexusContainer.addPlexusInjector(DefaultPlexusContainer.java:482), org.codehaus.plexus.DefaultPlexusContainer.<init>(DefaultPlexusContainer.java:207), org.apache.maven.plugin.testing.AbstractMojoTestCase.setupContainer(AbstractMojoTestCase.java:264), org.apache.maven.plugin.testing.AbstractMojoTestCase.getContainer(AbstractMojoTestCase.java:298), org.apache.maven.plugin.testing.AbstractMojoTestCase.setUp(AbstractMojoTestCase.java:152), junit.framework.TestCase.runBare(TestCase.java:140), junit.framework.TestResult$1.protect(TestResult.java:122), junit.framework.TestResult.runProtected(TestResult.java:142), junit.framework.TestResult.run(TestResult.java:125), junit.framework.TestCase.run(TestCase.java:130), junit.framework.TestSuite.runTest(TestSuite.java:241), junit.framework.TestSuite.run(TestSuite.java:236), org.junit.internal.runners.JUnit38ClassRunner.run(JUnit38ClassRunner.java:90), org.junit.runner.JUnitCore.run(JUnitCore.java:137), org.junit.runner.JUnitCore.run(JUnitCore.java:115), org.junit.vintage.engine.execution.RunnerExecutor.execute(RunnerExecutor.java:42), org.junit.vintage.engine.VintageTestEngine.executeAllChildren(VintageTestEngine.java:80), org.junit.vintage.engine.VintageTestEngine.execute(VintageTestEngine.java:72), org.junit.platform.launcher.core.EngineExecutionOrchestrator.execute(EngineExecutionOrchestrator.java:198), org.junit.platform.launcher.core.EngineExecutionOrchestrator.execute(EngineExecutionOrchestrator.java:169), org.junit.platform.launcher.core.EngineExecutionOrchestrator.execute(EngineExecutionOrchestrator.java:93), org.junit.platform.launcher.core.EngineExecutionOrchestrator.lambda$execute$0(EngineExecutionOrchestrator.java:58), org.junit.platform.launcher.core.EngineExecutionOrchestrator.withInterceptedStreams(EngineExecutionOrchestrator.java:141), org.junit.platform.launcher.core.EngineExecutionOrchestrator.execute(EngineExecutionOrchestrator.java:57), org.junit.platform.launcher.core.DefaultLauncher.execute(DefaultLauncher.java:103), org.junit.platform.launcher.core.DefaultLauncher.execute(DefaultLauncher.java:85), org.junit.platform.launcher.core.DelegatingLauncher.execute(DelegatingLauncher.java:47), org.apache.maven.surefire.junitplatform.LazyLauncher.execute(LazyLauncher.java:56), org.apache.maven.surefire.junitplatform.JUnitPlatformProvider.execute(JUnitPlatformProvider.java:184), org.apache.maven.surefire.junitplatform.JUnitPlatformProvider.invokeAllTests(JUnitPlatformProvider.java:148), org.apache.maven.surefire.junitplatform.JUnitPlatformProvider.invoke(JUnitPlatformProvider.java:122), org.apache.maven.surefire.booter.ForkedBooter.runSuitesInProcess(ForkedBooter.java:385), org.apache.maven.surefire.booter.ForkedBooter.execute(ForkedBooter.java:162), org.apache.maven.surefire.booter.ForkedBooter.run(ForkedBooter.java:507), org.apache.maven.surefire.booter.ForkedBooter.main(ForkedBooter.java:495)]"
196.0,apache.creadur-rat,net/bytebuddy/matcher/FilterableList.java#L111,Collection_StandardConstructors,Truebug,"[MSL] Specification Collection_StandardConstructors has been violated on line [net.bytebuddy.matcher.FilterableList$AbstractBase.<clinit>(FilterableList.java:1), net.bytebuddy.description.type.TypeDescription$ForLoadedType.getDeclaredMethods(TypeDescription.java:8935), net.bytebuddy.implementation.bind.annotation.BindingPriority$Resolver.<clinit>(BindingPriority.java:71), net.bytebuddy.implementation.bind.MethodDelegationBinder$AmbiguityResolver.<clinit>(MethodDelegationBinder.java:790), net.bytebuddy.implementation.MethodDelegation.withDefaultConfiguration(MethodDelegation.java:603), net.bytebuddy.implementation.MethodDelegation.to(MethodDelegation.java:273), org.mockito.internal.creation.bytebuddy.SubclassBytecodeGenerator.<init>(SubclassBytecodeGenerator.java:60), org.mockito.internal.creation.bytebuddy.SubclassBytecodeGenerator.<init>(SubclassBytecodeGenerator.java:70), org.mockito.internal.creation.bytebuddy.SubclassByteBuddyMockMaker.<init>(SubclassByteBuddyMockMaker.java:37), org.mockito.internal.creation.bytebuddy.SubclassByteBuddyMockMaker.<init>(SubclassByteBuddyMockMaker.java:33), org.mockito.internal.creation.bytebuddy.ByteBuddyMockMaker.<init>(ByteBuddyMockMaker.java:29), sun.reflect.NativeConstructorAccessorImpl.newInstance0(Native Method), sun.reflect.NativeConstructorAccessorImpl.newInstance(NativeConstructorAccessorImpl.java:62), sun.reflect.DelegatingConstructorAccessorImpl.newInstance(DelegatingConstructorAccessorImpl.java:45), java.lang.reflect.Constructor.newInstance(Constructor.java:423), org.mockito.internal.configuration.plugins.DefaultMockitoPlugins.create(DefaultMockitoPlugins.java:95), org.mockito.internal.configuration.plugins.DefaultMockitoPlugins.getDefaultPlugin(DefaultMockitoPlugins.java:71), org.mockito.internal.configuration.plugins.PluginLoader.loadPlugin(PluginLoader.java:75), org.mockito.internal.configuration.plugins.PluginLoader.loadPlugin(PluginLoader.java:50), org.mockito.internal.configuration.plugins.PluginRegistry.<init>(PluginRegistry.java:27), org.mockito.internal.configuration.plugins.Plugins.<clinit>(Plugins.java:22), org.mockito.internal.MockitoCore.<clinit>(MockitoCore.java:73), org.mockito.Mockito.<clinit>(Mockito.java:1669), org.apache.rat.mp.util.ScmIgnoreParserTest.<init>(ScmIgnoreParserTest.java:44), sun.reflect.NativeConstructorAccessorImpl.newInstance0(Native Method), sun.reflect.NativeConstructorAccessorImpl.newInstance(NativeConstructorAccessorImpl.java:62), sun.reflect.DelegatingConstructorAccessorImpl.newInstance(DelegatingConstructorAccessorImpl.java:45), java.lang.reflect.Constructor.newInstance(Constructor.java:423), org.junit.platform.commons.util.ReflectionUtils.newInstance(ReflectionUtils.java:553), org.junit.jupiter.engine.execution.ConstructorInvocation.proceed(ConstructorInvocation.java:56), org.junit.jupiter.engine.execution.InvocationInterceptorChain$ValidatingInvocation.proceed(InvocationInterceptorChain.java:131), org.junit.jupiter.api.extension.InvocationInterceptor.interceptTestClassConstructor(InvocationInterceptor.java:74), org.junit.jupiter.engine.execution.InterceptingExecutableInvoker.lambda$invoke$0(InterceptingExecutableInvoker.java:93), org.junit.jupiter.engine.execution.InvocationInterceptorChain$InterceptedInvocation.proceed(InvocationInterceptorChain.java:106), org.junit.jupiter.engine.execution.InvocationInterceptorChain.proceed(InvocationInterceptorChain.java:64), org.junit.jupiter.engine.execution.InvocationInterceptorChain.chainAndInvoke(InvocationInterceptorChain.java:45), org.junit.jupiter.engine.execution.InvocationInterceptorChain.invoke(InvocationInterceptorChain.java:37), org.junit.jupiter.engine.execution.InterceptingExecutableInvoker.invoke(InterceptingExecutableInvoker.java:92), org.junit.jupiter.engine.execution.InterceptingExecutableInvoker.invoke(InterceptingExecutableInvoker.java:62), org.junit.jupiter.engine.descriptor.ClassBasedTestDescriptor.invokeTestClassConstructor(ClassBasedTestDescriptor.java:364), org.junit.jupiter.engine.descriptor.ClassBasedTestDescriptor.instantiateTestClass(ClassBasedTestDescriptor.java:311), org.junit.jupiter.engine.descriptor.ClassTestDescriptor.instantiateTestClass(ClassTestDescriptor.java:79), org.junit.jupiter.engine.descriptor.ClassBasedTestDescriptor.instantiateAndPostProcessTestInstance(ClassBasedTestDescriptor.java:287), org.junit.jupiter.engine.descriptor.ClassBasedTestDescriptor.lambda$testInstancesProvider$4(ClassBasedTestDescriptor.java:279), java.util.Optional.orElseGet(Optional.java:267), org.junit.jupiter.engine.descriptor.ClassBasedTestDescriptor.lambda$testInstancesProvider$5(ClassBasedTestDescriptor.java:278), org.junit.jupiter.engine.execution.TestInstancesProvider.getTestInstances(TestInstancesProvider.java:31), org.junit.jupiter.engine.descriptor.TestMethodTestDescriptor.lambda$prepare$0(TestMethodTestDescriptor.java:106), org.junit.platform.engine.support.hierarchical.ThrowableCollector.execute(ThrowableCollector.java:73), org.junit.jupiter.engine.descriptor.TestMethodTestDescriptor.prepare(TestMethodTestDescriptor.java:105), org.junit.jupiter.engine.descriptor.TestMethodTestDescriptor.prepare(TestMethodTestDescriptor.java:69), org.junit.platform.engine.support.hierarchical.NodeTestTask.lambda$prepare$2(NodeTestTask.java:123), org.junit.platform.engine.support.hierarchical.ThrowableCollector.execute(ThrowableCollector.java:73), org.junit.platform.engine.support.hierarchical.NodeTestTask.prepare(NodeTestTask.java:123), org.junit.platform.engine.support.hierarchical.NodeTestTask.execute(NodeTestTask.java:90), java.util.ArrayList.forEach(ArrayList.java:1259), org.junit.platform.engine.support.hierarchical.SameThreadHierarchicalTestExecutorService.invokeAll(SameThreadHierarchicalTestExecutorService.java:41), org.junit.platform.engine.support.hierarchical.NodeTestTask.lambda$executeRecursively$6(NodeTestTask.java:155), org.junit.platform.engine.support.hierarchical.ThrowableCollector.execute(ThrowableCollector.java:73), org.junit.platform.engine.support.hierarchical.NodeTestTask.lambda$executeRecursively$8(NodeTestTask.java:141), org.junit.platform.engine.support.hierarchical.Node.around(Node.java:137), org.junit.platform.engine.support.hierarchical.NodeTestTask.lambda$executeRecursively$9(NodeTestTask.java:139), org.junit.platform.engine.support.hierarchical.ThrowableCollector.execute(ThrowableCollector.java:73), org.junit.platform.engine.support.hierarchical.NodeTestTask.executeRecursively(NodeTestTask.java:138), org.junit.platform.engine.support.hierarchical.NodeTestTask.execute(NodeTestTask.java:95), java.util.ArrayList.forEach(ArrayList.java:1259), org.junit.platform.engine.support.hierarchical.SameThreadHierarchicalTestExecutorService.invokeAll(SameThreadHierarchicalTestExecutorService.java:41), org.junit.platform.engine.support.hierarchical.NodeTestTask.lambda$executeRecursively$6(NodeTestTask.java:155), org.junit.platform.engine.support.hierarchical.ThrowableCollector.execute(ThrowableCollector.java:73), org.junit.platform.engine.support.hierarchical.NodeTestTask.lambda$executeRecursively$8(NodeTestTask.java:141), org.junit.platform.engine.support.hierarchical.Node.around(Node.java:137), org.junit.platform.engine.support.hierarchical.NodeTestTask.lambda$executeRecursively$9(NodeTestTask.java:139), org.junit.platform.engine.support.hierarchical.ThrowableCollector.execute(ThrowableCollector.java:73), org.junit.platform.engine.support.hierarchical.NodeTestTask.executeRecursively(NodeTestTask.java:138), org.junit.platform.engine.support.hierarchical.NodeTestTask.execute(NodeTestTask.java:95), org.junit.platform.engine.support.hierarchical.SameThreadHierarchicalTestExecutorService.submit(SameThreadHierarchicalTestExecutorService.java:35), org.junit.platform.engine.support.hierarchical.HierarchicalTestExecutor.execute(HierarchicalTestExecutor.java:57), org.junit.platform.engine.support.hierarchical.HierarchicalTestEngine.execute(HierarchicalTestEngine.java:54), org.junit.platform.launcher.core.EngineExecutionOrchestrator.execute(EngineExecutionOrchestrator.java:198), org.junit.platform.launcher.core.EngineExecutionOrchestrator.execute(EngineExecutionOrchestrator.java:169), org.junit.platform.launcher.core.EngineExecutionOrchestrator.execute(EngineExecutionOrchestrator.java:93), org.junit.platform.launcher.core.EngineExecutionOrchestrator.lambda$execute$0(EngineExecutionOrchestrator.java:58), org.junit.platform.launcher.core.EngineExecutionOrchestrator.withInterceptedStreams(EngineExecutionOrchestrator.java:141), org.junit.platform.launcher.core.EngineExecutionOrchestrator.execute(EngineExecutionOrchestrator.java:57), org.junit.platform.launcher.core.DefaultLauncher.execute(DefaultLauncher.java:103), org.junit.platform.launcher.core.DefaultLauncher.execute(DefaultLauncher.java:85), org.junit.platform.launcher.core.DelegatingLauncher.execute(DelegatingLauncher.java:47), org.apache.maven.surefire.junitplatform.LazyLauncher.execute(LazyLauncher.java:56), org.apache.maven.surefire.junitplatform.JUnitPlatformProvider.execute(JUnitPlatformProvider.java:184), org.apache.maven.surefire.junitplatform.JUnitPlatformProvider.invokeAllTests(JUnitPlatformProvider.java:148), org.apache.maven.surefire.junitplatform.JUnitPlatformProvider.invoke(JUnitPlatformProvider.java:122), org.apache.maven.surefire.booter.ForkedBooter.runSuitesInProcess(ForkedBooter.java:385), org.apache.maven.surefire.booter.ForkedBooter.execute(ForkedBooter.java:162), org.apache.maven.surefire.booter.ForkedBooter.run(ForkedBooter.java:507), org.apache.maven.surefire.booter.ForkedBooter.main(ForkedBooter.java:495)]"
198.0,apache.creadur-rat,apache.creadur-rat/test/java/org/apache/rat/RegressionTest4.java,Comparable_CompareToNull,Truebug,"[MSL] Specification Comparable_CompareToNull has been violated on line [org.apache.rat.RegressionTest4.test02095(RegressionTest4.java:4088), sun.reflect.NativeMethodAccessorImpl.invoke0(Native Method), sun.reflect.NativeMethodAccessorImpl.invoke(NativeMethodAccessorImpl.java:62), sun.reflect.DelegatingMethodAccessorImpl.invoke(DelegatingMethodAccessorImpl.java:43), java.lang.reflect.Method.invoke(Method.java:498), org.junit.runners.model.FrameworkMethod$1.runReflectiveCall(FrameworkMethod.java:59), org.junit.internal.runners.model.ReflectiveCallable.run(ReflectiveCallable.java:12), org.junit.runners.model.FrameworkMethod.invokeExplosively(FrameworkMethod.java:56), org.junit.internal.runners.statements.InvokeMethod.evaluate(InvokeMethod.java:17), org.junit.runners.ParentRunner$3.evaluate(ParentRunner.java:306), org.junit.runners.BlockJUnit4ClassRunner$1.evaluate(BlockJUnit4ClassRunner.java:100), org.junit.runners.ParentRunner.runLeaf(ParentRunner.java:366), org.junit.runners.BlockJUnit4ClassRunner.runChild(BlockJUnit4ClassRunner.java:103), org.junit.runners.BlockJUnit4ClassRunner.runChild(BlockJUnit4ClassRunner.java:63), org.junit.runners.ParentRunner$4.run(ParentRunner.java:331), org.junit.runners.ParentRunner$1.schedule(ParentRunner.java:79), org.junit.runners.ParentRunner.runChildren(ParentRunner.java:329), org.junit.runners.ParentRunner.access$100(ParentRunner.java:66), org.junit.runners.ParentRunner$2.evaluate(ParentRunner.java:293), org.junit.runners.ParentRunner$3.evaluate(ParentRunner.java:306), org.junit.runners.ParentRunner.run(ParentRunner.java:413), org.junit.runner.JUnitCore.run(JUnitCore.java:137), org.junit.runner.JUnitCore.run(JUnitCore.java:115), org.junit.vintage.engine.execution.RunnerExecutor.execute(RunnerExecutor.java:42), org.junit.vintage.engine.VintageTestEngine.executeAllChildren(VintageTestEngine.java:80), org.junit.vintage.engine.VintageTestEngine.execute(VintageTestEngine.java:72), org.junit.platform.launcher.core.EngineExecutionOrchestrator.execute(EngineExecutionOrchestrator.java:198), org.junit.platform.launcher.core.EngineExecutionOrchestrator.execute(EngineExecutionOrchestrator.java:169), org.junit.platform.launcher.core.EngineExecutionOrchestrator.execute(EngineExecutionOrchestrator.java:93), org.junit.platform.launcher.core.EngineExecutionOrchestrator.lambda$execute$0(EngineExecutionOrchestrator.java:58), org.junit.platform.launcher.core.EngineExecutionOrchestrator.withInterceptedStreams(EngineExecutionOrchestrator.java:141), org.junit.platform.launcher.core.EngineExecutionOrchestrator.execute(EngineExecutionOrchestrator.java:57), org.junit.platform.launcher.core.DefaultLauncher.execute(DefaultLauncher.java:103), org.junit.platform.launcher.core.DefaultLauncher.execute(DefaultLauncher.java:85), org.junit.platform.launcher.core.DelegatingLauncher.execute(DelegatingLauncher.java:47), org.apache.maven.surefire.junitplatform.LazyLauncher.execute(LazyLauncher.java:56), org.apache.maven.surefire.junitplatform.JUnitPlatformProvider.execute(JUnitPlatformProvider.java:184), org.apache.maven.surefire.junitplatform.JUnitPlatformProvider.invokeAllTests(JUnitPlatformProvider.java:148), org.apache.maven.surefire.junitplatform.JUnitPlatformProvider.invoke(JUnitPlatformProvider.java:122), org.apache.maven.surefire.booter.ForkedBooter.runSuitesInProcess(ForkedBooter.java:385), org.apache.maven.surefire.booter.ForkedBooter.execute(ForkedBooter.java:162), org.apache.maven.surefire.booter.ForkedBooter.run(ForkedBooter.java:507), org.apache.maven.surefire.booter.ForkedBooter.main(ForkedBooter.java:495)]"
200.0,apache.creadur-rat,net/bytebuddy/description/annotation/AnnotationDescription.java#L480,Enum_UserFriendlyName,Truebug,"[MSL] Specification Enum_UserFriendlyName has been violated on line [net.bytebuddy.description.annotation.AnnotationDescription$AbstractBase.<clinit>(AnnotationDescription.java:480), net.bytebuddy.description.annotation.AnnotationList$ForLoadedAnnotations.get(AnnotationList.java:240), net.bytebuddy.description.annotation.AnnotationList$ForLoadedAnnotations.get(AnnotationList.java:197), java.util.AbstractList$Itr.next(AbstractList.java:358), net.bytebuddy.description.annotation.AnnotationList$AbstractBase.isAnnotationPresent(AnnotationList.java:104), net.bytebuddy.implementation.bind.annotation.IgnoreForBinding$Verifier.check(IgnoreForBinding.java:52), net.bytebuddy.implementation.bind.annotation.TargetMethodAnnotationDrivenBinder.compile(TargetMethodAnnotationDrivenBinder.java:80), net.bytebuddy.implementation.MethodDelegation$ImplementationDelegate$ForStaticMethod.of(MethodDelegation.java:950), net.bytebuddy.implementation.MethodDelegation$WithCustomProperties.to(MethodDelegation.java:1507), net.bytebuddy.implementation.MethodDelegation$WithCustomProperties.to(MethodDelegation.java:1488), net.bytebuddy.implementation.MethodDelegation.to(MethodDelegation.java:273), org.mockito.internal.creation.bytebuddy.SubclassBytecodeGenerator.<init>(SubclassBytecodeGenerator.java:60), org.mockito.internal.creation.bytebuddy.SubclassBytecodeGenerator.<init>(SubclassBytecodeGenerator.java:70), org.mockito.internal.creation.bytebuddy.SubclassByteBuddyMockMaker.<init>(SubclassByteBuddyMockMaker.java:37), org.mockito.internal.creation.bytebuddy.SubclassByteBuddyMockMaker.<init>(SubclassByteBuddyMockMaker.java:33), org.mockito.internal.creation.bytebuddy.ByteBuddyMockMaker.<init>(ByteBuddyMockMaker.java:29), sun.reflect.NativeConstructorAccessorImpl.newInstance0(Native Method), sun.reflect.NativeConstructorAccessorImpl.newInstance(NativeConstructorAccessorImpl.java:62), sun.reflect.DelegatingConstructorAccessorImpl.newInstance(DelegatingConstructorAccessorImpl.java:45), java.lang.reflect.Constructor.newInstance(Constructor.java:423), org.mockito.internal.configuration.plugins.DefaultMockitoPlugins.create(DefaultMockitoPlugins.java:95), org.mockito.internal.configuration.plugins.DefaultMockitoPlugins.getDefaultPlugin(DefaultMockitoPlugins.java:71), org.mockito.internal.configuration.plugins.PluginLoader.loadPlugin(PluginLoader.java:75), org.mockito.internal.configuration.plugins.PluginLoader.loadPlugin(PluginLoader.java:50), org.mockito.internal.configuration.plugins.PluginRegistry.<init>(PluginRegistry.java:27), org.mockito.internal.configuration.plugins.Plugins.<clinit>(Plugins.java:22), org.mockito.internal.MockitoCore.<clinit>(MockitoCore.java:73), org.mockito.Mockito.<clinit>(Mockito.java:1669), org.apache.rat.mp.util.ScmIgnoreParserTest.<init>(ScmIgnoreParserTest.java:44), sun.reflect.NativeConstructorAccessorImpl.newInstance0(Native Method), sun.reflect.NativeConstructorAccessorImpl.newInstance(NativeConstructorAccessorImpl.java:62), sun.reflect.DelegatingConstructorAccessorImpl.newInstance(DelegatingConstructorAccessorImpl.java:45), java.lang.reflect.Constructor.newInstance(Constructor.java:423), org.junit.platform.commons.util.ReflectionUtils.newInstance(ReflectionUtils.java:553), org.junit.jupiter.engine.execution.ConstructorInvocation.proceed(ConstructorInvocation.java:56), org.junit.jupiter.engine.execution.InvocationInterceptorChain$ValidatingInvocation.proceed(InvocationInterceptorChain.java:131), org.junit.jupiter.api.extension.InvocationInterceptor.interceptTestClassConstructor(InvocationInterceptor.java:74), org.junit.jupiter.engine.execution.InterceptingExecutableInvoker.lambda$invoke$0(InterceptingExecutableInvoker.java:93), org.junit.jupiter.engine.execution.InvocationInterceptorChain$InterceptedInvocation.proceed(InvocationInterceptorChain.java:106), org.junit.jupiter.engine.execution.InvocationInterceptorChain.proceed(InvocationInterceptorChain.java:64), org.junit.jupiter.engine.execution.InvocationInterceptorChain.chainAndInvoke(InvocationInterceptorChain.java:45), org.junit.jupiter.engine.execution.InvocationInterceptorChain.invoke(InvocationInterceptorChain.java:37), org.junit.jupiter.engine.execution.InterceptingExecutableInvoker.invoke(InterceptingExecutableInvoker.java:92), org.junit.jupiter.engine.execution.InterceptingExecutableInvoker.invoke(InterceptingExecutableInvoker.java:62), org.junit.jupiter.engine.descriptor.ClassBasedTestDescriptor.invokeTestClassConstructor(ClassBasedTestDescriptor.java:364), org.junit.jupiter.engine.descriptor.ClassBasedTestDescriptor.instantiateTestClass(ClassBasedTestDescriptor.java:311), org.junit.jupiter.engine.descriptor.ClassTestDescriptor.instantiateTestClass(ClassTestDescriptor.java:79), org.junit.jupiter.engine.descriptor.ClassBasedTestDescriptor.instantiateAndPostProcessTestInstance(ClassBasedTestDescriptor.java:287), org.junit.jupiter.engine.descriptor.ClassBasedTestDescriptor.lambda$testInstancesProvider$4(ClassBasedTestDescriptor.java:279), java.util.Optional.orElseGet(Optional.java:267), org.junit.jupiter.engine.descriptor.ClassBasedTestDescriptor.lambda$testInstancesProvider$5(ClassBasedTestDescriptor.java:278), org.junit.jupiter.engine.execution.TestInstancesProvider.getTestInstances(TestInstancesProvider.java:31), org.junit.jupiter.engine.descriptor.TestMethodTestDescriptor.lambda$prepare$0(TestMethodTestDescriptor.java:106), org.junit.platform.engine.support.hierarchical.ThrowableCollector.execute(ThrowableCollector.java:73), org.junit.jupiter.engine.descriptor.TestMethodTestDescriptor.prepare(TestMethodTestDescriptor.java:105), org.junit.jupiter.engine.descriptor.TestMethodTestDescriptor.prepare(TestMethodTestDescriptor.java:69), org.junit.platform.engine.support.hierarchical.NodeTestTask.lambda$prepare$2(NodeTestTask.java:123), org.junit.platform.engine.support.hierarchical.ThrowableCollector.execute(ThrowableCollector.java:73), org.junit.platform.engine.support.hierarchical.NodeTestTask.prepare(NodeTestTask.java:123), org.junit.platform.engine.support.hierarchical.NodeTestTask.execute(NodeTestTask.java:90), java.util.ArrayList.forEach(ArrayList.java:1259), org.junit.platform.engine.support.hierarchical.SameThreadHierarchicalTestExecutorService.invokeAll(SameThreadHierarchicalTestExecutorService.java:41), org.junit.platform.engine.support.hierarchical.NodeTestTask.lambda$executeRecursively$6(NodeTestTask.java:155), org.junit.platform.engine.support.hierarchical.ThrowableCollector.execute(ThrowableCollector.java:73), org.junit.platform.engine.support.hierarchical.NodeTestTask.lambda$executeRecursively$8(NodeTestTask.java:141), org.junit.platform.engine.support.hierarchical.Node.around(Node.java:137), org.junit.platform.engine.support.hierarchical.NodeTestTask.lambda$executeRecursively$9(NodeTestTask.java:139), org.junit.platform.engine.support.hierarchical.ThrowableCollector.execute(ThrowableCollector.java:73), org.junit.platform.engine.support.hierarchical.NodeTestTask.executeRecursively(NodeTestTask.java:138), org.junit.platform.engine.support.hierarchical.NodeTestTask.execute(NodeTestTask.java:95), java.util.ArrayList.forEach(ArrayList.java:1259), org.junit.platform.engine.support.hierarchical.SameThreadHierarchicalTestExecutorService.invokeAll(SameThreadHierarchicalTestExecutorService.java:41), org.junit.platform.engine.support.hierarchical.NodeTestTask.lambda$executeRecursively$6(NodeTestTask.java:155), org.junit.platform.engine.support.hierarchical.ThrowableCollector.execute(ThrowableCollector.java:73), org.junit.platform.engine.support.hierarchical.NodeTestTask.lambda$executeRecursively$8(NodeTestTask.java:141), org.junit.platform.engine.support.hierarchical.Node.around(Node.java:137), org.junit.platform.engine.support.hierarchical.NodeTestTask.lambda$executeRecursively$9(NodeTestTask.java:139), org.junit.platform.engine.support.hierarchical.ThrowableCollector.execute(ThrowableCollector.java:73), org.junit.platform.engine.support.hierarchical.NodeTestTask.executeRecursively(NodeTestTask.java:138), org.junit.platform.engine.support.hierarchical.NodeTestTask.execute(NodeTestTask.java:95), org.junit.platform.engine.support.hierarchical.SameThreadHierarchicalTestExecutorService.submit(SameThreadHierarchicalTestExecutorService.java:35), org.junit.platform.engine.support.hierarchical.HierarchicalTestExecutor.execute(HierarchicalTestExecutor.java:57), org.junit.platform.engine.support.hierarchical.HierarchicalTestEngine.execute(HierarchicalTestEngine.java:54), org.junit.platform.launcher.core.EngineExecutionOrchestrator.execute(EngineExecutionOrchestrator.java:198), org.junit.platform.launcher.core.EngineExecutionOrchestrator.execute(EngineExecutionOrchestrator.java:169), org.junit.platform.launcher.core.EngineExecutionOrchestrator.execute(EngineExecutionOrchestrator.java:93), org.junit.platform.launcher.core.EngineExecutionOrchestrator.lambda$execute$0(EngineExecutionOrchestrator.java:58), org.junit.platform.launcher.core.EngineExecutionOrchestrator.withInterceptedStreams(EngineExecutionOrchestrator.java:141), org.junit.platform.launcher.core.EngineExecutionOrchestrator.execute(EngineExecutionOrchestrator.java:57), org.junit.platform.launcher.core.DefaultLauncher.execute(DefaultLauncher.java:103), org.junit.platform.launcher.core.DefaultLauncher.execute(DefaultLauncher.java:85), org.junit.platform.launcher.core.DelegatingLauncher.execute(DelegatingLauncher.java:47), org.apache.maven.surefire.junitplatform.LazyLauncher.execute(LazyLauncher.java:56), org.apache.maven.surefire.junitplatform.JUnitPlatformProvider.execute(JUnitPlatformProvider.java:184), org.apache.maven.surefire.junitplatform.JUnitPlatformProvider.invokeAllTests(JUnitPlatformProvider.java:148), org.apache.maven.surefire.junitplatform.JUnitPlatformProvider.invoke(JUnitPlatformProvider.java:122), org.apache.maven.surefire.booter.ForkedBooter.runSuitesInProcess(ForkedBooter.java:385), org.apache.maven.surefire.booter.ForkedBooter.execute(ForkedBooter.java:162), org.apache.maven.surefire.booter.ForkedBooter.run(ForkedBooter.java:507), org.apache.maven.surefire.booter.ForkedBooter.main(ForkedBooter.java:495)]"
201.0,apache.creadur-rat,net/bytebuddy/description/enumeration/EnumerationDescription.java#L127,Enum_UserFriendlyName,Truebug,"[MSL] Specification Enum_UserFriendlyName has been violated on line [net.bytebuddy.description.enumeration.EnumerationDescription$ForLoadedEnumeration.getValue(EnumerationDescription.java:127), net.bytebuddy.description.enumeration.EnumerationDescription$AbstractBase.hashCode(EnumerationDescription.java:70), net.bytebuddy.description.annotation.AnnotationValue$ForEnumerationDescription.hashCode(AnnotationValue.java:1908), net.bytebuddy.description.annotation.AnnotationDescription$AbstractBase.hashCode(AnnotationDescription.java:579), net.bytebuddy.implementation.bind.annotation.TargetMethodAnnotationDrivenBinder$DelegationProcessor$Handler$Bound.hashCode(TargetMethodAnnotationDrivenBinder.java), java.util.AbstractList.hashCode(AbstractList.java:541), net.bytebuddy.implementation.bind.annotation.TargetMethodAnnotationDrivenBinder$Record.hashCode(TargetMethodAnnotationDrivenBinder.java), java.util.AbstractList.hashCode(AbstractList.java:541), net.bytebuddy.implementation.MethodDelegation$ImplementationDelegate$ForStaticMethod.hashCode(MethodDelegation.java:1), net.bytebuddy.implementation.MethodDelegation.hashCode(MethodDelegation.java), net.bytebuddy.dynamic.scaffold.MethodRegistry$Handler$ForImplementation.hashCode(MethodRegistry.java), java.util.HashMap.hash(HashMap.java:340), java.util.HashMap.put(HashMap.java:613), java.util.HashSet.add(HashSet.java:220), net.bytebuddy.dynamic.scaffold.MethodRegistry$Default.prepare(MethodRegistry.java:459), net.bytebuddy.dynamic.scaffold.subclass.SubclassDynamicTypeBuilder.toTypeWriter(SubclassDynamicTypeBuilder.java:212), net.bytebuddy.dynamic.scaffold.subclass.SubclassDynamicTypeBuilder.toTypeWriter(SubclassDynamicTypeBuilder.java:203), net.bytebuddy.dynamic.DynamicType$Builder$AbstractBase$UsingTypeWriter.make(DynamicType.java:4050), net.bytebuddy.dynamic.DynamicType$Builder$AbstractBase.make(DynamicType.java:3734), net.bytebuddy.dynamic.DynamicType$Builder$AbstractBase$Delegator.make(DynamicType.java:3986), org.mockito.internal.creation.bytebuddy.SubclassBytecodeGenerator.mockClass(SubclassBytecodeGenerator.java:296), org.mockito.internal.creation.bytebuddy.TypeCachingBytecodeGenerator.lambda$mockClass$0(TypeCachingBytecodeGenerator.java:47), net.bytebuddy.TypeCache.findOrInsert(TypeCache.java:168), net.bytebuddy.TypeCache$WithInlineExpunction.findOrInsert(TypeCache.java:399), net.bytebuddy.TypeCache.findOrInsert(TypeCache.java:190), net.bytebuddy.TypeCache$WithInlineExpunction.findOrInsert(TypeCache.java:410), org.mockito.internal.creation.bytebuddy.TypeCachingBytecodeGenerator.mockClass(TypeCachingBytecodeGenerator.java:40), org.mockito.internal.creation.bytebuddy.SubclassByteBuddyMockMaker.createMockType(SubclassByteBuddyMockMaker.java:77), org.mockito.internal.creation.bytebuddy.SubclassByteBuddyMockMaker.createMock(SubclassByteBuddyMockMaker.java:43), org.mockito.internal.creation.bytebuddy.ByteBuddyMockMaker.createMock(ByteBuddyMockMaker.java:42), org.mockito.internal.util.MockUtil.createMock(MockUtil.java:99), org.mockito.internal.MockitoCore.mock(MockitoCore.java:88), org.mockito.Mockito.mock(Mockito.java:2037), org.mockito.Mockito.mock(Mockito.java:1952), org.apache.rat.mp.util.ScmIgnoreParserTest.<init>(ScmIgnoreParserTest.java:44), sun.reflect.NativeConstructorAccessorImpl.newInstance0(Native Method), sun.reflect.NativeConstructorAccessorImpl.newInstance(NativeConstructorAccessorImpl.java:62), sun.reflect.DelegatingConstructorAccessorImpl.newInstance(DelegatingConstructorAccessorImpl.java:45), java.lang.reflect.Constructor.newInstance(Constructor.java:423), org.junit.platform.commons.util.ReflectionUtils.newInstance(ReflectionUtils.java:553), org.junit.jupiter.engine.execution.ConstructorInvocation.proceed(ConstructorInvocation.java:56), org.junit.jupiter.engine.execution.InvocationInterceptorChain$ValidatingInvocation.proceed(InvocationInterceptorChain.java:131), org.junit.jupiter.api.extension.InvocationInterceptor.interceptTestClassConstructor(InvocationInterceptor.java:74), org.junit.jupiter.engine.execution.InterceptingExecutableInvoker.lambda$invoke$0(InterceptingExecutableInvoker.java:93), org.junit.jupiter.engine.execution.InvocationInterceptorChain$InterceptedInvocation.proceed(InvocationInterceptorChain.java:106), org.junit.jupiter.engine.execution.InvocationInterceptorChain.proceed(InvocationInterceptorChain.java:64), org.junit.jupiter.engine.execution.InvocationInterceptorChain.chainAndInvoke(InvocationInterceptorChain.java:45), org.junit.jupiter.engine.execution.InvocationInterceptorChain.invoke(InvocationInterceptorChain.java:37), org.junit.jupiter.engine.execution.InterceptingExecutableInvoker.invoke(InterceptingExecutableInvoker.java:92), org.junit.jupiter.engine.execution.InterceptingExecutableInvoker.invoke(InterceptingExecutableInvoker.java:62), org.junit.jupiter.engine.descriptor.ClassBasedTestDescriptor.invokeTestClassConstructor(ClassBasedTestDescriptor.java:364), org.junit.jupiter.engine.descriptor.ClassBasedTestDescriptor.instantiateTestClass(ClassBasedTestDescriptor.java:311), org.junit.jupiter.engine.descriptor.ClassTestDescriptor.instantiateTestClass(ClassTestDescriptor.java:79), org.junit.jupiter.engine.descriptor.ClassBasedTestDescriptor.instantiateAndPostProcessTestInstance(ClassBasedTestDescriptor.java:287), org.junit.jupiter.engine.descriptor.ClassBasedTestDescriptor.lambda$testInstancesProvider$4(ClassBasedTestDescriptor.java:279), java.util.Optional.orElseGet(Optional.java:267), org.junit.jupiter.engine.descriptor.ClassBasedTestDescriptor.lambda$testInstancesProvider$5(ClassBasedTestDescriptor.java:278), org.junit.jupiter.engine.execution.TestInstancesProvider.getTestInstances(TestInstancesProvider.java:31), org.junit.jupiter.engine.descriptor.TestMethodTestDescriptor.lambda$prepare$0(TestMethodTestDescriptor.java:106), org.junit.platform.engine.support.hierarchical.ThrowableCollector.execute(ThrowableCollector.java:73), org.junit.jupiter.engine.descriptor.TestMethodTestDescriptor.prepare(TestMethodTestDescriptor.java:105), org.junit.jupiter.engine.descriptor.TestMethodTestDescriptor.prepare(TestMethodTestDescriptor.java:69), org.junit.platform.engine.support.hierarchical.NodeTestTask.lambda$prepare$2(NodeTestTask.java:123), org.junit.platform.engine.support.hierarchical.ThrowableCollector.execute(ThrowableCollector.java:73), org.junit.platform.engine.support.hierarchical.NodeTestTask.prepare(NodeTestTask.java:123), org.junit.platform.engine.support.hierarchical.NodeTestTask.execute(NodeTestTask.java:90), java.util.ArrayList.forEach(ArrayList.java:1259), org.junit.platform.engine.support.hierarchical.SameThreadHierarchicalTestExecutorService.invokeAll(SameThreadHierarchicalTestExecutorService.java:41), org.junit.platform.engine.support.hierarchical.NodeTestTask.lambda$executeRecursively$6(NodeTestTask.java:155), org.junit.platform.engine.support.hierarchical.ThrowableCollector.execute(ThrowableCollector.java:73), org.junit.platform.engine.support.hierarchical.NodeTestTask.lambda$executeRecursively$8(NodeTestTask.java:141), org.junit.platform.engine.support.hierarchical.Node.around(Node.java:137), org.junit.platform.engine.support.hierarchical.NodeTestTask.lambda$executeRecursively$9(NodeTestTask.java:139), org.junit.platform.engine.support.hierarchical.ThrowableCollector.execute(ThrowableCollector.java:73), org.junit.platform.engine.support.hierarchical.NodeTestTask.executeRecursively(NodeTestTask.java:138), org.junit.platform.engine.support.hierarchical.NodeTestTask.execute(NodeTestTask.java:95), java.util.ArrayList.forEach(ArrayList.java:1259), org.junit.platform.engine.support.hierarchical.SameThreadHierarchicalTestExecutorService.invokeAll(SameThreadHierarchicalTestExecutorService.java:41), org.junit.platform.engine.support.hierarchical.NodeTestTask.lambda$executeRecursively$6(NodeTestTask.java:155), org.junit.platform.engine.support.hierarchical.ThrowableCollector.execute(ThrowableCollector.java:73), org.junit.platform.engine.support.hierarchical.NodeTestTask.lambda$executeRecursively$8(NodeTestTask.java:141), org.junit.platform.engine.support.hierarchical.Node.around(Node.java:137), org.junit.platform.engine.support.hierarchical.NodeTestTask.lambda$executeRecursively$9(NodeTestTask.java:139), org.junit.platform.engine.support.hierarchical.ThrowableCollector.execute(ThrowableCollector.java:73), org.junit.platform.engine.support.hierarchical.NodeTestTask.executeRecursively(NodeTestTask.java:138), org.junit.platform.engine.support.hierarchical.NodeTestTask.execute(NodeTestTask.java:95), org.junit.platform.engine.support.hierarchical.SameThreadHierarchicalTestExecutorService.submit(SameThreadHierarchicalTestExecutorService.java:35), org.junit.platform.engine.support.hierarchical.HierarchicalTestExecutor.execute(HierarchicalTestExecutor.java:57), org.junit.platform.engine.support.hierarchical.HierarchicalTestEngine.execute(HierarchicalTestEngine.java:54), org.junit.platform.launcher.core.EngineExecutionOrchestrator.execute(EngineExecutionOrchestrator.java:198), org.junit.platform.launcher.core.EngineExecutionOrchestrator.execute(EngineExecutionOrchestrator.java:169), org.junit.platform.launcher.core.EngineExecutionOrchestrator.execute(EngineExecutionOrchestrator.java:93), org.junit.platform.launcher.core.EngineExecutionOrchestrator.lambda$execute$0(EngineExecutionOrchestrator.java:58), org.junit.platform.launcher.core.EngineExecutionOrchestrator.withInterceptedStreams(EngineExecutionOrchestrator.java:141), org.junit.platform.launcher.core.EngineExecutionOrchestrator.execute(EngineExecutionOrchestrator.java:57), org.junit.platform.launcher.core.DefaultLauncher.execute(DefaultLauncher.java:103), org.junit.platform.launcher.core.DefaultLauncher.execute(DefaultLauncher.java:85), org.junit.platform.launcher.core.DelegatingLauncher.execute(DelegatingLauncher.java:47), org.apache.maven.surefire.junitplatform.LazyLauncher.execute(LazyLauncher.java:56), org.apache.maven.surefire.junitplatform.JUnitPlatformProvider.execute(JUnitPlatformProvider.java:184), org.apache.maven.surefire.junitplatform.JUnitPlatformProvider.invokeAllTests(JUnitPlatformProvider.java:148), org.apache.maven.surefire.junitplatform.JUnitPlatformProvider.invoke(JUnitPlatformProvider.java:122), org.apache.maven.surefire.booter.ForkedBooter.runSuitesInProcess(ForkedBooter.java:385), org.apache.maven.surefire.booter.ForkedBooter.execute(ForkedBooter.java:162), org.apache.maven.surefire.booter.ForkedBooter.run(ForkedBooter.java:507), org.apache.maven.surefire.booter.ForkedBooter.main(ForkedBooter.java:495)]"
202.0,apache.creadur-rat,org/apache/rat/config/AddLicenseHeaders.java#L35,Enum_UserFriendlyName,Truebug,"[MSL] Specification Enum_UserFriendlyName has been violated on line [org.apache.rat.config.AddLicenseHeaders.getValuesForHelp(AddLicenseHeaders.java:38), org.apache.rat.RegressionTest0.test00012(RegressionTest0.java:124), sun.reflect.NativeMethodAccessorImpl.invoke0(Native Method), sun.reflect.NativeMethodAccessorImpl.invoke(NativeMethodAccessorImpl.java:62), sun.reflect.DelegatingMethodAccessorImpl.invoke(DelegatingMethodAccessorImpl.java:43), java.lang.reflect.Method.invoke(Method.java:498), org.junit.runners.model.FrameworkMethod$1.runReflectiveCall(FrameworkMethod.java:59), org.junit.internal.runners.model.ReflectiveCallable.run(ReflectiveCallable.java:12), org.junit.runners.model.FrameworkMethod.invokeExplosively(FrameworkMethod.java:56), org.junit.internal.runners.statements.InvokeMethod.evaluate(InvokeMethod.java:17), org.junit.runners.ParentRunner$3.evaluate(ParentRunner.java:306), org.junit.runners.BlockJUnit4ClassRunner$1.evaluate(BlockJUnit4ClassRunner.java:100), org.junit.runners.ParentRunner.runLeaf(ParentRunner.java:366), org.junit.runners.BlockJUnit4ClassRunner.runChild(BlockJUnit4ClassRunner.java:103), org.junit.runners.BlockJUnit4ClassRunner.runChild(BlockJUnit4ClassRunner.java:63), org.junit.runners.ParentRunner$4.run(ParentRunner.java:331), org.junit.runners.ParentRunner$1.schedule(ParentRunner.java:79), org.junit.runners.ParentRunner.runChildren(ParentRunner.java:329), org.junit.runners.ParentRunner.access$100(ParentRunner.java:66), org.junit.runners.ParentRunner$2.evaluate(ParentRunner.java:293), org.junit.runners.ParentRunner$3.evaluate(ParentRunner.java:306), org.junit.runners.ParentRunner.run(ParentRunner.java:413), org.junit.runner.JUnitCore.run(JUnitCore.java:137), org.junit.runner.JUnitCore.run(JUnitCore.java:115), org.junit.vintage.engine.execution.RunnerExecutor.execute(RunnerExecutor.java:42), org.junit.vintage.engine.VintageTestEngine.executeAllChildren(VintageTestEngine.java:80), org.junit.vintage.engine.VintageTestEngine.execute(VintageTestEngine.java:72), org.junit.platform.launcher.core.EngineExecutionOrchestrator.execute(EngineExecutionOrchestrator.java:198), org.junit.platform.launcher.core.EngineExecutionOrchestrator.execute(EngineExecutionOrchestrator.java:169), org.junit.platform.launcher.core.EngineExecutionOrchestrator.execute(EngineExecutionOrchestrator.java:93), org.junit.platform.launcher.core.EngineExecutionOrchestrator.lambda$execute$0(EngineExecutionOrchestrator.java:58), org.junit.platform.launcher.core.EngineExecutionOrchestrator.withInterceptedStreams(EngineExecutionOrchestrator.java:141), org.junit.platform.launcher.core.EngineExecutionOrchestrator.execute(EngineExecutionOrchestrator.java:57), org.junit.platform.launcher.core.DefaultLauncher.execute(DefaultLauncher.java:103), org.junit.platform.launcher.core.DefaultLauncher.execute(DefaultLauncher.java:85), org.junit.platform.launcher.core.DelegatingLauncher.execute(DelegatingLauncher.java:47), org.apache.maven.surefire.junitplatform.LazyLauncher.execute(LazyLauncher.java:56), org.apache.maven.surefire.junitplatform.JUnitPlatformProvider.execute(JUnitPlatformProvider.java:184), org.apache.maven.surefire.junitplatform.JUnitPlatformProvider.invokeAllTests(JUnitPlatformProvider.java:148), org.apache.maven.surefire.junitplatform.JUnitPlatformProvider.invoke(JUnitPlatformProvider.java:122), org.apache.maven.surefire.booter.ForkedBooter.runSuitesInProcess(ForkedBooter.java:385), org.apache.maven.surefire.booter.ForkedBooter.execute(ForkedBooter.java:162), org.apache.maven.surefire.booter.ForkedBooter.run(ForkedBooter.java:507), org.apache.maven.surefire.booter.ForkedBooter.main(ForkedBooter.java:495)]"
203.0,apache.creadur-rat,org/apache/rat/config/ReportFormat.java#L28,Enum_UserFriendlyName,Truebug,"[MSL] Specification Enum_UserFriendlyName has been violated on line [org.apache.rat.config.ReportFormat.is(ReportFormat.java:28), org.apache.rat.RegressionTest10.test05287(RegressionTest10.java:12583), sun.reflect.NativeMethodAccessorImpl.invoke0(Native Method), sun.reflect.NativeMethodAccessorImpl.invoke(NativeMethodAccessorImpl.java:62), sun.reflect.DelegatingMethodAccessorImpl.invoke(DelegatingMethodAccessorImpl.java:43), java.lang.reflect.Method.invoke(Method.java:498), org.junit.runners.model.FrameworkMethod$1.runReflectiveCall(FrameworkMethod.java:59), org.junit.internal.runners.model.ReflectiveCallable.run(ReflectiveCallable.java:12), org.junit.runners.model.FrameworkMethod.invokeExplosively(FrameworkMethod.java:56), org.junit.internal.runners.statements.InvokeMethod.evaluate(InvokeMethod.java:17), org.junit.runners.ParentRunner$3.evaluate(ParentRunner.java:306), org.junit.runners.BlockJUnit4ClassRunner$1.evaluate(BlockJUnit4ClassRunner.java:100), org.junit.runners.ParentRunner.runLeaf(ParentRunner.java:366), org.junit.runners.BlockJUnit4ClassRunner.runChild(BlockJUnit4ClassRunner.java:103), org.junit.runners.BlockJUnit4ClassRunner.runChild(BlockJUnit4ClassRunner.java:63), org.junit.runners.ParentRunner$4.run(ParentRunner.java:331), org.junit.runners.ParentRunner$1.schedule(ParentRunner.java:79), org.junit.runners.ParentRunner.runChildren(ParentRunner.java:329), org.junit.runners.ParentRunner.access$100(ParentRunner.java:66), org.junit.runners.ParentRunner$2.evaluate(ParentRunner.java:293), org.junit.runners.ParentRunner$3.evaluate(ParentRunner.java:306), org.junit.runners.ParentRunner.run(ParentRunner.java:413), org.junit.runner.JUnitCore.run(JUnitCore.java:137), org.junit.runner.JUnitCore.run(JUnitCore.java:115), org.junit.vintage.engine.execution.RunnerExecutor.execute(RunnerExecutor.java:42), org.junit.vintage.engine.VintageTestEngine.executeAllChildren(VintageTestEngine.java:80), org.junit.vintage.engine.VintageTestEngine.execute(VintageTestEngine.java:72), org.junit.platform.launcher.core.EngineExecutionOrchestrator.execute(EngineExecutionOrchestrator.java:198), org.junit.platform.launcher.core.EngineExecutionOrchestrator.execute(EngineExecutionOrchestrator.java:169), org.junit.platform.launcher.core.EngineExecutionOrchestrator.execute(EngineExecutionOrchestrator.java:93), org.junit.platform.launcher.core.EngineExecutionOrchestrator.lambda$execute$0(EngineExecutionOrchestrator.java:58), org.junit.platform.launcher.core.EngineExecutionOrchestrator.withInterceptedStreams(EngineExecutionOrchestrator.java:141), org.junit.platform.launcher.core.EngineExecutionOrchestrator.execute(EngineExecutionOrchestrator.java:57), org.junit.platform.launcher.core.DefaultLauncher.execute(DefaultLauncher.java:103), org.junit.platform.launcher.core.DefaultLauncher.execute(DefaultLauncher.java:85), org.junit.platform.launcher.core.DelegatingLauncher.execute(DelegatingLauncher.java:47), org.apache.maven.surefire.junitplatform.LazyLauncher.execute(LazyLauncher.java:56), org.apache.maven.surefire.junitplatform.JUnitPlatformProvider.execute(JUnitPlatformProvider.java:184), org.apache.maven.surefire.junitplatform.JUnitPlatformProvider.invokeAllTests(JUnitPlatformProvider.java:148), org.apache.maven.surefire.junitplatform.JUnitPlatformProvider.invoke(JUnitPlatformProvider.java:122), org.apache.maven.surefire.booter.ForkedBooter.runSuitesInProcess(ForkedBooter.java:385), org.apache.maven.surefire.booter.ForkedBooter.execute(ForkedBooter.java:162), org.apache.maven.surefire.booter.ForkedBooter.run(ForkedBooter.java:507), org.apache.maven.surefire.booter.ForkedBooter.main(ForkedBooter.java:495)]"
204.0,apache.creadur-rat,org/apache/rat/config/ReportFormatTest.java#L38,Enum_UserFriendlyName,Truebug,"[MSL] Specification Enum_UserFriendlyName has been violated on line [org.apache.rat.config.ReportFormatTest.isAConfigurationOption(ReportFormatTest.java:38), sun.reflect.NativeMethodAccessorImpl.invoke0(Native Method), sun.reflect.NativeMethodAccessorImpl.invoke(NativeMethodAccessorImpl.java:62), sun.reflect.DelegatingMethodAccessorImpl.invoke(DelegatingMethodAccessorImpl.java:43), java.lang.reflect.Method.invoke(Method.java:498), org.junit.platform.commons.util.ReflectionUtils.invokeMethod(ReflectionUtils.java:728), org.junit.jupiter.engine.execution.MethodInvocation.proceed(MethodInvocation.java:60), org.junit.jupiter.engine.execution.InvocationInterceptorChain$ValidatingInvocation.proceed(InvocationInterceptorChain.java:131), org.junit.jupiter.engine.extension.TimeoutExtension.intercept(TimeoutExtension.java:156), org.junit.jupiter.engine.extension.TimeoutExtension.interceptTestableMethod(TimeoutExtension.java:147), org.junit.jupiter.engine.extension.TimeoutExtension.interceptTestMethod(TimeoutExtension.java:86), org.junit.jupiter.engine.execution.InterceptingExecutableInvoker$ReflectiveInterceptorCall.lambda$ofVoidMethod$0(InterceptingExecutableInvoker.java:103), org.junit.jupiter.engine.execution.InterceptingExecutableInvoker.lambda$invoke$0(InterceptingExecutableInvoker.java:93), org.junit.jupiter.engine.execution.InvocationInterceptorChain$InterceptedInvocation.proceed(InvocationInterceptorChain.java:106), org.junit.jupiter.engine.execution.InvocationInterceptorChain.proceed(InvocationInterceptorChain.java:64), org.junit.jupiter.engine.execution.InvocationInterceptorChain.chainAndInvoke(InvocationInterceptorChain.java:45), org.junit.jupiter.engine.execution.InvocationInterceptorChain.invoke(InvocationInterceptorChain.java:37), org.junit.jupiter.engine.execution.InterceptingExecutableInvoker.invoke(InterceptingExecutableInvoker.java:92), org.junit.jupiter.engine.execution.InterceptingExecutableInvoker.invoke(InterceptingExecutableInvoker.java:86), org.junit.jupiter.engine.descriptor.TestMethodTestDescriptor.lambda$invokeTestMethod$7(TestMethodTestDescriptor.java:218), org.junit.platform.engine.support.hierarchical.ThrowableCollector.execute(ThrowableCollector.java:73), org.junit.jupiter.engine.descriptor.TestMethodTestDescriptor.invokeTestMethod(TestMethodTestDescriptor.java:214), org.junit.jupiter.engine.descriptor.TestMethodTestDescriptor.execute(TestMethodTestDescriptor.java:139), org.junit.jupiter.engine.descriptor.TestMethodTestDescriptor.execute(TestMethodTestDescriptor.java:69), org.junit.platform.engine.support.hierarchical.NodeTestTask.lambda$executeRecursively$6(NodeTestTask.java:151), org.junit.platform.engine.support.hierarchical.ThrowableCollector.execute(ThrowableCollector.java:73), org.junit.platform.engine.support.hierarchical.NodeTestTask.lambda$executeRecursively$8(NodeTestTask.java:141), org.junit.platform.engine.support.hierarchical.Node.around(Node.java:137), org.junit.platform.engine.support.hierarchical.NodeTestTask.lambda$executeRecursively$9(NodeTestTask.java:139), org.junit.platform.engine.support.hierarchical.ThrowableCollector.execute(ThrowableCollector.java:73), org.junit.platform.engine.support.hierarchical.NodeTestTask.executeRecursively(NodeTestTask.java:138), org.junit.platform.engine.support.hierarchical.NodeTestTask.execute(NodeTestTask.java:95), java.util.ArrayList.forEach(ArrayList.java:1259), org.junit.platform.engine.support.hierarchical.SameThreadHierarchicalTestExecutorService.invokeAll(SameThreadHierarchicalTestExecutorService.java:41), org.junit.platform.engine.support.hierarchical.NodeTestTask.lambda$executeRecursively$6(NodeTestTask.java:155), org.junit.platform.engine.support.hierarchical.ThrowableCollector.execute(ThrowableCollector.java:73), org.junit.platform.engine.support.hierarchical.NodeTestTask.lambda$executeRecursively$8(NodeTestTask.java:141), org.junit.platform.engine.support.hierarchical.Node.around(Node.java:137), org.junit.platform.engine.support.hierarchical.NodeTestTask.lambda$executeRecursively$9(NodeTestTask.java:139), org.junit.platform.engine.support.hierarchical.ThrowableCollector.execute(ThrowableCollector.java:73), org.junit.platform.engine.support.hierarchical.NodeTestTask.executeRecursively(NodeTestTask.java:138), org.junit.platform.engine.support.hierarchical.NodeTestTask.execute(NodeTestTask.java:95), java.util.ArrayList.forEach(ArrayList.java:1259), org.junit.platform.engine.support.hierarchical.SameThreadHierarchicalTestExecutorService.invokeAll(SameThreadHierarchicalTestExecutorService.java:41), org.junit.platform.engine.support.hierarchical.NodeTestTask.lambda$executeRecursively$6(NodeTestTask.java:155), org.junit.platform.engine.support.hierarchical.ThrowableCollector.execute(ThrowableCollector.java:73), org.junit.platform.engine.support.hierarchical.NodeTestTask.lambda$executeRecursively$8(NodeTestTask.java:141), org.junit.platform.engine.support.hierarchical.Node.around(Node.java:137), org.junit.platform.engine.support.hierarchical.NodeTestTask.lambda$executeRecursively$9(NodeTestTask.java:139), org.junit.platform.engine.support.hierarchical.ThrowableCollector.execute(ThrowableCollector.java:73), org.junit.platform.engine.support.hierarchical.NodeTestTask.executeRecursively(NodeTestTask.java:138), org.junit.platform.engine.support.hierarchical.NodeTestTask.execute(NodeTestTask.java:95), org.junit.platform.engine.support.hierarchical.SameThreadHierarchicalTestExecutorService.submit(SameThreadHierarchicalTestExecutorService.java:35), org.junit.platform.engine.support.hierarchical.HierarchicalTestExecutor.execute(HierarchicalTestExecutor.java:57), org.junit.platform.engine.support.hierarchical.HierarchicalTestEngine.execute(HierarchicalTestEngine.java:54), org.junit.platform.launcher.core.EngineExecutionOrchestrator.execute(EngineExecutionOrchestrator.java:198), org.junit.platform.launcher.core.EngineExecutionOrchestrator.execute(EngineExecutionOrchestrator.java:169), org.junit.platform.launcher.core.EngineExecutionOrchestrator.execute(EngineExecutionOrchestrator.java:93), org.junit.platform.launcher.core.EngineExecutionOrchestrator.lambda$execute$0(EngineExecutionOrchestrator.java:58), org.junit.platform.launcher.core.EngineExecutionOrchestrator.withInterceptedStreams(EngineExecutionOrchestrator.java:141), org.junit.platform.launcher.core.EngineExecutionOrchestrator.execute(EngineExecutionOrchestrator.java:57), org.junit.platform.launcher.core.DefaultLauncher.execute(DefaultLauncher.java:103), org.junit.platform.launcher.core.DefaultLauncher.execute(DefaultLauncher.java:85), org.junit.platform.launcher.core.DelegatingLauncher.execute(DelegatingLauncher.java:47), org.apache.maven.surefire.junitplatform.LazyLauncher.execute(LazyLauncher.java:56), org.apache.maven.surefire.junitplatform.JUnitPlatformProvider.execute(JUnitPlatformProvider.java:184), org.apache.maven.surefire.junitplatform.JUnitPlatformProvider.invokeAllTests(JUnitPlatformProvider.java:148), org.apache.maven.surefire.junitplatform.JUnitPlatformProvider.invoke(JUnitPlatformProvider.java:122), org.apache.maven.surefire.booter.ForkedBooter.runSuitesInProcess(ForkedBooter.java:385), org.apache.maven.surefire.booter.ForkedBooter.execute(ForkedBooter.java:162), org.apache.maven.surefire.booter.ForkedBooter.run(ForkedBooter.java:507), org.apache.maven.surefire.booter.ForkedBooter.main(ForkedBooter.java:495)]"
205.0,apache.creadur-rat,org/apache/commons/io/input/XmlStreamReader.java,InputStream_UnmarkedReset,FalseAlarm,"[MSL] Specification InputStream_UnmarkedReset has been violated on line [org.apache.commons.io.input.BOMInputStream.reset(BOMInputStream.java:483), org.apache.commons.io.input.BOMInputStream.reset(BOMInputStream.java:483), org.apache.commons.io.input.XmlStreamReader.getXmlProlog(XmlStreamReader.java:325), org.apache.commons.io.input.XmlStreamReader.processHttpStream(XmlStreamReader.java:890), org.apache.commons.io.input.XmlStreamReader.<init>(XmlStreamReader.java:479), org.apache.commons.io.input.XmlStreamReader.<init>(XmlStreamReader.java:437), org.apache.commons.io.input.XmlStreamReader.<init>(XmlStreamReader.java:401), org.apache.maven.plugin.testing.AbstractMojoTestCase.setUp(AbstractMojoTestCase.java:156), junit.framework.TestCase.runBare(TestCase.java:140), junit.framework.TestResult$1.protect(TestResult.java:122), junit.framework.TestResult.runProtected(TestResult.java:142), junit.framework.TestResult.run(TestResult.java:125), junit.framework.TestCase.run(TestCase.java:130), junit.framework.TestSuite.runTest(TestSuite.java:241), junit.framework.TestSuite.run(TestSuite.java:236), org.junit.internal.runners.JUnit38ClassRunner.run(JUnit38ClassRunner.java:90), org.junit.runner.JUnitCore.run(JUnitCore.java:137), org.junit.runner.JUnitCore.run(JUnitCore.java:115), org.junit.vintage.engine.execution.RunnerExecutor.execute(RunnerExecutor.java:42), org.junit.vintage.engine.VintageTestEngine.executeAllChildren(VintageTestEngine.java:80), org.junit.vintage.engine.VintageTestEngine.execute(VintageTestEngine.java:72), org.junit.platform.launcher.core.EngineExecutionOrchestrator.execute(EngineExecutionOrchestrator.java:198), org.junit.platform.launcher.core.EngineExecutionOrchestrator.execute(EngineExecutionOrchestrator.java:169), org.junit.platform.launcher.core.EngineExecutionOrchestrator.execute(EngineExecutionOrchestrator.java:93), org.junit.platform.launcher.core.EngineExecutionOrchestrator.lambda$execute$0(EngineExecutionOrchestrator.java:58), org.junit.platform.launcher.core.EngineExecutionOrchestrator.withInterceptedStreams(EngineExecutionOrchestrator.java:141), org.junit.platform.launcher.core.EngineExecutionOrchestrator.execute(EngineExecutionOrchestrator.java:57), org.junit.platform.launcher.core.DefaultLauncher.execute(DefaultLauncher.java:103), org.junit.platform.launcher.core.DefaultLauncher.execute(DefaultLauncher.java:85), org.junit.platform.launcher.core.DelegatingLauncher.execute(DelegatingLauncher.java:47), org.apache.maven.surefire.junitplatform.LazyLauncher.execute(LazyLauncher.java:56), org.apache.maven.surefire.junitplatform.JUnitPlatformProvider.execute(JUnitPlatformProvider.java:184), org.apache.maven.surefire.junitplatform.JUnitPlatformProvider.invokeAllTests(JUnitPlatformProvider.java:148), org.apache.maven.surefire.junitplatform.JUnitPlatformProvider.invoke(JUnitPlatformProvider.java:122), org.apache.maven.surefire.booter.ForkedBooter.runSuitesInProcess(ForkedBooter.java:385), org.apache.maven.surefire.booter.ForkedBooter.execute(ForkedBooter.java:162), org.apache.maven.surefire.booter.ForkedBooter.run(ForkedBooter.java:507), org.apache.maven.surefire.booter.ForkedBooter.main(ForkedBooter.java:495)]"
206.0,apache.creadur-rat,org/apache/rat/document/impl/guesser/BinaryGuesserTest.java#L95,Reader_ManipulateAfterClose,Truebug,"[MSL] Specification Reader_ManipulateAfterClose has been violated on line [org.apache.rat.document.impl.guesser.BinaryGuesserTest.binaryWithMalformedInputRAT81(BinaryGuesserTest.java:95), sun.reflect.NativeMethodAccessorImpl.invoke0(Native Method), sun.reflect.NativeMethodAccessorImpl.invoke(NativeMethodAccessorImpl.java:62), sun.reflect.DelegatingMethodAccessorImpl.invoke(DelegatingMethodAccessorImpl.java:43), java.lang.reflect.Method.invoke(Method.java:498), org.junit.platform.commons.util.ReflectionUtils.invokeMethod(ReflectionUtils.java:728), org.junit.jupiter.engine.execution.MethodInvocation.proceed(MethodInvocation.java:60), org.junit.jupiter.engine.execution.InvocationInterceptorChain$ValidatingInvocation.proceed(InvocationInterceptorChain.java:131), org.junit.jupiter.engine.extension.TimeoutExtension.intercept(TimeoutExtension.java:156), org.junit.jupiter.engine.extension.TimeoutExtension.interceptTestableMethod(TimeoutExtension.java:147), org.junit.jupiter.engine.extension.TimeoutExtension.interceptTestMethod(TimeoutExtension.java:86), org.junit.jupiter.engine.execution.InterceptingExecutableInvoker$ReflectiveInterceptorCall.lambda$ofVoidMethod$0(InterceptingExecutableInvoker.java:103), org.junit.jupiter.engine.execution.InterceptingExecutableInvoker.lambda$invoke$0(InterceptingExecutableInvoker.java:93), org.junit.jupiter.engine.execution.InvocationInterceptorChain$InterceptedInvocation.proceed(InvocationInterceptorChain.java:106), org.junit.jupiter.engine.execution.InvocationInterceptorChain.proceed(InvocationInterceptorChain.java:64), org.junit.jupiter.engine.execution.InvocationInterceptorChain.chainAndInvoke(InvocationInterceptorChain.java:45), org.junit.jupiter.engine.execution.InvocationInterceptorChain.invoke(InvocationInterceptorChain.java:37), org.junit.jupiter.engine.execution.InterceptingExecutableInvoker.invoke(InterceptingExecutableInvoker.java:92), org.junit.jupiter.engine.execution.InterceptingExecutableInvoker.invoke(InterceptingExecutableInvoker.java:86), org.junit.jupiter.engine.descriptor.TestMethodTestDescriptor.lambda$invokeTestMethod$7(TestMethodTestDescriptor.java:218), org.junit.platform.engine.support.hierarchical.ThrowableCollector.execute(ThrowableCollector.java:73), org.junit.jupiter.engine.descriptor.TestMethodTestDescriptor.invokeTestMethod(TestMethodTestDescriptor.java:214), org.junit.jupiter.engine.descriptor.TestMethodTestDescriptor.execute(TestMethodTestDescriptor.java:139), org.junit.jupiter.engine.descriptor.TestMethodTestDescriptor.execute(TestMethodTestDescriptor.java:69), org.junit.platform.engine.support.hierarchical.NodeTestTask.lambda$executeRecursively$6(NodeTestTask.java:151), org.junit.platform.engine.support.hierarchical.ThrowableCollector.execute(ThrowableCollector.java:73), org.junit.platform.engine.support.hierarchical.NodeTestTask.lambda$executeRecursively$8(NodeTestTask.java:141), org.junit.platform.engine.support.hierarchical.Node.around(Node.java:137), org.junit.platform.engine.support.hierarchical.NodeTestTask.lambda$executeRecursively$9(NodeTestTask.java:139), org.junit.platform.engine.support.hierarchical.ThrowableCollector.execute(ThrowableCollector.java:73), org.junit.platform.engine.support.hierarchical.NodeTestTask.executeRecursively(NodeTestTask.java:138), org.junit.platform.engine.support.hierarchical.NodeTestTask.execute(NodeTestTask.java:95), java.util.ArrayList.forEach(ArrayList.java:1259), org.junit.platform.engine.support.hierarchical.SameThreadHierarchicalTestExecutorService.invokeAll(SameThreadHierarchicalTestExecutorService.java:41), org.junit.platform.engine.support.hierarchical.NodeTestTask.lambda$executeRecursively$6(NodeTestTask.java:155), org.junit.platform.engine.support.hierarchical.ThrowableCollector.execute(ThrowableCollector.java:73), org.junit.platform.engine.support.hierarchical.NodeTestTask.lambda$executeRecursively$8(NodeTestTask.java:141), org.junit.platform.engine.support.hierarchical.Node.around(Node.java:137), org.junit.platform.engine.support.hierarchical.NodeTestTask.lambda$executeRecursively$9(NodeTestTask.java:139), org.junit.platform.engine.support.hierarchical.ThrowableCollector.execute(ThrowableCollector.java:73), org.junit.platform.engine.support.hierarchical.NodeTestTask.executeRecursively(NodeTestTask.java:138), org.junit.platform.engine.support.hierarchical.NodeTestTask.execute(NodeTestTask.java:95), java.util.ArrayList.forEach(ArrayList.java:1259), org.junit.platform.engine.support.hierarchical.SameThreadHierarchicalTestExecutorService.invokeAll(SameThreadHierarchicalTestExecutorService.java:41), org.junit.platform.engine.support.hierarchical.NodeTestTask.lambda$executeRecursively$6(NodeTestTask.java:155), org.junit.platform.engine.support.hierarchical.ThrowableCollector.execute(ThrowableCollector.java:73), org.junit.platform.engine.support.hierarchical.NodeTestTask.lambda$executeRecursively$8(NodeTestTask.java:141), org.junit.platform.engine.support.hierarchical.Node.around(Node.java:137), org.junit.platform.engine.support.hierarchical.NodeTestTask.lambda$executeRecursively$9(NodeTestTask.java:139), org.junit.platform.engine.support.hierarchical.ThrowableCollector.execute(ThrowableCollector.java:73), org.junit.platform.engine.support.hierarchical.NodeTestTask.executeRecursively(NodeTestTask.java:138), org.junit.platform.engine.support.hierarchical.NodeTestTask.execute(NodeTestTask.java:95), org.junit.platform.engine.support.hierarchical.SameThreadHierarchicalTestExecutorService.submit(SameThreadHierarchicalTestExecutorService.java:35), org.junit.platform.engine.support.hierarchical.HierarchicalTestExecutor.execute(HierarchicalTestExecutor.java:57), org.junit.platform.engine.support.hierarchical.HierarchicalTestEngine.execute(HierarchicalTestEngine.java:54), org.junit.platform.launcher.core.EngineExecutionOrchestrator.execute(EngineExecutionOrchestrator.java:198), org.junit.platform.launcher.core.EngineExecutionOrchestrator.execute(EngineExecutionOrchestrator.java:169), org.junit.platform.launcher.core.EngineExecutionOrchestrator.execute(EngineExecutionOrchestrator.java:93), org.junit.platform.launcher.core.EngineExecutionOrchestrator.lambda$execute$0(EngineExecutionOrchestrator.java:58), org.junit.platform.launcher.core.EngineExecutionOrchestrator.withInterceptedStreams(EngineExecutionOrchestrator.java:141), org.junit.platform.launcher.core.EngineExecutionOrchestrator.execute(EngineExecutionOrchestrator.java:57), org.junit.platform.launcher.core.DefaultLauncher.execute(DefaultLauncher.java:103), org.junit.platform.launcher.core.DefaultLauncher.execute(DefaultLauncher.java:85), org.junit.platform.launcher.core.DelegatingLauncher.execute(DelegatingLauncher.java:47), org.apache.maven.surefire.junitplatform.LazyLauncher.execute(LazyLauncher.java:56), org.apache.maven.surefire.junitplatform.JUnitPlatformProvider.execute(JUnitPlatformProvider.java:184), org.apache.maven.surefire.junitplatform.JUnitPlatformProvider.invokeAllTests(JUnitPlatformProvider.java:148), org.apache.maven.surefire.junitplatform.JUnitPlatformProvider.invoke(JUnitPlatformProvider.java:122), org.apache.maven.surefire.booter.ForkedBooter.runSuitesInProcess(ForkedBooter.java:385), org.apache.maven.surefire.booter.ForkedBooter.execute(ForkedBooter.java:162), org.apache.maven.surefire.booter.ForkedBooter.run(ForkedBooter.java:507), org.apache.maven.surefire.booter.ForkedBooter.main(ForkedBooter.java:495)]"
207.0,apache.creadur-rat,org/apache/rat/walker/DirectoryWalkerTest.java#L48,Writer_ManipulateAfterClose,FalseAlarm,"[MSL] Specification Writer_ManipulateAfterClose has been violated on line [org.apache.rat.walker.DirectoryWalkerTest.walk(DirectoryWalkerTest.java:49), sun.reflect.NativeMethodAccessorImpl.invoke0(Native Method), sun.reflect.NativeMethodAccessorImpl.invoke(NativeMethodAccessorImpl.java:62), sun.reflect.DelegatingMethodAccessorImpl.invoke(DelegatingMethodAccessorImpl.java:43), java.lang.reflect.Method.invoke(Method.java:498), org.junit.platform.commons.util.ReflectionUtils.invokeMethod(ReflectionUtils.java:728), org.junit.jupiter.engine.execution.MethodInvocation.proceed(MethodInvocation.java:60), org.junit.jupiter.engine.execution.InvocationInterceptorChain$ValidatingInvocation.proceed(InvocationInterceptorChain.java:131), org.junit.jupiter.engine.extension.TimeoutExtension.intercept(TimeoutExtension.java:156), org.junit.jupiter.engine.extension.TimeoutExtension.interceptTestableMethod(TimeoutExtension.java:147), org.junit.jupiter.engine.extension.TimeoutExtension.interceptTestMethod(TimeoutExtension.java:86), org.junit.jupiter.engine.execution.InterceptingExecutableInvoker$ReflectiveInterceptorCall.lambda$ofVoidMethod$0(InterceptingExecutableInvoker.java:103), org.junit.jupiter.engine.execution.InterceptingExecutableInvoker.lambda$invoke$0(InterceptingExecutableInvoker.java:93), org.junit.jupiter.engine.execution.InvocationInterceptorChain$InterceptedInvocation.proceed(InvocationInterceptorChain.java:106), org.junit.jupiter.engine.execution.InvocationInterceptorChain.proceed(InvocationInterceptorChain.java:64), org.junit.jupiter.engine.execution.InvocationInterceptorChain.chainAndInvoke(InvocationInterceptorChain.java:45), org.junit.jupiter.engine.execution.InvocationInterceptorChain.invoke(InvocationInterceptorChain.java:37), org.junit.jupiter.engine.execution.InterceptingExecutableInvoker.invoke(InterceptingExecutableInvoker.java:92), org.junit.jupiter.engine.execution.InterceptingExecutableInvoker.invoke(InterceptingExecutableInvoker.java:86), org.junit.jupiter.engine.descriptor.TestMethodTestDescriptor.lambda$invokeTestMethod$7(TestMethodTestDescriptor.java:218), org.junit.platform.engine.support.hierarchical.ThrowableCollector.execute(ThrowableCollector.java:73), org.junit.jupiter.engine.descriptor.TestMethodTestDescriptor.invokeTestMethod(TestMethodTestDescriptor.java:214), org.junit.jupiter.engine.descriptor.TestMethodTestDescriptor.execute(TestMethodTestDescriptor.java:139), org.junit.jupiter.engine.descriptor.TestMethodTestDescriptor.execute(TestMethodTestDescriptor.java:69), org.junit.platform.engine.support.hierarchical.NodeTestTask.lambda$executeRecursively$6(NodeTestTask.java:151), org.junit.platform.engine.support.hierarchical.ThrowableCollector.execute(ThrowableCollector.java:73), org.junit.platform.engine.support.hierarchical.NodeTestTask.lambda$executeRecursively$8(NodeTestTask.java:141), org.junit.platform.engine.support.hierarchical.Node.around(Node.java:137), org.junit.platform.engine.support.hierarchical.NodeTestTask.lambda$executeRecursively$9(NodeTestTask.java:139), org.junit.platform.engine.support.hierarchical.ThrowableCollector.execute(ThrowableCollector.java:73), org.junit.platform.engine.support.hierarchical.NodeTestTask.executeRecursively(NodeTestTask.java:138), org.junit.platform.engine.support.hierarchical.NodeTestTask.execute(NodeTestTask.java:95), java.util.ArrayList.forEach(ArrayList.java:1259), org.junit.platform.engine.support.hierarchical.SameThreadHierarchicalTestExecutorService.invokeAll(SameThreadHierarchicalTestExecutorService.java:41), org.junit.platform.engine.support.hierarchical.NodeTestTask.lambda$executeRecursively$6(NodeTestTask.java:155), org.junit.platform.engine.support.hierarchical.ThrowableCollector.execute(ThrowableCollector.java:73), org.junit.platform.engine.support.hierarchical.NodeTestTask.lambda$executeRecursively$8(NodeTestTask.java:141), org.junit.platform.engine.support.hierarchical.Node.around(Node.java:137), org.junit.platform.engine.support.hierarchical.NodeTestTask.lambda$executeRecursively$9(NodeTestTask.java:139), org.junit.platform.engine.support.hierarchical.ThrowableCollector.execute(ThrowableCollector.java:73), org.junit.platform.engine.support.hierarchical.NodeTestTask.executeRecursively(NodeTestTask.java:138), org.junit.platform.engine.support.hierarchical.NodeTestTask.execute(NodeTestTask.java:95), java.util.ArrayList.forEach(ArrayList.java:1259), org.junit.platform.engine.support.hierarchical.SameThreadHierarchicalTestExecutorService.invokeAll(SameThreadHierarchicalTestExecutorService.java:41), org.junit.platform.engine.support.hierarchical.NodeTestTask.lambda$executeRecursively$6(NodeTestTask.java:155), org.junit.platform.engine.support.hierarchical.ThrowableCollector.execute(ThrowableCollector.java:73), org.junit.platform.engine.support.hierarchical.NodeTestTask.lambda$executeRecursively$8(NodeTestTask.java:141), org.junit.platform.engine.support.hierarchical.Node.around(Node.java:137), org.junit.platform.engine.support.hierarchical.NodeTestTask.lambda$executeRecursively$9(NodeTestTask.java:139), org.junit.platform.engine.support.hierarchical.ThrowableCollector.execute(ThrowableCollector.java:73), org.junit.platform.engine.support.hierarchical.NodeTestTask.executeRecursively(NodeTestTask.java:138), org.junit.platform.engine.support.hierarchical.NodeTestTask.execute(NodeTestTask.java:95), org.junit.platform.engine.support.hierarchical.SameThreadHierarchicalTestExecutorService.submit(SameThreadHierarchicalTestExecutorService.java:35), org.junit.platform.engine.support.hierarchical.HierarchicalTestExecutor.execute(HierarchicalTestExecutor.java:57), org.junit.platform.engine.support.hierarchical.HierarchicalTestEngine.execute(HierarchicalTestEngine.java:54), org.junit.platform.launcher.core.EngineExecutionOrchestrator.execute(EngineExecutionOrchestrator.java:198), org.junit.platform.launcher.core.EngineExecutionOrchestrator.execute(EngineExecutionOrchestrator.java:169), org.junit.platform.launcher.core.EngineExecutionOrchestrator.execute(EngineExecutionOrchestrator.java:93), org.junit.platform.launcher.core.EngineExecutionOrchestrator.lambda$execute$0(EngineExecutionOrchestrator.java:58), org.junit.platform.launcher.core.EngineExecutionOrchestrator.withInterceptedStreams(EngineExecutionOrchestrator.java:141), org.junit.platform.launcher.core.EngineExecutionOrchestrator.execute(EngineExecutionOrchestrator.java:57), org.junit.platform.launcher.core.DefaultLauncher.execute(DefaultLauncher.java:103), org.junit.platform.launcher.core.DefaultLauncher.execute(DefaultLauncher.java:85), org.junit.platform.launcher.core.DelegatingLauncher.execute(DelegatingLauncher.java:47), org.apache.maven.surefire.junitplatform.LazyLauncher.execute(LazyLauncher.java:56), org.apache.maven.surefire.junitplatform.JUnitPlatformProvider.execute(JUnitPlatformProvider.java:184), org.apache.maven.surefire.junitplatform.JUnitPlatformProvider.invokeAllTests(JUnitPlatformProvider.java:148), org.apache.maven.surefire.junitplatform.JUnitPlatformProvider.invoke(JUnitPlatformProvider.java:122), org.apache.maven.surefire.booter.ForkedBooter.runSuitesInProcess(ForkedBooter.java:385), org.apache.maven.surefire.booter.ForkedBooter.execute(ForkedBooter.java:162), org.apache.maven.surefire.booter.ForkedBooter.run(ForkedBooter.java:507), org.apache.maven.surefire.booter.ForkedBooter.main(ForkedBooter.java:495)]"
208.0,com.greplin.zookeeper,com/greplin/zookeeper/RegressionTest1.java:19,Socket_Timeout,Truebug,"[MSL] Specification Socket_Timeout has been violated on line [com.greplin.zookeeper.RegressionTest1.test687(RegressionTest1.java:19), sun.reflect.NativeMethodAccessorImpl.invoke0(Native Method), sun.reflect.NativeMethodAccessorImpl.invoke(NativeMethodAccessorImpl.java:62), sun.reflect.DelegatingMethodAccessorImpl.invoke(DelegatingMethodAccessorImpl.java:43), java.lang.reflect.Method.invoke(Method.java:498), org.junit.runners.model.FrameworkMethod$1.runReflectiveCall(FrameworkMethod.java:50), org.junit.internal.runners.model.ReflectiveCallable.run(ReflectiveCallable.java:12), org.junit.runners.model.FrameworkMethod.invokeExplosively(FrameworkMethod.java:47), org.junit.internal.runners.statements.InvokeMethod.evaluate(InvokeMethod.java:17), org.junit.runners.ParentRunner.runLeaf(ParentRunner.java:325), org.junit.runners.BlockJUnit4ClassRunner.runChild(BlockJUnit4ClassRunner.java:78), org.junit.runners.BlockJUnit4ClassRunner.runChild(BlockJUnit4ClassRunner.java:57), org.junit.runners.ParentRunner$3.run(ParentRunner.java:290), org.junit.runners.ParentRunner$1.schedule(ParentRunner.java:71), org.junit.runners.ParentRunner.runChildren(ParentRunner.java:288), org.junit.runners.ParentRunner.access$000(ParentRunner.java:58), org.junit.runners.ParentRunner$2.evaluate(ParentRunner.java:268), org.junit.runners.ParentRunner.run(ParentRunner.java:363), org.junit.runners.Suite.runChild(Suite.java:128), org.junit.runners.Suite.runChild(Suite.java:27), org.junit.runners.ParentRunner$3.run(ParentRunner.java:290), org.junit.runners.ParentRunner$1.schedule(ParentRunner.java:71), org.junit.runners.ParentRunner.runChildren(ParentRunner.java:288), org.junit.runners.ParentRunner.access$000(ParentRunner.java:58), org.junit.runners.ParentRunner$2.evaluate(ParentRunner.java:268), org.junit.runners.ParentRunner.run(ParentRunner.java:363), org.apache.maven.surefire.junit4.JUnit4Provider.execute(JUnit4Provider.java:316), org.apache.maven.surefire.junit4.JUnit4Provider.executeWithRerun(JUnit4Provider.java:240), org.apache.maven.surefire.junit4.JUnit4Provider.executeTestSet(JUnit4Provider.java:214), org.apache.maven.surefire.junit4.JUnit4Provider.invoke(JUnit4Provider.java:155), org.apache.maven.surefire.booter.ForkedBooter.runSuitesInProcess(ForkedBooter.java:385), org.apache.maven.surefire.booter.ForkedBooter.execute(ForkedBooter.java:162), org.apache.maven.surefire.booter.ForkedBooter.run(ForkedBooter.java:507), org.apache.maven.surefire.booter.ForkedBooter.main(ForkedBooter.java:495)]"
209.0,com.greplin.zookeeper,org/apache/zookeeper/server/persistence/Util.java#L256,ByteArrayOutputStream_FlushBeforeRetrieve,Truebug,"[MSL] Specification ByteArrayOutputStream_FlushBeforeRetrieve has been violated on line [org.apache.zookeeper.server.persistence.Util.marshallTxnEntry(Util.java:265), org.apache.zookeeper.server.persistence.FileTxnLog.append(FileTxnLog.java:216), org.apache.zookeeper.server.persistence.FileTxnSnapLog.append(FileTxnSnapLog.java:314), org.apache.zookeeper.server.ZKDatabase.append(ZKDatabase.java:476), org.apache.zookeeper.server.SyncRequestProcessor.run(SyncRequestProcessor.java:110)]'."
210.0,com.greplin.zookeeper,com/greplin/zookeeper/RegressionTest1.java:34,ByteArrayOutputStream_FlushBeforeRetrieve,Truebug,"[MSL] Specification ByteArrayOutputStream_FlushBeforeRetrieve has been violated on line [com.greplin.zookeeper.RegressionTest1.test786(RegressionTest1.java:34), sun.reflect.NativeMethodAccessorImpl.invoke0(Native Method), sun.reflect.NativeMethodAccessorImpl.invoke(NativeMethodAccessorImpl.java:62), sun.reflect.DelegatingMethodAccessorImpl.invoke(DelegatingMethodAccessorImpl.java:43), java.lang.reflect.Method.invoke(Method.java:498), org.junit.runners.model.FrameworkMethod$1.runReflectiveCall(FrameworkMethod.java:50), org.junit.internal.runners.model.ReflectiveCallable.run(ReflectiveCallable.java:12), org.junit.runners.model.FrameworkMethod.invokeExplosively(FrameworkMethod.java:47), org.junit.internal.runners.statements.InvokeMethod.evaluate(InvokeMethod.java:17), org.junit.runners.ParentRunner.runLeaf(ParentRunner.java:325), org.junit.runners.BlockJUnit4ClassRunner.runChild(BlockJUnit4ClassRunner.java:78), org.junit.runners.BlockJUnit4ClassRunner.runChild(BlockJUnit4ClassRunner.java:57), org.junit.runners.ParentRunner$3.run(ParentRunner.java:290), org.junit.runners.ParentRunner$1.schedule(ParentRunner.java:71), org.junit.runners.ParentRunner.runChildren(ParentRunner.java:288), org.junit.runners.ParentRunner.access$000(ParentRunner.java:58), org.junit.runners.ParentRunner$2.evaluate(ParentRunner.java:268), org.junit.runners.ParentRunner.run(ParentRunner.java:363), org.junit.runners.Suite.runChild(Suite.java:128), org.junit.runners.Suite.runChild(Suite.java:27), org.junit.runners.ParentRunner$3.run(ParentRunner.java:290), org.junit.runners.ParentRunner$1.schedule(ParentRunner.java:71), org.junit.runners.ParentRunner.runChildren(ParentRunner.java:288), org.junit.runners.ParentRunner.access$000(ParentRunner.java:58), org.junit.runners.ParentRunner$2.evaluate(ParentRunner.java:268), org.junit.runners.ParentRunner.run(ParentRunner.java:363), org.apache.maven.surefire.junit4.JUnit4Provider.execute(JUnit4Provider.java:316), org.apache.maven.surefire.junit4.JUnit4Provider.executeWithRerun(JUnit4Provider.java:240), org.apache.maven.surefire.junit4.JUnit4Provider.executeTestSet(JUnit4Provider.java:214), org.apache.maven.surefire.junit4.JUnit4Provider.invoke(JUnit4Provider.java:155), org.apache.maven.surefire.booter.ForkedBooter.runSuitesInProcess(ForkedBooter.java:385), org.apache.maven.surefire.booter.ForkedBooter.execute(ForkedBooter.java:162), org.apache.maven.surefire.booter.ForkedBooter.run(ForkedBooter.java:507), org.apache.maven.surefire.booter.ForkedBooter.main(ForkedBooter.java:495)]'."
211.0,com.greplin.zookeeper,org/apache/zookeeper/server/NIOServerCnxn.java,ByteArrayOutputStream_FlushBeforeRetrieve,FalseAlarm,"[MSL] Specification ByteArrayOutputStream_FlushBeforeRetrieve has been violated on line [org.objectweb.asm.ClassReader.readStream(ClassReader.java:329), org.objectweb.asm.ClassReader.<init>(ClassReader.java:287), org.apache.zookeeper.server.NIOServerCnxn.closeSock(NIOServerCnxn.java:1029), org.apache.zookeeper.server.NIOServerCnxn.close(NIOServerCnxn.java:978), org.apache.zookeeper.server.NIOServerCnxn.doIO(NIOServerCnxn.java:347), org.apache.zookeeper.server.NIOServerCnxnFactory.run(NIOServerCnxnFactory.java:208), java.lang.Thread.run(Thread.java:750)]'."
212.0,com.greplin.zookeeper,org/apache/zookeeper/server/ZooKeeperServer.java#L1175,ByteArrayOutputStream_FlushBeforeRetrieve,FalseAlarm,"[MSL] Specification ByteArrayOutputStream_FlushBeforeRetrieve has been violated on line [org.objectweb.asm.ClassReader.readStream(ClassReader.java:329), org.objectweb.asm.ClassReader.<init>(ClassReader.java:287), org.apache.zookeeper.server.ZooKeeperServer.finishSessionInit(ZooKeeperServer.java:582), org.apache.zookeeper.server.FinalRequestProcessor.processRequest(FinalRequestProcessor.java:181), org.apache.zookeeper.server.SyncRequestProcessor.flush(SyncRequestProcessor.java:167), org.apache.zookeeper.server.SyncRequestProcessor.run(SyncRequestProcessor.java:101)]'."
213.0,com.greplin.zookeeper,com/greplin/zookeeper/RegressionTest1.java,Closeable_MultipleClose,Truebug,"[MSL] Specification Closeable_MultipleClose has been violated on line [com.greplin.zookeeper.RegressionTest1.test787(RegressionTest1.java:42), sun.reflect.NativeMethodAccessorImpl.invoke0(Native Method), sun.reflect.NativeMethodAccessorImpl.invoke(NativeMethodAccessorImpl.java:62), sun.reflect.DelegatingMethodAccessorImpl.invoke(DelegatingMethodAccessorImpl.java:43), java.lang.reflect.Method.invoke(Method.java:498), org.junit.runners.model.FrameworkMethod$1.runReflectiveCall(FrameworkMethod.java:50), org.junit.internal.runners.model.ReflectiveCallable.run(ReflectiveCallable.java:12), org.junit.runners.model.FrameworkMethod.invokeExplosively(FrameworkMethod.java:47), org.junit.internal.runners.statements.InvokeMethod.evaluate(InvokeMethod.java:17), org.junit.runners.ParentRunner.runLeaf(ParentRunner.java:325), org.junit.runners.BlockJUnit4ClassRunner.runChild(BlockJUnit4ClassRunner.java:78), org.junit.runners.BlockJUnit4ClassRunner.runChild(BlockJUnit4ClassRunner.java:57), org.junit.runners.ParentRunner$3.run(ParentRunner.java:290), org.junit.runners.ParentRunner$1.schedule(ParentRunner.java:71), org.junit.runners.ParentRunner.runChildren(ParentRunner.java:288), org.junit.runners.ParentRunner.access$000(ParentRunner.java:58), org.junit.runners.ParentRunner$2.evaluate(ParentRunner.java:268), org.junit.runners.ParentRunner.run(ParentRunner.java:363), org.junit.runners.Suite.runChild(Suite.java:128), org.junit.runners.Suite.runChild(Suite.java:27), org.junit.runners.ParentRunner$3.run(ParentRunner.java:290), org.junit.runners.ParentRunner$1.schedule(ParentRunner.java:71), org.junit.runners.ParentRunner.runChildren(ParentRunner.java:288), org.junit.runners.ParentRunner.access$000(ParentRunner.java:58), org.junit.runners.ParentRunner$2.evaluate(ParentRunner.java:268), org.junit.runners.ParentRunner.run(ParentRunner.java:363), org.apache.maven.surefire.junit4.JUnit4Provider.execute(JUnit4Provider.java:316), org.apache.maven.surefire.junit4.JUnit4Provider.executeWithRerun(JUnit4Provider.java:240), org.apache.maven.surefire.junit4.JUnit4Provider.executeTestSet(JUnit4Provider.java:214), org.apache.maven.surefire.junit4.JUnit4Provider.invoke(JUnit4Provider.java:155), org.apache.maven.surefire.booter.ForkedBooter.runSuitesInProcess(ForkedBooter.java:385), org.apache.maven.surefire.booter.ForkedBooter.execute(ForkedBooter.java:162), org.apache.maven.surefire.booter.ForkedBooter.run(ForkedBooter.java:507), org.apache.maven.surefire.booter.ForkedBooter.main(ForkedBooter.java:495)]"
214.0,com.greplin.zookeeper,org/apache/zookeeper/server/quorum/QuorumPeerConfig.java#L238,Dictionary_Obsolete,FalseAlarm,"[MSL] Specification Dictionary_Obsolete has been violated on line [org.apache.zookeeper.server.quorum.QuorumPeerConfig.parseProperties(QuorumPeerConfig.java:135), com.greplin.zookeeper.EmbeddedZookeeperServer.<init>(EmbeddedZookeeperServer.java:87), com.greplin.zookeeper.EmbeddedZookeeperServer$Builder.build(EmbeddedZookeeperServer.java:228), com.greplin.zookeeper.RegressionTest0.test0042(RegressionTest0.java:686), sun.reflect.NativeMethodAccessorImpl.invoke0(Native Method), sun.reflect.NativeMethodAccessorImpl.invoke(NativeMethodAccessorImpl.java:62), sun.reflect.DelegatingMethodAccessorImpl.invoke(DelegatingMethodAccessorImpl.java:43), java.lang.reflect.Method.invoke(Method.java:498), org.junit.runners.model.FrameworkMethod$1.runReflectiveCall(FrameworkMethod.java:50), org.junit.internal.runners.model.ReflectiveCallable.run(ReflectiveCallable.java:12), org.junit.runners.model.FrameworkMethod.invokeExplosively(FrameworkMethod.java:47), org.junit.internal.runners.statements.InvokeMethod.evaluate(InvokeMethod.java:17), org.junit.runners.ParentRunner.runLeaf(ParentRunner.java:325), org.junit.runners.BlockJUnit4ClassRunner.runChild(BlockJUnit4ClassRunner.java:78), org.junit.runners.BlockJUnit4ClassRunner.runChild(BlockJUnit4ClassRunner.java:57), org.junit.runners.ParentRunner$3.run(ParentRunner.java:290), org.junit.runners.ParentRunner$1.schedule(ParentRunner.java:71), org.junit.runners.ParentRunner.runChildren(ParentRunner.java:288), org.junit.runners.ParentRunner.access$000(ParentRunner.java:58), org.junit.runners.ParentRunner$2.evaluate(ParentRunner.java:268), org.junit.runners.ParentRunner.run(ParentRunner.java:363), org.junit.runners.Suite.runChild(Suite.java:128), org.junit.runners.Suite.runChild(Suite.java:27), org.junit.runners.ParentRunner$3.run(ParentRunner.java:290), org.junit.runners.ParentRunner$1.schedule(ParentRunner.java:71), org.junit.runners.ParentRunner.runChildren(ParentRunner.java:288), org.junit.runners.ParentRunner.access$000(ParentRunner.java:58), org.junit.runners.ParentRunner$2.evaluate(ParentRunner.java:268), org.junit.runners.ParentRunner.run(ParentRunner.java:363), org.apache.maven.surefire.junit4.JUnit4Provider.execute(JUnit4Provider.java:316), org.apache.maven.surefire.junit4.JUnit4Provider.executeWithRerun(JUnit4Provider.java:240), org.apache.maven.surefire.junit4.JUnit4Provider.executeTestSet(JUnit4Provider.java:214), org.apache.maven.surefire.junit4.JUnit4Provider.invoke(JUnit4Provider.java:155), org.apache.maven.surefire.booter.ForkedBooter.runSuitesInProcess(ForkedBooter.java:385), org.apache.maven.surefire.booter.ForkedBooter.execute(ForkedBooter.java:162), org.apache.maven.surefire.booter.ForkedBooter.run(ForkedBooter.java:507), org.apache.maven.surefire.booter.ForkedBooter.main(ForkedBooter.java:495)]'."
215.0,com.greplin.zookeeper,org/apache/logging/log4j/core/appender/ConsoleAppender.java#L242,Enum_UserFriendlyName,Truebug,"[MSL] Specification Enum_UserFriendlyName has been violated on line [org.apache.logging.log4j.core.appender.ConsoleAppender.getDefaultManager(ConsoleAppender.java:242), org.apache.logging.log4j.core.appender.ConsoleAppender.createDefaultAppenderForLayout(ConsoleAppender.java:183), org.apache.logging.log4j.core.config.AbstractConfiguration.setToDefault(AbstractConfiguration.java:746), org.apache.logging.log4j.core.config.DefaultConfiguration.<init>(DefaultConfiguration.java:47), org.apache.logging.log4j.core.LoggerContext.<init>(LoggerContext.java:84), org.apache.logging.log4j.core.selector.ClassLoaderContextSelector.createContext(ClassLoaderContextSelector.java:254), org.apache.logging.log4j.core.selector.ClassLoaderContextSelector.locateContext(ClassLoaderContextSelector.java:218), org.apache.logging.log4j.core.selector.ClassLoaderContextSelector.getContext(ClassLoaderContextSelector.java:136), org.apache.logging.log4j.core.selector.ClassLoaderContextSelector.getContext(ClassLoaderContextSelector.java:123), org.apache.logging.log4j.core.selector.ClassLoaderContextSelector.getContext(ClassLoaderContextSelector.java:117), org.apache.logging.log4j.core.impl.Log4jContextFactory.getContext(Log4jContextFactory.java:150), org.apache.logging.log4j.core.impl.Log4jContextFactory.getContext(Log4jContextFactory.java:47), org.apache.logging.log4j.LogManager.getContext(LogManager.java:196), org.apache.logging.log4j.spi.AbstractLoggerAdapter.getContext(AbstractLoggerAdapter.java:137), org.apache.logging.slf4j.Log4jLoggerFactory.getContext(Log4jLoggerFactory.java:61), org.apache.logging.log4j.spi.AbstractLoggerAdapter.getLogger(AbstractLoggerAdapter.java:47), org.apache.logging.slf4j.Log4jLoggerFactory.getLogger(Log4jLoggerFactory.java:33), org.slf4j.LoggerFactory.getLogger(LoggerFactory.java:363), org.slf4j.LoggerFactory.getLogger(LoggerFactory.java:388), com.greplin.zookeeper.RobustZooKeeper.<clinit>(RobustZooKeeper.java:52), com.greplin.zookeeper.RegressionTest0.test0004(RegressionTest0.java:44), sun.reflect.NativeMethodAccessorImpl.invoke0(Native Method), sun.reflect.NativeMethodAccessorImpl.invoke(NativeMethodAccessorImpl.java:62), sun.reflect.DelegatingMethodAccessorImpl.invoke(DelegatingMethodAccessorImpl.java:43), java.lang.reflect.Method.invoke(Method.java:498), org.junit.runners.model.FrameworkMethod$1.runReflectiveCall(FrameworkMethod.java:50), org.junit.internal.runners.model.ReflectiveCallable.run(ReflectiveCallable.java:12), org.junit.runners.model.FrameworkMethod.invokeExplosively(FrameworkMethod.java:47), org.junit.internal.runners.statements.InvokeMethod.evaluate(InvokeMethod.java:17), org.junit.runners.ParentRunner.runLeaf(ParentRunner.java:325), org.junit.runners.BlockJUnit4ClassRunner.runChild(BlockJUnit4ClassRunner.java:78), org.junit.runners.BlockJUnit4ClassRunner.runChild(BlockJUnit4ClassRunner.java:57), org.junit.runners.ParentRunner$3.run(ParentRunner.java:290), org.junit.runners.ParentRunner$1.schedule(ParentRunner.java:71), org.junit.runners.ParentRunner.runChildren(ParentRunner.java:288), org.junit.runners.ParentRunner.access$000(ParentRunner.java:58), org.junit.runners.ParentRunner$2.evaluate(ParentRunner.java:268), org.junit.runners.ParentRunner.run(ParentRunner.java:363), org.junit.runners.Suite.runChild(Suite.java:128), org.junit.runners.Suite.runChild(Suite.java:27), org.junit.runners.ParentRunner$3.run(ParentRunner.java:290), org.junit.runners.ParentRunner$1.schedule(ParentRunner.java:71), org.junit.runners.ParentRunner.runChildren(ParentRunner.java:288), org.junit.runners.ParentRunner.access$000(ParentRunner.java:58), org.junit.runners.ParentRunner$2.evaluate(ParentRunner.java:268), org.junit.runners.ParentRunner.run(ParentRunner.java:363), org.apache.maven.surefire.junit4.JUnit4Provider.execute(JUnit4Provider.java:316), org.apache.maven.surefire.junit4.JUnit4Provider.executeWithRerun(JUnit4Provider.java:240), org.apache.maven.surefire.junit4.JUnit4Provider.executeTestSet(JUnit4Provider.java:214), org.apache.maven.surefire.junit4.JUnit4Provider.invoke(JUnit4Provider.java:155), org.apache.maven.surefire.booter.ForkedBooter.runSuitesInProcess(ForkedBooter.java:385), org.apache.maven.surefire.booter.ForkedBooter.execute(ForkedBooter.java:162), org.apache.maven.surefire.booter.ForkedBooter.run(ForkedBooter.java:507), org.apache.maven.surefire.booter.ForkedBooter.main(ForkedBooter.java:495)]'."
216.0,com.greplin.zookeeper,org/apache/logging/log4j/core/async/ThreadNameCachingStrategy.java#L61,Enum_UserFriendlyName,Truebug,"[MSL] Specification Enum_UserFriendlyName has been violated on line [org.apache.logging.log4j.core.async.ThreadNameCachingStrategy.create(ThreadNameCachingStrategy.java:60), org.apache.logging.log4j.core.impl.ReusableLogEventFactory.<clinit>(ReusableLogEventFactory.java:38), org.apache.logging.log4j.core.config.LoggerConfig.<clinit>(LoggerConfig.java:101), org.apache.logging.log4j.core.config.AbstractConfiguration.<init>(AbstractConfiguration.java:138), org.apache.logging.log4j.core.config.NullConfiguration.<init>(NullConfiguration.java:32), org.apache.logging.log4j.core.LoggerContext.<clinit>(LoggerContext.java:74), org.apache.logging.log4j.core.selector.ClassLoaderContextSelector.createContext(ClassLoaderContextSelector.java:254), org.apache.logging.log4j.core.selector.ClassLoaderContextSelector.locateContext(ClassLoaderContextSelector.java:218), org.apache.logging.log4j.core.selector.ClassLoaderContextSelector.getContext(ClassLoaderContextSelector.java:136), org.apache.logging.log4j.core.selector.ClassLoaderContextSelector.getContext(ClassLoaderContextSelector.java:123), org.apache.logging.log4j.core.selector.ClassLoaderContextSelector.getContext(ClassLoaderContextSelector.java:117), org.apache.logging.log4j.core.impl.Log4jContextFactory.getContext(Log4jContextFactory.java:150), org.apache.logging.log4j.core.impl.Log4jContextFactory.getContext(Log4jContextFactory.java:47), org.apache.logging.log4j.LogManager.getContext(LogManager.java:196), org.apache.logging.log4j.spi.AbstractLoggerAdapter.getContext(AbstractLoggerAdapter.java:137), org.apache.logging.slf4j.Log4jLoggerFactory.getContext(Log4jLoggerFactory.java:61), org.apache.logging.log4j.spi.AbstractLoggerAdapter.getLogger(AbstractLoggerAdapter.java:47), org.apache.logging.slf4j.Log4jLoggerFactory.getLogger(Log4jLoggerFactory.java:33), org.slf4j.LoggerFactory.getLogger(LoggerFactory.java:363), org.slf4j.LoggerFactory.getLogger(LoggerFactory.java:388), com.greplin.zookeeper.RobustZooKeeper.<clinit>(RobustZooKeeper.java:52), com.greplin.zookeeper.RegressionTest0.test0004(RegressionTest0.java:44), sun.reflect.NativeMethodAccessorImpl.invoke0(Native Method), sun.reflect.NativeMethodAccessorImpl.invoke(NativeMethodAccessorImpl.java:62), sun.reflect.DelegatingMethodAccessorImpl.invoke(DelegatingMethodAccessorImpl.java:43), java.lang.reflect.Method.invoke(Method.java:498), org.junit.runners.model.FrameworkMethod$1.runReflectiveCall(FrameworkMethod.java:50), org.junit.internal.runners.model.ReflectiveCallable.run(ReflectiveCallable.java:12), org.junit.runners.model.FrameworkMethod.invokeExplosively(FrameworkMethod.java:47), org.junit.internal.runners.statements.InvokeMethod.evaluate(InvokeMethod.java:17), org.junit.runners.ParentRunner.runLeaf(ParentRunner.java:325), org.junit.runners.BlockJUnit4ClassRunner.runChild(BlockJUnit4ClassRunner.java:78), org.junit.runners.BlockJUnit4ClassRunner.runChild(BlockJUnit4ClassRunner.java:57), org.junit.runners.ParentRunner$3.run(ParentRunner.java:290), org.junit.runners.ParentRunner$1.schedule(ParentRunner.java:71), org.junit.runners.ParentRunner.runChildren(ParentRunner.java:288), org.junit.runners.ParentRunner.access$000(ParentRunner.java:58), org.junit.runners.ParentRunner$2.evaluate(ParentRunner.java:268), org.junit.runners.ParentRunner.run(ParentRunner.java:363), org.junit.runners.Suite.runChild(Suite.java:128), org.junit.runners.Suite.runChild(Suite.java:27), org.junit.runners.ParentRunner$3.run(ParentRunner.java:290), org.junit.runners.ParentRunner$1.schedule(ParentRunner.java:71), org.junit.runners.ParentRunner.runChildren(ParentRunner.java:288), org.junit.runners.ParentRunner.access$000(ParentRunner.java:58), org.junit.runners.ParentRunner$2.evaluate(ParentRunner.java:268), org.junit.runners.ParentRunner.run(ParentRunner.java:363), org.apache.maven.surefire.junit4.JUnit4Provider.execute(JUnit4Provider.java:316), org.apache.maven.surefire.junit4.JUnit4Provider.executeWithRerun(JUnit4Provider.java:240), org.apache.maven.surefire.junit4.JUnit4Provider.executeTestSet(JUnit4Provider.java:214), org.apache.maven.surefire.junit4.JUnit4Provider.invoke(JUnit4Provider.java:155), org.apache.maven.surefire.booter.ForkedBooter.runSuitesInProcess(ForkedBooter.java:385), org.apache.maven.surefire.booter.ForkedBooter.execute(ForkedBooter.java:162), org.apache.maven.surefire.booter.ForkedBooter.run(ForkedBooter.java:507), org.apache.maven.surefire.booter.ForkedBooter.main(ForkedBooter.java:495)]'."
217.0,com.greplin.zookeeper,org/apache/logging/log4j/core/util/datetime/FixedDateFormat.java#L227,Enum_UserFriendlyName,Truebug,"[MSL] Specification Enum_UserFriendlyName has been violated on line [org.apache.logging.log4j.core.util.datetime.FixedDateFormat$FixedFormat.lookup(FixedDateFormat.java:208), org.apache.logging.log4j.core.util.datetime.FixedDateFormat.createIfSupported(FixedDateFormat.java:473), org.apache.logging.log4j.core.pattern.DatePatternConverter.createFormatter(DatePatternConverter.java:209), org.apache.logging.log4j.core.pattern.DatePatternConverter.<init>(DatePatternConverter.java:198), org.apache.logging.log4j.core.pattern.DatePatternConverter.newInstance(DatePatternConverter.java:223), sun.reflect.NativeMethodAccessorImpl.invoke0(Native Method), sun.reflect.NativeMethodAccessorImpl.invoke(NativeMethodAccessorImpl.java:62), sun.reflect.DelegatingMethodAccessorImpl.invoke(DelegatingMethodAccessorImpl.java:43), java.lang.reflect.Method.invoke(Method.java:498), org.apache.logging.log4j.core.pattern.PatternParser.createConverter(PatternParser.java:590), org.apache.logging.log4j.core.pattern.PatternParser.finalizeConverter(PatternParser.java:657), org.apache.logging.log4j.core.pattern.PatternParser.parse(PatternParser.java:420), org.apache.logging.log4j.core.pattern.PatternParser.parse(PatternParser.java:177), org.apache.logging.log4j.core.layout.PatternLayout$SerializerBuilder.build(PatternLayout.java:473), org.apache.logging.log4j.core.layout.PatternLayout.<init>(PatternLayout.java:139), org.apache.logging.log4j.core.layout.PatternLayout.<init>(PatternLayout.java:60), org.apache.logging.log4j.core.layout.PatternLayout$Builder.build(PatternLayout.java:766), org.apache.logging.log4j.core.config.AbstractConfiguration.setToDefault(AbstractConfiguration.java:745), org.apache.logging.log4j.core.config.DefaultConfiguration.<init>(DefaultConfiguration.java:47), org.apache.logging.log4j.core.config.ConfigurationFactory$Factory.getConfiguration(ConfigurationFactory.java:470), org.apache.logging.log4j.core.config.ConfigurationFactory.getConfiguration(ConfigurationFactory.java:318), org.apache.logging.log4j.core.LoggerContext.reconfigure(LoggerContext.java:690), org.apache.logging.log4j.core.LoggerContext.reconfigure(LoggerContext.java:711), org.apache.logging.log4j.core.LoggerContext.start(LoggerContext.java:253), org.apache.logging.log4j.core.impl.Log4jContextFactory.getContext(Log4jContextFactory.java:155), org.apache.logging.log4j.core.impl.Log4jContextFactory.getContext(Log4jContextFactory.java:47), org.apache.logging.log4j.LogManager.getContext(LogManager.java:196), org.apache.logging.log4j.spi.AbstractLoggerAdapter.getContext(AbstractLoggerAdapter.java:137), org.apache.logging.slf4j.Log4jLoggerFactory.getContext(Log4jLoggerFactory.java:61), org.apache.logging.log4j.spi.AbstractLoggerAdapter.getLogger(AbstractLoggerAdapter.java:47), org.apache.logging.slf4j.Log4jLoggerFactory.getLogger(Log4jLoggerFactory.java:33), org.slf4j.LoggerFactory.getLogger(LoggerFactory.java:363), org.slf4j.LoggerFactory.getLogger(LoggerFactory.java:388), com.greplin.zookeeper.RobustZooKeeper.<clinit>(RobustZooKeeper.java:52), com.greplin.zookeeper.RegressionTest0.test0004(RegressionTest0.java:44), sun.reflect.NativeMethodAccessorImpl.invoke0(Native Method), sun.reflect.NativeMethodAccessorImpl.invoke(NativeMethodAccessorImpl.java:62), sun.reflect.DelegatingMethodAccessorImpl.invoke(DelegatingMethodAccessorImpl.java:43), java.lang.reflect.Method.invoke(Method.java:498), org.junit.runners.model.FrameworkMethod$1.runReflectiveCall(FrameworkMethod.java:50), org.junit.internal.runners.model.ReflectiveCallable.run(ReflectiveCallable.java:12), org.junit.runners.model.FrameworkMethod.invokeExplosively(FrameworkMethod.java:47), org.junit.internal.runners.statements.InvokeMethod.evaluate(InvokeMethod.java:17), org.junit.runners.ParentRunner.runLeaf(ParentRunner.java:325), org.junit.runners.BlockJUnit4ClassRunner.runChild(BlockJUnit4ClassRunner.java:78), org.junit.runners.BlockJUnit4ClassRunner.runChild(BlockJUnit4ClassRunner.java:57), org.junit.runners.ParentRunner$3.run(ParentRunner.java:290), org.junit.runners.ParentRunner$1.schedule(ParentRunner.java:71), org.junit.runners.ParentRunner.runChildren(ParentRunner.java:288), org.junit.runners.ParentRunner.access$000(ParentRunner.java:58), org.junit.runners.ParentRunner$2.evaluate(ParentRunner.java:268), org.junit.runners.ParentRunner.run(ParentRunner.java:363), org.junit.runners.Suite.runChild(Suite.java:128), org.junit.runners.Suite.runChild(Suite.java:27), org.junit.runners.ParentRunner$3.run(ParentRunner.java:290), org.junit.runners.ParentRunner$1.schedule(ParentRunner.java:71), org.junit.runners.ParentRunner.runChildren(ParentRunner.java:288), org.junit.runners.ParentRunner.access$000(ParentRunner.java:58), org.junit.runners.ParentRunner$2.evaluate(ParentRunner.java:268), org.junit.runners.ParentRunner.run(ParentRunner.java:363), org.apache.maven.surefire.junit4.JUnit4Provider.execute(JUnit4Provider.java:316), org.apache.maven.surefire.junit4.JUnit4Provider.executeWithRerun(JUnit4Provider.java:240), org.apache.maven.surefire.junit4.JUnit4Provider.executeTestSet(JUnit4Provider.java:214), org.apache.maven.surefire.junit4.JUnit4Provider.invoke(JUnit4Provider.java:155), org.apache.maven.surefire.booter.ForkedBooter.runSuitesInProcess(ForkedBooter.java:385), org.apache.maven.surefire.booter.ForkedBooter.execute(ForkedBooter.java:162), org.apache.maven.surefire.booter.ForkedBooter.run(ForkedBooter.java:507), org.apache.maven.surefire.booter.ForkedBooter.main(ForkedBooter.java:495)]'."
218.0,com.greplin.zookeeper,org/apache/logging/log4j/core/config/plugins/processor/PluginCache.java#L95,Enumeration_Obsolete,Truebug,"[MSL] Specification Enumeration_Obsolete has been violated on line [org.apache.logging.log4j.core.config.plugins.processor.PluginCache.loadCacheFiles(PluginCache.java:95), org.apache.logging.log4j.core.config.plugins.util.PluginRegistry.decodeCacheFiles(PluginRegistry.java:166), org.apache.logging.log4j.core.config.plugins.util.PluginRegistry.loadFromMainClassLoader(PluginRegistry.java:119), org.apache.logging.log4j.core.config.plugins.util.PluginManager.collectPlugins(PluginManager.java:134), org.apache.logging.log4j.core.lookup.Interpolator.<init>(Interpolator.java:79), org.apache.logging.log4j.core.lookup.Interpolator.<init>(Interpolator.java:105), org.apache.logging.log4j.core.config.AbstractConfiguration.<init>(AbstractConfiguration.java:135), org.apache.logging.log4j.core.config.NullConfiguration.<init>(NullConfiguration.java:32), org.apache.logging.log4j.core.LoggerContext.<clinit>(LoggerContext.java:74), org.apache.logging.log4j.core.selector.ClassLoaderContextSelector.createContext(ClassLoaderContextSelector.java:254), org.apache.logging.log4j.core.selector.ClassLoaderContextSelector.locateContext(ClassLoaderContextSelector.java:218), org.apache.logging.log4j.core.selector.ClassLoaderContextSelector.getContext(ClassLoaderContextSelector.java:136), org.apache.logging.log4j.core.selector.ClassLoaderContextSelector.getContext(ClassLoaderContextSelector.java:123), org.apache.logging.log4j.core.selector.ClassLoaderContextSelector.getContext(ClassLoaderContextSelector.java:117), org.apache.logging.log4j.core.impl.Log4jContextFactory.getContext(Log4jContextFactory.java:150), org.apache.logging.log4j.core.impl.Log4jContextFactory.getContext(Log4jContextFactory.java:47), org.apache.logging.log4j.LogManager.getContext(LogManager.java:196), org.apache.logging.log4j.spi.AbstractLoggerAdapter.getContext(AbstractLoggerAdapter.java:137), org.apache.logging.slf4j.Log4jLoggerFactory.getContext(Log4jLoggerFactory.java:61), org.apache.logging.log4j.spi.AbstractLoggerAdapter.getLogger(AbstractLoggerAdapter.java:47), org.apache.logging.slf4j.Log4jLoggerFactory.getLogger(Log4jLoggerFactory.java:33), org.slf4j.LoggerFactory.getLogger(LoggerFactory.java:363), org.slf4j.LoggerFactory.getLogger(LoggerFactory.java:388), com.greplin.zookeeper.RobustZooKeeper.<clinit>(RobustZooKeeper.java:52), com.greplin.zookeeper.RegressionTest0.test0004(RegressionTest0.java:44), sun.reflect.NativeMethodAccessorImpl.invoke0(Native Method), sun.reflect.NativeMethodAccessorImpl.invoke(NativeMethodAccessorImpl.java:62), sun.reflect.DelegatingMethodAccessorImpl.invoke(DelegatingMethodAccessorImpl.java:43), java.lang.reflect.Method.invoke(Method.java:498), org.junit.runners.model.FrameworkMethod$1.runReflectiveCall(FrameworkMethod.java:50), org.junit.internal.runners.model.ReflectiveCallable.run(ReflectiveCallable.java:12), org.junit.runners.model.FrameworkMethod.invokeExplosively(FrameworkMethod.java:47), org.junit.internal.runners.statements.InvokeMethod.evaluate(InvokeMethod.java:17), org.junit.runners.ParentRunner.runLeaf(ParentRunner.java:325), org.junit.runners.BlockJUnit4ClassRunner.runChild(BlockJUnit4ClassRunner.java:78), org.junit.runners.BlockJUnit4ClassRunner.runChild(BlockJUnit4ClassRunner.java:57), org.junit.runners.ParentRunner$3.run(ParentRunner.java:290), org.junit.runners.ParentRunner$1.schedule(ParentRunner.java:71), org.junit.runners.ParentRunner.runChildren(ParentRunner.java:288), org.junit.runners.ParentRunner.access$000(ParentRunner.java:58), org.junit.runners.ParentRunner$2.evaluate(ParentRunner.java:268), org.junit.runners.ParentRunner.run(ParentRunner.java:363), org.junit.runners.Suite.runChild(Suite.java:128), org.junit.runners.Suite.runChild(Suite.java:27), org.junit.runners.ParentRunner$3.run(ParentRunner.java:290), org.junit.runners.ParentRunner$1.schedule(ParentRunner.java:71), org.junit.runners.ParentRunner.runChildren(ParentRunner.java:288), org.junit.runners.ParentRunner.access$000(ParentRunner.java:58), org.junit.runners.ParentRunner$2.evaluate(ParentRunner.java:268), org.junit.runners.ParentRunner.run(ParentRunner.java:363), org.apache.maven.surefire.junit4.JUnit4Provider.execute(JUnit4Provider.java:316), org.apache.maven.surefire.junit4.JUnit4Provider.executeWithRerun(JUnit4Provider.java:240), org.apache.maven.surefire.junit4.JUnit4Provider.executeTestSet(JUnit4Provider.java:214), org.apache.maven.surefire.junit4.JUnit4Provider.invoke(JUnit4Provider.java:155), org.apache.maven.surefire.booter.ForkedBooter.runSuitesInProcess(ForkedBooter.java:385), org.apache.maven.surefire.booter.ForkedBooter.execute(ForkedBooter.java:162), org.apache.maven.surefire.booter.ForkedBooter.run(ForkedBooter.java:507), org.apache.maven.surefire.booter.ForkedBooter.main(ForkedBooter.java:495)]'."
219.0,com.greplin.zookeeper,org/apache/logging/log4j/util/LoaderUtil.java#L274,Enumeration_Obsolete,Truebug,"[MSL] Specification Enumeration_Obsolete has been violated on line [org.apache.logging.log4j.util.LoaderUtil.findUrlResources(LoaderUtil.java:274), org.apache.logging.log4j.util.ProviderUtil.<init>(ProviderUtil.java:71), org.apache.logging.log4j.util.ProviderUtil.lazyInit(ProviderUtil.java:145), org.apache.logging.log4j.util.ProviderUtil.hasProviders(ProviderUtil.java:129), org.apache.logging.log4j.LogManager.<clinit>(LogManager.java:90), org.apache.logging.slf4j.Log4jLoggerFactory.getContext(Log4jLoggerFactory.java:55), org.apache.logging.log4j.spi.AbstractLoggerAdapter.getLogger(AbstractLoggerAdapter.java:47), org.apache.logging.slf4j.Log4jLoggerFactory.getLogger(Log4jLoggerFactory.java:33), org.slf4j.LoggerFactory.getLogger(LoggerFactory.java:363), org.slf4j.LoggerFactory.getLogger(LoggerFactory.java:388), com.greplin.zookeeper.RobustZooKeeper.<clinit>(RobustZooKeeper.java:52), com.greplin.zookeeper.RegressionTest0.test0004(RegressionTest0.java:44), sun.reflect.NativeMethodAccessorImpl.invoke0(Native Method), sun.reflect.NativeMethodAccessorImpl.invoke(NativeMethodAccessorImpl.java:62), sun.reflect.DelegatingMethodAccessorImpl.invoke(DelegatingMethodAccessorImpl.java:43), java.lang.reflect.Method.invoke(Method.java:498), org.junit.runners.model.FrameworkMethod$1.runReflectiveCall(FrameworkMethod.java:50), org.junit.internal.runners.model.ReflectiveCallable.run(ReflectiveCallable.java:12), org.junit.runners.model.FrameworkMethod.invokeExplosively(FrameworkMethod.java:47), org.junit.internal.runners.statements.InvokeMethod.evaluate(InvokeMethod.java:17), org.junit.runners.ParentRunner.runLeaf(ParentRunner.java:325), org.junit.runners.BlockJUnit4ClassRunner.runChild(BlockJUnit4ClassRunner.java:78), org.junit.runners.BlockJUnit4ClassRunner.runChild(BlockJUnit4ClassRunner.java:57), org.junit.runners.ParentRunner$3.run(ParentRunner.java:290), org.junit.runners.ParentRunner$1.schedule(ParentRunner.java:71), org.junit.runners.ParentRunner.runChildren(ParentRunner.java:288), org.junit.runners.ParentRunner.access$000(ParentRunner.java:58), org.junit.runners.ParentRunner$2.evaluate(ParentRunner.java:268), org.junit.runners.ParentRunner.run(ParentRunner.java:363), org.junit.runners.Suite.runChild(Suite.java:128), org.junit.runners.Suite.runChild(Suite.java:27), org.junit.runners.ParentRunner$3.run(ParentRunner.java:290), org.junit.runners.ParentRunner$1.schedule(ParentRunner.java:71), org.junit.runners.ParentRunner.runChildren(ParentRunner.java:288), org.junit.runners.ParentRunner.access$000(ParentRunner.java:58), org.junit.runners.ParentRunner$2.evaluate(ParentRunner.java:268), org.junit.runners.ParentRunner.run(ParentRunner.java:363), org.apache.maven.surefire.junit4.JUnit4Provider.execute(JUnit4Provider.java:316), org.apache.maven.surefire.junit4.JUnit4Provider.executeWithRerun(JUnit4Provider.java:240), org.apache.maven.surefire.junit4.JUnit4Provider.executeTestSet(JUnit4Provider.java:214), org.apache.maven.surefire.junit4.JUnit4Provider.invoke(JUnit4Provider.java:155), org.apache.maven.surefire.booter.ForkedBooter.runSuitesInProcess(ForkedBooter.java:385), org.apache.maven.surefire.booter.ForkedBooter.execute(ForkedBooter.java:162), org.apache.maven.surefire.booter.ForkedBooter.run(ForkedBooter.java:507), org.apache.maven.surefire.booter.ForkedBooter.main(ForkedBooter.java:495)]'."
220.0,com.greplin.zookeeper,org/apache/maven/surefire/api/util/RunOrder.java#L57,Enumeration_Obsolete,FalseAlarm,"[MSL] Specification Enumeration_Obsolete has been violated on line [org.apache.maven.surefire.api.util.RunOrder.valueOfMulti(RunOrder.java:58), org.apache.maven.surefire.api.testset.RunOrderParameters.<init>(RunOrderParameters.java:47), org.apache.maven.surefire.booter.BooterDeserializer.deserialize(BooterDeserializer.java:109), org.apache.maven.surefire.booter.ForkedBooter.setupBooter(ForkedBooter.java:110), org.apache.maven.surefire.booter.ForkedBooter.run(ForkedBooter.java:506), org.apache.maven.surefire.booter.ForkedBooter.main(ForkedBooter.java:495)]'."
221.0,com.greplin.zookeeper,org/apache/maven/surefire/api/util/internal/StringUtils.java#L57,Enumeration_Obsolete,FalseAlarm,"[MSL] Specification Enumeration_Obsolete has been violated on line [org.apache.maven.surefire.shared.utils.StringUtils.split(StringUtils.java:562), org.apache.maven.surefire.shared.utils.StringUtils.split(StringUtils.java:527), org.apache.maven.surefire.api.testset.TestListResolver.<init>(TestListResolver.java:68), org.apache.maven.surefire.api.testset.TestListResolver.<init>(TestListResolver.java:84), org.apache.maven.surefire.api.testset.TestListResolver.<clinit>(TestListResolver.java:49), org.apache.maven.surefire.booter.BooterDeserializer.deserialize(BooterDeserializer.java:112), org.apache.maven.surefire.booter.ForkedBooter.setupBooter(ForkedBooter.java:110), org.apache.maven.surefire.booter.ForkedBooter.run(ForkedBooter.java:506), org.apache.maven.surefire.booter.ForkedBooter.main(ForkedBooter.java:495)]'."
222.0,com.greplin.zookeeper,org/slf4j/LoggerFactory.java#L310,Enumeration_Obsolete,Truebug,"[MSL] Specification Enumeration_Obsolete has been violated on line [org.slf4j.LoggerFactory.findPossibleStaticLoggerBinderPathSet(LoggerFactory.java:310), org.slf4j.LoggerFactory.bind(LoggerFactory.java:146), org.slf4j.LoggerFactory.performInitialization(LoggerFactory.java:124), org.slf4j.LoggerFactory.getILoggerFactory(LoggerFactory.java:417), org.slf4j.LoggerFactory.getLogger(LoggerFactory.java:362), org.slf4j.LoggerFactory.getLogger(LoggerFactory.java:388), com.greplin.zookeeper.RobustZooKeeper.<clinit>(RobustZooKeeper.java:52), com.greplin.zookeeper.RegressionTest0.test0004(RegressionTest0.java:44), sun.reflect.NativeMethodAccessorImpl.invoke0(Native Method), sun.reflect.NativeMethodAccessorImpl.invoke(NativeMethodAccessorImpl.java:62), sun.reflect.DelegatingMethodAccessorImpl.invoke(DelegatingMethodAccessorImpl.java:43), java.lang.reflect.Method.invoke(Method.java:498), org.junit.runners.model.FrameworkMethod$1.runReflectiveCall(FrameworkMethod.java:50), org.junit.internal.runners.model.ReflectiveCallable.run(ReflectiveCallable.java:12), org.junit.runners.model.FrameworkMethod.invokeExplosively(FrameworkMethod.java:47), org.junit.internal.runners.statements.InvokeMethod.evaluate(InvokeMethod.java:17), org.junit.runners.ParentRunner.runLeaf(ParentRunner.java:325), org.junit.runners.BlockJUnit4ClassRunner.runChild(BlockJUnit4ClassRunner.java:78), org.junit.runners.BlockJUnit4ClassRunner.runChild(BlockJUnit4ClassRunner.java:57), org.junit.runners.ParentRunner$3.run(ParentRunner.java:290), org.junit.runners.ParentRunner$1.schedule(ParentRunner.java:71), org.junit.runners.ParentRunner.runChildren(ParentRunner.java:288), org.junit.runners.ParentRunner.access$000(ParentRunner.java:58), org.junit.runners.ParentRunner$2.evaluate(ParentRunner.java:268), org.junit.runners.ParentRunner.run(ParentRunner.java:363), org.junit.runners.Suite.runChild(Suite.java:128), org.junit.runners.Suite.runChild(Suite.java:27), org.junit.runners.ParentRunner$3.run(ParentRunner.java:290), org.junit.runners.ParentRunner$1.schedule(ParentRunner.java:71), org.junit.runners.ParentRunner.runChildren(ParentRunner.java:288), org.junit.runners.ParentRunner.access$000(ParentRunner.java:58), org.junit.runners.ParentRunner$2.evaluate(ParentRunner.java:268), org.junit.runners.ParentRunner.run(ParentRunner.java:363), org.apache.maven.surefire.junit4.JUnit4Provider.execute(JUnit4Provider.java:316), org.apache.maven.surefire.junit4.JUnit4Provider.executeWithRerun(JUnit4Provider.java:240), org.apache.maven.surefire.junit4.JUnit4Provider.executeTestSet(JUnit4Provider.java:214), org.apache.maven.surefire.junit4.JUnit4Provider.invoke(JUnit4Provider.java:155), org.apache.maven.surefire.booter.ForkedBooter.runSuitesInProcess(ForkedBooter.java:385), org.apache.maven.surefire.booter.ForkedBooter.execute(ForkedBooter.java:162), org.apache.maven.surefire.booter.ForkedBooter.run(ForkedBooter.java:507), org.apache.maven.surefire.booter.ForkedBooter.main(ForkedBooter.java:495)]'."
223.0,com.greplin.zookeeper,org/apache/logging/log4j/util/PropertiesUtil.java#L464,SortedSet_Comparable,FalseAlarm,"[MSL] Specification SortedSet_Comparable has been violated on line [org.apache.logging.log4j.util.PropertiesUtil$Environment.<init>(PropertiesUtil.java:464), org.apache.logging.log4j.util.PropertiesUtil$Environment.<init>(PropertiesUtil.java:444), org.apache.logging.log4j.util.PropertiesUtil.<init>(PropertiesUtil.java:88), org.apache.logging.log4j.util.PropertiesUtil.<init>(PropertiesUtil.java:80), org.apache.logging.log4j.util.PropertiesUtil.<clinit>(PropertiesUtil.java:56), org.apache.logging.log4j.util.Constants.<clinit>(Constants.java:30), org.apache.logging.log4j.spi.AbstractLogger.createClassForProperty(AbstractLogger.java:203), org.apache.logging.log4j.spi.AbstractLogger.<clinit>(AbstractLogger.java:92), org.apache.logging.slf4j.Log4jLoggerFactory.<clinit>(Log4jLoggerFactory.java:35), org.slf4j.impl.StaticLoggerBinder.<init>(StaticLoggerBinder.java:54), org.slf4j.impl.StaticLoggerBinder.<clinit>(StaticLoggerBinder.java:42), org.slf4j.LoggerFactory.bind(LoggerFactory.java:150), org.slf4j.LoggerFactory.performInitialization(LoggerFactory.java:124), org.slf4j.LoggerFactory.getILoggerFactory(LoggerFactory.java:417), org.slf4j.LoggerFactory.getLogger(LoggerFactory.java:362), org.slf4j.LoggerFactory.getLogger(LoggerFactory.java:388), com.greplin.zookeeper.RobustZooKeeper.<clinit>(RobustZooKeeper.java:52), com.greplin.zookeeper.RegressionTest0.test0004(RegressionTest0.java:44), sun.reflect.NativeMethodAccessorImpl.invoke0(Native Method), sun.reflect.NativeMethodAccessorImpl.invoke(NativeMethodAccessorImpl.java:62), sun.reflect.DelegatingMethodAccessorImpl.invoke(DelegatingMethodAccessorImpl.java:43), java.lang.reflect.Method.invoke(Method.java:498), org.junit.runners.model.FrameworkMethod$1.runReflectiveCall(FrameworkMethod.java:50), org.junit.internal.runners.model.ReflectiveCallable.run(ReflectiveCallable.java:12), org.junit.runners.model.FrameworkMethod.invokeExplosively(FrameworkMethod.java:47), org.junit.internal.runners.statements.InvokeMethod.evaluate(InvokeMethod.java:17), org.junit.runners.ParentRunner.runLeaf(ParentRunner.java:325), org.junit.runners.BlockJUnit4ClassRunner.runChild(BlockJUnit4ClassRunner.java:78), org.junit.runners.BlockJUnit4ClassRunner.runChild(BlockJUnit4ClassRunner.java:57), org.junit.runners.ParentRunner$3.run(ParentRunner.java:290), org.junit.runners.ParentRunner$1.schedule(ParentRunner.java:71), org.junit.runners.ParentRunner.runChildren(ParentRunner.java:288), org.junit.runners.ParentRunner.access$000(ParentRunner.java:58), org.junit.runners.ParentRunner$2.evaluate(ParentRunner.java:268), org.junit.runners.ParentRunner.run(ParentRunner.java:363), org.junit.runners.Suite.runChild(Suite.java:128), org.junit.runners.Suite.runChild(Suite.java:27), org.junit.runners.ParentRunner$3.run(ParentRunner.java:290), org.junit.runners.ParentRunner$1.schedule(ParentRunner.java:71), org.junit.runners.ParentRunner.runChildren(ParentRunner.java:288), org.junit.runners.ParentRunner.access$000(ParentRunner.java:58), org.junit.runners.ParentRunner$2.evaluate(ParentRunner.java:268), org.junit.runners.ParentRunner.run(ParentRunner.java:363), org.apache.maven.surefire.junit4.JUnit4Provider.execute(JUnit4Provider.java:316), org.apache.maven.surefire.junit4.JUnit4Provider.executeWithRerun(JUnit4Provider.java:240), org.apache.maven.surefire.junit4.JUnit4Provider.executeTestSet(JUnit4Provider.java:214), org.apache.maven.surefire.junit4.JUnit4Provider.invoke(JUnit4Provider.java:155), org.apache.maven.surefire.booter.ForkedBooter.runSuitesInProcess(ForkedBooter.java:385), org.apache.maven.surefire.booter.ForkedBooter.execute(ForkedBooter.java:162), org.apache.maven.surefire.booter.ForkedBooter.run(ForkedBooter.java:507), org.apache.maven.surefire.booter.ForkedBooter.main(ForkedBooter.java:495)]'."
228.0,jsondiff,com/google/code/gson/gson/1.7.2/gson-1.7.2-sources.jar:JsonPrimitive.java:154,Long_BadParsingArgs,FalseAlarm,"[MSL] Specification Long_BadParsingArgs has been violated on line [com.google.gson.JsonPrimitive.stringToNumber(JsonPrimitive.java:154), com.google.gson.Streams.parseRecursive(Streams.java:65), com.google.gson.Streams.parseRecursive(Streams.java:83), com.google.gson.Streams.parseRecursive(Streams.java:75), com.google.gson.Streams.parseRecursive(Streams.java:83), com.google.gson.Streams.parseRecursive(Streams.java:75), com.google.gson.Streams.parseRecursive(Streams.java:83), com.google.gson.Streams.parseRecursive(Streams.java:83), com.google.gson.Streams.parseRecursive(Streams.java:75), com.google.gson.Streams.parseRecursive(Streams.java:83), com.google.gson.Streams.parse(Streams.java:40), com.google.gson.JsonParser.parse(JsonParser.java:83), com.google.gson.JsonParser.parse(JsonParser.java:58), com.google.gson.JsonParser.parse(JsonParser.java:44), foodev.jsondiff.jsonwrap.gson.GsonWrapper.parse(GsonWrapper.java:32), foodev.jsondiff.JsonDiff.apply(JsonDiff.java:244), foodev.jsondiff.GsonDiffTest.apply(GsonDiffTest.java:15), foodev.jsondiff.JsonDiffTestMethods.testArrayChangeToNull(JsonDiffTestMethods.java:850), sun.reflect.NativeMethodAccessorImpl.invoke0(Native Method), sun.reflect.NativeMethodAccessorImpl.invoke(NativeMethodAccessorImpl.java:62), sun.reflect.DelegatingMethodAccessorImpl.invoke(DelegatingMethodAccessorImpl.java:43), java.lang.reflect.Method.invoke(Method.java:498), junit.framework.TestCase.runTest(TestCase.java:176), junit.framework.TestCase.runBare(TestCase.java:141), junit.framework.TestResult$1.protect(TestResult.java:122), junit.framework.TestResult.runProtected(TestResult.java:142), junit.framework.TestResult.run(TestResult.java:125), junit.framework.TestCase.run(TestCase.java:129), junit.framework.TestSuite.runTest(TestSuite.java:255), junit.framework.TestSuite.run(TestSuite.java:250), org.junit.internal.runners.JUnit38ClassRunner.run(JUnit38ClassRunner.java:84), org.apache.maven.surefire.junit4.JUnit4Provider.execute(JUnit4Provider.java:316), org.apache.maven.surefire.junit4.JUnit4Provider.executeWithRerun(JUnit4Provider.java:240), org.apache.maven.surefire.junit4.JUnit4Provider.executeTestSet(JUnit4Provider.java:214), org.apache.maven.surefire.junit4.JUnit4Provider.invoke(JUnit4Provider.java:155), org.apache.maven.surefire.booter.ForkedBooter.runSuitesInProcess(ForkedBooter.java:385), org.apache.maven.surefire.booter.ForkedBooter.execute(ForkedBooter.java:162), org.apache.maven.surefire.booter.ForkedBooter.run(ForkedBooter.java:507), org.apache.maven.surefire.booter.ForkedBooter.main(ForkedBooter.java:495)]"
229.0,jsondiff,com/google/gson/Escaper.java#L84,Character_ValidateChar,Truebug,"[MSL] Specification Character_ValidateChar has been violated on line [com.google.gson.Escaper.escapeJsonString(Escaper.java:84), com.google.gson.Escaper.escapeJsonString(Escaper.java:71), com.google.gson.JsonObject.toString(JsonObject.java:214), com.google.gson.JsonArray.toString(JsonArray.java:318), com.google.gson.JsonObject.toString(JsonObject.java:216), com.google.gson.JsonElement.toString(JsonElement.java:330), foodev.jsondiff.jsonwrap.gson.GsonJsonObject.toString(GsonJsonObject.java:95), foodev.jsondiff.JsonDiff.apply(JsonDiff.java:249), foodev.jsondiff.GsonDiffTest.apply(GsonDiffTest.java:15), foodev.jsondiff.JsonDiffTestMethods.testAddObjectToArray(JsonDiffTestMethods.java:416), sun.reflect.NativeMethodAccessorImpl.invoke0(Native Method), sun.reflect.NativeMethodAccessorImpl.invoke(NativeMethodAccessorImpl.java:62), sun.reflect.DelegatingMethodAccessorImpl.invoke(DelegatingMethodAccessorImpl.java:43), java.lang.reflect.Method.invoke(Method.java:498), junit.framework.TestCase.runTest(TestCase.java:176), junit.framework.TestCase.runBare(TestCase.java:141), junit.framework.TestResult$1.protect(TestResult.java:122), junit.framework.TestResult.runProtected(TestResult.java:142), junit.framework.TestResult.run(TestResult.java:125), junit.framework.TestCase.run(TestCase.java:129), junit.framework.TestSuite.runTest(TestSuite.java:255), junit.framework.TestSuite.run(TestSuite.java:250), org.junit.internal.runners.JUnit38ClassRunner.run(JUnit38ClassRunner.java:84), org.apache.maven.surefire.junit4.JUnit4Provider.execute(JUnit4Provider.java:316), org.apache.maven.surefire.junit4.JUnit4Provider.executeWithRerun(JUnit4Provider.java:240), org.apache.maven.surefire.junit4.JUnit4Provider.executeTestSet(JUnit4Provider.java:214), org.apache.maven.surefire.junit4.JUnit4Provider.invoke(JUnit4Provider.java:155), org.apache.maven.surefire.booter.ForkedBooter.runSuitesInProcess(ForkedBooter.java:385), org.apache.maven.surefire.booter.ForkedBooter.execute(ForkedBooter.java:162), org.apache.maven.surefire.booter.ForkedBooter.run(ForkedBooter.java:507), org.apache.maven.surefire.booter.ForkedBooter.main(ForkedBooter.java:495)]"
239.0,connector4java,org/glassfish/jersey/apache/connector/ApacheConnector.java#L625,ByteArrayOutputStream_FlushBeforeRetrieve,Truebug,"[MSL] Specification ByteArrayOutputStream_FlushBeforeRetrieve has been violated on line [org.glassfish.jersey.apache.connector.ApacheConnector$2.getContent(ApacheConnector.java:580), org.apache.http.util.EntityUtils.toByteArray(EntityUtils.java:122), org.apache.http.entity.BufferedHttpEntity.<init>(BufferedHttpEntity.java:63), org.glassfish.jersey.apache.connector.ApacheConnector.getHttpEntity(ApacheConnector.java:605), org.glassfish.jersey.apache.connector.ApacheConnector.getUriHttpRequest(ApacheConnector.java:547), org.glassfish.jersey.apache.connector.ApacheConnector.apply(ApacheConnector.java:434), org.glassfish.jersey.client.ClientRuntime.invoke(ClientRuntime.java:245), org.glassfish.jersey.client.JerseyInvocation$1.call(JerseyInvocation.java:671), org.glassfish.jersey.client.JerseyInvocation$1.call(JerseyInvocation.java:668), org.glassfish.jersey.internal.Errors.process(Errors.java:315), org.glassfish.jersey.internal.Errors.process(Errors.java:297), org.glassfish.jersey.internal.Errors.process(Errors.java:228), org.glassfish.jersey.process.internal.RequestScope.runInScope(RequestScope.java:444), org.glassfish.jersey.client.JerseyInvocation.invoke(JerseyInvocation.java:668), org.glassfish.jersey.client.JerseyInvocation$Builder.method(JerseyInvocation.java:428), org.glassfish.jersey.client.JerseyInvocation$Builder.post(JerseyInvocation.java:334), org.osiam.client.AuthService.refreshAccessToken(AuthService.java:191), org.osiam.client.RegressionTest0.test00168(RegressionTest0.java:4469), sun.reflect.NativeMethodAccessorImpl.invoke0(Native Method), sun.reflect.NativeMethodAccessorImpl.invoke(NativeMethodAccessorImpl.java:62), sun.reflect.DelegatingMethodAccessorImpl.invoke(DelegatingMethodAccessorImpl.java:43), java.lang.reflect.Method.invoke(Method.java:498), org.junit.runners.model.FrameworkMethod$1.runReflectiveCall(FrameworkMethod.java:50), org.junit.internal.runners.model.ReflectiveCallable.run(ReflectiveCallable.java:12), org.junit.runners.model.FrameworkMethod.invokeExplosively(FrameworkMethod.java:47), org.junit.internal.runners.statements.InvokeMethod.evaluate(InvokeMethod.java:17), org.junit.runners.ParentRunner.runLeaf(ParentRunner.java:325), org.junit.runners.BlockJUnit4ClassRunner.runChild(BlockJUnit4ClassRunner.java:78), org.junit.runners.BlockJUnit4ClassRunner.runChild(BlockJUnit4ClassRunner.java:57), org.junit.runners.ParentRunner$3.run(ParentRunner.java:290), org.junit.runners.ParentRunner$1.schedule(ParentRunner.java:71), org.junit.runners.ParentRunner.runChildren(ParentRunner.java:288), org.junit.runners.ParentRunner.access$000(ParentRunner.java:58), org.junit.runners.ParentRunner$2.evaluate(ParentRunner.java:268), org.junit.runners.ParentRunner.run(ParentRunner.java:363), org.junit.runners.Suite.runChild(Suite.java:128), org.junit.runners.Suite.runChild(Suite.java:27), org.junit.runners.ParentRunner$3.run(ParentRunner.java:290), org.junit.runners.ParentRunner$1.schedule(ParentRunner.java:71), org.junit.runners.ParentRunner.runChildren(ParentRunner.java:288), org.junit.runners.ParentRunner.access$000(ParentRunner.java:58), org.junit.runners.ParentRunner$2.evaluate(ParentRunner.java:268), org.junit.runners.ParentRunner.run(ParentRunner.java:363), org.apache.maven.surefire.junit4.JUnit4Provider.execute(JUnit4Provider.java:283), org.apache.maven.surefire.junit4.JUnit4Provider.executeWithRerun(JUnit4Provider.java:173), org.apache.maven.surefire.junit4.JUnit4Provider.executeTestSet(JUnit4Provider.java:153), org.apache.maven.surefire.junit4.JUnit4Provider.invoke(JUnit4Provider.java:128), org.apache.maven.surefire.booter.ForkedBooter.invokeProviderInSameClassLoader(ForkedBooter.java:203), org.apache.maven.surefire.booter.ForkedBooter.runSuitesInProcess(ForkedBooter.java:155), org.apache.maven.surefire.booter.ForkedBooter.main(ForkedBooter.java:103)]"
240.0,connector4java,org/objectweb/asm/ClassReader.java#L340,ByteArrayOutputStream_FlushBeforeRetrieve,Truebug,"[MSL] Specification ByteArrayOutputStream_FlushBeforeRetrieve has been violated on line [org.objectweb.asm.ClassReader.readStream(ClassReader.java:329), org.objectweb.asm.ClassReader.<init>(ClassReader.java:287), com.fasterxml.jackson.core.json.ReaderBasedJsonParser.nextToken(ReaderBasedJsonParser.java:576), com.fasterxml.jackson.databind.ObjectMapper._initForReading(ObjectMapper.java:3602), com.fasterxml.jackson.databind.ObjectMapper._readMapAndClose(ObjectMapper.java:3547), com.fasterxml.jackson.databind.ObjectMapper.readValue(ObjectMapper.java:2578), org.osiam.client.AbstractOsiamService.getOAuthErrorMessage(AbstractOsiamService.java:317), org.osiam.client.AbstractOsiamService.extractErrorMessage(AbstractOsiamService.java:294), org.osiam.client.RegressionTest1.test00816(RegressionTest1.java:14541), sun.reflect.NativeMethodAccessorImpl.invoke0(Native Method), sun.reflect.NativeMethodAccessorImpl.invoke(NativeMethodAccessorImpl.java:62), sun.reflect.DelegatingMethodAccessorImpl.invoke(DelegatingMethodAccessorImpl.java:43), java.lang.reflect.Method.invoke(Method.java:498), org.junit.runners.model.FrameworkMethod$1.runReflectiveCall(FrameworkMethod.java:50), org.junit.internal.runners.model.ReflectiveCallable.run(ReflectiveCallable.java:12), org.junit.runners.model.FrameworkMethod.invokeExplosively(FrameworkMethod.java:47), org.junit.internal.runners.statements.InvokeMethod.evaluate(InvokeMethod.java:17), org.junit.runners.ParentRunner.runLeaf(ParentRunner.java:325), org.junit.runners.BlockJUnit4ClassRunner.runChild(BlockJUnit4ClassRunner.java:78), org.junit.runners.BlockJUnit4ClassRunner.runChild(BlockJUnit4ClassRunner.java:57), org.junit.runners.ParentRunner$3.run(ParentRunner.java:290), org.junit.runners.ParentRunner$1.schedule(ParentRunner.java:71), org.junit.runners.ParentRunner.runChildren(ParentRunner.java:288), org.junit.runners.ParentRunner.access$000(ParentRunner.java:58), org.junit.runners.ParentRunner$2.evaluate(ParentRunner.java:268), org.junit.runners.ParentRunner.run(ParentRunner.java:363), org.junit.runners.Suite.runChild(Suite.java:128), org.junit.runners.Suite.runChild(Suite.java:27), org.junit.runners.ParentRunner$3.run(ParentRunner.java:290), org.junit.runners.ParentRunner$1.schedule(ParentRunner.java:71), org.junit.runners.ParentRunner.runChildren(ParentRunner.java:288), org.junit.runners.ParentRunner.access$000(ParentRunner.java:58), org.junit.runners.ParentRunner$2.evaluate(ParentRunner.java:268), org.junit.runners.ParentRunner.run(ParentRunner.java:363), org.apache.maven.surefire.junit4.JUnit4Provider.execute(JUnit4Provider.java:283), org.apache.maven.surefire.junit4.JUnit4Provider.executeWithRerun(JUnit4Provider.java:173), org.apache.maven.surefire.junit4.JUnit4Provider.executeTestSet(JUnit4Provider.java:153), org.apache.maven.surefire.junit4.JUnit4Provider.invoke(JUnit4Provider.java:128), org.apache.maven.surefire.booter.ForkedBooter.invokeProviderInSameClassLoader(ForkedBooter.java:203), org.apache.maven.surefire.booter.ForkedBooter.runSuitesInProcess(ForkedBooter.java:155), org.apache.maven.surefire.booter.ForkedBooter.main(ForkedBooter.java:103)]"
241.0,connector4java,org/glassfish/jersey/uri/UriComponent.java#L286,Character_ValidateChar,FalseAlarm,"[MSL] Specification Character_ValidateChar has been violated on line [org.glassfish.jersey.uri.UriComponent._encode(UriComponent.java:286), org.glassfish.jersey.uri.UriComponent.contextualEncode(UriComponent.java:229), org.glassfish.jersey.uri.internal.JerseyUriBuilder.encode(JerseyUriBuilder.java:796), org.glassfish.jersey.uri.internal.JerseyUriBuilder.appendPath(JerseyUriBuilder.java:741), org.glassfish.jersey.uri.internal.JerseyUriBuilder.appendPath(JerseyUriBuilder.java:727), org.glassfish.jersey.uri.internal.JerseyUriBuilder.path(JerseyUriBuilder.java:357), org.glassfish.jersey.uri.internal.JerseyUriBuilder.path(JerseyUriBuilder.java:72), org.glassfish.jersey.client.JerseyWebTarget.path(JerseyWebTarget.java:153), org.glassfish.jersey.client.JerseyWebTarget.path(JerseyWebTarget.java:59), org.osiam.client.AbstractOsiamService.deleteResource(AbstractOsiamService.java:159), org.osiam.client.OsiamGroupService.deleteGroup(OsiamGroupService.java:77), org.osiam.client.OsiamConnector.deleteGroup(OsiamConnector.java:554), org.osiam.client.RegressionTest1.test00673(RegressionTest1.java:8013), sun.reflect.NativeMethodAccessorImpl.invoke0(Native Method), sun.reflect.NativeMethodAccessorImpl.invoke(NativeMethodAccessorImpl.java:62), sun.reflect.DelegatingMethodAccessorImpl.invoke(DelegatingMethodAccessorImpl.java:43), java.lang.reflect.Method.invoke(Method.java:498), org.junit.runners.model.FrameworkMethod$1.runReflectiveCall(FrameworkMethod.java:50), org.junit.internal.runners.model.ReflectiveCallable.run(ReflectiveCallable.java:12), org.junit.runners.model.FrameworkMethod.invokeExplosively(FrameworkMethod.java:47), org.junit.internal.runners.statements.InvokeMethod.evaluate(InvokeMethod.java:17), org.junit.runners.ParentRunner.runLeaf(ParentRunner.java:325), org.junit.runners.BlockJUnit4ClassRunner.runChild(BlockJUnit4ClassRunner.java:78), org.junit.runners.BlockJUnit4ClassRunner.runChild(BlockJUnit4ClassRunner.java:57), org.junit.runners.ParentRunner$3.run(ParentRunner.java:290), org.junit.runners.ParentRunner$1.schedule(ParentRunner.java:71), org.junit.runners.ParentRunner.runChildren(ParentRunner.java:288), org.junit.runners.ParentRunner.access$000(ParentRunner.java:58), org.junit.runners.ParentRunner$2.evaluate(ParentRunner.java:268), org.junit.runners.ParentRunner.run(ParentRunner.java:363), org.junit.runners.Suite.runChild(Suite.java:128), org.junit.runners.Suite.runChild(Suite.java:27), org.junit.runners.ParentRunner$3.run(ParentRunner.java:290), org.junit.runners.ParentRunner$1.schedule(ParentRunner.java:71), org.junit.runners.ParentRunner.runChildren(ParentRunner.java:288), org.junit.runners.ParentRunner.access$000(ParentRunner.java:58), org.junit.runners.ParentRunner$2.evaluate(ParentRunner.java:268), org.junit.runners.ParentRunner.run(ParentRunner.java:363), org.apache.maven.surefire.junit4.JUnit4Provider.execute(JUnit4Provider.java:283), org.apache.maven.surefire.junit4.JUnit4Provider.executeWithRerun(JUnit4Provider.java:173), org.apache.maven.surefire.junit4.JUnit4Provider.executeTestSet(JUnit4Provider.java:153), org.apache.maven.surefire.junit4.JUnit4Provider.invoke(JUnit4Provider.java:128), org.apache.maven.surefire.booter.ForkedBooter.invokeProviderInSameClassLoader(ForkedBooter.java:203), org.apache.maven.surefire.booter.ForkedBooter.runSuitesInProcess(ForkedBooter.java:155), org.apache.maven.surefire.booter.ForkedBooter.main(ForkedBooter.java:103)]"
242.0,connector4java,com/epam/reportportal/apache/http/util/EntityUtils.java#L141,Closeable_MeaninglessClose,Truebug,"[MSL] Specification Closeable_MeaninglessClose has been violated on line [org.apache.http.util.EntityUtils.toByteArray(EntityUtils.java:141), org.apache.http.entity.BufferedHttpEntity.<init>(BufferedHttpEntity.java:63), org.glassfish.jersey.apache.connector.ApacheConnector.getHttpEntity(ApacheConnector.java:605), org.glassfish.jersey.apache.connector.ApacheConnector.getUriHttpRequest(ApacheConnector.java:547), org.glassfish.jersey.apache.connector.ApacheConnector.apply(ApacheConnector.java:434), org.glassfish.jersey.client.ClientRuntime.invoke(ClientRuntime.java:245), org.glassfish.jersey.client.JerseyInvocation$1.call(JerseyInvocation.java:671), org.glassfish.jersey.client.JerseyInvocation$1.call(JerseyInvocation.java:668), org.glassfish.jersey.internal.Errors.process(Errors.java:315), org.glassfish.jersey.internal.Errors.process(Errors.java:297), org.glassfish.jersey.internal.Errors.process(Errors.java:228), org.glassfish.jersey.process.internal.RequestScope.runInScope(RequestScope.java:444), org.glassfish.jersey.client.JerseyInvocation.invoke(JerseyInvocation.java:668), org.glassfish.jersey.client.JerseyInvocation$Builder.method(JerseyInvocation.java:428), org.glassfish.jersey.client.JerseyInvocation$Builder.post(JerseyInvocation.java:334), org.osiam.client.AuthService.refreshAccessToken(AuthService.java:191), org.osiam.client.RegressionTest0.test00168(RegressionTest0.java:4469), sun.reflect.NativeMethodAccessorImpl.invoke0(Native Method), sun.reflect.NativeMethodAccessorImpl.invoke(NativeMethodAccessorImpl.java:62), sun.reflect.DelegatingMethodAccessorImpl.invoke(DelegatingMethodAccessorImpl.java:43), java.lang.reflect.Method.invoke(Method.java:498), org.junit.runners.model.FrameworkMethod$1.runReflectiveCall(FrameworkMethod.java:50), org.junit.internal.runners.model.ReflectiveCallable.run(ReflectiveCallable.java:12), org.junit.runners.model.FrameworkMethod.invokeExplosively(FrameworkMethod.java:47), org.junit.internal.runners.statements.InvokeMethod.evaluate(InvokeMethod.java:17), org.junit.runners.ParentRunner.runLeaf(ParentRunner.java:325), org.junit.runners.BlockJUnit4ClassRunner.runChild(BlockJUnit4ClassRunner.java:78), org.junit.runners.BlockJUnit4ClassRunner.runChild(BlockJUnit4ClassRunner.java:57), org.junit.runners.ParentRunner$3.run(ParentRunner.java:290), org.junit.runners.ParentRunner$1.schedule(ParentRunner.java:71), org.junit.runners.ParentRunner.runChildren(ParentRunner.java:288), org.junit.runners.ParentRunner.access$000(ParentRunner.java:58), org.junit.runners.ParentRunner$2.evaluate(ParentRunner.java:268), org.junit.runners.ParentRunner.run(ParentRunner.java:363), org.junit.runners.Suite.runChild(Suite.java:128), org.junit.runners.Suite.runChild(Suite.java:27), org.junit.runners.ParentRunner$3.run(ParentRunner.java:290), org.junit.runners.ParentRunner$1.schedule(ParentRunner.java:71), org.junit.runners.ParentRunner.runChildren(ParentRunner.java:288), org.junit.runners.ParentRunner.access$000(ParentRunner.java:58), org.junit.runners.ParentRunner$2.evaluate(ParentRunner.java:268), org.junit.runners.ParentRunner.run(ParentRunner.java:363), org.apache.maven.surefire.junit4.JUnit4Provider.execute(JUnit4Provider.java:283), org.apache.maven.surefire.junit4.JUnit4Provider.executeWithRerun(JUnit4Provider.java:173), org.apache.maven.surefire.junit4.JUnit4Provider.executeTestSet(JUnit4Provider.java:153), org.apache.maven.surefire.junit4.JUnit4Provider.invoke(JUnit4Provider.java:128), org.apache.maven.surefire.booter.ForkedBooter.invokeProviderInSameClassLoader(ForkedBooter.java:203), org.apache.maven.surefire.booter.ForkedBooter.runSuitesInProcess(ForkedBooter.java:155), org.apache.maven.surefire.booter.ForkedBooter.main(ForkedBooter.java:103)]"
243.0,connector4java,org/glassfish/jersey/message/internal/CommittingOutputStream.java#L277,Closeable_MeaninglessClose,FalseAlarm,"[MSL] Specification Closeable_MeaninglessClose has been violated on line [org.glassfish.jersey.message.internal.CommittingOutputStream.close(CommittingOutputStream.java:277), org.glassfish.jersey.client.ClientRequest.writeEntity(ClientRequest.java:539), org.glassfish.jersey.apache.connector.ApacheConnector$2.writeTo(ApacheConnector.java:594), org.glassfish.jersey.apache.connector.ApacheConnector$2.getContent(ApacheConnector.java:579), org.apache.http.util.EntityUtils.toByteArray(EntityUtils.java:122), org.apache.http.entity.BufferedHttpEntity.<init>(BufferedHttpEntity.java:63), org.glassfish.jersey.apache.connector.ApacheConnector.getHttpEntity(ApacheConnector.java:605), org.glassfish.jersey.apache.connector.ApacheConnector.getUriHttpRequest(ApacheConnector.java:547), org.glassfish.jersey.apache.connector.ApacheConnector.apply(ApacheConnector.java:434), org.glassfish.jersey.client.ClientRuntime.invoke(ClientRuntime.java:245), org.glassfish.jersey.client.JerseyInvocation$1.call(JerseyInvocation.java:671), org.glassfish.jersey.client.JerseyInvocation$1.call(JerseyInvocation.java:668), org.glassfish.jersey.internal.Errors.process(Errors.java:315), org.glassfish.jersey.internal.Errors.process(Errors.java:297), org.glassfish.jersey.internal.Errors.process(Errors.java:228), org.glassfish.jersey.process.internal.RequestScope.runInScope(RequestScope.java:444), org.glassfish.jersey.client.JerseyInvocation.invoke(JerseyInvocation.java:668), org.glassfish.jersey.client.JerseyInvocation$Builder.method(JerseyInvocation.java:428), org.glassfish.jersey.client.JerseyInvocation$Builder.post(JerseyInvocation.java:334), org.osiam.client.AuthService.refreshAccessToken(AuthService.java:191), org.osiam.client.RegressionTest0.test00168(RegressionTest0.java:4469), sun.reflect.NativeMethodAccessorImpl.invoke0(Native Method), sun.reflect.NativeMethodAccessorImpl.invoke(NativeMethodAccessorImpl.java:62), sun.reflect.DelegatingMethodAccessorImpl.invoke(DelegatingMethodAccessorImpl.java:43), java.lang.reflect.Method.invoke(Method.java:498), org.junit.runners.model.FrameworkMethod$1.runReflectiveCall(FrameworkMethod.java:50), org.junit.internal.runners.model.ReflectiveCallable.run(ReflectiveCallable.java:12), org.junit.runners.model.FrameworkMethod.invokeExplosively(FrameworkMethod.java:47), org.junit.internal.runners.statements.InvokeMethod.evaluate(InvokeMethod.java:17), org.junit.runners.ParentRunner.runLeaf(ParentRunner.java:325), org.junit.runners.BlockJUnit4ClassRunner.runChild(BlockJUnit4ClassRunner.java:78), org.junit.runners.BlockJUnit4ClassRunner.runChild(BlockJUnit4ClassRunner.java:57), org.junit.runners.ParentRunner$3.run(ParentRunner.java:290), org.junit.runners.ParentRunner$1.schedule(ParentRunner.java:71), org.junit.runners.ParentRunner.runChildren(ParentRunner.java:288), org.junit.runners.ParentRunner.access$000(ParentRunner.java:58), org.junit.runners.ParentRunner$2.evaluate(ParentRunner.java:268), org.junit.runners.ParentRunner.run(ParentRunner.java:363), org.junit.runners.Suite.runChild(Suite.java:128), org.junit.runners.Suite.runChild(Suite.java:27), org.junit.runners.ParentRunner$3.run(ParentRunner.java:290), org.junit.runners.ParentRunner$1.schedule(ParentRunner.java:71), org.junit.runners.ParentRunner.runChildren(ParentRunner.java:288), org.junit.runners.ParentRunner.access$000(ParentRunner.java:58), org.junit.runners.ParentRunner$2.evaluate(ParentRunner.java:268), org.junit.runners.ParentRunner.run(ParentRunner.java:363), org.apache.maven.surefire.junit4.JUnit4Provider.execute(JUnit4Provider.java:283), org.apache.maven.surefire.junit4.JUnit4Provider.executeWithRerun(JUnit4Provider.java:173), org.apache.maven.surefire.junit4.JUnit4Provider.executeTestSet(JUnit4Provider.java:153), org.apache.maven.surefire.junit4.JUnit4Provider.invoke(JUnit4Provider.java:128), org.apache.maven.surefire.booter.ForkedBooter.invokeProviderInSameClassLoader(ForkedBooter.java:203), org.apache.maven.surefire.booter.ForkedBooter.runSuitesInProcess(ForkedBooter.java:155), org.apache.maven.surefire.booter.ForkedBooter.main(ForkedBooter.java:103)]"
244.0,connector4java,com/epam/reportportal/apache/http/util/EntityUtils.java#L141,Closeable_MultipleClose,FalseAlarm,"[MSL] Specification Closeable_MultipleClose has been violated on line [org.apache.http.util.EntityUtils.toByteArray(EntityUtils.java:141), org.apache.http.entity.BufferedHttpEntity.<init>(BufferedHttpEntity.java:63), org.glassfish.jersey.apache.connector.ApacheConnector.getHttpEntity(ApacheConnector.java:605), org.glassfish.jersey.apache.connector.ApacheConnector.getUriHttpRequest(ApacheConnector.java:547), org.glassfish.jersey.apache.connector.ApacheConnector.apply(ApacheConnector.java:434), org.glassfish.jersey.client.ClientRuntime.invoke(ClientRuntime.java:245), org.glassfish.jersey.client.JerseyInvocation$1.call(JerseyInvocation.java:671), org.glassfish.jersey.client.JerseyInvocation$1.call(JerseyInvocation.java:668), org.glassfish.jersey.internal.Errors.process(Errors.java:315), org.glassfish.jersey.internal.Errors.process(Errors.java:297), org.glassfish.jersey.internal.Errors.process(Errors.java:228), org.glassfish.jersey.process.internal.RequestScope.runInScope(RequestScope.java:444), org.glassfish.jersey.client.JerseyInvocation.invoke(JerseyInvocation.java:668), org.glassfish.jersey.client.JerseyInvocation$Builder.method(JerseyInvocation.java:428), org.glassfish.jersey.client.JerseyInvocation$Builder.post(JerseyInvocation.java:334), org.osiam.client.AuthService.refreshAccessToken(AuthService.java:191), org.osiam.client.RegressionTest0.test00168(RegressionTest0.java:4469), sun.reflect.NativeMethodAccessorImpl.invoke0(Native Method), sun.reflect.NativeMethodAccessorImpl.invoke(NativeMethodAccessorImpl.java:62), sun.reflect.DelegatingMethodAccessorImpl.invoke(DelegatingMethodAccessorImpl.java:43), java.lang.reflect.Method.invoke(Method.java:498), org.junit.runners.model.FrameworkMethod$1.runReflectiveCall(FrameworkMethod.java:50), org.junit.internal.runners.model.ReflectiveCallable.run(ReflectiveCallable.java:12), org.junit.runners.model.FrameworkMethod.invokeExplosively(FrameworkMethod.java:47), org.junit.internal.runners.statements.InvokeMethod.evaluate(InvokeMethod.java:17), org.junit.runners.ParentRunner.runLeaf(ParentRunner.java:325), org.junit.runners.BlockJUnit4ClassRunner.runChild(BlockJUnit4ClassRunner.java:78), org.junit.runners.BlockJUnit4ClassRunner.runChild(BlockJUnit4ClassRunner.java:57), org.junit.runners.ParentRunner$3.run(ParentRunner.java:290), org.junit.runners.ParentRunner$1.schedule(ParentRunner.java:71), org.junit.runners.ParentRunner.runChildren(ParentRunner.java:288), org.junit.runners.ParentRunner.access$000(ParentRunner.java:58), org.junit.runners.ParentRunner$2.evaluate(ParentRunner.java:268), org.junit.runners.ParentRunner.run(ParentRunner.java:363), org.junit.runners.Suite.runChild(Suite.java:128), org.junit.runners.Suite.runChild(Suite.java:27), org.junit.runners.ParentRunner$3.run(ParentRunner.java:290), org.junit.runners.ParentRunner$1.schedule(ParentRunner.java:71), org.junit.runners.ParentRunner.runChildren(ParentRunner.java:288), org.junit.runners.ParentRunner.access$000(ParentRunner.java:58), org.junit.runners.ParentRunner$2.evaluate(ParentRunner.java:268), org.junit.runners.ParentRunner.run(ParentRunner.java:363), org.apache.maven.surefire.junit4.JUnit4Provider.execute(JUnit4Provider.java:283), org.apache.maven.surefire.junit4.JUnit4Provider.executeWithRerun(JUnit4Provider.java:173), org.apache.maven.surefire.junit4.JUnit4Provider.executeTestSet(JUnit4Provider.java:153), org.apache.maven.surefire.junit4.JUnit4Provider.invoke(JUnit4Provider.java:128), org.apache.maven.surefire.booter.ForkedBooter.invokeProviderInSameClassLoader(ForkedBooter.java:203), org.apache.maven.surefire.booter.ForkedBooter.runSuitesInProcess(ForkedBooter.java:155), org.apache.maven.surefire.booter.ForkedBooter.main(ForkedBooter.java:103)]"
245.0,connector4java,org/glassfish/jersey/client/ClientRequest.java#L539,Closeable_MultipleClose,FalseAlarm,"[MSL] Specification Closeable_MultipleClose has been violated on line [org.glassfish.jersey.client.ClientRequest.writeEntity(ClientRequest.java:539), org.glassfish.jersey.apache.connector.ApacheConnector$2.writeTo(ApacheConnector.java:594), org.glassfish.jersey.apache.connector.ApacheConnector$2.getContent(ApacheConnector.java:579), org.apache.http.util.EntityUtils.toByteArray(EntityUtils.java:122), org.apache.http.entity.BufferedHttpEntity.<init>(BufferedHttpEntity.java:63), org.glassfish.jersey.apache.connector.ApacheConnector.getHttpEntity(ApacheConnector.java:605), org.glassfish.jersey.apache.connector.ApacheConnector.getUriHttpRequest(ApacheConnector.java:547), org.glassfish.jersey.apache.connector.ApacheConnector.apply(ApacheConnector.java:434), org.glassfish.jersey.client.ClientRuntime.invoke(ClientRuntime.java:245), org.glassfish.jersey.client.JerseyInvocation$1.call(JerseyInvocation.java:671), org.glassfish.jersey.client.JerseyInvocation$1.call(JerseyInvocation.java:668), org.glassfish.jersey.internal.Errors.process(Errors.java:315), org.glassfish.jersey.internal.Errors.process(Errors.java:297), org.glassfish.jersey.internal.Errors.process(Errors.java:228), org.glassfish.jersey.process.internal.RequestScope.runInScope(RequestScope.java:444), org.glassfish.jersey.client.JerseyInvocation.invoke(JerseyInvocation.java:668), org.glassfish.jersey.client.JerseyInvocation$Builder.method(JerseyInvocation.java:428), org.glassfish.jersey.client.JerseyInvocation$Builder.post(JerseyInvocation.java:334), org.osiam.client.AuthService.refreshAccessToken(AuthService.java:191), org.osiam.client.RegressionTest0.test00168(RegressionTest0.java:4469), sun.reflect.NativeMethodAccessorImpl.invoke0(Native Method), sun.reflect.NativeMethodAccessorImpl.invoke(NativeMethodAccessorImpl.java:62), sun.reflect.DelegatingMethodAccessorImpl.invoke(DelegatingMethodAccessorImpl.java:43), java.lang.reflect.Method.invoke(Method.java:498), org.junit.runners.model.FrameworkMethod$1.runReflectiveCall(FrameworkMethod.java:50), org.junit.internal.runners.model.ReflectiveCallable.run(ReflectiveCallable.java:12), org.junit.runners.model.FrameworkMethod.invokeExplosively(FrameworkMethod.java:47), org.junit.internal.runners.statements.InvokeMethod.evaluate(InvokeMethod.java:17), org.junit.runners.ParentRunner.runLeaf(ParentRunner.java:325), org.junit.runners.BlockJUnit4ClassRunner.runChild(BlockJUnit4ClassRunner.java:78), org.junit.runners.BlockJUnit4ClassRunner.runChild(BlockJUnit4ClassRunner.java:57), org.junit.runners.ParentRunner$3.run(ParentRunner.java:290), org.junit.runners.ParentRunner$1.schedule(ParentRunner.java:71), org.junit.runners.ParentRunner.runChildren(ParentRunner.java:288), org.junit.runners.ParentRunner.access$000(ParentRunner.java:58), org.junit.runners.ParentRunner$2.evaluate(ParentRunner.java:268), org.junit.runners.ParentRunner.run(ParentRunner.java:363), org.junit.runners.Suite.runChild(Suite.java:128), org.junit.runners.Suite.runChild(Suite.java:27), org.junit.runners.ParentRunner$3.run(ParentRunner.java:290), org.junit.runners.ParentRunner$1.schedule(ParentRunner.java:71), org.junit.runners.ParentRunner.runChildren(ParentRunner.java:288), org.junit.runners.ParentRunner.access$000(ParentRunner.java:58), org.junit.runners.ParentRunner$2.evaluate(ParentRunner.java:268), org.junit.runners.ParentRunner.run(ParentRunner.java:363), org.apache.maven.surefire.junit4.JUnit4Provider.execute(JUnit4Provider.java:283), org.apache.maven.surefire.junit4.JUnit4Provider.executeWithRerun(JUnit4Provider.java:173), org.apache.maven.surefire.junit4.JUnit4Provider.executeTestSet(JUnit4Provider.java:153), org.apache.maven.surefire.junit4.JUnit4Provider.invoke(JUnit4Provider.java:128), org.apache.maven.surefire.booter.ForkedBooter.invokeProviderInSameClassLoader(ForkedBooter.java:203), org.apache.maven.surefire.booter.ForkedBooter.runSuitesInProcess(ForkedBooter.java:155), org.apache.maven.surefire.booter.ForkedBooter.main(ForkedBooter.java:103)]"
246.0,connector4java,org/joda/time/tz/ZoneInfoProvider.java#L251,Closeable_MultipleClose,FalseAlarm,"[MSL] Specification Closeable_MultipleClose has been violated on line [org.joda.time.tz.ZoneInfoProvider.loadZoneData(ZoneInfoProvider.java:236), org.joda.time.tz.ZoneInfoProvider.getZone(ZoneInfoProvider.java:160), org.joda.time.tz.ZoneInfoProvider.getZone(ZoneInfoProvider.java:164), org.joda.time.DateTimeZone.forID(DateTimeZone.java:216), org.joda.time.DateTimeZone.getDefault(DateTimeZone.java:151), org.joda.time.chrono.ISOChronology.getInstance(ISOChronology.java:79), org.joda.time.DateTimeUtils.getInstantChronology(DateTimeUtils.java:178), org.joda.time.format.DateTimeFormatter.printTo(DateTimeFormatter.java:520), org.joda.time.format.DateTimeFormatter.print(DateTimeFormatter.java:625), org.osiam.client.query.QueryBuilder.getScimConformFormatedDateTime(QueryBuilder.java:163), org.osiam.client.RegressionTest0.test00021(RegressionTest0.java:296), sun.reflect.NativeMethodAccessorImpl.invoke0(Native Method), sun.reflect.NativeMethodAccessorImpl.invoke(NativeMethodAccessorImpl.java:62), sun.reflect.DelegatingMethodAccessorImpl.invoke(DelegatingMethodAccessorImpl.java:43), java.lang.reflect.Method.invoke(Method.java:498), org.junit.runners.model.FrameworkMethod$1.runReflectiveCall(FrameworkMethod.java:50), org.junit.internal.runners.model.ReflectiveCallable.run(ReflectiveCallable.java:12), org.junit.runners.model.FrameworkMethod.invokeExplosively(FrameworkMethod.java:47), org.junit.internal.runners.statements.InvokeMethod.evaluate(InvokeMethod.java:17), org.junit.runners.ParentRunner.runLeaf(ParentRunner.java:325), org.junit.runners.BlockJUnit4ClassRunner.runChild(BlockJUnit4ClassRunner.java:78), org.junit.runners.BlockJUnit4ClassRunner.runChild(BlockJUnit4ClassRunner.java:57), org.junit.runners.ParentRunner$3.run(ParentRunner.java:290), org.junit.runners.ParentRunner$1.schedule(ParentRunner.java:71), org.junit.runners.ParentRunner.runChildren(ParentRunner.java:288), org.junit.runners.ParentRunner.access$000(ParentRunner.java:58), org.junit.runners.ParentRunner$2.evaluate(ParentRunner.java:268), org.junit.runners.ParentRunner.run(ParentRunner.java:363), org.junit.runners.Suite.runChild(Suite.java:128), org.junit.runners.Suite.runChild(Suite.java:27), org.junit.runners.ParentRunner$3.run(ParentRunner.java:290), org.junit.runners.ParentRunner$1.schedule(ParentRunner.java:71), org.junit.runners.ParentRunner.runChildren(ParentRunner.java:288), org.junit.runners.ParentRunner.access$000(ParentRunner.java:58), org.junit.runners.ParentRunner$2.evaluate(ParentRunner.java:268), org.junit.runners.ParentRunner.run(ParentRunner.java:363), org.apache.maven.surefire.junit4.JUnit4Provider.execute(JUnit4Provider.java:283), org.apache.maven.surefire.junit4.JUnit4Provider.executeWithRerun(JUnit4Provider.java:173), org.apache.maven.surefire.junit4.JUnit4Provider.executeTestSet(JUnit4Provider.java:153), org.apache.maven.surefire.junit4.JUnit4Provider.invoke(JUnit4Provider.java:128), org.apache.maven.surefire.booter.ForkedBooter.invokeProviderInSameClassLoader(ForkedBooter.java:203), org.apache.maven.surefire.booter.ForkedBooter.runSuitesInProcess(ForkedBooter.java:155), org.apache.maven.surefire.booter.ForkedBooter.main(ForkedBooter.java:103)]"
247.0,connector4java,org/glassfish/jersey/internal/util/collection/KeyComparatorHashMap.java#L901,Collection_StandardConstructors,Truebug,"[MSL] Specification Collection_StandardConstructors has been violated on line [org.glassfish.jersey.internal.util.collection.KeyComparatorHashMap$EntrySet.<clinit>(KeyComparatorHashMap.java:1), org.glassfish.jersey.internal.util.collection.KeyComparatorHashMap.entrySet(KeyComparatorHashMap.java:921), javax.ws.rs.core.AbstractMultivaluedMap.entrySet(AbstractMultivaluedMap.java:357), org.glassfish.jersey.message.internal.OutboundMessageContext.<init>(OutboundMessageContext.java:139), org.glassfish.jersey.client.ClientRequest.<init>(ClientRequest.java:133), org.glassfish.jersey.client.JerseyInvocation.<init>(JerseyInvocation.java:99), org.glassfish.jersey.client.JerseyInvocation.<init>(JerseyInvocation.java:91), org.glassfish.jersey.client.JerseyInvocation$Builder.method(JerseyInvocation.java:402), org.glassfish.jersey.client.JerseyInvocation$Builder.get(JerseyInvocation.java:302), org.osiam.client.AbstractOsiamService.searchResources(AbstractOsiamService.java:132), org.osiam.client.AbstractOsiamService.getAllResources(AbstractOsiamService.java:111), org.osiam.client.OsiamGroupService.getAllGroups(OsiamGroupService.java:63), org.osiam.client.RegressionTest0.test00041(RegressionTest0.java:617), sun.reflect.NativeMethodAccessorImpl.invoke0(Native Method), sun.reflect.NativeMethodAccessorImpl.invoke(NativeMethodAccessorImpl.java:62), sun.reflect.DelegatingMethodAccessorImpl.invoke(DelegatingMethodAccessorImpl.java:43), java.lang.reflect.Method.invoke(Method.java:498), org.junit.runners.model.FrameworkMethod$1.runReflectiveCall(FrameworkMethod.java:50), org.junit.internal.runners.model.ReflectiveCallable.run(ReflectiveCallable.java:12), org.junit.runners.model.FrameworkMethod.invokeExplosively(FrameworkMethod.java:47), org.junit.internal.runners.statements.InvokeMethod.evaluate(InvokeMethod.java:17), org.junit.runners.ParentRunner.runLeaf(ParentRunner.java:325), org.junit.runners.BlockJUnit4ClassRunner.runChild(BlockJUnit4ClassRunner.java:78), org.junit.runners.BlockJUnit4ClassRunner.runChild(BlockJUnit4ClassRunner.java:57), org.junit.runners.ParentRunner$3.run(ParentRunner.java:290), org.junit.runners.ParentRunner$1.schedule(ParentRunner.java:71), org.junit.runners.ParentRunner.runChildren(ParentRunner.java:288), org.junit.runners.ParentRunner.access$000(ParentRunner.java:58), org.junit.runners.ParentRunner$2.evaluate(ParentRunner.java:268), org.junit.runners.ParentRunner.run(ParentRunner.java:363), org.junit.runners.Suite.runChild(Suite.java:128), org.junit.runners.Suite.runChild(Suite.java:27), org.junit.runners.ParentRunner$3.run(ParentRunner.java:290), org.junit.runners.ParentRunner$1.schedule(ParentRunner.java:71), org.junit.runners.ParentRunner.runChildren(ParentRunner.java:288), org.junit.runners.ParentRunner.access$000(ParentRunner.java:58), org.junit.runners.ParentRunner$2.evaluate(ParentRunner.java:268), org.junit.runners.ParentRunner.run(ParentRunner.java:363), org.apache.maven.surefire.junit4.JUnit4Provider.execute(JUnit4Provider.java:283), org.apache.maven.surefire.junit4.JUnit4Provider.executeWithRerun(JUnit4Provider.java:173), org.apache.maven.surefire.junit4.JUnit4Provider.executeTestSet(JUnit4Provider.java:153), org.apache.maven.surefire.junit4.JUnit4Provider.invoke(JUnit4Provider.java:128), org.apache.maven.surefire.booter.ForkedBooter.invokeProviderInSameClassLoader(ForkedBooter.java:203), org.apache.maven.surefire.booter.ForkedBooter.runSuitesInProcess(ForkedBooter.java:155), org.apache.maven.surefire.booter.ForkedBooter.main(ForkedBooter.java:103)]"
248.0,connector4java,org/glassfish/jersey/internal/util/collection/MultivaluedStringMap.java,Serializable_NoArgConstructor,FalseAlarm,"[MSL] Specification Serializable_NoArgConstructor has been violated on line [org.glassfish.jersey.internal.util.collection.MultivaluedStringMap.<clinit>(MultivaluedStringMap.java:1), org.glassfish.jersey.uri.UriComponent.decodeQuery(UriComponent.java:550), org.glassfish.jersey.uri.internal.JerseyUriBuilder.replaceQueryParam(JerseyUriBuilder.java:593), org.glassfish.jersey.uri.internal.JerseyUriBuilder.replaceQueryParam(JerseyUriBuilder.java:72), org.glassfish.jersey.client.JerseyWebTarget.setQueryParam(JerseyWebTarget.java:177), org.glassfish.jersey.client.JerseyWebTarget.queryParam(JerseyWebTarget.java:172), org.glassfish.jersey.client.JerseyWebTarget.queryParam(JerseyWebTarget.java:59), org.osiam.client.AbstractOsiamService.searchResources(AbstractOsiamService.java:122), org.osiam.client.AbstractOsiamService.getAllResources(AbstractOsiamService.java:111), org.osiam.client.OsiamGroupService.getAllGroups(OsiamGroupService.java:63), org.osiam.client.RegressionTest0.test00041(RegressionTest0.java:617), sun.reflect.NativeMethodAccessorImpl.invoke0(Native Method), sun.reflect.NativeMethodAccessorImpl.invoke(NativeMethodAccessorImpl.java:62), sun.reflect.DelegatingMethodAccessorImpl.invoke(DelegatingMethodAccessorImpl.java:43), java.lang.reflect.Method.invoke(Method.java:498), org.junit.runners.model.FrameworkMethod$1.runReflectiveCall(FrameworkMethod.java:50), org.junit.internal.runners.model.ReflectiveCallable.run(ReflectiveCallable.java:12), org.junit.runners.model.FrameworkMethod.invokeExplosively(FrameworkMethod.java:47), org.junit.internal.runners.statements.InvokeMethod.evaluate(InvokeMethod.java:17), org.junit.runners.ParentRunner.runLeaf(ParentRunner.java:325), org.junit.runners.BlockJUnit4ClassRunner.runChild(BlockJUnit4ClassRunner.java:78), org.junit.runners.BlockJUnit4ClassRunner.runChild(BlockJUnit4ClassRunner.java:57), org.junit.runners.ParentRunner$3.run(ParentRunner.java:290), org.junit.runners.ParentRunner$1.schedule(ParentRunner.java:71), org.junit.runners.ParentRunner.runChildren(ParentRunner.java:288), org.junit.runners.ParentRunner.access$000(ParentRunner.java:58), org.junit.runners.ParentRunner$2.evaluate(ParentRunner.java:268), org.junit.runners.ParentRunner.run(ParentRunner.java:363), org.junit.runners.Suite.runChild(Suite.java:128), org.junit.runners.Suite.runChild(Suite.java:27), org.junit.runners.ParentRunner$3.run(ParentRunner.java:290), org.junit.runners.ParentRunner$1.schedule(ParentRunner.java:71), org.junit.runners.ParentRunner.runChildren(ParentRunner.java:288), org.junit.runners.ParentRunner.access$000(ParentRunner.java:58), org.junit.runners.ParentRunner$2.evaluate(ParentRunner.java:268), org.junit.runners.ParentRunner.run(ParentRunner.java:363), org.apache.maven.surefire.junit4.JUnit4Provider.execute(JUnit4Provider.java:283), org.apache.maven.surefire.junit4.JUnit4Provider.executeWithRerun(JUnit4Provider.java:173), org.apache.maven.surefire.junit4.JUnit4Provider.executeTestSet(JUnit4Provider.java:153), org.apache.maven.surefire.junit4.JUnit4Provider.invoke(JUnit4Provider.java:128), org.apache.maven.surefire.booter.ForkedBooter.invokeProviderInSameClassLoader(ForkedBooter.java:203), org.apache.maven.surefire.booter.ForkedBooter.runSuitesInProcess(ForkedBooter.java:155), org.apache.maven.surefire.booter.ForkedBooter.main(ForkedBooter.java:103)]"
249.0,connector4java,nl/jqno/equalsverifier/JavaApiPrefabValues.java#L326,SortedSet_Comparable,FalseAlarm,"[MSL] Specification SortedSet_Comparable has been violated on line [nl.jqno.equalsverifier.JavaApiPrefabValues.addCollection(JavaApiPrefabValues.java:326), nl.jqno.equalsverifier.JavaApiPrefabValues.addSets(JavaApiPrefabValues.java:196), nl.jqno.equalsverifier.JavaApiPrefabValues.addJavaClasses(JavaApiPrefabValues.java:114), nl.jqno.equalsverifier.JavaApiPrefabValues.addTo(JavaApiPrefabValues.java:98), nl.jqno.equalsverifier.EqualsVerifier.<init>(EqualsVerifier.java:209), nl.jqno.equalsverifier.EqualsVerifier.forClass(EqualsVerifier.java:135), org.osiam.client.oauth.AccessTokenTest.equalsContract(AccessTokenTest.java:64), sun.reflect.NativeMethodAccessorImpl.invoke0(Native Method), sun.reflect.NativeMethodAccessorImpl.invoke(NativeMethodAccessorImpl.java:62), sun.reflect.DelegatingMethodAccessorImpl.invoke(DelegatingMethodAccessorImpl.java:43), java.lang.reflect.Method.invoke(Method.java:498), org.junit.runners.model.FrameworkMethod$1.runReflectiveCall(FrameworkMethod.java:50), org.junit.internal.runners.model.ReflectiveCallable.run(ReflectiveCallable.java:12), org.junit.runners.model.FrameworkMethod.invokeExplosively(FrameworkMethod.java:47), org.junit.internal.runners.statements.InvokeMethod.evaluate(InvokeMethod.java:17), org.junit.runners.ParentRunner.runLeaf(ParentRunner.java:325), org.junit.runners.BlockJUnit4ClassRunner.runChild(BlockJUnit4ClassRunner.java:78), org.junit.runners.BlockJUnit4ClassRunner.runChild(BlockJUnit4ClassRunner.java:57), org.junit.runners.ParentRunner$3.run(ParentRunner.java:290), org.junit.runners.ParentRunner$1.schedule(ParentRunner.java:71), org.junit.runners.ParentRunner.runChildren(ParentRunner.java:288), org.junit.runners.ParentRunner.access$000(ParentRunner.java:58), org.junit.runners.ParentRunner$2.evaluate(ParentRunner.java:268), org.junit.runners.ParentRunner.run(ParentRunner.java:363), org.apache.maven.surefire.junit4.JUnit4Provider.execute(JUnit4Provider.java:283), org.apache.maven.surefire.junit4.JUnit4Provider.executeWithRerun(JUnit4Provider.java:173), org.apache.maven.surefire.junit4.JUnit4Provider.executeTestSet(JUnit4Provider.java:153), org.apache.maven.surefire.junit4.JUnit4Provider.invoke(JUnit4Provider.java:128), org.apache.maven.surefire.booter.ForkedBooter.invokeProviderInSameClassLoader(ForkedBooter.java:203), org.apache.maven.surefire.booter.ForkedBooter.runSuitesInProcess(ForkedBooter.java:155), org.apache.maven.surefire.booter.ForkedBooter.main(ForkedBooter.java:103)]"
250.0,connector4java,nl/jqno/equalsverifier/JavaApiPrefabValues.java#L326,TreeSet_Comparable,FalseAlarm,"[MSL] Specification TreeSet_Comparable has been violated on line [nl.jqno.equalsverifier.JavaApiPrefabValues.addCollection(JavaApiPrefabValues.java:326), nl.jqno.equalsverifier.JavaApiPrefabValues.addSets(JavaApiPrefabValues.java:196), nl.jqno.equalsverifier.JavaApiPrefabValues.addJavaClasses(JavaApiPrefabValues.java:114), nl.jqno.equalsverifier.JavaApiPrefabValues.addTo(JavaApiPrefabValues.java:98), nl.jqno.equalsverifier.EqualsVerifier.<init>(EqualsVerifier.java:209), nl.jqno.equalsverifier.EqualsVerifier.forClass(EqualsVerifier.java:135), org.osiam.client.oauth.AccessTokenTest.equalsContract(AccessTokenTest.java:64), sun.reflect.NativeMethodAccessorImpl.invoke0(Native Method), sun.reflect.NativeMethodAccessorImpl.invoke(NativeMethodAccessorImpl.java:62), sun.reflect.DelegatingMethodAccessorImpl.invoke(DelegatingMethodAccessorImpl.java:43), java.lang.reflect.Method.invoke(Method.java:498), org.junit.runners.model.FrameworkMethod$1.runReflectiveCall(FrameworkMethod.java:50), org.junit.internal.runners.model.ReflectiveCallable.run(ReflectiveCallable.java:12), org.junit.runners.model.FrameworkMethod.invokeExplosively(FrameworkMethod.java:47), org.junit.internal.runners.statements.InvokeMethod.evaluate(InvokeMethod.java:17), org.junit.runners.ParentRunner.runLeaf(ParentRunner.java:325), org.junit.runners.BlockJUnit4ClassRunner.runChild(BlockJUnit4ClassRunner.java:78), org.junit.runners.BlockJUnit4ClassRunner.runChild(BlockJUnit4ClassRunner.java:57), org.junit.runners.ParentRunner$3.run(ParentRunner.java:290), org.junit.runners.ParentRunner$1.schedule(ParentRunner.java:71), org.junit.runners.ParentRunner.runChildren(ParentRunner.java:288), org.junit.runners.ParentRunner.access$000(ParentRunner.java:58), org.junit.runners.ParentRunner$2.evaluate(ParentRunner.java:268), org.junit.runners.ParentRunner.run(ParentRunner.java:363), org.apache.maven.surefire.junit4.JUnit4Provider.execute(JUnit4Provider.java:283), org.apache.maven.surefire.junit4.JUnit4Provider.executeWithRerun(JUnit4Provider.java:173), org.apache.maven.surefire.junit4.JUnit4Provider.executeTestSet(JUnit4Provider.java:153), org.apache.maven.surefire.junit4.JUnit4Provider.invoke(JUnit4Provider.java:128), org.apache.maven.surefire.booter.ForkedBooter.invokeProviderInSameClassLoader(ForkedBooter.java:203), org.apache.maven.surefire.booter.ForkedBooter.runSuitesInProcess(ForkedBooter.java:155), org.apache.maven.surefire.booter.ForkedBooter.main(ForkedBooter.java:103)]"
251.0,asterisk-java,org/asteriskjava/util/internal/streamreader/FastScannerRandomTest.java#L89,Closeable_MultipleClose,FalseAlarm,"[MSL] Specification Closeable_MultipleClose has been violated on line [org.asteriskjava.util.internal.streamreader.FastScannerRandomTest.compare(FastScannerRandomTest.java:89), org.asteriskjava.util.internal.streamreader.FastScannerRandomTest.setupTest(FastScannerRandomTest.java:41), org.asteriskjava.util.internal.streamreader.FastScannerRandomTest.compareOutputOfCrNlFastScannerToScanner(FastScannerRandomTest.java:28), sun.reflect.NativeMethodAccessorImpl.invoke0(Native Method), sun.reflect.NativeMethodAccessorImpl.invoke(NativeMethodAccessorImpl.java:62), sun.reflect.DelegatingMethodAccessorImpl.invoke(DelegatingMethodAccessorImpl.java:43), java.lang.reflect.Method.invoke(Method.java:498), org.junit.platform.commons.util.ReflectionUtils.invokeMethod(ReflectionUtils.java:728), org.junit.jupiter.engine.execution.MethodInvocation.proceed(MethodInvocation.java:60), org.junit.jupiter.engine.execution.InvocationInterceptorChain$ValidatingInvocation.proceed(InvocationInterceptorChain.java:131), org.junit.jupiter.engine.extension.TimeoutExtension.intercept(TimeoutExtension.java:156), org.junit.jupiter.engine.extension.TimeoutExtension.interceptTestableMethod(TimeoutExtension.java:147), org.junit.jupiter.engine.extension.TimeoutExtension.interceptTestMethod(TimeoutExtension.java:86), org.junit.jupiter.engine.execution.InterceptingExecutableInvoker$ReflectiveInterceptorCall.lambda$ofVoidMethod$0(InterceptingExecutableInvoker.java:103), org.junit.jupiter.engine.execution.InterceptingExecutableInvoker.lambda$invoke$0(InterceptingExecutableInvoker.java:93), org.junit.jupiter.engine.execution.InvocationInterceptorChain$InterceptedInvocation.proceed(InvocationInterceptorChain.java:106), org.junit.jupiter.engine.execution.InvocationInterceptorChain.proceed(InvocationInterceptorChain.java:64), org.junit.jupiter.engine.execution.InvocationInterceptorChain.chainAndInvoke(InvocationInterceptorChain.java:45), org.junit.jupiter.engine.execution.InvocationInterceptorChain.invoke(InvocationInterceptorChain.java:37), org.junit.jupiter.engine.execution.InterceptingExecutableInvoker.invoke(InterceptingExecutableInvoker.java:92), org.junit.jupiter.engine.execution.InterceptingExecutableInvoker.invoke(InterceptingExecutableInvoker.java:86), org.junit.jupiter.engine.descriptor.TestMethodTestDescriptor.lambda$invokeTestMethod$7(TestMethodTestDescriptor.java:218), org.junit.platform.engine.support.hierarchical.ThrowableCollector.execute(ThrowableCollector.java:73), org.junit.jupiter.engine.descriptor.TestMethodTestDescriptor.invokeTestMethod(TestMethodTestDescriptor.java:214), org.junit.jupiter.engine.descriptor.TestMethodTestDescriptor.execute(TestMethodTestDescriptor.java:139), org.junit.jupiter.engine.descriptor.TestMethodTestDescriptor.execute(TestMethodTestDescriptor.java:69), org.junit.platform.engine.support.hierarchical.NodeTestTask.lambda$executeRecursively$6(NodeTestTask.java:151), org.junit.platform.engine.support.hierarchical.ThrowableCollector.execute(ThrowableCollector.java:73), org.junit.platform.engine.support.hierarchical.NodeTestTask.lambda$executeRecursively$8(NodeTestTask.java:141), org.junit.platform.engine.support.hierarchical.Node.around(Node.java:137), org.junit.platform.engine.support.hierarchical.NodeTestTask.lambda$executeRecursively$9(NodeTestTask.java:139), org.junit.platform.engine.support.hierarchical.ThrowableCollector.execute(ThrowableCollector.java:73), org.junit.platform.engine.support.hierarchical.NodeTestTask.executeRecursively(NodeTestTask.java:138), org.junit.platform.engine.support.hierarchical.NodeTestTask.execute(NodeTestTask.java:95), java.util.ArrayList.forEach(ArrayList.java:1259), org.junit.platform.engine.support.hierarchical.SameThreadHierarchicalTestExecutorService.invokeAll(SameThreadHierarchicalTestExecutorService.java:41), org.junit.platform.engine.support.hierarchical.NodeTestTask.lambda$executeRecursively$6(NodeTestTask.java:155), org.junit.platform.engine.support.hierarchical.ThrowableCollector.execute(ThrowableCollector.java:73), org.junit.platform.engine.support.hierarchical.NodeTestTask.lambda$executeRecursively$8(NodeTestTask.java:141), org.junit.platform.engine.support.hierarchical.Node.around(Node.java:137), org.junit.platform.engine.support.hierarchical.NodeTestTask.lambda$executeRecursively$9(NodeTestTask.java:139), org.junit.platform.engine.support.hierarchical.ThrowableCollector.execute(ThrowableCollector.java:73), org.junit.platform.engine.support.hierarchical.NodeTestTask.executeRecursively(NodeTestTask.java:138), org.junit.platform.engine.support.hierarchical.NodeTestTask.execute(NodeTestTask.java:95), java.util.ArrayList.forEach(ArrayList.java:1259), org.junit.platform.engine.support.hierarchical.SameThreadHierarchicalTestExecutorService.invokeAll(SameThreadHierarchicalTestExecutorService.java:41), org.junit.platform.engine.support.hierarchical.NodeTestTask.lambda$executeRecursively$6(NodeTestTask.java:155), org.junit.platform.engine.support.hierarchical.ThrowableCollector.execute(ThrowableCollector.java:73), org.junit.platform.engine.support.hierarchical.NodeTestTask.lambda$executeRecursively$8(NodeTestTask.java:141), org.junit.platform.engine.support.hierarchical.Node.around(Node.java:137), org.junit.platform.engine.support.hierarchical.NodeTestTask.lambda$executeRecursively$9(NodeTestTask.java:139), org.junit.platform.engine.support.hierarchical.ThrowableCollector.execute(ThrowableCollector.java:73), org.junit.platform.engine.support.hierarchical.NodeTestTask.executeRecursively(NodeTestTask.java:138), org.junit.platform.engine.support.hierarchical.NodeTestTask.execute(NodeTestTask.java:95), org.junit.platform.engine.support.hierarchical.SameThreadHierarchicalTestExecutorService.submit(SameThreadHierarchicalTestExecutorService.java:35), org.junit.platform.engine.support.hierarchical.HierarchicalTestExecutor.execute(HierarchicalTestExecutor.java:57), org.junit.platform.engine.support.hierarchical.HierarchicalTestEngine.execute(HierarchicalTestEngine.java:54), org.junit.platform.launcher.core.EngineExecutionOrchestrator.execute(EngineExecutionOrchestrator.java:198), org.junit.platform.launcher.core.EngineExecutionOrchestrator.execute(EngineExecutionOrchestrator.java:169), org.junit.platform.launcher.core.EngineExecutionOrchestrator.execute(EngineExecutionOrchestrator.java:93), org.junit.platform.launcher.core.EngineExecutionOrchestrator.lambda$execute$0(EngineExecutionOrchestrator.java:58), org.junit.platform.launcher.core.EngineExecutionOrchestrator.withInterceptedStreams(EngineExecutionOrchestrator.java:141), org.junit.platform.launcher.core.EngineExecutionOrchestrator.execute(EngineExecutionOrchestrator.java:57), org.junit.platform.launcher.core.DefaultLauncher.execute(DefaultLauncher.java:103), org.junit.platform.launcher.core.DefaultLauncher.execute(DefaultLauncher.java:85), org.junit.platform.launcher.core.DelegatingLauncher.execute(DelegatingLauncher.java:47), org.apache.maven.surefire.junitplatform.LazyLauncher.execute(LazyLauncher.java:56), org.apache.maven.surefire.junitplatform.JUnitPlatformProvider.execute(JUnitPlatformProvider.java:184), org.apache.maven.surefire.junitplatform.JUnitPlatformProvider.invokeAllTests(JUnitPlatformProvider.java:148), org.apache.maven.surefire.junitplatform.JUnitPlatformProvider.invoke(JUnitPlatformProvider.java:122), org.apache.maven.surefire.booter.ForkedBooter.runSuitesInProcess(ForkedBooter.java:385), org.apache.maven.surefire.booter.ForkedBooter.execute(ForkedBooter.java:162), org.apache.maven.surefire.booter.ForkedBooter.run(ForkedBooter.java:507), org.apache.maven.surefire.booter.ForkedBooter.main(ForkedBooter.java:495)]"
252.0,asterisk-java,org/asteriskjava/util/internal/streamreader/FastScannerSpeedTest.java#L39,Closeable_MultipleClose,FalseAlarm,"[MSL] Specification Closeable_MultipleClose has been violated on line [org.asteriskjava.util.internal.streamreader.FastScannerSpeedTest.testScannerSpeed(FastScannerSpeedTest.java:39), sun.reflect.NativeMethodAccessorImpl.invoke0(Native Method), sun.reflect.NativeMethodAccessorImpl.invoke(NativeMethodAccessorImpl.java:62), sun.reflect.DelegatingMethodAccessorImpl.invoke(DelegatingMethodAccessorImpl.java:43), java.lang.reflect.Method.invoke(Method.java:498), org.junit.platform.commons.util.ReflectionUtils.invokeMethod(ReflectionUtils.java:728), org.junit.jupiter.engine.execution.MethodInvocation.proceed(MethodInvocation.java:60), org.junit.jupiter.engine.execution.InvocationInterceptorChain$ValidatingInvocation.proceed(InvocationInterceptorChain.java:131), org.junit.jupiter.engine.extension.TimeoutExtension.intercept(TimeoutExtension.java:156), org.junit.jupiter.engine.extension.TimeoutExtension.interceptTestableMethod(TimeoutExtension.java:147), org.junit.jupiter.engine.extension.TimeoutExtension.interceptTestMethod(TimeoutExtension.java:86), org.junit.jupiter.engine.execution.InterceptingExecutableInvoker$ReflectiveInterceptorCall.lambda$ofVoidMethod$0(InterceptingExecutableInvoker.java:103), org.junit.jupiter.engine.execution.InterceptingExecutableInvoker.lambda$invoke$0(InterceptingExecutableInvoker.java:93), org.junit.jupiter.engine.execution.InvocationInterceptorChain$InterceptedInvocation.proceed(InvocationInterceptorChain.java:106), org.junit.jupiter.engine.execution.InvocationInterceptorChain.proceed(InvocationInterceptorChain.java:64), org.junit.jupiter.engine.execution.InvocationInterceptorChain.chainAndInvoke(InvocationInterceptorChain.java:45), org.junit.jupiter.engine.execution.InvocationInterceptorChain.invoke(InvocationInterceptorChain.java:37), org.junit.jupiter.engine.execution.InterceptingExecutableInvoker.invoke(InterceptingExecutableInvoker.java:92), org.junit.jupiter.engine.execution.InterceptingExecutableInvoker.invoke(InterceptingExecutableInvoker.java:86), org.junit.jupiter.engine.descriptor.TestMethodTestDescriptor.lambda$invokeTestMethod$7(TestMethodTestDescriptor.java:218), org.junit.platform.engine.support.hierarchical.ThrowableCollector.execute(ThrowableCollector.java:73), org.junit.jupiter.engine.descriptor.TestMethodTestDescriptor.invokeTestMethod(TestMethodTestDescriptor.java:214), org.junit.jupiter.engine.descriptor.TestMethodTestDescriptor.execute(TestMethodTestDescriptor.java:139), org.junit.jupiter.engine.descriptor.TestMethodTestDescriptor.execute(TestMethodTestDescriptor.java:69), org.junit.platform.engine.support.hierarchical.NodeTestTask.lambda$executeRecursively$6(NodeTestTask.java:151), org.junit.platform.engine.support.hierarchical.ThrowableCollector.execute(ThrowableCollector.java:73), org.junit.platform.engine.support.hierarchical.NodeTestTask.lambda$executeRecursively$8(NodeTestTask.java:141), org.junit.platform.engine.support.hierarchical.Node.around(Node.java:137), org.junit.platform.engine.support.hierarchical.NodeTestTask.lambda$executeRecursively$9(NodeTestTask.java:139), org.junit.platform.engine.support.hierarchical.ThrowableCollector.execute(ThrowableCollector.java:73), org.junit.platform.engine.support.hierarchical.NodeTestTask.executeRecursively(NodeTestTask.java:138), org.junit.platform.engine.support.hierarchical.NodeTestTask.execute(NodeTestTask.java:95), java.util.ArrayList.forEach(ArrayList.java:1259), org.junit.platform.engine.support.hierarchical.SameThreadHierarchicalTestExecutorService.invokeAll(SameThreadHierarchicalTestExecutorService.java:41), org.junit.platform.engine.support.hierarchical.NodeTestTask.lambda$executeRecursively$6(NodeTestTask.java:155), org.junit.platform.engine.support.hierarchical.ThrowableCollector.execute(ThrowableCollector.java:73), org.junit.platform.engine.support.hierarchical.NodeTestTask.lambda$executeRecursively$8(NodeTestTask.java:141), org.junit.platform.engine.support.hierarchical.Node.around(Node.java:137), org.junit.platform.engine.support.hierarchical.NodeTestTask.lambda$executeRecursively$9(NodeTestTask.java:139), org.junit.platform.engine.support.hierarchical.ThrowableCollector.execute(ThrowableCollector.java:73), org.junit.platform.engine.support.hierarchical.NodeTestTask.executeRecursively(NodeTestTask.java:138), org.junit.platform.engine.support.hierarchical.NodeTestTask.execute(NodeTestTask.java:95), java.util.ArrayList.forEach(ArrayList.java:1259), org.junit.platform.engine.support.hierarchical.SameThreadHierarchicalTestExecutorService.invokeAll(SameThreadHierarchicalTestExecutorService.java:41), org.junit.platform.engine.support.hierarchical.NodeTestTask.lambda$executeRecursively$6(NodeTestTask.java:155), org.junit.platform.engine.support.hierarchical.ThrowableCollector.execute(ThrowableCollector.java:73), org.junit.platform.engine.support.hierarchical.NodeTestTask.lambda$executeRecursively$8(NodeTestTask.java:141), org.junit.platform.engine.support.hierarchical.Node.around(Node.java:137), org.junit.platform.engine.support.hierarchical.NodeTestTask.lambda$executeRecursively$9(NodeTestTask.java:139), org.junit.platform.engine.support.hierarchical.ThrowableCollector.execute(ThrowableCollector.java:73), org.junit.platform.engine.support.hierarchical.NodeTestTask.executeRecursively(NodeTestTask.java:138), org.junit.platform.engine.support.hierarchical.NodeTestTask.execute(NodeTestTask.java:95), org.junit.platform.engine.support.hierarchical.SameThreadHierarchicalTestExecutorService.submit(SameThreadHierarchicalTestExecutorService.java:35), org.junit.platform.engine.support.hierarchical.HierarchicalTestExecutor.execute(HierarchicalTestExecutor.java:57), org.junit.platform.engine.support.hierarchical.HierarchicalTestEngine.execute(HierarchicalTestEngine.java:54), org.junit.platform.launcher.core.EngineExecutionOrchestrator.execute(EngineExecutionOrchestrator.java:198), org.junit.platform.launcher.core.EngineExecutionOrchestrator.execute(EngineExecutionOrchestrator.java:169), org.junit.platform.launcher.core.EngineExecutionOrchestrator.execute(EngineExecutionOrchestrator.java:93), org.junit.platform.launcher.core.EngineExecutionOrchestrator.lambda$execute$0(EngineExecutionOrchestrator.java:58), org.junit.platform.launcher.core.EngineExecutionOrchestrator.withInterceptedStreams(EngineExecutionOrchestrator.java:141), org.junit.platform.launcher.core.EngineExecutionOrchestrator.execute(EngineExecutionOrchestrator.java:57), org.junit.platform.launcher.core.DefaultLauncher.execute(DefaultLauncher.java:103), org.junit.platform.launcher.core.DefaultLauncher.execute(DefaultLauncher.java:85), org.junit.platform.launcher.core.DelegatingLauncher.execute(DelegatingLauncher.java:47), org.apache.maven.surefire.junitplatform.LazyLauncher.execute(LazyLauncher.java:56), org.apache.maven.surefire.junitplatform.JUnitPlatformProvider.execute(JUnitPlatformProvider.java:184), org.apache.maven.surefire.junitplatform.JUnitPlatformProvider.invokeAllTests(JUnitPlatformProvider.java:148), org.apache.maven.surefire.junitplatform.JUnitPlatformProvider.invoke(JUnitPlatformProvider.java:122), org.apache.maven.surefire.booter.ForkedBooter.runSuitesInProcess(ForkedBooter.java:385), org.apache.maven.surefire.booter.ForkedBooter.execute(ForkedBooter.java:162), org.apache.maven.surefire.booter.ForkedBooter.run(ForkedBooter.java:507), org.apache.maven.surefire.booter.ForkedBooter.main(ForkedBooter.java:495)]"
253.0,asterisk-java,org/reflections/Reflections.java#L226,Closeable_MultipleClose,FalseAlarm,"[MSL] Specification Closeable_MultipleClose has been violated on line [org.reflections.Reflections.getClassFile(Reflections.java:233), org.reflections.Reflections.lambda$scan$2(Reflections.java:185), java.util.stream.ForEachOps$ForEachOp$OfRef.accept(ForEachOps.java:183), java.util.HashMap$KeySpliterator.forEachRemaining(HashMap.java:1580), java.util.stream.AbstractPipeline.copyInto(AbstractPipeline.java:482), java.util.stream.ForEachOps$ForEachTask.compute(ForEachOps.java:290), java.util.concurrent.CountedCompleter.exec(CountedCompleter.java:731), java.util.concurrent.ForkJoinTask.doExec(ForkJoinTask.java:289), java.util.concurrent.ForkJoinPool$WorkQueue.runTask(ForkJoinPool.java:1056), java.util.concurrent.ForkJoinPool.runWorker(ForkJoinPool.java:1692), java.util.concurrent.ForkJoinWorkerThread.run(ForkJoinWorkerThread.java:175)]"
254.0,asterisk-java,ch/qos/logback/classic/spi/TurboFilterList.java#L30,Collection_StandardConstructors,Truebug,"[MSL] Specification Collection_StandardConstructors has been violated on line [ch.qos.logback.classic.spi.TurboFilterList.<clinit>(TurboFilterList.java:1), ch.qos.logback.classic.LoggerContext.<init>(LoggerContext.java:67), ch.qos.logback.classic.spi.LogbackServiceProvider.initialize(LogbackServiceProvider.java:39), org.slf4j.LoggerFactory.bind(LoggerFactory.java:195), org.slf4j.LoggerFactory.performInitialization(LoggerFactory.java:182), org.slf4j.LoggerFactory.getProvider(LoggerFactory.java:490), org.slf4j.LoggerFactory.getILoggerFactory(LoggerFactory.java:476), org.slf4j.LoggerFactory.getLogger(LoggerFactory.java:425), org.slf4j.LoggerFactory.getLogger(LoggerFactory.java:451), org.asteriskjava.util.internal.Slf4JLogger.getLogger(Slf4JLogger.java:156), org.asteriskjava.util.internal.Slf4JLogger.<init>(Slf4JLogger.java:59), org.asteriskjava.util.LogFactory.getLog(LogFactory.java:89), org.asteriskjava.pbx.internal.core.ListenerManager.<init>(ListenerManager.java:13), org.asteriskjava.pbx.internal.core.ListenerManagerTest.listenerTest(ListenerManagerTest.java:19), sun.reflect.NativeMethodAccessorImpl.invoke0(Native Method), sun.reflect.NativeMethodAccessorImpl.invoke(NativeMethodAccessorImpl.java:62), sun.reflect.DelegatingMethodAccessorImpl.invoke(DelegatingMethodAccessorImpl.java:43), java.lang.reflect.Method.invoke(Method.java:498), org.junit.platform.commons.util.ReflectionUtils.invokeMethod(ReflectionUtils.java:728), org.junit.jupiter.engine.execution.MethodInvocation.proceed(MethodInvocation.java:60), org.junit.jupiter.engine.execution.InvocationInterceptorChain$ValidatingInvocation.proceed(InvocationInterceptorChain.java:131), org.junit.jupiter.engine.extension.TimeoutExtension.intercept(TimeoutExtension.java:156), org.junit.jupiter.engine.extension.TimeoutExtension.interceptTestableMethod(TimeoutExtension.java:147), org.junit.jupiter.engine.extension.TimeoutExtension.interceptTestMethod(TimeoutExtension.java:86), org.junit.jupiter.engine.execution.InterceptingExecutableInvoker$ReflectiveInterceptorCall.lambda$ofVoidMethod$0(InterceptingExecutableInvoker.java:103), org.junit.jupiter.engine.execution.InterceptingExecutableInvoker.lambda$invoke$0(InterceptingExecutableInvoker.java:93), org.junit.jupiter.engine.execution.InvocationInterceptorChain$InterceptedInvocation.proceed(InvocationInterceptorChain.java:106), org.junit.jupiter.engine.execution.InvocationInterceptorChain.proceed(InvocationInterceptorChain.java:64), org.junit.jupiter.engine.execution.InvocationInterceptorChain.chainAndInvoke(InvocationInterceptorChain.java:45), org.junit.jupiter.engine.execution.InvocationInterceptorChain.invoke(InvocationInterceptorChain.java:37), org.junit.jupiter.engine.execution.InterceptingExecutableInvoker.invoke(InterceptingExecutableInvoker.java:92), org.junit.jupiter.engine.execution.InterceptingExecutableInvoker.invoke(InterceptingExecutableInvoker.java:86), org.junit.jupiter.engine.descriptor.TestMethodTestDescriptor.lambda$invokeTestMethod$7(TestMethodTestDescriptor.java:218), org.junit.platform.engine.support.hierarchical.ThrowableCollector.execute(ThrowableCollector.java:73), org.junit.jupiter.engine.descriptor.TestMethodTestDescriptor.invokeTestMethod(TestMethodTestDescriptor.java:214), org.junit.jupiter.engine.descriptor.TestMethodTestDescriptor.execute(TestMethodTestDescriptor.java:139), org.junit.jupiter.engine.descriptor.TestMethodTestDescriptor.execute(TestMethodTestDescriptor.java:69), org.junit.platform.engine.support.hierarchical.NodeTestTask.lambda$executeRecursively$6(NodeTestTask.java:151), org.junit.platform.engine.support.hierarchical.ThrowableCollector.execute(ThrowableCollector.java:73), org.junit.platform.engine.support.hierarchical.NodeTestTask.lambda$executeRecursively$8(NodeTestTask.java:141), org.junit.platform.engine.support.hierarchical.Node.around(Node.java:137), org.junit.platform.engine.support.hierarchical.NodeTestTask.lambda$executeRecursively$9(NodeTestTask.java:139), org.junit.platform.engine.support.hierarchical.ThrowableCollector.execute(ThrowableCollector.java:73), org.junit.platform.engine.support.hierarchical.NodeTestTask.executeRecursively(NodeTestTask.java:138), org.junit.platform.engine.support.hierarchical.NodeTestTask.execute(NodeTestTask.java:95), java.util.ArrayList.forEach(ArrayList.java:1259), org.junit.platform.engine.support.hierarchical.SameThreadHierarchicalTestExecutorService.invokeAll(SameThreadHierarchicalTestExecutorService.java:41), org.junit.platform.engine.support.hierarchical.NodeTestTask.lambda$executeRecursively$6(NodeTestTask.java:155), org.junit.platform.engine.support.hierarchical.ThrowableCollector.execute(ThrowableCollector.java:73), org.junit.platform.engine.support.hierarchical.NodeTestTask.lambda$executeRecursively$8(NodeTestTask.java:141), org.junit.platform.engine.support.hierarchical.Node.around(Node.java:137), org.junit.platform.engine.support.hierarchical.NodeTestTask.lambda$executeRecursively$9(NodeTestTask.java:139), org.junit.platform.engine.support.hierarchical.ThrowableCollector.execute(ThrowableCollector.java:73), org.junit.platform.engine.support.hierarchical.NodeTestTask.executeRecursively(NodeTestTask.java:138), org.junit.platform.engine.support.hierarchical.NodeTestTask.execute(NodeTestTask.java:95), java.util.ArrayList.forEach(ArrayList.java:1259), org.junit.platform.engine.support.hierarchical.SameThreadHierarchicalTestExecutorService.invokeAll(SameThreadHierarchicalTestExecutorService.java:41), org.junit.platform.engine.support.hierarchical.NodeTestTask.lambda$executeRecursively$6(NodeTestTask.java:155), org.junit.platform.engine.support.hierarchical.ThrowableCollector.execute(ThrowableCollector.java:73), org.junit.platform.engine.support.hierarchical.NodeTestTask.lambda$executeRecursively$8(NodeTestTask.java:141), org.junit.platform.engine.support.hierarchical.Node.around(Node.java:137), org.junit.platform.engine.support.hierarchical.NodeTestTask.lambda$executeRecursively$9(NodeTestTask.java:139), org.junit.platform.engine.support.hierarchical.ThrowableCollector.execute(ThrowableCollector.java:73), org.junit.platform.engine.support.hierarchical.NodeTestTask.executeRecursively(NodeTestTask.java:138), org.junit.platform.engine.support.hierarchical.NodeTestTask.execute(NodeTestTask.java:95), org.junit.platform.engine.support.hierarchical.SameThreadHierarchicalTestExecutorService.submit(SameThreadHierarchicalTestExecutorService.java:35), org.junit.platform.engine.support.hierarchical.HierarchicalTestExecutor.execute(HierarchicalTestExecutor.java:57), org.junit.platform.engine.support.hierarchical.HierarchicalTestEngine.execute(HierarchicalTestEngine.java:54), org.junit.platform.launcher.core.EngineExecutionOrchestrator.execute(EngineExecutionOrchestrator.java:198), org.junit.platform.launcher.core.EngineExecutionOrchestrator.execute(EngineExecutionOrchestrator.java:169), org.junit.platform.launcher.core.EngineExecutionOrchestrator.execute(EngineExecutionOrchestrator.java:93), org.junit.platform.launcher.core.EngineExecutionOrchestrator.lambda$execute$0(EngineExecutionOrchestrator.java:58), org.junit.platform.launcher.core.EngineExecutionOrchestrator.withInterceptedStreams(EngineExecutionOrchestrator.java:141), org.junit.platform.launcher.core.EngineExecutionOrchestrator.execute(EngineExecutionOrchestrator.java:57), org.junit.platform.launcher.core.DefaultLauncher.execute(DefaultLauncher.java:103), org.junit.platform.launcher.core.DefaultLauncher.execute(DefaultLauncher.java:85), org.junit.platform.launcher.core.DelegatingLauncher.execute(DelegatingLauncher.java:47), org.apache.maven.surefire.junitplatform.LazyLauncher.execute(LazyLauncher.java:56), org.apache.maven.surefire.junitplatform.JUnitPlatformProvider.execute(JUnitPlatformProvider.java:184), org.apache.maven.surefire.junitplatform.JUnitPlatformProvider.invokeAllTests(JUnitPlatformProvider.java:148), org.apache.maven.surefire.junitplatform.JUnitPlatformProvider.invoke(JUnitPlatformProvider.java:122), org.apache.maven.surefire.booter.ForkedBooter.runSuitesInProcess(ForkedBooter.java:385), org.apache.maven.surefire.booter.ForkedBooter.execute(ForkedBooter.java:162), org.apache.maven.surefire.booter.ForkedBooter.run(ForkedBooter.java:507), org.apache.maven.surefire.booter.ForkedBooter.main(ForkedBooter.java:495)]"
255.0,asterisk-java,net/bytebuddy/description/ByteCodeElement.java#L134,Collection_StandardConstructors,FalseAlarm,"[MSL] Specification Collection_StandardConstructors has been violated on line [net.bytebuddy.description.ByteCodeElement$Token$TokenList.<clinit>(ByteCodeElement.java:1), net.bytebuddy.description.type.TypeList$Generic$AbstractBase.asTokenList(TypeList.java:316), net.bytebuddy.description.method.MethodDescription$AbstractBase.asToken(MethodDescription.java:888), net.bytebuddy.description.method.MethodDescription$AbstractBase.asToken(MethodDescription.java:445), net.bytebuddy.description.method.MethodList$AbstractBase.asTokenList(MethodList.java:90), net.bytebuddy.dynamic.scaffold.subclass.ConstructorStrategy$Default$5.doExtractConstructors(ConstructorStrategy.java:175), net.bytebuddy.dynamic.scaffold.subclass.ConstructorStrategy$Default.extractConstructors(ConstructorStrategy.java:196), net.bytebuddy.dynamic.scaffold.subclass.SubclassDynamicTypeBuilder.applyConstructorStrategy(SubclassDynamicTypeBuilder.java:242), net.bytebuddy.dynamic.scaffold.subclass.SubclassDynamicTypeBuilder.toTypeWriter(SubclassDynamicTypeBuilder.java:212), net.bytebuddy.dynamic.scaffold.subclass.SubclassDynamicTypeBuilder.toTypeWriter(SubclassDynamicTypeBuilder.java:203), net.bytebuddy.dynamic.DynamicType$Builder$AbstractBase$UsingTypeWriter.make(DynamicType.java:4050), net.bytebuddy.dynamic.DynamicType$Builder$AbstractBase.make(DynamicType.java:3734), net.bytebuddy.dynamic.DynamicType$Builder$AbstractBase$Delegator.make(DynamicType.java:3986), org.mockito.internal.creation.bytebuddy.SubclassBytecodeGenerator.mockClass(SubclassBytecodeGenerator.java:296), org.mockito.internal.creation.bytebuddy.TypeCachingBytecodeGenerator.lambda$mockClass$0(TypeCachingBytecodeGenerator.java:47), net.bytebuddy.TypeCache.findOrInsert(TypeCache.java:168), net.bytebuddy.TypeCache$WithInlineExpunction.findOrInsert(TypeCache.java:399), net.bytebuddy.TypeCache.findOrInsert(TypeCache.java:190), net.bytebuddy.TypeCache$WithInlineExpunction.findOrInsert(TypeCache.java:410), org.mockito.internal.creation.bytebuddy.TypeCachingBytecodeGenerator.mockClass(TypeCachingBytecodeGenerator.java:40), org.mockito.internal.creation.bytebuddy.SubclassByteBuddyMockMaker.createMockType(SubclassByteBuddyMockMaker.java:77), org.mockito.internal.creation.bytebuddy.SubclassByteBuddyMockMaker.createMock(SubclassByteBuddyMockMaker.java:43), org.mockito.internal.creation.bytebuddy.ByteBuddyMockMaker.createMock(ByteBuddyMockMaker.java:42), org.mockito.internal.util.MockUtil.createMock(MockUtil.java:99), org.mockito.internal.MockitoCore.mock(MockitoCore.java:88), org.mockito.Mockito.mock(Mockito.java:2037), org.mockito.Mockito.mock(Mockito.java:1952), org.asteriskjava.manager.internal.ManagerReaderImplTest.setUp(ManagerReaderImplTest.java:50), sun.reflect.NativeMethodAccessorImpl.invoke0(Native Method), sun.reflect.NativeMethodAccessorImpl.invoke(NativeMethodAccessorImpl.java:62), sun.reflect.DelegatingMethodAccessorImpl.invoke(DelegatingMethodAccessorImpl.java:43), java.lang.reflect.Method.invoke(Method.java:498), org.junit.platform.commons.util.ReflectionUtils.invokeMethod(ReflectionUtils.java:728), org.junit.jupiter.engine.execution.MethodInvocation.proceed(MethodInvocation.java:60), org.junit.jupiter.engine.execution.InvocationInterceptorChain$ValidatingInvocation.proceed(InvocationInterceptorChain.java:131), org.junit.jupiter.engine.extension.TimeoutExtension.intercept(TimeoutExtension.java:156), org.junit.jupiter.engine.extension.TimeoutExtension.interceptLifecycleMethod(TimeoutExtension.java:128), org.junit.jupiter.engine.extension.TimeoutExtension.interceptBeforeEachMethod(TimeoutExtension.java:78), org.junit.jupiter.engine.execution.InterceptingExecutableInvoker$ReflectiveInterceptorCall.lambda$ofVoidMethod$0(InterceptingExecutableInvoker.java:103), org.junit.jupiter.engine.execution.InterceptingExecutableInvoker.lambda$invoke$0(InterceptingExecutableInvoker.java:93), org.junit.jupiter.engine.execution.InvocationInterceptorChain$InterceptedInvocation.proceed(InvocationInterceptorChain.java:106), org.junit.jupiter.engine.execution.InvocationInterceptorChain.proceed(InvocationInterceptorChain.java:64), org.junit.jupiter.engine.execution.InvocationInterceptorChain.chainAndInvoke(InvocationInterceptorChain.java:45), org.junit.jupiter.engine.execution.InvocationInterceptorChain.invoke(InvocationInterceptorChain.java:37), org.junit.jupiter.engine.execution.InterceptingExecutableInvoker.invoke(InterceptingExecutableInvoker.java:92), org.junit.jupiter.engine.execution.InterceptingExecutableInvoker.invoke(InterceptingExecutableInvoker.java:86), org.junit.jupiter.engine.descriptor.ClassBasedTestDescriptor.invokeMethodInExtensionContext(ClassBasedTestDescriptor.java:521), org.junit.jupiter.engine.descriptor.ClassBasedTestDescriptor.lambda$synthesizeBeforeEachMethodAdapter$23(ClassBasedTestDescriptor.java:506), org.junit.jupiter.engine.descriptor.TestMethodTestDescriptor.lambda$invokeBeforeEachMethods$3(TestMethodTestDescriptor.java:175), org.junit.jupiter.engine.descriptor.TestMethodTestDescriptor.lambda$invokeBeforeMethodsOrCallbacksUntilExceptionOccurs$6(TestMethodTestDescriptor.java:203), org.junit.platform.engine.support.hierarchical.ThrowableCollector.execute(ThrowableCollector.java:73), org.junit.jupiter.engine.descriptor.TestMethodTestDescriptor.invokeBeforeMethodsOrCallbacksUntilExceptionOccurs(TestMethodTestDescriptor.java:203), org.junit.jupiter.engine.descriptor.TestMethodTestDescriptor.invokeBeforeEachMethods(TestMethodTestDescriptor.java:172), org.junit.jupiter.engine.descriptor.TestMethodTestDescriptor.execute(TestMethodTestDescriptor.java:135), org.junit.jupiter.engine.descriptor.TestMethodTestDescriptor.execute(TestMethodTestDescriptor.java:69), org.junit.platform.engine.support.hierarchical.NodeTestTask.lambda$executeRecursively$6(NodeTestTask.java:151), org.junit.platform.engine.support.hierarchical.ThrowableCollector.execute(ThrowableCollector.java:73), org.junit.platform.engine.support.hierarchical.NodeTestTask.lambda$executeRecursively$8(NodeTestTask.java:141), org.junit.platform.engine.support.hierarchical.Node.around(Node.java:137), org.junit.platform.engine.support.hierarchical.NodeTestTask.lambda$executeRecursively$9(NodeTestTask.java:139), org.junit.platform.engine.support.hierarchical.ThrowableCollector.execute(ThrowableCollector.java:73), org.junit.platform.engine.support.hierarchical.NodeTestTask.executeRecursively(NodeTestTask.java:138), org.junit.platform.engine.support.hierarchical.NodeTestTask.execute(NodeTestTask.java:95), java.util.ArrayList.forEach(ArrayList.java:1259), org.junit.platform.engine.support.hierarchical.SameThreadHierarchicalTestExecutorService.invokeAll(SameThreadHierarchicalTestExecutorService.java:41), org.junit.platform.engine.support.hierarchical.NodeTestTask.lambda$executeRecursively$6(NodeTestTask.java:155), org.junit.platform.engine.support.hierarchical.ThrowableCollector.execute(ThrowableCollector.java:73), org.junit.platform.engine.support.hierarchical.NodeTestTask.lambda$executeRecursively$8(NodeTestTask.java:141), org.junit.platform.engine.support.hierarchical.Node.around(Node.java:137), org.junit.platform.engine.support.hierarchical.NodeTestTask.lambda$executeRecursively$9(NodeTestTask.java:139), org.junit.platform.engine.support.hierarchical.ThrowableCollector.execute(ThrowableCollector.java:73), org.junit.platform.engine.support.hierarchical.NodeTestTask.executeRecursively(NodeTestTask.java:138), org.junit.platform.engine.support.hierarchical.NodeTestTask.execute(NodeTestTask.java:95), java.util.ArrayList.forEach(ArrayList.java:1259), org.junit.platform.engine.support.hierarchical.SameThreadHierarchicalTestExecutorService.invokeAll(SameThreadHierarchicalTestExecutorService.java:41), org.junit.platform.engine.support.hierarchical.NodeTestTask.lambda$executeRecursively$6(NodeTestTask.java:155), org.junit.platform.engine.support.hierarchical.ThrowableCollector.execute(ThrowableCollector.java:73), org.junit.platform.engine.support.hierarchical.NodeTestTask.lambda$executeRecursively$8(NodeTestTask.java:141), org.junit.platform.engine.support.hierarchical.Node.around(Node.java:137), org.junit.platform.engine.support.hierarchical.NodeTestTask.lambda$executeRecursively$9(NodeTestTask.java:139), org.junit.platform.engine.support.hierarchical.ThrowableCollector.execute(ThrowableCollector.java:73), org.junit.platform.engine.support.hierarchical.NodeTestTask.executeRecursively(NodeTestTask.java:138), org.junit.platform.engine.support.hierarchical.NodeTestTask.execute(NodeTestTask.java:95), org.junit.platform.engine.support.hierarchical.SameThreadHierarchicalTestExecutorService.submit(SameThreadHierarchicalTestExecutorService.java:35), org.junit.platform.engine.support.hierarchical.HierarchicalTestExecutor.execute(HierarchicalTestExecutor.java:57), org.junit.platform.engine.support.hierarchical.HierarchicalTestEngine.execute(HierarchicalTestEngine.java:54), org.junit.platform.launcher.core.EngineExecutionOrchestrator.execute(EngineExecutionOrchestrator.java:198), org.junit.platform.launcher.core.EngineExecutionOrchestrator.execute(EngineExecutionOrchestrator.java:169), org.junit.platform.launcher.core.EngineExecutionOrchestrator.execute(EngineExecutionOrchestrator.java:93), org.junit.platform.launcher.core.EngineExecutionOrchestrator.lambda$execute$0(EngineExecutionOrchestrator.java:58), org.junit.platform.launcher.core.EngineExecutionOrchestrator.withInterceptedStreams(EngineExecutionOrchestrator.java:141), org.junit.platform.launcher.core.EngineExecutionOrchestrator.execute(EngineExecutionOrchestrator.java:57), org.junit.platform.launcher.core.DefaultLauncher.execute(DefaultLauncher.java:103), org.junit.platform.launcher.core.DefaultLauncher.execute(DefaultLauncher.java:85), org.junit.platform.launcher.core.DelegatingLauncher.execute(DelegatingLauncher.java:47), org.apache.maven.surefire.junitplatform.LazyLauncher.execute(LazyLauncher.java:56), org.apache.maven.surefire.junitplatform.JUnitPlatformProvider.execute(JUnitPlatformProvider.java:184), org.apache.maven.surefire.junitplatform.JUnitPlatformProvider.invokeAllTests(JUnitPlatformProvider.java:148), org.apache.maven.surefire.junitplatform.JUnitPlatformProvider.invoke(JUnitPlatformProvider.java:122), org.apache.maven.surefire.booter.ForkedBooter.runSuitesInProcess(ForkedBooter.java:385), org.apache.maven.surefire.booter.ForkedBooter.execute(ForkedBooter.java:162), org.apache.maven.surefire.booter.ForkedBooter.run(ForkedBooter.java:507), org.apache.maven.surefire.booter.ForkedBooter.main(ForkedBooter.java:495)]"
256.0,asterisk-java,net/bytebuddy/description/annotation/AnnotationList.java#L217,Collection_StandardConstructors,Truebug,"[MSL] Specification Collection_StandardConstructors has been violated on line [net.bytebuddy.description.annotation.AnnotationList$ForLoadedAnnotations.<clinit>(AnnotationList.java:1), net.bytebuddy.description.method.MethodDescription$ForLoadedMethod.getDeclaredAnnotations(MethodDescription.java:1319), net.bytebuddy.implementation.bind.annotation.IgnoreForBinding$Verifier.check(IgnoreForBinding.java:52), net.bytebuddy.implementation.bind.annotation.TargetMethodAnnotationDrivenBinder.compile(TargetMethodAnnotationDrivenBinder.java:80), net.bytebuddy.implementation.MethodDelegation$ImplementationDelegate$ForStaticMethod.of(MethodDelegation.java:950), net.bytebuddy.implementation.MethodDelegation$WithCustomProperties.to(MethodDelegation.java:1507), net.bytebuddy.implementation.MethodDelegation$WithCustomProperties.to(MethodDelegation.java:1488), net.bytebuddy.implementation.MethodDelegation.to(MethodDelegation.java:273), org.mockito.internal.creation.bytebuddy.SubclassBytecodeGenerator.<init>(SubclassBytecodeGenerator.java:60), org.mockito.internal.creation.bytebuddy.SubclassBytecodeGenerator.<init>(SubclassBytecodeGenerator.java:70), org.mockito.internal.creation.bytebuddy.SubclassByteBuddyMockMaker.<init>(SubclassByteBuddyMockMaker.java:37), org.mockito.internal.creation.bytebuddy.SubclassByteBuddyMockMaker.<init>(SubclassByteBuddyMockMaker.java:33), org.mockito.internal.creation.bytebuddy.ByteBuddyMockMaker.<init>(ByteBuddyMockMaker.java:29), sun.reflect.NativeConstructorAccessorImpl.newInstance0(Native Method), sun.reflect.NativeConstructorAccessorImpl.newInstance(NativeConstructorAccessorImpl.java:62), sun.reflect.DelegatingConstructorAccessorImpl.newInstance(DelegatingConstructorAccessorImpl.java:45), java.lang.reflect.Constructor.newInstance(Constructor.java:423), org.mockito.internal.configuration.plugins.DefaultMockitoPlugins.create(DefaultMockitoPlugins.java:95), org.mockito.internal.configuration.plugins.DefaultMockitoPlugins.getDefaultPlugin(DefaultMockitoPlugins.java:71), org.mockito.internal.configuration.plugins.PluginLoader.loadPlugin(PluginLoader.java:75), org.mockito.internal.configuration.plugins.PluginLoader.loadPlugin(PluginLoader.java:50), org.mockito.internal.configuration.plugins.PluginRegistry.<init>(PluginRegistry.java:27), org.mockito.internal.configuration.plugins.Plugins.<clinit>(Plugins.java:22), org.mockito.internal.MockitoCore.<clinit>(MockitoCore.java:73), org.mockito.Mockito.<clinit>(Mockito.java:1669), org.asteriskjava.manager.internal.ManagerReaderImplTest.setUp(ManagerReaderImplTest.java:50), sun.reflect.NativeMethodAccessorImpl.invoke0(Native Method), sun.reflect.NativeMethodAccessorImpl.invoke(NativeMethodAccessorImpl.java:62), sun.reflect.DelegatingMethodAccessorImpl.invoke(DelegatingMethodAccessorImpl.java:43), java.lang.reflect.Method.invoke(Method.java:498), org.junit.platform.commons.util.ReflectionUtils.invokeMethod(ReflectionUtils.java:728), org.junit.jupiter.engine.execution.MethodInvocation.proceed(MethodInvocation.java:60), org.junit.jupiter.engine.execution.InvocationInterceptorChain$ValidatingInvocation.proceed(InvocationInterceptorChain.java:131), org.junit.jupiter.engine.extension.TimeoutExtension.intercept(TimeoutExtension.java:156), org.junit.jupiter.engine.extension.TimeoutExtension.interceptLifecycleMethod(TimeoutExtension.java:128), org.junit.jupiter.engine.extension.TimeoutExtension.interceptBeforeEachMethod(TimeoutExtension.java:78), org.junit.jupiter.engine.execution.InterceptingExecutableInvoker$ReflectiveInterceptorCall.lambda$ofVoidMethod$0(InterceptingExecutableInvoker.java:103), org.junit.jupiter.engine.execution.InterceptingExecutableInvoker.lambda$invoke$0(InterceptingExecutableInvoker.java:93), org.junit.jupiter.engine.execution.InvocationInterceptorChain$InterceptedInvocation.proceed(InvocationInterceptorChain.java:106), org.junit.jupiter.engine.execution.InvocationInterceptorChain.proceed(InvocationInterceptorChain.java:64), org.junit.jupiter.engine.execution.InvocationInterceptorChain.chainAndInvoke(InvocationInterceptorChain.java:45), org.junit.jupiter.engine.execution.InvocationInterceptorChain.invoke(InvocationInterceptorChain.java:37), org.junit.jupiter.engine.execution.InterceptingExecutableInvoker.invoke(InterceptingExecutableInvoker.java:92), org.junit.jupiter.engine.execution.InterceptingExecutableInvoker.invoke(InterceptingExecutableInvoker.java:86), org.junit.jupiter.engine.descriptor.ClassBasedTestDescriptor.invokeMethodInExtensionContext(ClassBasedTestDescriptor.java:521), org.junit.jupiter.engine.descriptor.ClassBasedTestDescriptor.lambda$synthesizeBeforeEachMethodAdapter$23(ClassBasedTestDescriptor.java:506), org.junit.jupiter.engine.descriptor.TestMethodTestDescriptor.lambda$invokeBeforeEachMethods$3(TestMethodTestDescriptor.java:175), org.junit.jupiter.engine.descriptor.TestMethodTestDescriptor.lambda$invokeBeforeMethodsOrCallbacksUntilExceptionOccurs$6(TestMethodTestDescriptor.java:203), org.junit.platform.engine.support.hierarchical.ThrowableCollector.execute(ThrowableCollector.java:73), org.junit.jupiter.engine.descriptor.TestMethodTestDescriptor.invokeBeforeMethodsOrCallbacksUntilExceptionOccurs(TestMethodTestDescriptor.java:203), org.junit.jupiter.engine.descriptor.TestMethodTestDescriptor.invokeBeforeEachMethods(TestMethodTestDescriptor.java:172), org.junit.jupiter.engine.descriptor.TestMethodTestDescriptor.execute(TestMethodTestDescriptor.java:135), org.junit.jupiter.engine.descriptor.TestMethodTestDescriptor.execute(TestMethodTestDescriptor.java:69), org.junit.platform.engine.support.hierarchical.NodeTestTask.lambda$executeRecursively$6(NodeTestTask.java:151), org.junit.platform.engine.support.hierarchical.ThrowableCollector.execute(ThrowableCollector.java:73), org.junit.platform.engine.support.hierarchical.NodeTestTask.lambda$executeRecursively$8(NodeTestTask.java:141), org.junit.platform.engine.support.hierarchical.Node.around(Node.java:137), org.junit.platform.engine.support.hierarchical.NodeTestTask.lambda$executeRecursively$9(NodeTestTask.java:139), org.junit.platform.engine.support.hierarchical.ThrowableCollector.execute(ThrowableCollector.java:73), org.junit.platform.engine.support.hierarchical.NodeTestTask.executeRecursively(NodeTestTask.java:138), org.junit.platform.engine.support.hierarchical.NodeTestTask.execute(NodeTestTask.java:95), java.util.ArrayList.forEach(ArrayList.java:1259), org.junit.platform.engine.support.hierarchical.SameThreadHierarchicalTestExecutorService.invokeAll(SameThreadHierarchicalTestExecutorService.java:41), org.junit.platform.engine.support.hierarchical.NodeTestTask.lambda$executeRecursively$6(NodeTestTask.java:155), org.junit.platform.engine.support.hierarchical.ThrowableCollector.execute(ThrowableCollector.java:73), org.junit.platform.engine.support.hierarchical.NodeTestTask.lambda$executeRecursively$8(NodeTestTask.java:141), org.junit.platform.engine.support.hierarchical.Node.around(Node.java:137), org.junit.platform.engine.support.hierarchical.NodeTestTask.lambda$executeRecursively$9(NodeTestTask.java:139), org.junit.platform.engine.support.hierarchical.ThrowableCollector.execute(ThrowableCollector.java:73), org.junit.platform.engine.support.hierarchical.NodeTestTask.executeRecursively(NodeTestTask.java:138), org.junit.platform.engine.support.hierarchical.NodeTestTask.execute(NodeTestTask.java:95), java.util.ArrayList.forEach(ArrayList.java:1259), org.junit.platform.engine.support.hierarchical.SameThreadHierarchicalTestExecutorService.invokeAll(SameThreadHierarchicalTestExecutorService.java:41), org.junit.platform.engine.support.hierarchical.NodeTestTask.lambda$executeRecursively$6(NodeTestTask.java:155), org.junit.platform.engine.support.hierarchical.ThrowableCollector.execute(ThrowableCollector.java:73), org.junit.platform.engine.support.hierarchical.NodeTestTask.lambda$executeRecursively$8(NodeTestTask.java:141), org.junit.platform.engine.support.hierarchical.Node.around(Node.java:137), org.junit.platform.engine.support.hierarchical.NodeTestTask.lambda$executeRecursively$9(NodeTestTask.java:139), org.junit.platform.engine.support.hierarchical.ThrowableCollector.execute(ThrowableCollector.java:73), org.junit.platform.engine.support.hierarchical.NodeTestTask.executeRecursively(NodeTestTask.java:138), org.junit.platform.engine.support.hierarchical.NodeTestTask.execute(NodeTestTask.java:95), org.junit.platform.engine.support.hierarchical.SameThreadHierarchicalTestExecutorService.submit(SameThreadHierarchicalTestExecutorService.java:35), org.junit.platform.engine.support.hierarchical.HierarchicalTestExecutor.execute(HierarchicalTestExecutor.java:57), org.junit.platform.engine.support.hierarchical.HierarchicalTestEngine.execute(HierarchicalTestEngine.java:54), org.junit.platform.launcher.core.EngineExecutionOrchestrator.execute(EngineExecutionOrchestrator.java:198), org.junit.platform.launcher.core.EngineExecutionOrchestrator.execute(EngineExecutionOrchestrator.java:169), org.junit.platform.launcher.core.EngineExecutionOrchestrator.execute(EngineExecutionOrchestrator.java:93), org.junit.platform.launcher.core.EngineExecutionOrchestrator.lambda$execute$0(EngineExecutionOrchestrator.java:58), org.junit.platform.launcher.core.EngineExecutionOrchestrator.withInterceptedStreams(EngineExecutionOrchestrator.java:141), org.junit.platform.launcher.core.EngineExecutionOrchestrator.execute(EngineExecutionOrchestrator.java:57), org.junit.platform.launcher.core.DefaultLauncher.execute(DefaultLauncher.java:103), org.junit.platform.launcher.core.DefaultLauncher.execute(DefaultLauncher.java:85), org.junit.platform.launcher.core.DelegatingLauncher.execute(DelegatingLauncher.java:47), org.apache.maven.surefire.junitplatform.LazyLauncher.execute(LazyLauncher.java:56), org.apache.maven.surefire.junitplatform.JUnitPlatformProvider.execute(JUnitPlatformProvider.java:184), org.apache.maven.surefire.junitplatform.JUnitPlatformProvider.invokeAllTests(JUnitPlatformProvider.java:148), org.apache.maven.surefire.junitplatform.JUnitPlatformProvider.invoke(JUnitPlatformProvider.java:122), org.apache.maven.surefire.booter.ForkedBooter.runSuitesInProcess(ForkedBooter.java:385), org.apache.maven.surefire.booter.ForkedBooter.execute(ForkedBooter.java:162), org.apache.maven.surefire.booter.ForkedBooter.run(ForkedBooter.java:507), org.apache.maven.surefire.booter.ForkedBooter.main(ForkedBooter.java:495)]"
257.0,asterisk-java,net/bytebuddy/description/field/FieldList.java#L178,Collection_StandardConstructors,FalseAlarm,"[MSL] Specification Collection_StandardConstructors has been violated on line [net.bytebuddy.description.field.FieldList$ForTokens.<clinit>(FieldList.java:1), net.bytebuddy.dynamic.scaffold.InstrumentedType$Default.getDeclaredFields(InstrumentedType.java:1468), net.bytebuddy.dynamic.scaffold.TypeWriter$Default.forCreation(TypeWriter.java:2017), net.bytebuddy.dynamic.scaffold.subclass.SubclassDynamicTypeBuilder.toTypeWriter(SubclassDynamicTypeBuilder.java:218), net.bytebuddy.dynamic.scaffold.subclass.SubclassDynamicTypeBuilder.toTypeWriter(SubclassDynamicTypeBuilder.java:203), net.bytebuddy.dynamic.DynamicType$Builder$AbstractBase$UsingTypeWriter.make(DynamicType.java:4050), net.bytebuddy.dynamic.DynamicType$Builder$AbstractBase.make(DynamicType.java:3734), net.bytebuddy.dynamic.DynamicType$Builder$AbstractBase$Delegator.make(DynamicType.java:3986), org.mockito.internal.creation.bytebuddy.SubclassBytecodeGenerator.mockClass(SubclassBytecodeGenerator.java:296), org.mockito.internal.creation.bytebuddy.TypeCachingBytecodeGenerator.lambda$mockClass$0(TypeCachingBytecodeGenerator.java:47), net.bytebuddy.TypeCache.findOrInsert(TypeCache.java:168), net.bytebuddy.TypeCache$WithInlineExpunction.findOrInsert(TypeCache.java:399), net.bytebuddy.TypeCache.findOrInsert(TypeCache.java:190), net.bytebuddy.TypeCache$WithInlineExpunction.findOrInsert(TypeCache.java:410), org.mockito.internal.creation.bytebuddy.TypeCachingBytecodeGenerator.mockClass(TypeCachingBytecodeGenerator.java:40), org.mockito.internal.creation.bytebuddy.SubclassByteBuddyMockMaker.createMockType(SubclassByteBuddyMockMaker.java:77), org.mockito.internal.creation.bytebuddy.SubclassByteBuddyMockMaker.createMock(SubclassByteBuddyMockMaker.java:43), org.mockito.internal.creation.bytebuddy.ByteBuddyMockMaker.createMock(ByteBuddyMockMaker.java:42), org.mockito.internal.util.MockUtil.createMock(MockUtil.java:99), org.mockito.internal.MockitoCore.mock(MockitoCore.java:88), org.mockito.Mockito.mock(Mockito.java:2037), org.mockito.Mockito.mock(Mockito.java:1952), org.asteriskjava.manager.internal.ManagerReaderImplTest.setUp(ManagerReaderImplTest.java:50), sun.reflect.NativeMethodAccessorImpl.invoke0(Native Method), sun.reflect.NativeMethodAccessorImpl.invoke(NativeMethodAccessorImpl.java:62), sun.reflect.DelegatingMethodAccessorImpl.invoke(DelegatingMethodAccessorImpl.java:43), java.lang.reflect.Method.invoke(Method.java:498), org.junit.platform.commons.util.ReflectionUtils.invokeMethod(ReflectionUtils.java:728), org.junit.jupiter.engine.execution.MethodInvocation.proceed(MethodInvocation.java:60), org.junit.jupiter.engine.execution.InvocationInterceptorChain$ValidatingInvocation.proceed(InvocationInterceptorChain.java:131), org.junit.jupiter.engine.extension.TimeoutExtension.intercept(TimeoutExtension.java:156), org.junit.jupiter.engine.extension.TimeoutExtension.interceptLifecycleMethod(TimeoutExtension.java:128), org.junit.jupiter.engine.extension.TimeoutExtension.interceptBeforeEachMethod(TimeoutExtension.java:78), org.junit.jupiter.engine.execution.InterceptingExecutableInvoker$ReflectiveInterceptorCall.lambda$ofVoidMethod$0(InterceptingExecutableInvoker.java:103), org.junit.jupiter.engine.execution.InterceptingExecutableInvoker.lambda$invoke$0(InterceptingExecutableInvoker.java:93), org.junit.jupiter.engine.execution.InvocationInterceptorChain$InterceptedInvocation.proceed(InvocationInterceptorChain.java:106), org.junit.jupiter.engine.execution.InvocationInterceptorChain.proceed(InvocationInterceptorChain.java:64), org.junit.jupiter.engine.execution.InvocationInterceptorChain.chainAndInvoke(InvocationInterceptorChain.java:45), org.junit.jupiter.engine.execution.InvocationInterceptorChain.invoke(InvocationInterceptorChain.java:37), org.junit.jupiter.engine.execution.InterceptingExecutableInvoker.invoke(InterceptingExecutableInvoker.java:92), org.junit.jupiter.engine.execution.InterceptingExecutableInvoker.invoke(InterceptingExecutableInvoker.java:86), org.junit.jupiter.engine.descriptor.ClassBasedTestDescriptor.invokeMethodInExtensionContext(ClassBasedTestDescriptor.java:521), org.junit.jupiter.engine.descriptor.ClassBasedTestDescriptor.lambda$synthesizeBeforeEachMethodAdapter$23(ClassBasedTestDescriptor.java:506), org.junit.jupiter.engine.descriptor.TestMethodTestDescriptor.lambda$invokeBeforeEachMethods$3(TestMethodTestDescriptor.java:175), org.junit.jupiter.engine.descriptor.TestMethodTestDescriptor.lambda$invokeBeforeMethodsOrCallbacksUntilExceptionOccurs$6(TestMethodTestDescriptor.java:203), org.junit.platform.engine.support.hierarchical.ThrowableCollector.execute(ThrowableCollector.java:73), org.junit.jupiter.engine.descriptor.TestMethodTestDescriptor.invokeBeforeMethodsOrCallbacksUntilExceptionOccurs(TestMethodTestDescriptor.java:203), org.junit.jupiter.engine.descriptor.TestMethodTestDescriptor.invokeBeforeEachMethods(TestMethodTestDescriptor.java:172), org.junit.jupiter.engine.descriptor.TestMethodTestDescriptor.execute(TestMethodTestDescriptor.java:135), org.junit.jupiter.engine.descriptor.TestMethodTestDescriptor.execute(TestMethodTestDescriptor.java:69), org.junit.platform.engine.support.hierarchical.NodeTestTask.lambda$executeRecursively$6(NodeTestTask.java:151), org.junit.platform.engine.support.hierarchical.ThrowableCollector.execute(ThrowableCollector.java:73), org.junit.platform.engine.support.hierarchical.NodeTestTask.lambda$executeRecursively$8(NodeTestTask.java:141), org.junit.platform.engine.support.hierarchical.Node.around(Node.java:137), org.junit.platform.engine.support.hierarchical.NodeTestTask.lambda$executeRecursively$9(NodeTestTask.java:139), org.junit.platform.engine.support.hierarchical.ThrowableCollector.execute(ThrowableCollector.java:73), org.junit.platform.engine.support.hierarchical.NodeTestTask.executeRecursively(NodeTestTask.java:138), org.junit.platform.engine.support.hierarchical.NodeTestTask.execute(NodeTestTask.java:95), java.util.ArrayList.forEach(ArrayList.java:1259), org.junit.platform.engine.support.hierarchical.SameThreadHierarchicalTestExecutorService.invokeAll(SameThreadHierarchicalTestExecutorService.java:41), org.junit.platform.engine.support.hierarchical.NodeTestTask.lambda$executeRecursively$6(NodeTestTask.java:155), org.junit.platform.engine.support.hierarchical.ThrowableCollector.execute(ThrowableCollector.java:73), org.junit.platform.engine.support.hierarchical.NodeTestTask.lambda$executeRecursively$8(NodeTestTask.java:141), org.junit.platform.engine.support.hierarchical.Node.around(Node.java:137), org.junit.platform.engine.support.hierarchical.NodeTestTask.lambda$executeRecursively$9(NodeTestTask.java:139), org.junit.platform.engine.support.hierarchical.ThrowableCollector.execute(ThrowableCollector.java:73), org.junit.platform.engine.support.hierarchical.NodeTestTask.executeRecursively(NodeTestTask.java:138), org.junit.platform.engine.support.hierarchical.NodeTestTask.execute(NodeTestTask.java:95), java.util.ArrayList.forEach(ArrayList.java:1259), org.junit.platform.engine.support.hierarchical.SameThreadHierarchicalTestExecutorService.invokeAll(SameThreadHierarchicalTestExecutorService.java:41), org.junit.platform.engine.support.hierarchical.NodeTestTask.lambda$executeRecursively$6(NodeTestTask.java:155), org.junit.platform.engine.support.hierarchical.ThrowableCollector.execute(ThrowableCollector.java:73), org.junit.platform.engine.support.hierarchical.NodeTestTask.lambda$executeRecursively$8(NodeTestTask.java:141), org.junit.platform.engine.support.hierarchical.Node.around(Node.java:137), org.junit.platform.engine.support.hierarchical.NodeTestTask.lambda$executeRecursively$9(NodeTestTask.java:139), org.junit.platform.engine.support.hierarchical.ThrowableCollector.execute(ThrowableCollector.java:73), org.junit.platform.engine.support.hierarchical.NodeTestTask.executeRecursively(NodeTestTask.java:138), org.junit.platform.engine.support.hierarchical.NodeTestTask.execute(NodeTestTask.java:95), org.junit.platform.engine.support.hierarchical.SameThreadHierarchicalTestExecutorService.submit(SameThreadHierarchicalTestExecutorService.java:35), org.junit.platform.engine.support.hierarchical.HierarchicalTestExecutor.execute(HierarchicalTestExecutor.java:57), org.junit.platform.engine.support.hierarchical.HierarchicalTestEngine.execute(HierarchicalTestEngine.java:54), org.junit.platform.launcher.core.EngineExecutionOrchestrator.execute(EngineExecutionOrchestrator.java:198), org.junit.platform.launcher.core.EngineExecutionOrchestrator.execute(EngineExecutionOrchestrator.java:169), org.junit.platform.launcher.core.EngineExecutionOrchestrator.execute(EngineExecutionOrchestrator.java:93), org.junit.platform.launcher.core.EngineExecutionOrchestrator.lambda$execute$0(EngineExecutionOrchestrator.java:58), org.junit.platform.launcher.core.EngineExecutionOrchestrator.withInterceptedStreams(EngineExecutionOrchestrator.java:141), org.junit.platform.launcher.core.EngineExecutionOrchestrator.execute(EngineExecutionOrchestrator.java:57), org.junit.platform.launcher.core.DefaultLauncher.execute(DefaultLauncher.java:103), org.junit.platform.launcher.core.DefaultLauncher.execute(DefaultLauncher.java:85), org.junit.platform.launcher.core.DelegatingLauncher.execute(DelegatingLauncher.java:47), org.apache.maven.surefire.junitplatform.LazyLauncher.execute(LazyLauncher.java:56), org.apache.maven.surefire.junitplatform.JUnitPlatformProvider.execute(JUnitPlatformProvider.java:184), org.apache.maven.surefire.junitplatform.JUnitPlatformProvider.invokeAllTests(JUnitPlatformProvider.java:148), org.apache.maven.surefire.junitplatform.JUnitPlatformProvider.invoke(JUnitPlatformProvider.java:122), org.apache.maven.surefire.booter.ForkedBooter.runSuitesInProcess(ForkedBooter.java:385), org.apache.maven.surefire.booter.ForkedBooter.execute(ForkedBooter.java:162), org.apache.maven.surefire.booter.ForkedBooter.run(ForkedBooter.java:507), org.apache.maven.surefire.booter.ForkedBooter.main(ForkedBooter.java:495)]"
258.0,asterisk-java,net/bytebuddy/description/method/MethodList.java#L133,Collection_StandardConstructors,FalseAlarm,"[MSL] Specification Collection_StandardConstructors has been violated on line [net.bytebuddy.description.method.MethodList$ForLoadedMethods.<clinit>(MethodList.java:1), net.bytebuddy.description.type.TypeDescription$ForLoadedType.getDeclaredMethods(TypeDescription.java:8940), net.bytebuddy.implementation.bind.annotation.BindingPriority$Resolver.<clinit>(BindingPriority.java:71), net.bytebuddy.implementation.bind.MethodDelegationBinder$AmbiguityResolver.<clinit>(MethodDelegationBinder.java:790), net.bytebuddy.implementation.MethodDelegation.withDefaultConfiguration(MethodDelegation.java:603), net.bytebuddy.implementation.MethodDelegation.to(MethodDelegation.java:273), org.mockito.internal.creation.bytebuddy.SubclassBytecodeGenerator.<init>(SubclassBytecodeGenerator.java:60), org.mockito.internal.creation.bytebuddy.SubclassBytecodeGenerator.<init>(SubclassBytecodeGenerator.java:70), org.mockito.internal.creation.bytebuddy.SubclassByteBuddyMockMaker.<init>(SubclassByteBuddyMockMaker.java:37), org.mockito.internal.creation.bytebuddy.SubclassByteBuddyMockMaker.<init>(SubclassByteBuddyMockMaker.java:33), org.mockito.internal.creation.bytebuddy.ByteBuddyMockMaker.<init>(ByteBuddyMockMaker.java:29), sun.reflect.NativeConstructorAccessorImpl.newInstance0(Native Method), sun.reflect.NativeConstructorAccessorImpl.newInstance(NativeConstructorAccessorImpl.java:62), sun.reflect.DelegatingConstructorAccessorImpl.newInstance(DelegatingConstructorAccessorImpl.java:45), java.lang.reflect.Constructor.newInstance(Constructor.java:423), org.mockito.internal.configuration.plugins.DefaultMockitoPlugins.create(DefaultMockitoPlugins.java:95), org.mockito.internal.configuration.plugins.DefaultMockitoPlugins.getDefaultPlugin(DefaultMockitoPlugins.java:71), org.mockito.internal.configuration.plugins.PluginLoader.loadPlugin(PluginLoader.java:75), org.mockito.internal.configuration.plugins.PluginLoader.loadPlugin(PluginLoader.java:50), org.mockito.internal.configuration.plugins.PluginRegistry.<init>(PluginRegistry.java:27), org.mockito.internal.configuration.plugins.Plugins.<clinit>(Plugins.java:22), org.mockito.internal.MockitoCore.<clinit>(MockitoCore.java:73), org.mockito.Mockito.<clinit>(Mockito.java:1669), org.asteriskjava.manager.internal.ManagerReaderImplTest.setUp(ManagerReaderImplTest.java:50), sun.reflect.NativeMethodAccessorImpl.invoke0(Native Method), sun.reflect.NativeMethodAccessorImpl.invoke(NativeMethodAccessorImpl.java:62), sun.reflect.DelegatingMethodAccessorImpl.invoke(DelegatingMethodAccessorImpl.java:43), java.lang.reflect.Method.invoke(Method.java:498), org.junit.platform.commons.util.ReflectionUtils.invokeMethod(ReflectionUtils.java:728), org.junit.jupiter.engine.execution.MethodInvocation.proceed(MethodInvocation.java:60), org.junit.jupiter.engine.execution.InvocationInterceptorChain$ValidatingInvocation.proceed(InvocationInterceptorChain.java:131), org.junit.jupiter.engine.extension.TimeoutExtension.intercept(TimeoutExtension.java:156), org.junit.jupiter.engine.extension.TimeoutExtension.interceptLifecycleMethod(TimeoutExtension.java:128), org.junit.jupiter.engine.extension.TimeoutExtension.interceptBeforeEachMethod(TimeoutExtension.java:78), org.junit.jupiter.engine.execution.InterceptingExecutableInvoker$ReflectiveInterceptorCall.lambda$ofVoidMethod$0(InterceptingExecutableInvoker.java:103), org.junit.jupiter.engine.execution.InterceptingExecutableInvoker.lambda$invoke$0(InterceptingExecutableInvoker.java:93), org.junit.jupiter.engine.execution.InvocationInterceptorChain$InterceptedInvocation.proceed(InvocationInterceptorChain.java:106), org.junit.jupiter.engine.execution.InvocationInterceptorChain.proceed(InvocationInterceptorChain.java:64), org.junit.jupiter.engine.execution.InvocationInterceptorChain.chainAndInvoke(InvocationInterceptorChain.java:45), org.junit.jupiter.engine.execution.InvocationInterceptorChain.invoke(InvocationInterceptorChain.java:37), org.junit.jupiter.engine.execution.InterceptingExecutableInvoker.invoke(InterceptingExecutableInvoker.java:92), org.junit.jupiter.engine.execution.InterceptingExecutableInvoker.invoke(InterceptingExecutableInvoker.java:86), org.junit.jupiter.engine.descriptor.ClassBasedTestDescriptor.invokeMethodInExtensionContext(ClassBasedTestDescriptor.java:521), org.junit.jupiter.engine.descriptor.ClassBasedTestDescriptor.lambda$synthesizeBeforeEachMethodAdapter$23(ClassBasedTestDescriptor.java:506), org.junit.jupiter.engine.descriptor.TestMethodTestDescriptor.lambda$invokeBeforeEachMethods$3(TestMethodTestDescriptor.java:175), org.junit.jupiter.engine.descriptor.TestMethodTestDescriptor.lambda$invokeBeforeMethodsOrCallbacksUntilExceptionOccurs$6(TestMethodTestDescriptor.java:203), org.junit.platform.engine.support.hierarchical.ThrowableCollector.execute(ThrowableCollector.java:73), org.junit.jupiter.engine.descriptor.TestMethodTestDescriptor.invokeBeforeMethodsOrCallbacksUntilExceptionOccurs(TestMethodTestDescriptor.java:203), org.junit.jupiter.engine.descriptor.TestMethodTestDescriptor.invokeBeforeEachMethods(TestMethodTestDescriptor.java:172), org.junit.jupiter.engine.descriptor.TestMethodTestDescriptor.execute(TestMethodTestDescriptor.java:135), org.junit.jupiter.engine.descriptor.TestMethodTestDescriptor.execute(TestMethodTestDescriptor.java:69), org.junit.platform.engine.support.hierarchical.NodeTestTask.lambda$executeRecursively$6(NodeTestTask.java:151), org.junit.platform.engine.support.hierarchical.ThrowableCollector.execute(ThrowableCollector.java:73), org.junit.platform.engine.support.hierarchical.NodeTestTask.lambda$executeRecursively$8(NodeTestTask.java:141), org.junit.platform.engine.support.hierarchical.Node.around(Node.java:137), org.junit.platform.engine.support.hierarchical.NodeTestTask.lambda$executeRecursively$9(NodeTestTask.java:139), org.junit.platform.engine.support.hierarchical.ThrowableCollector.execute(ThrowableCollector.java:73), org.junit.platform.engine.support.hierarchical.NodeTestTask.executeRecursively(NodeTestTask.java:138), org.junit.platform.engine.support.hierarchical.NodeTestTask.execute(NodeTestTask.java:95), java.util.ArrayList.forEach(ArrayList.java:1259), org.junit.platform.engine.support.hierarchical.SameThreadHierarchicalTestExecutorService.invokeAll(SameThreadHierarchicalTestExecutorService.java:41), org.junit.platform.engine.support.hierarchical.NodeTestTask.lambda$executeRecursively$6(NodeTestTask.java:155), org.junit.platform.engine.support.hierarchical.ThrowableCollector.execute(ThrowableCollector.java:73), org.junit.platform.engine.support.hierarchical.NodeTestTask.lambda$executeRecursively$8(NodeTestTask.java:141), org.junit.platform.engine.support.hierarchical.Node.around(Node.java:137), org.junit.platform.engine.support.hierarchical.NodeTestTask.lambda$executeRecursively$9(NodeTestTask.java:139), org.junit.platform.engine.support.hierarchical.ThrowableCollector.execute(ThrowableCollector.java:73), org.junit.platform.engine.support.hierarchical.NodeTestTask.executeRecursively(NodeTestTask.java:138), org.junit.platform.engine.support.hierarchical.NodeTestTask.execute(NodeTestTask.java:95), java.util.ArrayList.forEach(ArrayList.java:1259), org.junit.platform.engine.support.hierarchical.SameThreadHierarchicalTestExecutorService.invokeAll(SameThreadHierarchicalTestExecutorService.java:41), org.junit.platform.engine.support.hierarchical.NodeTestTask.lambda$executeRecursively$6(NodeTestTask.java:155), org.junit.platform.engine.support.hierarchical.ThrowableCollector.execute(ThrowableCollector.java:73), org.junit.platform.engine.support.hierarchical.NodeTestTask.lambda$executeRecursively$8(NodeTestTask.java:141), org.junit.platform.engine.support.hierarchical.Node.around(Node.java:137), org.junit.platform.engine.support.hierarchical.NodeTestTask.lambda$executeRecursively$9(NodeTestTask.java:139), org.junit.platform.engine.support.hierarchical.ThrowableCollector.execute(ThrowableCollector.java:73), org.junit.platform.engine.support.hierarchical.NodeTestTask.executeRecursively(NodeTestTask.java:138), org.junit.platform.engine.support.hierarchical.NodeTestTask.execute(NodeTestTask.java:95), org.junit.platform.engine.support.hierarchical.SameThreadHierarchicalTestExecutorService.submit(SameThreadHierarchicalTestExecutorService.java:35), org.junit.platform.engine.support.hierarchical.HierarchicalTestExecutor.execute(HierarchicalTestExecutor.java:57), org.junit.platform.engine.support.hierarchical.HierarchicalTestEngine.execute(HierarchicalTestEngine.java:54), org.junit.platform.launcher.core.EngineExecutionOrchestrator.execute(EngineExecutionOrchestrator.java:198), org.junit.platform.launcher.core.EngineExecutionOrchestrator.execute(EngineExecutionOrchestrator.java:169), org.junit.platform.launcher.core.EngineExecutionOrchestrator.execute(EngineExecutionOrchestrator.java:93), org.junit.platform.launcher.core.EngineExecutionOrchestrator.lambda$execute$0(EngineExecutionOrchestrator.java:58), org.junit.platform.launcher.core.EngineExecutionOrchestrator.withInterceptedStreams(EngineExecutionOrchestrator.java:141), org.junit.platform.launcher.core.EngineExecutionOrchestrator.execute(EngineExecutionOrchestrator.java:57), org.junit.platform.launcher.core.DefaultLauncher.execute(DefaultLauncher.java:103), org.junit.platform.launcher.core.DefaultLauncher.execute(DefaultLauncher.java:85), org.junit.platform.launcher.core.DelegatingLauncher.execute(DelegatingLauncher.java:47), org.apache.maven.surefire.junitplatform.LazyLauncher.execute(LazyLauncher.java:56), org.apache.maven.surefire.junitplatform.JUnitPlatformProvider.execute(JUnitPlatformProvider.java:184), org.apache.maven.surefire.junitplatform.JUnitPlatformProvider.invokeAllTests(JUnitPlatformProvider.java:148), org.apache.maven.surefire.junitplatform.JUnitPlatformProvider.invoke(JUnitPlatformProvider.java:122), org.apache.maven.surefire.booter.ForkedBooter.runSuitesInProcess(ForkedBooter.java:385), org.apache.maven.surefire.booter.ForkedBooter.execute(ForkedBooter.java:162), org.apache.maven.surefire.booter.ForkedBooter.run(ForkedBooter.java:507), org.apache.maven.surefire.booter.ForkedBooter.main(ForkedBooter.java:495)]"
259.0,asterisk-java,net/bytebuddy/description/method/ParameterList.java#L508,Collection_StandardConstructors,Truebug," [MSL] Specification Collection_StandardConstructors has been violated on line [net.bytebuddy.description.method.ParameterList$ForTokens.<clinit>(ParameterList.java:1), net.bytebuddy.description.method.MethodDescription$Latent.getParameters(MethodDescription.java:1483), net.bytebuddy.description.method.MethodDescription$AbstractBase.hashCode(MethodDescription.java:936), java.util.HashMap.hash(HashMap.java:340), java.util.HashMap.put(HashMap.java:613), java.util.HashSet.add(HashSet.java:220), java.util.AbstractCollection.addAll(AbstractCollection.java:344), java.util.HashSet.<init>(HashSet.java:120), net.bytebuddy.dynamic.scaffold.MethodRegistry$Default.prepare(MethodRegistry.java:457), net.bytebuddy.dynamic.scaffold.subclass.SubclassDynamicTypeBuilder.toTypeWriter(SubclassDynamicTypeBuilder.java:212), net.bytebuddy.dynamic.scaffold.subclass.SubclassDynamicTypeBuilder.toTypeWriter(SubclassDynamicTypeBuilder.java:203), net.bytebuddy.dynamic.DynamicType$Builder$AbstractBase$UsingTypeWriter.make(DynamicType.java:4050), net.bytebuddy.dynamic.DynamicType$Builder$AbstractBase.make(DynamicType.java:3734), net.bytebuddy.dynamic.DynamicType$Builder$AbstractBase$Delegator.make(DynamicType.java:3986), org.mockito.internal.creation.bytebuddy.SubclassBytecodeGenerator.mockClass(SubclassBytecodeGenerator.java:296), org.mockito.internal.creation.bytebuddy.TypeCachingBytecodeGenerator.lambda$mockClass$0(TypeCachingBytecodeGenerator.java:47), net.bytebuddy.TypeCache.findOrInsert(TypeCache.java:168), net.bytebuddy.TypeCache$WithInlineExpunction.findOrInsert(TypeCache.java:399), net.bytebuddy.TypeCache.findOrInsert(TypeCache.java:190), net.bytebuddy.TypeCache$WithInlineExpunction.findOrInsert(TypeCache.java:410), org.mockito.internal.creation.bytebuddy.TypeCachingBytecodeGenerator.mockClass(TypeCachingBytecodeGenerator.java:40), org.mockito.internal.creation.bytebuddy.SubclassByteBuddyMockMaker.createMockType(SubclassByteBuddyMockMaker.java:77), org.mockito.internal.creation.bytebuddy.SubclassByteBuddyMockMaker.createMock(SubclassByteBuddyMockMaker.java:43), org.mockito.internal.creation.bytebuddy.ByteBuddyMockMaker.createMock(ByteBuddyMockMaker.java:42), org.mockito.internal.util.MockUtil.createMock(MockUtil.java:99), org.mockito.internal.MockitoCore.mock(MockitoCore.java:88), org.mockito.Mockito.mock(Mockito.java:2037), org.mockito.Mockito.mock(Mockito.java:1952), org.asteriskjava.manager.internal.ManagerReaderImplTest.setUp(ManagerReaderImplTest.java:50), sun.reflect.NativeMethodAccessorImpl.invoke0(Native Method), sun.reflect.NativeMethodAccessorImpl.invoke(NativeMethodAccessorImpl.java:62), sun.reflect.DelegatingMethodAccessorImpl.invoke(DelegatingMethodAccessorImpl.java:43), java.lang.reflect.Method.invoke(Method.java:498), org.junit.platform.commons.util.ReflectionUtils.invokeMethod(ReflectionUtils.java:728), org.junit.jupiter.engine.execution.MethodInvocation.proceed(MethodInvocation.java:60), org.junit.jupiter.engine.execution.InvocationInterceptorChain$ValidatingInvocation.proceed(InvocationInterceptorChain.java:131), org.junit.jupiter.engine.extension.TimeoutExtension.intercept(TimeoutExtension.java:156), org.junit.jupiter.engine.extension.TimeoutExtension.interceptLifecycleMethod(TimeoutExtension.java:128), org.junit.jupiter.engine.extension.TimeoutExtension.interceptBeforeEachMethod(TimeoutExtension.java:78), org.junit.jupiter.engine.execution.InterceptingExecutableInvoker$ReflectiveInterceptorCall.lambda$ofVoidMethod$0(InterceptingExecutableInvoker.java:103), org.junit.jupiter.engine.execution.InterceptingExecutableInvoker.lambda$invoke$0(InterceptingExecutableInvoker.java:93), org.junit.jupiter.engine.execution.InvocationInterceptorChain$InterceptedInvocation.proceed(InvocationInterceptorChain.java:106), org.junit.jupiter.engine.execution.InvocationInterceptorChain.proceed(InvocationInterceptorChain.java:64), org.junit.jupiter.engine.execution.InvocationInterceptorChain.chainAndInvoke(InvocationInterceptorChain.java:45), org.junit.jupiter.engine.execution.InvocationInterceptorChain.invoke(InvocationInterceptorChain.java:37), org.junit.jupiter.engine.execution.InterceptingExecutableInvoker.invoke(InterceptingExecutableInvoker.java:92), org.junit.jupiter.engine.execution.InterceptingExecutableInvoker.invoke(InterceptingExecutableInvoker.java:86), org.junit.jupiter.engine.descriptor.ClassBasedTestDescriptor.invokeMethodInExtensionContext(ClassBasedTestDescriptor.java:521), org.junit.jupiter.engine.descriptor.ClassBasedTestDescriptor.lambda$synthesizeBeforeEachMethodAdapter$23(ClassBasedTestDescriptor.java:506), org.junit.jupiter.engine.descriptor.TestMethodTestDescriptor.lambda$invokeBeforeEachMethods$3(TestMethodTestDescriptor.java:175), org.junit.jupiter.engine.descriptor.TestMethodTestDescriptor.lambda$invokeBeforeMethodsOrCallbacksUntilExceptionOccurs$6(TestMethodTestDescriptor.java:203), org.junit.platform.engine.support.hierarchical.ThrowableCollector.execute(ThrowableCollector.java:73), org.junit.jupiter.engine.descriptor.TestMethodTestDescriptor.invokeBeforeMethodsOrCallbacksUntilExceptionOccurs(TestMethodTestDescriptor.java:203), org.junit.jupiter.engine.descriptor.TestMethodTestDescriptor.invokeBeforeEachMethods(TestMethodTestDescriptor.java:172), org.junit.jupiter.engine.descriptor.TestMethodTestDescriptor.execute(TestMethodTestDescriptor.java:135), org.junit.jupiter.engine.descriptor.TestMethodTestDescriptor.execute(TestMethodTestDescriptor.java:69), org.junit.platform.engine.support.hierarchical.NodeTestTask.lambda$executeRecursively$6(NodeTestTask.java:151), org.junit.platform.engine.support.hierarchical.ThrowableCollector.execute(ThrowableCollector.java:73), org.junit.platform.engine.support.hierarchical.NodeTestTask.lambda$executeRecursively$8(NodeTestTask.java:141), org.junit.platform.engine.support.hierarchical.Node.around(Node.java:137), org.junit.platform.engine.support.hierarchical.NodeTestTask.lambda$executeRecursively$9(NodeTestTask.java:139), org.junit.platform.engine.support.hierarchical.ThrowableCollector.execute(ThrowableCollector.java:73), org.junit.platform.engine.support.hierarchical.NodeTestTask.executeRecursively(NodeTestTask.java:138), org.junit.platform.engine.support.hierarchical.NodeTestTask.execute(NodeTestTask.java:95), java.util.ArrayList.forEach(ArrayList.java:1259), org.junit.platform.engine.support.hierarchical.SameThreadHierarchicalTestExecutorService.invokeAll(SameThreadHierarchicalTestExecutorService.java:41), org.junit.platform.engine.support.hierarchical.NodeTestTask.lambda$executeRecursively$6(NodeTestTask.java:155), org.junit.platform.engine.support.hierarchical.ThrowableCollector.execute(ThrowableCollector.java:73), org.junit.platform.engine.support.hierarchical.NodeTestTask.lambda$executeRecursively$8(NodeTestTask.java:141), org.junit.platform.engine.support.hierarchical.Node.around(Node.java:137), org.junit.platform.engine.support.hierarchical.NodeTestTask.lambda$executeRecursively$9(NodeTestTask.java:139), org.junit.platform.engine.support.hierarchical.ThrowableCollector.execute(ThrowableCollector.java:73), org.junit.platform.engine.support.hierarchical.NodeTestTask.executeRecursively(NodeTestTask.java:138), org.junit.platform.engine.support.hierarchical.NodeTestTask.execute(NodeTestTask.java:95), java.util.ArrayList.forEach(ArrayList.java:1259), org.junit.platform.engine.support.hierarchical.SameThreadHierarchicalTestExecutorService.invokeAll(SameThreadHierarchicalTestExecutorService.java:41), org.junit.platform.engine.support.hierarchical.NodeTestTask.lambda$executeRecursively$6(NodeTestTask.java:155), org.junit.platform.engine.support.hierarchical.ThrowableCollector.execute(ThrowableCollector.java:73), org.junit.platform.engine.support.hierarchical.NodeTestTask.lambda$executeRecursively$8(NodeTestTask.java:141), org.junit.platform.engine.support.hierarchical.Node.around(Node.java:137), org.junit.platform.engine.support.hierarchical.NodeTestTask.lambda$executeRecursively$9(NodeTestTask.java:139), org.junit.platform.engine.support.hierarchical.ThrowableCollector.execute(ThrowableCollector.java:73), org.junit.platform.engine.support.hierarchical.NodeTestTask.executeRecursively(NodeTestTask.java:138), org.junit.platform.engine.support.hierarchical.NodeTestTask.execute(NodeTestTask.java:95), org.junit.platform.engine.support.hierarchical.SameThreadHierarchicalTestExecutorService.submit(SameThreadHierarchicalTestExecutorService.java:35), org.junit.platform.engine.support.hierarchical.HierarchicalTestExecutor.execute(HierarchicalTestExecutor.java:57), org.junit.platform.engine.support.hierarchical.HierarchicalTestEngine.execute(HierarchicalTestEngine.java:54), org.junit.platform.launcher.core.EngineExecutionOrchestrator.execute(EngineExecutionOrchestrator.java:198), org.junit.platform.launcher.core.EngineExecutionOrchestrator.execute(EngineExecutionOrchestrator.java:169), org.junit.platform.launcher.core.EngineExecutionOrchestrator.execute(EngineExecutionOrchestrator.java:93), org.junit.platform.launcher.core.EngineExecutionOrchestrator.lambda$execute$0(EngineExecutionOrchestrator.java:58), org.junit.platform.launcher.core.EngineExecutionOrchestrator.withInterceptedStreams(EngineExecutionOrchestrator.java:141), org.junit.platform.launcher.core.EngineExecutionOrchestrator.execute(EngineExecutionOrchestrator.java:57), org.junit.platform.launcher.core.DefaultLauncher.execute(DefaultLauncher.java:103), org.junit.platform.launcher.core.DefaultLauncher.execute(DefaultLauncher.java:85), org.junit.platform.launcher.core.DelegatingLauncher.execute(DelegatingLauncher.java:47), org.apache.maven.surefire.junitplatform.LazyLauncher.execute(LazyLauncher.java:56), org.apache.maven.surefire.junitplatform.JUnitPlatformProvider.execute(JUnitPlatformProvider.java:184), org.apache.maven.surefire.junitplatform.JUnitPlatformProvider.invokeAllTests(JUnitPlatformProvider.java:148), org.apache.maven.surefire.junitplatform.JUnitPlatformProvider.invoke(JUnitPlatformProvider.java:122), org.apache.maven.surefire.booter.ForkedBooter.runSuitesInProcess(ForkedBooter.java:385), org.apache.maven.surefire.booter.ForkedBooter.execute(ForkedBooter.java:162), org.apache.maven.surefire.booter.ForkedBooter.run(ForkedBooter.java:507), org.apache.maven.surefire.booter.ForkedBooter.main(ForkedBooter.java:495)]"
260.0,asterisk-java,net/bytebuddy/description/type/RecordComponentList.java#L195,Collection_StandardConstructors,FalseAlarm,"[MSL] Specification Collection_StandardConstructors has been violated on line [net.bytebuddy.description.type.TypeDescription$Generic$OfParameterizedType$ForLoadedType$ParameterArgumentTypeList.<clinit>(TypeDescription.java:1), net.bytebuddy.description.type.TypeDescription$Generic$OfParameterizedType$ForLoadedType.getTypeArguments(TypeDescription.java:5291), net.bytebuddy.description.type.TypeDescription$Generic$OfParameterizedType$ForReifiedType.getTypeArguments(TypeDescription.java:5500), net.bytebuddy.description.type.TypeDescription$Generic$OfParameterizedType.hashCode(TypeDescription.java:5148), net.bytebuddy.description.type.TypeDescription$Generic$LazyProjection.hashCode(TypeDescription.java:6338), java.util.HashMap.hash(HashMap.java:340), java.util.HashMap.get(HashMap.java:558), net.bytebuddy.dynamic.scaffold.MethodGraph$Compiler$Default.analyze(MethodGraph.java:677), net.bytebuddy.dynamic.scaffold.MethodGraph$Compiler$Default.doAnalyze(MethodGraph.java:715), net.bytebuddy.dynamic.scaffold.MethodGraph$Compiler$Default.analyze(MethodGraph.java:679), net.bytebuddy.dynamic.scaffold.MethodGraph$Compiler$Default.doAnalyze(MethodGraph.java:715), net.bytebuddy.dynamic.scaffold.MethodGraph$Compiler$Default.compile(MethodGraph.java:637), net.bytebuddy.dynamic.scaffold.MethodGraph$Compiler$AbstractBase.compile(MethodGraph.java:519), net.bytebuddy.dynamic.scaffold.MethodRegistry$Default.prepare(MethodRegistry.java:472), net.bytebuddy.dynamic.scaffold.subclass.SubclassDynamicTypeBuilder.toTypeWriter(SubclassDynamicTypeBuilder.java:212), net.bytebuddy.dynamic.scaffold.subclass.SubclassDynamicTypeBuilder.toTypeWriter(SubclassDynamicTypeBuilder.java:203), net.bytebuddy.dynamic.DynamicType$Builder$AbstractBase$UsingTypeWriter.make(DynamicType.java:4050), net.bytebuddy.dynamic.DynamicType$Builder$AbstractBase.make(DynamicType.java:3734), org.mockito.internal.creation.bytebuddy.SubclassBytecodeGenerator.mockClass(SubclassBytecodeGenerator.java:296), org.mockito.internal.creation.bytebuddy.TypeCachingBytecodeGenerator.lambda$mockClass$0(TypeCachingBytecodeGenerator.java:47), net.bytebuddy.TypeCache.findOrInsert(TypeCache.java:168), net.bytebuddy.TypeCache$WithInlineExpunction.findOrInsert(TypeCache.java:399), net.bytebuddy.TypeCache.findOrInsert(TypeCache.java:190), net.bytebuddy.TypeCache$WithInlineExpunction.findOrInsert(TypeCache.java:410), org.mockito.internal.creation.bytebuddy.TypeCachingBytecodeGenerator.mockClass(TypeCachingBytecodeGenerator.java:40), org.mockito.internal.creation.bytebuddy.SubclassByteBuddyMockMaker.createMockType(SubclassByteBuddyMockMaker.java:77), org.mockito.internal.creation.bytebuddy.SubclassByteBuddyMockMaker.createMock(SubclassByteBuddyMockMaker.java:43), org.mockito.internal.creation.bytebuddy.ByteBuddyMockMaker.createMock(ByteBuddyMockMaker.java:42), org.mockito.internal.util.MockUtil.createMock(MockUtil.java:99), org.mockito.internal.MockitoCore.mock(MockitoCore.java:88), org.mockito.Mockito.mock(Mockito.java:2037), org.mockito.Mockito.mock(Mockito.java:1952), org.asteriskjava.manager.internal.ManagerConnectionImplTest.testDispatchEventWithMultipleEventHandlers(ManagerConnectionImplTest.java:505), sun.reflect.NativeMethodAccessorImpl.invoke0(Native Method), sun.reflect.NativeMethodAccessorImpl.invoke(NativeMethodAccessorImpl.java:62), sun.reflect.DelegatingMethodAccessorImpl.invoke(DelegatingMethodAccessorImpl.java:43), java.lang.reflect.Method.invoke(Method.java:498), org.junit.platform.commons.util.ReflectionUtils.invokeMethod(ReflectionUtils.java:728), org.junit.jupiter.engine.execution.MethodInvocation.proceed(MethodInvocation.java:60), org.junit.jupiter.engine.execution.InvocationInterceptorChain$ValidatingInvocation.proceed(InvocationInterceptorChain.java:131), org.junit.jupiter.engine.extension.TimeoutExtension.intercept(TimeoutExtension.java:156), org.junit.jupiter.engine.extension.TimeoutExtension.interceptTestableMethod(TimeoutExtension.java:147), org.junit.jupiter.engine.extension.TimeoutExtension.interceptTestMethod(TimeoutExtension.java:86), org.junit.jupiter.engine.execution.InterceptingExecutableInvoker$ReflectiveInterceptorCall.lambda$ofVoidMethod$0(InterceptingExecutableInvoker.java:103), org.junit.jupiter.engine.execution.InterceptingExecutableInvoker.lambda$invoke$0(InterceptingExecutableInvoker.java:93), org.junit.jupiter.engine.execution.InvocationInterceptorChain$InterceptedInvocation.proceed(InvocationInterceptorChain.java:106), org.junit.jupiter.engine.execution.InvocationInterceptorChain.proceed(InvocationInterceptorChain.java:64), org.junit.jupiter.engine.execution.InvocationInterceptorChain.chainAndInvoke(InvocationInterceptorChain.java:45), org.junit.jupiter.engine.execution.InvocationInterceptorChain.invoke(InvocationInterceptorChain.java:37), org.junit.jupiter.engine.execution.InterceptingExecutableInvoker.invoke(InterceptingExecutableInvoker.java:92), org.junit.jupiter.engine.execution.InterceptingExecutableInvoker.invoke(InterceptingExecutableInvoker.java:86), org.junit.jupiter.engine.descriptor.TestMethodTestDescriptor.lambda$invokeTestMethod$7(TestMethodTestDescriptor.java:218), org.junit.platform.engine.support.hierarchical.ThrowableCollector.execute(ThrowableCollector.java:73), org.junit.jupiter.engine.descriptor.TestMethodTestDescriptor.invokeTestMethod(TestMethodTestDescriptor.java:214), org.junit.jupiter.engine.descriptor.TestMethodTestDescriptor.execute(TestMethodTestDescriptor.java:139), org.junit.jupiter.engine.descriptor.TestMethodTestDescriptor.execute(TestMethodTestDescriptor.java:69), org.junit.platform.engine.support.hierarchical.NodeTestTask.lambda$executeRecursively$6(NodeTestTask.java:151), org.junit.platform.engine.support.hierarchical.ThrowableCollector.execute(ThrowableCollector.java:73), org.junit.platform.engine.support.hierarchical.NodeTestTask.lambda$executeRecursively$8(NodeTestTask.java:141), org.junit.platform.engine.support.hierarchical.Node.around(Node.java:137), org.junit.platform.engine.support.hierarchical.NodeTestTask.lambda$executeRecursively$9(NodeTestTask.java:139), org.junit.platform.engine.support.hierarchical.ThrowableCollector.execute(ThrowableCollector.java:73), org.junit.platform.engine.support.hierarchical.NodeTestTask.executeRecursively(NodeTestTask.java:138), org.junit.platform.engine.support.hierarchical.NodeTestTask.execute(NodeTestTask.java:95), java.util.ArrayList.forEach(ArrayList.java:1259), org.junit.platform.engine.support.hierarchical.SameThreadHierarchicalTestExecutorService.invokeAll(SameThreadHierarchicalTestExecutorService.java:41), org.junit.platform.engine.support.hierarchical.NodeTestTask.lambda$executeRecursively$6(NodeTestTask.java:155), org.junit.platform.engine.support.hierarchical.ThrowableCollector.execute(ThrowableCollector.java:73), org.junit.platform.engine.support.hierarchical.NodeTestTask.lambda$executeRecursively$8(NodeTestTask.java:141), org.junit.platform.engine.support.hierarchical.Node.around(Node.java:137), org.junit.platform.engine.support.hierarchical.NodeTestTask.lambda$executeRecursively$9(NodeTestTask.java:139), org.junit.platform.engine.support.hierarchical.ThrowableCollector.execute(ThrowableCollector.java:73), org.junit.platform.engine.support.hierarchical.NodeTestTask.executeRecursively(NodeTestTask.java:138), org.junit.platform.engine.support.hierarchical.NodeTestTask.execute(NodeTestTask.java:95), java.util.ArrayList.forEach(ArrayList.java:1259), org.junit.platform.engine.support.hierarchical.SameThreadHierarchicalTestExecutorService.invokeAll(SameThreadHierarchicalTestExecutorService.java:41), org.junit.platform.engine.support.hierarchical.NodeTestTask.lambda$executeRecursively$6(NodeTestTask.java:155), org.junit.platform.engine.support.hierarchical.ThrowableCollector.execute(ThrowableCollector.java:73), org.junit.platform.engine.support.hierarchical.NodeTestTask.lambda$executeRecursively$8(NodeTestTask.java:141), org.junit.platform.engine.support.hierarchical.Node.around(Node.java:137), org.junit.platform.engine.support.hierarchical.NodeTestTask.lambda$executeRecursively$9(NodeTestTask.java:139), org.junit.platform.engine.support.hierarchical.ThrowableCollector.execute(ThrowableCollector.java:73), org.junit.platform.engine.support.hierarchical.NodeTestTask.executeRecursively(NodeTestTask.java:138), org.junit.platform.engine.support.hierarchical.NodeTestTask.execute(NodeTestTask.java:95), org.junit.platform.engine.support.hierarchical.SameThreadHierarchicalTestExecutorService.submit(SameThreadHierarchicalTestExecutorService.java:35), org.junit.platform.engine.support.hierarchical.HierarchicalTestExecutor.execute(HierarchicalTestExecutor.java:57), org.junit.platform.engine.support.hierarchical.HierarchicalTestEngine.execute(HierarchicalTestEngine.java:54), org.junit.platform.launcher.core.EngineExecutionOrchestrator.execute(EngineExecutionOrchestrator.java:198), org.junit.platform.launcher.core.EngineExecutionOrchestrator.execute(EngineExecutionOrchestrator.java:169), org.junit.platform.launcher.core.EngineExecutionOrchestrator.execute(EngineExecutionOrchestrator.java:93), org.junit.platform.launcher.core.EngineExecutionOrchestrator.lambda$execute$0(EngineExecutionOrchestrator.java:58), org.junit.platform.launcher.core.EngineExecutionOrchestrator.withInterceptedStreams(EngineExecutionOrchestrator.java:141), org.junit.platform.launcher.core.EngineExecutionOrchestrator.execute(EngineExecutionOrchestrator.java:57), org.junit.platform.launcher.core.DefaultLauncher.execute(DefaultLauncher.java:103), org.junit.platform.launcher.core.DefaultLauncher.execute(DefaultLauncher.java:85), org.junit.platform.launcher.core.DelegatingLauncher.execute(DelegatingLauncher.java:47), org.apache.maven.surefire.junitplatform.LazyLauncher.execute(LazyLauncher.java:56), org.apache.maven.surefire.junitplatform.JUnitPlatformProvider.execute(JUnitPlatformProvider.java:184), org.apache.maven.surefire.junitplatform.JUnitPlatformProvider.invokeAllTests(JUnitPlatformProvider.java:148), org.apache.maven.surefire.junitplatform.JUnitPlatformProvider.invoke(JUnitPlatformProvider.java:122), org.apache.maven.surefire.booter.ForkedBooter.runSuitesInProcess(ForkedBooter.java:385), org.apache.maven.surefire.booter.ForkedBooter.execute(ForkedBooter.java:162), org.apache.maven.surefire.booter.ForkedBooter.run(ForkedBooter.java:507), org.apache.maven.surefire.booter.ForkedBooter.main(ForkedBooter.java:495)]"
261.0,asterisk-java,org/asteriskjava/lock/LockableList.java#L9,Collection_StandardConstructors,Truebug,"[MSL] Specification Collection_StandardConstructors has been violated on line [org.asteriskjava.lock.LockableList.<clinit>(LockableList.java:1), org.asteriskjava.manager.internal.ManagerConnectionImpl.<init>(ManagerConnectionImpl.java:231), org.asteriskjava.manager.internal.ManagerConnectionImplTest$MockedManagerConnectionImpl.<init>(ManagerConnectionImplTest.java:554), org.asteriskjava.manager.internal.ManagerConnectionImplTest.setUp(ManagerConnectionImplTest.java:60), sun.reflect.NativeMethodAccessorImpl.invoke0(Native Method), sun.reflect.NativeMethodAccessorImpl.invoke(NativeMethodAccessorImpl.java:62), sun.reflect.DelegatingMethodAccessorImpl.invoke(DelegatingMethodAccessorImpl.java:43), java.lang.reflect.Method.invoke(Method.java:498), org.junit.platform.commons.util.ReflectionUtils.invokeMethod(ReflectionUtils.java:728), org.junit.jupiter.engine.execution.MethodInvocation.proceed(MethodInvocation.java:60), org.junit.jupiter.engine.execution.InvocationInterceptorChain$ValidatingInvocation.proceed(InvocationInterceptorChain.java:131), org.junit.jupiter.engine.extension.TimeoutExtension.intercept(TimeoutExtension.java:156), org.junit.jupiter.engine.extension.TimeoutExtension.interceptLifecycleMethod(TimeoutExtension.java:128), org.junit.jupiter.engine.extension.TimeoutExtension.interceptBeforeEachMethod(TimeoutExtension.java:78), org.junit.jupiter.engine.execution.InterceptingExecutableInvoker$ReflectiveInterceptorCall.lambda$ofVoidMethod$0(InterceptingExecutableInvoker.java:103), org.junit.jupiter.engine.execution.InterceptingExecutableInvoker.lambda$invoke$0(InterceptingExecutableInvoker.java:93), org.junit.jupiter.engine.execution.InvocationInterceptorChain$InterceptedInvocation.proceed(InvocationInterceptorChain.java:106), org.junit.jupiter.engine.execution.InvocationInterceptorChain.proceed(InvocationInterceptorChain.java:64), org.junit.jupiter.engine.execution.InvocationInterceptorChain.chainAndInvoke(InvocationInterceptorChain.java:45), org.junit.jupiter.engine.execution.InvocationInterceptorChain.invoke(InvocationInterceptorChain.java:37), org.junit.jupiter.engine.execution.InterceptingExecutableInvoker.invoke(InterceptingExecutableInvoker.java:92), org.junit.jupiter.engine.execution.InterceptingExecutableInvoker.invoke(InterceptingExecutableInvoker.java:86), org.junit.jupiter.engine.descriptor.ClassBasedTestDescriptor.invokeMethodInExtensionContext(ClassBasedTestDescriptor.java:521), org.junit.jupiter.engine.descriptor.ClassBasedTestDescriptor.lambda$synthesizeBeforeEachMethodAdapter$23(ClassBasedTestDescriptor.java:506), org.junit.jupiter.engine.descriptor.TestMethodTestDescriptor.lambda$invokeBeforeEachMethods$3(TestMethodTestDescriptor.java:175), org.junit.jupiter.engine.descriptor.TestMethodTestDescriptor.lambda$invokeBeforeMethodsOrCallbacksUntilExceptionOccurs$6(TestMethodTestDescriptor.java:203), org.junit.platform.engine.support.hierarchical.ThrowableCollector.execute(ThrowableCollector.java:73), org.junit.jupiter.engine.descriptor.TestMethodTestDescriptor.invokeBeforeMethodsOrCallbacksUntilExceptionOccurs(TestMethodTestDescriptor.java:203), org.junit.jupiter.engine.descriptor.TestMethodTestDescriptor.invokeBeforeEachMethods(TestMethodTestDescriptor.java:172), org.junit.jupiter.engine.descriptor.TestMethodTestDescriptor.execute(TestMethodTestDescriptor.java:135), org.junit.jupiter.engine.descriptor.TestMethodTestDescriptor.execute(TestMethodTestDescriptor.java:69), org.junit.platform.engine.support.hierarchical.NodeTestTask.lambda$executeRecursively$6(NodeTestTask.java:151), org.junit.platform.engine.support.hierarchical.ThrowableCollector.execute(ThrowableCollector.java:73), org.junit.platform.engine.support.hierarchical.NodeTestTask.lambda$executeRecursively$8(NodeTestTask.java:141), org.junit.platform.engine.support.hierarchical.Node.around(Node.java:137), org.junit.platform.engine.support.hierarchical.NodeTestTask.lambda$executeRecursively$9(NodeTestTask.java:139), org.junit.platform.engine.support.hierarchical.ThrowableCollector.execute(ThrowableCollector.java:73), org.junit.platform.engine.support.hierarchical.NodeTestTask.executeRecursively(NodeTestTask.java:138), org.junit.platform.engine.support.hierarchical.NodeTestTask.execute(NodeTestTask.java:95), java.util.ArrayList.forEach(ArrayList.java:1259), org.junit.platform.engine.support.hierarchical.SameThreadHierarchicalTestExecutorService.invokeAll(SameThreadHierarchicalTestExecutorService.java:41), org.junit.platform.engine.support.hierarchical.NodeTestTask.lambda$executeRecursively$6(NodeTestTask.java:155), org.junit.platform.engine.support.hierarchical.ThrowableCollector.execute(ThrowableCollector.java:73), org.junit.platform.engine.support.hierarchical.NodeTestTask.lambda$executeRecursively$8(NodeTestTask.java:141), org.junit.platform.engine.support.hierarchical.Node.around(Node.java:137), org.junit.platform.engine.support.hierarchical.NodeTestTask.lambda$executeRecursively$9(NodeTestTask.java:139), org.junit.platform.engine.support.hierarchical.ThrowableCollector.execute(ThrowableCollector.java:73), org.junit.platform.engine.support.hierarchical.NodeTestTask.executeRecursively(NodeTestTask.java:138), org.junit.platform.engine.support.hierarchical.NodeTestTask.execute(NodeTestTask.java:95), java.util.ArrayList.forEach(ArrayList.java:1259), org.junit.platform.engine.support.hierarchical.SameThreadHierarchicalTestExecutorService.invokeAll(SameThreadHierarchicalTestExecutorService.java:41), org.junit.platform.engine.support.hierarchical.NodeTestTask.lambda$executeRecursively$6(NodeTestTask.java:155), org.junit.platform.engine.support.hierarchical.ThrowableCollector.execute(ThrowableCollector.java:73), org.junit.platform.engine.support.hierarchical.NodeTestTask.lambda$executeRecursively$8(NodeTestTask.java:141), org.junit.platform.engine.support.hierarchical.Node.around(Node.java:137), org.junit.platform.engine.support.hierarchical.NodeTestTask.lambda$executeRecursively$9(NodeTestTask.java:139), org.junit.platform.engine.support.hierarchical.ThrowableCollector.execute(ThrowableCollector.java:73), org.junit.platform.engine.support.hierarchical.NodeTestTask.executeRecursively(NodeTestTask.java:138), org.junit.platform.engine.support.hierarchical.NodeTestTask.execute(NodeTestTask.java:95), org.junit.platform.engine.support.hierarchical.SameThreadHierarchicalTestExecutorService.submit(SameThreadHierarchicalTestExecutorService.java:35), org.junit.platform.engine.support.hierarchical.HierarchicalTestExecutor.execute(HierarchicalTestExecutor.java:57), org.junit.platform.engine.support.hierarchical.HierarchicalTestEngine.execute(HierarchicalTestEngine.java:54), org.junit.platform.launcher.core.EngineExecutionOrchestrator.execute(EngineExecutionOrchestrator.java:198), org.junit.platform.launcher.core.EngineExecutionOrchestrator.execute(EngineExecutionOrchestrator.java:169), org.junit.platform.launcher.core.EngineExecutionOrchestrator.execute(EngineExecutionOrchestrator.java:93), org.junit.platform.launcher.core.EngineExecutionOrchestrator.lambda$execute$0(EngineExecutionOrchestrator.java:58), org.junit.platform.launcher.core.EngineExecutionOrchestrator.withInterceptedStreams(EngineExecutionOrchestrator.java:141), org.junit.platform.launcher.core.EngineExecutionOrchestrator.execute(EngineExecutionOrchestrator.java:57), org.junit.platform.launcher.core.DefaultLauncher.execute(DefaultLauncher.java:103), org.junit.platform.launcher.core.DefaultLauncher.execute(DefaultLauncher.java:85), org.junit.platform.launcher.core.DelegatingLauncher.execute(DelegatingLauncher.java:47), org.apache.maven.surefire.junitplatform.LazyLauncher.execute(LazyLauncher.java:56), org.apache.maven.surefire.junitplatform.JUnitPlatformProvider.execute(JUnitPlatformProvider.java:184), org.apache.maven.surefire.junitplatform.JUnitPlatformProvider.invokeAllTests(JUnitPlatformProvider.java:148), org.apache.maven.surefire.junitplatform.JUnitPlatformProvider.invoke(JUnitPlatformProvider.java:122), org.apache.maven.surefire.booter.ForkedBooter.runSuitesInProcess(ForkedBooter.java:385), org.apache.maven.surefire.booter.ForkedBooter.execute(ForkedBooter.java:162), org.apache.maven.surefire.booter.ForkedBooter.run(ForkedBooter.java:507), org.apache.maven.surefire.booter.ForkedBooter.main(ForkedBooter.java:495)]"
262.0,asterisk-java,org/asteriskjava/manager/event/RtcpReceivedEventTest.java#L45,Double_StaticFactory,Truebug,"[MSL] Specification Double_StaticFactory has been violated on line [org.asteriskjava.manager.event.RtcpReceivedEventTest.testRtt(RtcpReceivedEventTest.java:45), sun.reflect.NativeMethodAccessorImpl.invoke0(Native Method), sun.reflect.NativeMethodAccessorImpl.invoke(NativeMethodAccessorImpl.java:62), sun.reflect.DelegatingMethodAccessorImpl.invoke(DelegatingMethodAccessorImpl.java:43), java.lang.reflect.Method.invoke(Method.java:498), org.junit.platform.commons.util.ReflectionUtils.invokeMethod(ReflectionUtils.java:728), org.junit.jupiter.engine.execution.MethodInvocation.proceed(MethodInvocation.java:60), org.junit.jupiter.engine.execution.InvocationInterceptorChain$ValidatingInvocation.proceed(InvocationInterceptorChain.java:131), org.junit.jupiter.engine.extension.TimeoutExtension.intercept(TimeoutExtension.java:156), org.junit.jupiter.engine.extension.TimeoutExtension.interceptTestableMethod(TimeoutExtension.java:147), org.junit.jupiter.engine.extension.TimeoutExtension.interceptTestMethod(TimeoutExtension.java:86), org.junit.jupiter.engine.execution.InterceptingExecutableInvoker$ReflectiveInterceptorCall.lambda$ofVoidMethod$0(InterceptingExecutableInvoker.java:103), org.junit.jupiter.engine.execution.InterceptingExecutableInvoker.lambda$invoke$0(InterceptingExecutableInvoker.java:93), org.junit.jupiter.engine.execution.InvocationInterceptorChain$InterceptedInvocation.proceed(InvocationInterceptorChain.java:106), org.junit.jupiter.engine.execution.InvocationInterceptorChain.proceed(InvocationInterceptorChain.java:64), org.junit.jupiter.engine.execution.InvocationInterceptorChain.chainAndInvoke(InvocationInterceptorChain.java:45), org.junit.jupiter.engine.execution.InvocationInterceptorChain.invoke(InvocationInterceptorChain.java:37), org.junit.jupiter.engine.execution.InterceptingExecutableInvoker.invoke(InterceptingExecutableInvoker.java:92), org.junit.jupiter.engine.execution.InterceptingExecutableInvoker.invoke(InterceptingExecutableInvoker.java:86), org.junit.jupiter.engine.descriptor.TestMethodTestDescriptor.lambda$invokeTestMethod$7(TestMethodTestDescriptor.java:218), org.junit.platform.engine.support.hierarchical.ThrowableCollector.execute(ThrowableCollector.java:73), org.junit.jupiter.engine.descriptor.TestMethodTestDescriptor.invokeTestMethod(TestMethodTestDescriptor.java:214), org.junit.jupiter.engine.descriptor.TestMethodTestDescriptor.execute(TestMethodTestDescriptor.java:139), org.junit.jupiter.engine.descriptor.TestMethodTestDescriptor.execute(TestMethodTestDescriptor.java:69), org.junit.platform.engine.support.hierarchical.NodeTestTask.lambda$executeRecursively$6(NodeTestTask.java:151), org.junit.platform.engine.support.hierarchical.ThrowableCollector.execute(ThrowableCollector.java:73), org.junit.platform.engine.support.hierarchical.NodeTestTask.lambda$executeRecursively$8(NodeTestTask.java:141), org.junit.platform.engine.support.hierarchical.Node.around(Node.java:137), org.junit.platform.engine.support.hierarchical.NodeTestTask.lambda$executeRecursively$9(NodeTestTask.java:139), org.junit.platform.engine.support.hierarchical.ThrowableCollector.execute(ThrowableCollector.java:73), org.junit.platform.engine.support.hierarchical.NodeTestTask.executeRecursively(NodeTestTask.java:138), org.junit.platform.engine.support.hierarchical.NodeTestTask.execute(NodeTestTask.java:95), java.util.ArrayList.forEach(ArrayList.java:1259), org.junit.platform.engine.support.hierarchical.SameThreadHierarchicalTestExecutorService.invokeAll(SameThreadHierarchicalTestExecutorService.java:41), org.junit.platform.engine.support.hierarchical.NodeTestTask.lambda$executeRecursively$6(NodeTestTask.java:155), org.junit.platform.engine.support.hierarchical.ThrowableCollector.execute(ThrowableCollector.java:73), org.junit.platform.engine.support.hierarchical.NodeTestTask.lambda$executeRecursively$8(NodeTestTask.java:141), org.junit.platform.engine.support.hierarchical.Node.around(Node.java:137), org.junit.platform.engine.support.hierarchical.NodeTestTask.lambda$executeRecursively$9(NodeTestTask.java:139), org.junit.platform.engine.support.hierarchical.ThrowableCollector.execute(ThrowableCollector.java:73), org.junit.platform.engine.support.hierarchical.NodeTestTask.executeRecursively(NodeTestTask.java:138), org.junit.platform.engine.support.hierarchical.NodeTestTask.execute(NodeTestTask.java:95), java.util.ArrayList.forEach(ArrayList.java:1259), org.junit.platform.engine.support.hierarchical.SameThreadHierarchicalTestExecutorService.invokeAll(SameThreadHierarchicalTestExecutorService.java:41), org.junit.platform.engine.support.hierarchical.NodeTestTask.lambda$executeRecursively$6(NodeTestTask.java:155), org.junit.platform.engine.support.hierarchical.ThrowableCollector.execute(ThrowableCollector.java:73), org.junit.platform.engine.support.hierarchical.NodeTestTask.lambda$executeRecursively$8(NodeTestTask.java:141), org.junit.platform.engine.support.hierarchical.Node.around(Node.java:137), org.junit.platform.engine.support.hierarchical.NodeTestTask.lambda$executeRecursively$9(NodeTestTask.java:139), org.junit.platform.engine.support.hierarchical.ThrowableCollector.execute(ThrowableCollector.java:73), org.junit.platform.engine.support.hierarchical.NodeTestTask.executeRecursively(NodeTestTask.java:138), org.junit.platform.engine.support.hierarchical.NodeTestTask.execute(NodeTestTask.java:95), org.junit.platform.engine.support.hierarchical.SameThreadHierarchicalTestExecutorService.submit(SameThreadHierarchicalTestExecutorService.java:35), org.junit.platform.engine.support.hierarchical.HierarchicalTestExecutor.execute(HierarchicalTestExecutor.java:57), org.junit.platform.engine.support.hierarchical.HierarchicalTestEngine.execute(HierarchicalTestEngine.java:54), org.junit.platform.launcher.core.EngineExecutionOrchestrator.execute(EngineExecutionOrchestrator.java:198), org.junit.platform.launcher.core.EngineExecutionOrchestrator.execute(EngineExecutionOrchestrator.java:169), org.junit.platform.launcher.core.EngineExecutionOrchestrator.execute(EngineExecutionOrchestrator.java:93), org.junit.platform.launcher.core.EngineExecutionOrchestrator.lambda$execute$0(EngineExecutionOrchestrator.java:58), org.junit.platform.launcher.core.EngineExecutionOrchestrator.withInterceptedStreams(EngineExecutionOrchestrator.java:141), org.junit.platform.launcher.core.EngineExecutionOrchestrator.execute(EngineExecutionOrchestrator.java:57), org.junit.platform.launcher.core.DefaultLauncher.execute(DefaultLauncher.java:103), org.junit.platform.launcher.core.DefaultLauncher.execute(DefaultLauncher.java:85), org.junit.platform.launcher.core.DelegatingLauncher.execute(DelegatingLauncher.java:47), org.apache.maven.surefire.junitplatform.LazyLauncher.execute(LazyLauncher.java:56), org.apache.maven.surefire.junitplatform.JUnitPlatformProvider.execute(JUnitPlatformProvider.java:184), org.apache.maven.surefire.junitplatform.JUnitPlatformProvider.invokeAllTests(JUnitPlatformProvider.java:148), org.apache.maven.surefire.junitplatform.JUnitPlatformProvider.invoke(JUnitPlatformProvider.java:122), org.apache.maven.surefire.booter.ForkedBooter.runSuitesInProcess(ForkedBooter.java:385), org.apache.maven.surefire.booter.ForkedBooter.execute(ForkedBooter.java:162), org.apache.maven.surefire.booter.ForkedBooter.run(ForkedBooter.java:507), org.apache.maven.surefire.booter.ForkedBooter.main(ForkedBooter.java:495)]"
263.0,asterisk-java,org/asteriskjava/manager/internal/AsyncEventPump.java#L147,PriorityQueue_NonComparable,FalseAlarm,"[MSL] Specification PriorityQueue_NonComparable has been violated on line [org.asteriskjava.manager.internal.AsyncEventPump.dispatchEvent(AsyncEventPump.java:157), org.asteriskjava.manager.internal.ManagerReaderImpl.run(ManagerReaderImpl.java:166), org.asteriskjava.manager.internal.ManagerReaderImplTest.testRunReceivingProtocolIdentifier(ManagerReaderImplTest.java:75), sun.reflect.NativeMethodAccessorImpl.invoke0(Native Method), sun.reflect.NativeMethodAccessorImpl.invoke(NativeMethodAccessorImpl.java:62), sun.reflect.DelegatingMethodAccessorImpl.invoke(DelegatingMethodAccessorImpl.java:43), java.lang.reflect.Method.invoke(Method.java:498), org.junit.platform.commons.util.ReflectionUtils.invokeMethod(ReflectionUtils.java:728), org.junit.jupiter.engine.execution.MethodInvocation.proceed(MethodInvocation.java:60), org.junit.jupiter.engine.execution.InvocationInterceptorChain$ValidatingInvocation.proceed(InvocationInterceptorChain.java:131), org.junit.jupiter.engine.extension.TimeoutExtension.intercept(TimeoutExtension.java:156), org.junit.jupiter.engine.extension.TimeoutExtension.interceptTestableMethod(TimeoutExtension.java:147), org.junit.jupiter.engine.extension.TimeoutExtension.interceptTestMethod(TimeoutExtension.java:86), org.junit.jupiter.engine.execution.InterceptingExecutableInvoker$ReflectiveInterceptorCall.lambda$ofVoidMethod$0(InterceptingExecutableInvoker.java:103), org.junit.jupiter.engine.execution.InterceptingExecutableInvoker.lambda$invoke$0(InterceptingExecutableInvoker.java:93), org.junit.jupiter.engine.execution.InvocationInterceptorChain$InterceptedInvocation.proceed(InvocationInterceptorChain.java:106), org.junit.jupiter.engine.execution.InvocationInterceptorChain.proceed(InvocationInterceptorChain.java:64), org.junit.jupiter.engine.execution.InvocationInterceptorChain.chainAndInvoke(InvocationInterceptorChain.java:45), org.junit.jupiter.engine.execution.InvocationInterceptorChain.invoke(InvocationInterceptorChain.java:37), org.junit.jupiter.engine.execution.InterceptingExecutableInvoker.invoke(InterceptingExecutableInvoker.java:92), org.junit.jupiter.engine.execution.InterceptingExecutableInvoker.invoke(InterceptingExecutableInvoker.java:86), org.junit.jupiter.engine.descriptor.TestMethodTestDescriptor.lambda$invokeTestMethod$7(TestMethodTestDescriptor.java:218), org.junit.platform.engine.support.hierarchical.ThrowableCollector.execute(ThrowableCollector.java:73), org.junit.jupiter.engine.descriptor.TestMethodTestDescriptor.invokeTestMethod(TestMethodTestDescriptor.java:214), org.junit.jupiter.engine.descriptor.TestMethodTestDescriptor.execute(TestMethodTestDescriptor.java:139), org.junit.jupiter.engine.descriptor.TestMethodTestDescriptor.execute(TestMethodTestDescriptor.java:69), org.junit.platform.engine.support.hierarchical.NodeTestTask.lambda$executeRecursively$6(NodeTestTask.java:151), org.junit.platform.engine.support.hierarchical.ThrowableCollector.execute(ThrowableCollector.java:73), org.junit.platform.engine.support.hierarchical.NodeTestTask.lambda$executeRecursively$8(NodeTestTask.java:141), org.junit.platform.engine.support.hierarchical.Node.around(Node.java:137), org.junit.platform.engine.support.hierarchical.NodeTestTask.lambda$executeRecursively$9(NodeTestTask.java:139), org.junit.platform.engine.support.hierarchical.ThrowableCollector.execute(ThrowableCollector.java:73), org.junit.platform.engine.support.hierarchical.NodeTestTask.executeRecursively(NodeTestTask.java:138), org.junit.platform.engine.support.hierarchical.NodeTestTask.execute(NodeTestTask.java:95), java.util.ArrayList.forEach(ArrayList.java:1259), org.junit.platform.engine.support.hierarchical.SameThreadHierarchicalTestExecutorService.invokeAll(SameThreadHierarchicalTestExecutorService.java:41), org.junit.platform.engine.support.hierarchical.NodeTestTask.lambda$executeRecursively$6(NodeTestTask.java:155), org.junit.platform.engine.support.hierarchical.ThrowableCollector.execute(ThrowableCollector.java:73), org.junit.platform.engine.support.hierarchical.NodeTestTask.lambda$executeRecursively$8(NodeTestTask.java:141), org.junit.platform.engine.support.hierarchical.Node.around(Node.java:137), org.junit.platform.engine.support.hierarchical.NodeTestTask.lambda$executeRecursively$9(NodeTestTask.java:139), org.junit.platform.engine.support.hierarchical.ThrowableCollector.execute(ThrowableCollector.java:73), org.junit.platform.engine.support.hierarchical.NodeTestTask.executeRecursively(NodeTestTask.java:138), org.junit.platform.engine.support.hierarchical.NodeTestTask.execute(NodeTestTask.java:95), java.util.ArrayList.forEach(ArrayList.java:1259), org.junit.platform.engine.support.hierarchical.SameThreadHierarchicalTestExecutorService.invokeAll(SameThreadHierarchicalTestExecutorService.java:41), org.junit.platform.engine.support.hierarchical.NodeTestTask.lambda$executeRecursively$6(NodeTestTask.java:155), org.junit.platform.engine.support.hierarchical.ThrowableCollector.execute(ThrowableCollector.java:73), org.junit.platform.engine.support.hierarchical.NodeTestTask.lambda$executeRecursively$8(NodeTestTask.java:141), org.junit.platform.engine.support.hierarchical.Node.around(Node.java:137), org.junit.platform.engine.support.hierarchical.NodeTestTask.lambda$executeRecursively$9(NodeTestTask.java:139), org.junit.platform.engine.support.hierarchical.ThrowableCollector.execute(ThrowableCollector.java:73), org.junit.platform.engine.support.hierarchical.NodeTestTask.executeRecursively(NodeTestTask.java:138), org.junit.platform.engine.support.hierarchical.NodeTestTask.execute(NodeTestTask.java:95), org.junit.platform.engine.support.hierarchical.SameThreadHierarchicalTestExecutorService.submit(SameThreadHierarchicalTestExecutorService.java:35), org.junit.platform.engine.support.hierarchical.HierarchicalTestExecutor.execute(HierarchicalTestExecutor.java:57), org.junit.platform.engine.support.hierarchical.HierarchicalTestEngine.execute(HierarchicalTestEngine.java:54), org.junit.platform.launcher.core.EngineExecutionOrchestrator.execute(EngineExecutionOrchestrator.java:198), org.junit.platform.launcher.core.EngineExecutionOrchestrator.execute(EngineExecutionOrchestrator.java:169), org.junit.platform.launcher.core.EngineExecutionOrchestrator.execute(EngineExecutionOrchestrator.java:93), org.junit.platform.launcher.core.EngineExecutionOrchestrator.lambda$execute$0(EngineExecutionOrchestrator.java:58), org.junit.platform.launcher.core.EngineExecutionOrchestrator.withInterceptedStreams(EngineExecutionOrchestrator.java:141), org.junit.platform.launcher.core.EngineExecutionOrchestrator.execute(EngineExecutionOrchestrator.java:57), org.junit.platform.launcher.core.DefaultLauncher.execute(DefaultLauncher.java:103), org.junit.platform.launcher.core.DefaultLauncher.execute(DefaultLauncher.java:85), org.junit.platform.launcher.core.DelegatingLauncher.execute(DelegatingLauncher.java:47), org.apache.maven.surefire.junitplatform.LazyLauncher.execute(LazyLauncher.java:56), org.apache.maven.surefire.junitplatform.JUnitPlatformProvider.execute(JUnitPlatformProvider.java:184), org.apache.maven.surefire.junitplatform.JUnitPlatformProvider.invokeAllTests(JUnitPlatformProvider.java:148), org.apache.maven.surefire.junitplatform.JUnitPlatformProvider.invoke(JUnitPlatformProvider.java:122), org.apache.maven.surefire.booter.ForkedBooter.runSuitesInProcess(ForkedBooter.java:385), org.apache.maven.surefire.booter.ForkedBooter.execute(ForkedBooter.java:162), org.apache.maven.surefire.booter.ForkedBooter.run(ForkedBooter.java:507), org.apache.maven.surefire.booter.ForkedBooter.main(ForkedBooter.java:495)]"
264.0,asterisk-java,pbx/internal/core/ListenerManager.java#L41,SortedSet_Comparable,FalseAlarm,"[MSL] Specification SortedSet_Comparable has been violated on line [org.asteriskjava.pbx.internal.core.ListenerManager.addListener(ListenerManager.java:41), org.asteriskjava.pbx.internal.core.ListenerManagerTest.listenerTest(ListenerManagerTest.java:24), sun.reflect.NativeMethodAccessorImpl.invoke0(Native Method), sun.reflect.NativeMethodAccessorImpl.invoke(NativeMethodAccessorImpl.java:62), sun.reflect.DelegatingMethodAccessorImpl.invoke(DelegatingMethodAccessorImpl.java:43), java.lang.reflect.Method.invoke(Method.java:498), org.junit.platform.commons.util.ReflectionUtils.invokeMethod(ReflectionUtils.java:728), org.junit.jupiter.engine.execution.MethodInvocation.proceed(MethodInvocation.java:60), org.junit.jupiter.engine.execution.InvocationInterceptorChain$ValidatingInvocation.proceed(InvocationInterceptorChain.java:131), org.junit.jupiter.engine.extension.TimeoutExtension.intercept(TimeoutExtension.java:156), org.junit.jupiter.engine.extension.TimeoutExtension.interceptTestableMethod(TimeoutExtension.java:147), org.junit.jupiter.engine.extension.TimeoutExtension.interceptTestMethod(TimeoutExtension.java:86), org.junit.jupiter.engine.execution.InterceptingExecutableInvoker$ReflectiveInterceptorCall.lambda$ofVoidMethod$0(InterceptingExecutableInvoker.java:103), org.junit.jupiter.engine.execution.InterceptingExecutableInvoker.lambda$invoke$0(InterceptingExecutableInvoker.java:93), org.junit.jupiter.engine.execution.InvocationInterceptorChain$InterceptedInvocation.proceed(InvocationInterceptorChain.java:106), org.junit.jupiter.engine.execution.InvocationInterceptorChain.proceed(InvocationInterceptorChain.java:64), org.junit.jupiter.engine.execution.InvocationInterceptorChain.chainAndInvoke(InvocationInterceptorChain.java:45), org.junit.jupiter.engine.execution.InvocationInterceptorChain.invoke(InvocationInterceptorChain.java:37), org.junit.jupiter.engine.execution.InterceptingExecutableInvoker.invoke(InterceptingExecutableInvoker.java:92), org.junit.jupiter.engine.execution.InterceptingExecutableInvoker.invoke(InterceptingExecutableInvoker.java:86), org.junit.jupiter.engine.descriptor.TestMethodTestDescriptor.lambda$invokeTestMethod$7(TestMethodTestDescriptor.java:218), org.junit.platform.engine.support.hierarchical.ThrowableCollector.execute(ThrowableCollector.java:73), org.junit.jupiter.engine.descriptor.TestMethodTestDescriptor.invokeTestMethod(TestMethodTestDescriptor.java:214), org.junit.jupiter.engine.descriptor.TestMethodTestDescriptor.execute(TestMethodTestDescriptor.java:139), org.junit.jupiter.engine.descriptor.TestMethodTestDescriptor.execute(TestMethodTestDescriptor.java:69), org.junit.platform.engine.support.hierarchical.NodeTestTask.lambda$executeRecursively$6(NodeTestTask.java:151), org.junit.platform.engine.support.hierarchical.ThrowableCollector.execute(ThrowableCollector.java:73), org.junit.platform.engine.support.hierarchical.NodeTestTask.lambda$executeRecursively$8(NodeTestTask.java:141), org.junit.platform.engine.support.hierarchical.Node.around(Node.java:137), org.junit.platform.engine.support.hierarchical.NodeTestTask.lambda$executeRecursively$9(NodeTestTask.java:139), org.junit.platform.engine.support.hierarchical.ThrowableCollector.execute(ThrowableCollector.java:73), org.junit.platform.engine.support.hierarchical.NodeTestTask.executeRecursively(NodeTestTask.java:138), org.junit.platform.engine.support.hierarchical.NodeTestTask.execute(NodeTestTask.java:95), java.util.ArrayList.forEach(ArrayList.java:1259), org.junit.platform.engine.support.hierarchical.SameThreadHierarchicalTestExecutorService.invokeAll(SameThreadHierarchicalTestExecutorService.java:41), org.junit.platform.engine.support.hierarchical.NodeTestTask.lambda$executeRecursively$6(NodeTestTask.java:155), org.junit.platform.engine.support.hierarchical.ThrowableCollector.execute(ThrowableCollector.java:73), org.junit.platform.engine.support.hierarchical.NodeTestTask.lambda$executeRecursively$8(NodeTestTask.java:141), org.junit.platform.engine.support.hierarchical.Node.around(Node.java:137), org.junit.platform.engine.support.hierarchical.NodeTestTask.lambda$executeRecursively$9(NodeTestTask.java:139), org.junit.platform.engine.support.hierarchical.ThrowableCollector.execute(ThrowableCollector.java:73), org.junit.platform.engine.support.hierarchical.NodeTestTask.executeRecursively(NodeTestTask.java:138), org.junit.platform.engine.support.hierarchical.NodeTestTask.execute(NodeTestTask.java:95), java.util.ArrayList.forEach(ArrayList.java:1259), org.junit.platform.engine.support.hierarchical.SameThreadHierarchicalTestExecutorService.invokeAll(SameThreadHierarchicalTestExecutorService.java:41), org.junit.platform.engine.support.hierarchical.NodeTestTask.lambda$executeRecursively$6(NodeTestTask.java:155), org.junit.platform.engine.support.hierarchical.ThrowableCollector.execute(ThrowableCollector.java:73), org.junit.platform.engine.support.hierarchical.NodeTestTask.lambda$executeRecursively$8(NodeTestTask.java:141), org.junit.platform.engine.support.hierarchical.Node.around(Node.java:137), org.junit.platform.engine.support.hierarchical.NodeTestTask.lambda$executeRecursively$9(NodeTestTask.java:139), org.junit.platform.engine.support.hierarchical.ThrowableCollector.execute(ThrowableCollector.java:73), org.junit.platform.engine.support.hierarchical.NodeTestTask.executeRecursively(NodeTestTask.java:138), org.junit.platform.engine.support.hierarchical.NodeTestTask.execute(NodeTestTask.java:95), org.junit.platform.engine.support.hierarchical.SameThreadHierarchicalTestExecutorService.submit(SameThreadHierarchicalTestExecutorService.java:35), org.junit.platform.engine.support.hierarchical.HierarchicalTestExecutor.execute(HierarchicalTestExecutor.java:57), org.junit.platform.engine.support.hierarchical.HierarchicalTestEngine.execute(HierarchicalTestEngine.java:54), org.junit.platform.launcher.core.EngineExecutionOrchestrator.execute(EngineExecutionOrchestrator.java:198), org.junit.platform.launcher.core.EngineExecutionOrchestrator.execute(EngineExecutionOrchestrator.java:169), org.junit.platform.launcher.core.EngineExecutionOrchestrator.execute(EngineExecutionOrchestrator.java:93), org.junit.platform.launcher.core.EngineExecutionOrchestrator.lambda$execute$0(EngineExecutionOrchestrator.java:58), org.junit.platform.launcher.core.EngineExecutionOrchestrator.withInterceptedStreams(EngineExecutionOrchestrator.java:141), org.junit.platform.launcher.core.EngineExecutionOrchestrator.execute(EngineExecutionOrchestrator.java:57), org.junit.platform.launcher.core.DefaultLauncher.execute(DefaultLauncher.java:103), org.junit.platform.launcher.core.DefaultLauncher.execute(DefaultLauncher.java:85), org.junit.platform.launcher.core.DelegatingLauncher.execute(DelegatingLauncher.java:47), org.apache.maven.surefire.junitplatform.LazyLauncher.execute(LazyLauncher.java:56), org.apache.maven.surefire.junitplatform.JUnitPlatformProvider.execute(JUnitPlatformProvider.java:184), org.apache.maven.surefire.junitplatform.JUnitPlatformProvider.invokeAllTests(JUnitPlatformProvider.java:148), org.apache.maven.surefire.junitplatform.JUnitPlatformProvider.invoke(JUnitPlatformProvider.java:122), org.apache.maven.surefire.booter.ForkedBooter.runSuitesInProcess(ForkedBooter.java:385), org.apache.maven.surefire.booter.ForkedBooter.execute(ForkedBooter.java:162), org.apache.maven.surefire.booter.ForkedBooter.run(ForkedBooter.java:507), org.apache.maven.surefire.booter.ForkedBooter.main(ForkedBooter.java:495)]"
265.0,asterisk-java,pbx/internal/core/ListenerManager.java#L41,TreeSet_Comparable,FalseAlarm,"[MSL] Specification TreeSet_Comparable has been violated on line [org.asteriskjava.pbx.internal.core.ListenerManager.addListener(ListenerManager.java:41), org.asteriskjava.pbx.internal.core.ListenerManagerTest.listenerTest(ListenerManagerTest.java:24), sun.reflect.NativeMethodAccessorImpl.invoke0(Native Method), sun.reflect.NativeMethodAccessorImpl.invoke(NativeMethodAccessorImpl.java:62), sun.reflect.DelegatingMethodAccessorImpl.invoke(DelegatingMethodAccessorImpl.java:43), java.lang.reflect.Method.invoke(Method.java:498), org.junit.platform.commons.util.ReflectionUtils.invokeMethod(ReflectionUtils.java:728), org.junit.jupiter.engine.execution.MethodInvocation.proceed(MethodInvocation.java:60), org.junit.jupiter.engine.execution.InvocationInterceptorChain$ValidatingInvocation.proceed(InvocationInterceptorChain.java:131), org.junit.jupiter.engine.extension.TimeoutExtension.intercept(TimeoutExtension.java:156), org.junit.jupiter.engine.extension.TimeoutExtension.interceptTestableMethod(TimeoutExtension.java:147), org.junit.jupiter.engine.extension.TimeoutExtension.interceptTestMethod(TimeoutExtension.java:86), org.junit.jupiter.engine.execution.InterceptingExecutableInvoker$ReflectiveInterceptorCall.lambda$ofVoidMethod$0(InterceptingExecutableInvoker.java:103), org.junit.jupiter.engine.execution.InterceptingExecutableInvoker.lambda$invoke$0(InterceptingExecutableInvoker.java:93), org.junit.jupiter.engine.execution.InvocationInterceptorChain$InterceptedInvocation.proceed(InvocationInterceptorChain.java:106), org.junit.jupiter.engine.execution.InvocationInterceptorChain.proceed(InvocationInterceptorChain.java:64), org.junit.jupiter.engine.execution.InvocationInterceptorChain.chainAndInvoke(InvocationInterceptorChain.java:45), org.junit.jupiter.engine.execution.InvocationInterceptorChain.invoke(InvocationInterceptorChain.java:37), org.junit.jupiter.engine.execution.InterceptingExecutableInvoker.invoke(InterceptingExecutableInvoker.java:92), org.junit.jupiter.engine.execution.InterceptingExecutableInvoker.invoke(InterceptingExecutableInvoker.java:86), org.junit.jupiter.engine.descriptor.TestMethodTestDescriptor.lambda$invokeTestMethod$7(TestMethodTestDescriptor.java:218), org.junit.platform.engine.support.hierarchical.ThrowableCollector.execute(ThrowableCollector.java:73), org.junit.jupiter.engine.descriptor.TestMethodTestDescriptor.invokeTestMethod(TestMethodTestDescriptor.java:214), org.junit.jupiter.engine.descriptor.TestMethodTestDescriptor.execute(TestMethodTestDescriptor.java:139), org.junit.jupiter.engine.descriptor.TestMethodTestDescriptor.execute(TestMethodTestDescriptor.java:69), org.junit.platform.engine.support.hierarchical.NodeTestTask.lambda$executeRecursively$6(NodeTestTask.java:151), org.junit.platform.engine.support.hierarchical.ThrowableCollector.execute(ThrowableCollector.java:73), org.junit.platform.engine.support.hierarchical.NodeTestTask.lambda$executeRecursively$8(NodeTestTask.java:141), org.junit.platform.engine.support.hierarchical.Node.around(Node.java:137), org.junit.platform.engine.support.hierarchical.NodeTestTask.lambda$executeRecursively$9(NodeTestTask.java:139), org.junit.platform.engine.support.hierarchical.ThrowableCollector.execute(ThrowableCollector.java:73), org.junit.platform.engine.support.hierarchical.NodeTestTask.executeRecursively(NodeTestTask.java:138), org.junit.platform.engine.support.hierarchical.NodeTestTask.execute(NodeTestTask.java:95), java.util.ArrayList.forEach(ArrayList.java:1259), org.junit.platform.engine.support.hierarchical.SameThreadHierarchicalTestExecutorService.invokeAll(SameThreadHierarchicalTestExecutorService.java:41), org.junit.platform.engine.support.hierarchical.NodeTestTask.lambda$executeRecursively$6(NodeTestTask.java:155), org.junit.platform.engine.support.hierarchical.ThrowableCollector.execute(ThrowableCollector.java:73), org.junit.platform.engine.support.hierarchical.NodeTestTask.lambda$executeRecursively$8(NodeTestTask.java:141), org.junit.platform.engine.support.hierarchical.Node.around(Node.java:137), org.junit.platform.engine.support.hierarchical.NodeTestTask.lambda$executeRecursively$9(NodeTestTask.java:139), org.junit.platform.engine.support.hierarchical.ThrowableCollector.execute(ThrowableCollector.java:73), org.junit.platform.engine.support.hierarchical.NodeTestTask.executeRecursively(NodeTestTask.java:138), org.junit.platform.engine.support.hierarchical.NodeTestTask.execute(NodeTestTask.java:95), java.util.ArrayList.forEach(ArrayList.java:1259), org.junit.platform.engine.support.hierarchical.SameThreadHierarchicalTestExecutorService.invokeAll(SameThreadHierarchicalTestExecutorService.java:41), org.junit.platform.engine.support.hierarchical.NodeTestTask.lambda$executeRecursively$6(NodeTestTask.java:155), org.junit.platform.engine.support.hierarchical.ThrowableCollector.execute(ThrowableCollector.java:73), org.junit.platform.engine.support.hierarchical.NodeTestTask.lambda$executeRecursively$8(NodeTestTask.java:141), org.junit.platform.engine.support.hierarchical.Node.around(Node.java:137), org.junit.platform.engine.support.hierarchical.NodeTestTask.lambda$executeRecursively$9(NodeTestTask.java:139), org.junit.platform.engine.support.hierarchical.ThrowableCollector.execute(ThrowableCollector.java:73), org.junit.platform.engine.support.hierarchical.NodeTestTask.executeRecursively(NodeTestTask.java:138), org.junit.platform.engine.support.hierarchical.NodeTestTask.execute(NodeTestTask.java:95), org.junit.platform.engine.support.hierarchical.SameThreadHierarchicalTestExecutorService.submit(SameThreadHierarchicalTestExecutorService.java:35), org.junit.platform.engine.support.hierarchical.HierarchicalTestExecutor.execute(HierarchicalTestExecutor.java:57), org.junit.platform.engine.support.hierarchical.HierarchicalTestEngine.execute(HierarchicalTestEngine.java:54), org.junit.platform.launcher.core.EngineExecutionOrchestrator.execute(EngineExecutionOrchestrator.java:198), org.junit.platform.launcher.core.EngineExecutionOrchestrator.execute(EngineExecutionOrchestrator.java:169), org.junit.platform.launcher.core.EngineExecutionOrchestrator.execute(EngineExecutionOrchestrator.java:93), org.junit.platform.launcher.core.EngineExecutionOrchestrator.lambda$execute$0(EngineExecutionOrchestrator.java:58), org.junit.platform.launcher.core.EngineExecutionOrchestrator.withInterceptedStreams(EngineExecutionOrchestrator.java:141), org.junit.platform.launcher.core.EngineExecutionOrchestrator.execute(EngineExecutionOrchestrator.java:57), org.junit.platform.launcher.core.DefaultLauncher.execute(DefaultLauncher.java:103), org.junit.platform.launcher.core.DefaultLauncher.execute(DefaultLauncher.java:85), org.junit.platform.launcher.core.DelegatingLauncher.execute(DelegatingLauncher.java:47), org.apache.maven.surefire.junitplatform.LazyLauncher.execute(LazyLauncher.java:56), org.apache.maven.surefire.junitplatform.JUnitPlatformProvider.execute(JUnitPlatformProvider.java:184), org.apache.maven.surefire.junitplatform.JUnitPlatformProvider.invokeAllTests(JUnitPlatformProvider.java:148), org.apache.maven.surefire.junitplatform.JUnitPlatformProvider.invoke(JUnitPlatformProvider.java:122), org.apache.maven.surefire.booter.ForkedBooter.runSuitesInProcess(ForkedBooter.java:385), org.apache.maven.surefire.booter.ForkedBooter.execute(ForkedBooter.java:162), org.apache.maven.surefire.booter.ForkedBooter.run(ForkedBooter.java:507), org.apache.maven.surefire.booter.ForkedBooter.main(ForkedBooter.java:495)]"
266.0,pignlproc,info/bliki/wiki/filter/WPList.java#L32,Collection_StandardConstructors,Truebug,"[MSL] Specification Collection_StandardConstructors has been violated on line [info.bliki.wiki.filter.WPList$InternalList.<clinit>(WPList.java:1), info.bliki.wiki.filter.WPList.add(WPList.java:75), info.bliki.wiki.filter.WikipediaScanner.wpList(WikipediaScanner.java:373), info.bliki.wiki.filter.WikipediaParser.parseLists(WikipediaParser.java:792), info.bliki.wiki.filter.WikipediaParser.getNextToken(WikipediaParser.java:129), info.bliki.wiki.filter.WikipediaParser.runParser(WikipediaParser.java:1156), info.bliki.wiki.filter.AbstractParser.parseRecursiveInternal(AbstractParser.java:653), info.bliki.wiki.filter.WikipediaParser.parseRecursive(WikipediaParser.java:1311), info.bliki.wiki.filter.WikipediaParser.handleTag(WikipediaParser.java:1130), info.bliki.wiki.filter.WikipediaParser.createTag(WikipediaParser.java:1022), info.bliki.wiki.filter.WikipediaParser.getNextToken(WikipediaParser.java:269), info.bliki.wiki.filter.WikipediaParser.runParser(WikipediaParser.java:1156), info.bliki.wiki.filter.AbstractParser.parseRecursiveInternal(AbstractParser.java:653), info.bliki.wiki.filter.WikipediaParser.parseRecursive(WikipediaParser.java:1311), info.bliki.wiki.filter.WikipediaParser.parse(WikipediaParser.java:1265), info.bliki.wiki.model.AbstractWikiModel.render(AbstractWikiModel.java:1590), info.bliki.wiki.model.AbstractWikiModel.render(AbstractWikiModel.java:1572), info.bliki.wiki.model.AbstractWikiModel.render(AbstractWikiModel.java:1559), pignlproc.markup.AnnotatingMarkupParser.parse(AnnotatingMarkupParser.java:113), pignlproc.storage.ParsingWikipediaLoader.getNext(ParsingWikipediaLoader.java:45), org.apache.pig.backend.hadoop.executionengine.mapReduceLayer.PigRecordReader.nextKeyValue(PigRecordReader.java:187), org.apache.hadoop.mapred.MapTask$NewTrackingRecordReader.nextKeyValue(MapTask.java:423), org.apache.hadoop.mapreduce.MapContext.nextKeyValue(MapContext.java:67), org.apache.hadoop.mapreduce.Mapper.run(Mapper.java:143), org.apache.hadoop.mapred.MapTask.runNewMapper(MapTask.java:621), org.apache.hadoop.mapred.MapTask.run(MapTask.java:305), org.apache.hadoop.mapred.LocalJobRunner$Job.run(LocalJobRunner.java:177)]"
267.0,pignlproc,info/bliki/wiki/tags/util/TagStack.java#L15,Collection_StandardConstructors,FalseAlarm,"[MSL] Specification Collection_StandardConstructors has been violated on line [info.bliki.wiki.tags.util.TagStack.<clinit>(TagStack.java:1), info.bliki.wiki.model.AbstractWikiModel.initialize(AbstractWikiModel.java:1339), info.bliki.wiki.model.AbstractWikiModel.<init>(AbstractWikiModel.java:158), info.bliki.wiki.model.AbstractWikiModel.<init>(AbstractWikiModel.java:134), info.bliki.wiki.model.AbstractWikiModel.<init>(AbstractWikiModel.java:130), info.bliki.wiki.model.WikiModel.<init>(WikiModel.java:61), info.bliki.wiki.model.WikiModel.<init>(WikiModel.java:57), pignlproc.markup.AnnotatingMarkupParser$1.<init>(AnnotatingMarkupParser.java:84), pignlproc.markup.AnnotatingMarkupParser.makeWikiModel(AnnotatingMarkupParser.java:83), pignlproc.markup.AnnotatingMarkupParser.<init>(AnnotatingMarkupParser.java:77), pignlproc.storage.ParsingWikipediaLoader.getNext(ParsingWikipediaLoader.java:43), org.apache.pig.backend.hadoop.executionengine.mapReduceLayer.PigRecordReader.nextKeyValue(PigRecordReader.java:187), org.apache.hadoop.mapred.MapTask$NewTrackingRecordReader.nextKeyValue(MapTask.java:423), org.apache.hadoop.mapreduce.MapContext.nextKeyValue(MapContext.java:67), org.apache.hadoop.mapreduce.Mapper.run(Mapper.java:143), org.apache.hadoop.mapred.MapTask.runNewMapper(MapTask.java:621), org.apache.hadoop.mapred.MapTask.run(MapTask.java:305), org.apache.hadoop.mapred.LocalJobRunner$Job.run(LocalJobRunner.java:177)]"
268.0,pignlproc,org/apache/log4j/ProvisionNode.java,Collection_StandardConstructors,Truebug,"[MSL] Specification Collection_StandardConstructors has been violated on line [org.apache.log4j.ProvisionNode.<clinit>(ProvisionNode.java:1), org.apache.log4j.Hierarchy.updateParents(Hierarchy.java:501), org.apache.log4j.Hierarchy.getLogger(Hierarchy.java:273), org.apache.log4j.PropertyConfigurator.parseCatsAndRenderers(PropertyConfigurator.java:531), org.apache.log4j.PropertyConfigurator.doConfigure(PropertyConfigurator.java:417), org.apache.log4j.PropertyConfigurator.doConfigure(PropertyConfigurator.java:441), org.apache.log4j.helpers.OptionConverter.selectAndConfigure(OptionConverter.java:468), org.apache.log4j.LogManager.<clinit>(LogManager.java:122), org.apache.log4j.Logger.getLogger(Logger.java:104), org.apache.commons.logging.impl.Log4JLogger.getLogger(Log4JLogger.java:229), org.apache.commons.logging.impl.Log4JLogger.<init>(Log4JLogger.java:65), sun.reflect.NativeConstructorAccessorImpl.newInstance0(Native Method), sun.reflect.NativeConstructorAccessorImpl.newInstance(NativeConstructorAccessorImpl.java:62), sun.reflect.DelegatingConstructorAccessorImpl.newInstance(DelegatingConstructorAccessorImpl.java:45), java.lang.reflect.Constructor.newInstance(Constructor.java:423), org.apache.commons.logging.impl.LogFactoryImpl.newInstance(LogFactoryImpl.java:529), org.apache.commons.logging.impl.LogFactoryImpl.getInstance(LogFactoryImpl.java:235), org.apache.commons.logging.impl.LogFactoryImpl.getInstance(LogFactoryImpl.java:209), org.apache.commons.logging.LogFactory.getLog(LogFactory.java:351), org.apache.pig.impl.util.PropertiesUtil.<clinit>(PropertiesUtil.java:33), org.apache.pig.PigServer.<init>(PigServer.java:207), pignlproc.storage.TestUriStringLiteralNTriplesLoader.testUriStringLiteralNTriplesLoader(TestUriStringLiteralNTriplesLoader.java:21), sun.reflect.NativeMethodAccessorImpl.invoke0(Native Method), sun.reflect.NativeMethodAccessorImpl.invoke(NativeMethodAccessorImpl.java:62), sun.reflect.DelegatingMethodAccessorImpl.invoke(DelegatingMethodAccessorImpl.java:43), java.lang.reflect.Method.invoke(Method.java:498), org.junit.runners.model.FrameworkMethod$1.runReflectiveCall(FrameworkMethod.java:47), org.junit.internal.runners.model.ReflectiveCallable.run(ReflectiveCallable.java:12), org.junit.runners.model.FrameworkMethod.invokeExplosively(FrameworkMethod.java:44), org.junit.internal.runners.statements.InvokeMethod.evaluate(InvokeMethod.java:17), org.junit.runners.ParentRunner.runLeaf(ParentRunner.java:271), org.junit.runners.BlockJUnit4ClassRunner.runChild(BlockJUnit4ClassRunner.java:70), org.junit.runners.BlockJUnit4ClassRunner.runChild(BlockJUnit4ClassRunner.java:50), org.junit.runners.ParentRunner$3.run(ParentRunner.java:238), org.junit.runners.ParentRunner$1.schedule(ParentRunner.java:63), org.junit.runners.ParentRunner.runChildren(ParentRunner.java:236), org.junit.runners.ParentRunner.access$000(ParentRunner.java:53), org.junit.runners.ParentRunner$2.evaluate(ParentRunner.java:229), org.junit.runners.ParentRunner.run(ParentRunner.java:309), org.apache.maven.surefire.junit4.JUnit4Provider.execute(JUnit4Provider.java:316), org.apache.maven.surefire.junit4.JUnit4Provider.executeWithRerun(JUnit4Provider.java:240), org.apache.maven.surefire.junit4.JUnit4Provider.executeTestSet(JUnit4Provider.java:214), org.apache.maven.surefire.junit4.JUnit4Provider.invoke(JUnit4Provider.java:155), org.apache.maven.surefire.booter.ForkedBooter.runSuitesInProcess(ForkedBooter.java:385), org.apache.maven.surefire.booter.ForkedBooter.execute(ForkedBooter.java:162), org.apache.maven.surefire.booter.ForkedBooter.run(ForkedBooter.java:507), org.apache.maven.surefire.booter.ForkedBooter.main(ForkedBooter.java:495)]"
269.0,pignlproc,pignlproc/evaluation/SentencesWithLink.java#L63,Double_StaticFactory,FalseAlarm,"[MSL] Specification Double_StaticFactory has been violated on line [opennlp.tools.sentdetect.SentenceDetectorME.<clinit>(SentenceDetectorME.java:63), pignlproc.evaluation.SentencesWithLink.exec(SentencesWithLink.java:63), pignlproc.RegressionTest0.test0200(RegressionTest0.java:3552), sun.reflect.NativeMethodAccessorImpl.invoke0(Native Method), sun.reflect.NativeMethodAccessorImpl.invoke(NativeMethodAccessorImpl.java:62), sun.reflect.DelegatingMethodAccessorImpl.invoke(DelegatingMethodAccessorImpl.java:43), java.lang.reflect.Method.invoke(Method.java:498), org.junit.runners.model.FrameworkMethod$1.runReflectiveCall(FrameworkMethod.java:47), org.junit.internal.runners.model.ReflectiveCallable.run(ReflectiveCallable.java:12), org.junit.runners.model.FrameworkMethod.invokeExplosively(FrameworkMethod.java:44), org.junit.internal.runners.statements.InvokeMethod.evaluate(InvokeMethod.java:17), org.junit.runners.ParentRunner.runLeaf(ParentRunner.java:271), org.junit.runners.BlockJUnit4ClassRunner.runChild(BlockJUnit4ClassRunner.java:70), org.junit.runners.BlockJUnit4ClassRunner.runChild(BlockJUnit4ClassRunner.java:50), org.junit.runners.ParentRunner$3.run(ParentRunner.java:238), org.junit.runners.ParentRunner$1.schedule(ParentRunner.java:63), org.junit.runners.ParentRunner.runChildren(ParentRunner.java:236), org.junit.runners.ParentRunner.access$000(ParentRunner.java:53), org.junit.runners.ParentRunner$2.evaluate(ParentRunner.java:229), org.junit.runners.ParentRunner.run(ParentRunner.java:309), org.junit.runners.Suite.runChild(Suite.java:127), org.junit.runners.Suite.runChild(Suite.java:26), org.junit.runners.ParentRunner$3.run(ParentRunner.java:238), org.junit.runners.ParentRunner$1.schedule(ParentRunner.java:63), org.junit.runners.ParentRunner.runChildren(ParentRunner.java:236), org.junit.runners.ParentRunner.access$000(ParentRunner.java:53), org.junit.runners.ParentRunner$2.evaluate(ParentRunner.java:229), org.junit.runners.ParentRunner.run(ParentRunner.java:309), org.apache.maven.surefire.junit4.JUnit4Provider.execute(JUnit4Provider.java:316), org.apache.maven.surefire.junit4.JUnit4Provider.executeWithRerun(JUnit4Provider.java:240), org.apache.maven.surefire.junit4.JUnit4Provider.executeTestSet(JUnit4Provider.java:214), org.apache.maven.surefire.junit4.JUnit4Provider.invoke(JUnit4Provider.java:155), org.apache.maven.surefire.booter.ForkedBooter.runSuitesInProcess(ForkedBooter.java:385), org.apache.maven.surefire.booter.ForkedBooter.execute(ForkedBooter.java:162), org.apache.maven.surefire.booter.ForkedBooter.run(ForkedBooter.java:507), org.apache.maven.surefire.booter.ForkedBooter.main(ForkedBooter.java:495)]"
270.0,pignlproc,org/apache/pig/tools/pigstats/JobStats.java#L558,Enum_UserFriendlyName,Truebug,"[MSL] Specification Enum_UserFriendlyName has been violated on line [org.apache.pig.tools.pigstats.JobStats.isIndexer(JobStats.java:559), org.apache.pig.tools.pigstats.JobStats.addInputStatistics(JobStats.java:516), org.apache.pig.tools.pigstats.PigStatsUtil.accumulateSuccessStatistics(PigStatsUtil.java:337), org.apache.pig.tools.pigstats.PigStatsUtil.accumulateStats(PigStatsUtil.java:246), org.apache.pig.backend.hadoop.executionengine.mapReduceLayer.MapReduceLauncher.launchPig(MapReduceLauncher.java:316), org.apache.pig.backend.hadoop.executionengine.HExecutionEngine.execute(HExecutionEngine.java:382), org.apache.pig.PigServer.executeCompiledLogicalPlan(PigServer.java:1209), org.apache.pig.PigServer.storeEx(PigServer.java:885), org.apache.pig.PigServer.store(PigServer.java:827), org.apache.pig.PigServer.openIterator(PigServer.java:739), pignlproc.storage.TestUriStringLiteralNTriplesLoader.testUriStringLiteralNTriplesLoader(TestUriStringLiteralNTriplesLoader.java:27), sun.reflect.NativeMethodAccessorImpl.invoke0(Native Method), sun.reflect.NativeMethodAccessorImpl.invoke(NativeMethodAccessorImpl.java:62), sun.reflect.DelegatingMethodAccessorImpl.invoke(DelegatingMethodAccessorImpl.java:43), java.lang.reflect.Method.invoke(Method.java:498), org.junit.runners.model.FrameworkMethod$1.runReflectiveCall(FrameworkMethod.java:47), org.junit.internal.runners.model.ReflectiveCallable.run(ReflectiveCallable.java:12), org.junit.runners.model.FrameworkMethod.invokeExplosively(FrameworkMethod.java:44), org.junit.internal.runners.statements.InvokeMethod.evaluate(InvokeMethod.java:17), org.junit.runners.ParentRunner.runLeaf(ParentRunner.java:271), org.junit.runners.BlockJUnit4ClassRunner.runChild(BlockJUnit4ClassRunner.java:70), org.junit.runners.BlockJUnit4ClassRunner.runChild(BlockJUnit4ClassRunner.java:50), org.junit.runners.ParentRunner$3.run(ParentRunner.java:238), org.junit.runners.ParentRunner$1.schedule(ParentRunner.java:63), org.junit.runners.ParentRunner.runChildren(ParentRunner.java:236), org.junit.runners.ParentRunner.access$000(ParentRunner.java:53), org.junit.runners.ParentRunner$2.evaluate(ParentRunner.java:229), org.junit.runners.ParentRunner.run(ParentRunner.java:309), org.apache.maven.surefire.junit4.JUnit4Provider.execute(JUnit4Provider.java:316), org.apache.maven.surefire.junit4.JUnit4Provider.executeWithRerun(JUnit4Provider.java:240), org.apache.maven.surefire.junit4.JUnit4Provider.executeTestSet(JUnit4Provider.java:214), org.apache.maven.surefire.junit4.JUnit4Provider.invoke(JUnit4Provider.java:155), org.apache.maven.surefire.booter.ForkedBooter.runSuitesInProcess(ForkedBooter.java:385), org.apache.maven.surefire.booter.ForkedBooter.execute(ForkedBooter.java:162), org.apache.maven.surefire.booter.ForkedBooter.run(ForkedBooter.java:507), org.apache.maven.surefire.booter.ForkedBooter.main(ForkedBooter.java:495)]"
271.0,pignlproc,org/apache/pig/tools/pigstats/JobStats.java#L555,Enum_UserFriendlyName,Truebug,"[MSL] Specification Enum_UserFriendlyName has been violated on line [org.apache.pig.tools.pigstats.JobStats.isSampler(JobStats.java:555), org.apache.pig.tools.pigstats.JobStats.addInputStatistics(JobStats.java:515), org.apache.pig.tools.pigstats.PigStatsUtil.accumulateSuccessStatistics(PigStatsUtil.java:337), org.apache.pig.tools.pigstats.PigStatsUtil.accumulateStats(PigStatsUtil.java:246), org.apache.pig.backend.hadoop.executionengine.mapReduceLayer.MapReduceLauncher.launchPig(MapReduceLauncher.java:316), org.apache.pig.backend.hadoop.executionengine.HExecutionEngine.execute(HExecutionEngine.java:382), org.apache.pig.PigServer.executeCompiledLogicalPlan(PigServer.java:1209), org.apache.pig.PigServer.storeEx(PigServer.java:885), org.apache.pig.PigServer.store(PigServer.java:827), org.apache.pig.PigServer.openIterator(PigServer.java:739), pignlproc.storage.TestUriStringLiteralNTriplesLoader.testUriStringLiteralNTriplesLoader(TestUriStringLiteralNTriplesLoader.java:27), sun.reflect.NativeMethodAccessorImpl.invoke0(Native Method), sun.reflect.NativeMethodAccessorImpl.invoke(NativeMethodAccessorImpl.java:62), sun.reflect.DelegatingMethodAccessorImpl.invoke(DelegatingMethodAccessorImpl.java:43), java.lang.reflect.Method.invoke(Method.java:498), org.junit.runners.model.FrameworkMethod$1.runReflectiveCall(FrameworkMethod.java:47), org.junit.internal.runners.model.ReflectiveCallable.run(ReflectiveCallable.java:12), org.junit.runners.model.FrameworkMethod.invokeExplosively(FrameworkMethod.java:44), org.junit.internal.runners.statements.InvokeMethod.evaluate(InvokeMethod.java:17), org.junit.runners.ParentRunner.runLeaf(ParentRunner.java:271), org.junit.runners.BlockJUnit4ClassRunner.runChild(BlockJUnit4ClassRunner.java:70), org.junit.runners.BlockJUnit4ClassRunner.runChild(BlockJUnit4ClassRunner.java:50), org.junit.runners.ParentRunner$3.run(ParentRunner.java:238), org.junit.runners.ParentRunner$1.schedule(ParentRunner.java:63), org.junit.runners.ParentRunner.runChildren(ParentRunner.java:236), org.junit.runners.ParentRunner.access$000(ParentRunner.java:53), org.junit.runners.ParentRunner$2.evaluate(ParentRunner.java:229), org.junit.runners.ParentRunner.run(ParentRunner.java:309), org.apache.maven.surefire.junit4.JUnit4Provider.execute(JUnit4Provider.java:316), org.apache.maven.surefire.junit4.JUnit4Provider.executeWithRerun(JUnit4Provider.java:240), org.apache.maven.surefire.junit4.JUnit4Provider.executeTestSet(JUnit4Provider.java:214), org.apache.maven.surefire.junit4.JUnit4Provider.invoke(JUnit4Provider.java:155), org.apache.maven.surefire.booter.ForkedBooter.runSuitesInProcess(ForkedBooter.java:385), org.apache.maven.surefire.booter.ForkedBooter.execute(ForkedBooter.java:162), org.apache.maven.surefire.booter.ForkedBooter.run(ForkedBooter.java:507), org.apache.maven.surefire.booter.ForkedBooter.main(ForkedBooter.java:495)]"
272.0,pignlproc,org/apache/pig/tools/pigstats/ScriptState.java#L527,Enum_UserFriendlyName,Truebug,"[MSL] Specification Enum_UserFriendlyName has been violated on line [org.apache.pig.tools.pigstats.ScriptState.getPigFeature(ScriptState.java:509), org.apache.pig.tools.pigstats.ScriptState.setPigFeature(ScriptState.java:393), org.apache.pig.tools.pigstats.ScriptState.addSettingsToConf(ScriptState.java:300), org.apache.pig.backend.hadoop.executionengine.mapReduceLayer.JobControlCompiler.getJob(JobControlCompiler.java:343), org.apache.pig.backend.hadoop.executionengine.mapReduceLayer.JobControlCompiler.compile(JobControlCompiler.java:256), org.apache.pig.backend.hadoop.executionengine.mapReduceLayer.MapReduceLauncher.launchPig(MapReduceLauncher.java:147), org.apache.pig.backend.hadoop.executionengine.HExecutionEngine.execute(HExecutionEngine.java:382), org.apache.pig.PigServer.executeCompiledLogicalPlan(PigServer.java:1209), org.apache.pig.PigServer.storeEx(PigServer.java:885), org.apache.pig.PigServer.store(PigServer.java:827), org.apache.pig.PigServer.openIterator(PigServer.java:739), pignlproc.storage.TestUriStringLiteralNTriplesLoader.testUriStringLiteralNTriplesLoader(TestUriStringLiteralNTriplesLoader.java:27), sun.reflect.NativeMethodAccessorImpl.invoke0(Native Method), sun.reflect.NativeMethodAccessorImpl.invoke(NativeMethodAccessorImpl.java:62), sun.reflect.DelegatingMethodAccessorImpl.invoke(DelegatingMethodAccessorImpl.java:43), java.lang.reflect.Method.invoke(Method.java:498), org.junit.runners.model.FrameworkMethod$1.runReflectiveCall(FrameworkMethod.java:47), org.junit.internal.runners.model.ReflectiveCallable.run(ReflectiveCallable.java:12), org.junit.runners.model.FrameworkMethod.invokeExplosively(FrameworkMethod.java:44), org.junit.internal.runners.statements.InvokeMethod.evaluate(InvokeMethod.java:17), org.junit.runners.ParentRunner.runLeaf(ParentRunner.java:271), org.junit.runners.BlockJUnit4ClassRunner.runChild(BlockJUnit4ClassRunner.java:70), org.junit.runners.BlockJUnit4ClassRunner.runChild(BlockJUnit4ClassRunner.java:50), org.junit.runners.ParentRunner$3.run(ParentRunner.java:238), org.junit.runners.ParentRunner$1.schedule(ParentRunner.java:63), org.junit.runners.ParentRunner.runChildren(ParentRunner.java:236), org.junit.runners.ParentRunner.access$000(ParentRunner.java:53), org.junit.runners.ParentRunner$2.evaluate(ParentRunner.java:229), org.junit.runners.ParentRunner.run(ParentRunner.java:309), org.apache.maven.surefire.junit4.JUnit4Provider.execute(JUnit4Provider.java:316), org.apache.maven.surefire.junit4.JUnit4Provider.executeWithRerun(JUnit4Provider.java:240), org.apache.maven.surefire.junit4.JUnit4Provider.executeTestSet(JUnit4Provider.java:214), org.apache.maven.surefire.junit4.JUnit4Provider.invoke(JUnit4Provider.java:155), org.apache.maven.surefire.booter.ForkedBooter.runSuitesInProcess(ForkedBooter.java:385), org.apache.maven.surefire.booter.ForkedBooter.execute(ForkedBooter.java:162), org.apache.maven.surefire.booter.ForkedBooter.run(ForkedBooter.java:507), org.apache.maven.surefire.booter.ForkedBooter.main(ForkedBooter.java:495)]"
273.0,pignlproc,org/apache/pig/tools/pigstats/ScriptState.java#L510,Enum_UserFriendlyName,Truebug,"[MSL] Specification Enum_UserFriendlyName has been violated on line [org.apache.pig.tools.pigstats.ScriptState.getPigFeature(ScriptState.java:509), org.apache.pig.tools.pigstats.ScriptState.setPigFeature(ScriptState.java:393), org.apache.pig.tools.pigstats.ScriptState.addSettingsToConf(ScriptState.java:300), org.apache.pig.backend.hadoop.executionengine.mapReduceLayer.JobControlCompiler.getJob(JobControlCompiler.java:343), org.apache.pig.backend.hadoop.executionengine.mapReduceLayer.JobControlCompiler.compile(JobControlCompiler.java:256), org.apache.pig.backend.hadoop.executionengine.mapReduceLayer.MapReduceLauncher.launchPig(MapReduceLauncher.java:147), org.apache.pig.backend.hadoop.executionengine.HExecutionEngine.execute(HExecutionEngine.java:382), org.apache.pig.PigServer.executeCompiledLogicalPlan(PigServer.java:1209), org.apache.pig.PigServer.storeEx(PigServer.java:885), org.apache.pig.PigServer.store(PigServer.java:827), org.apache.pig.PigServer.openIterator(PigServer.java:739), pignlproc.storage.TestUriStringLiteralNTriplesLoader.testUriStringLiteralNTriplesLoader(TestUriStringLiteralNTriplesLoader.java:27), sun.reflect.NativeMethodAccessorImpl.invoke0(Native Method), sun.reflect.NativeMethodAccessorImpl.invoke(NativeMethodAccessorImpl.java:62), sun.reflect.DelegatingMethodAccessorImpl.invoke(DelegatingMethodAccessorImpl.java:43), java.lang.reflect.Method.invoke(Method.java:498), org.junit.runners.model.FrameworkMethod$1.runReflectiveCall(FrameworkMethod.java:47), org.junit.internal.runners.model.ReflectiveCallable.run(ReflectiveCallable.java:12), org.junit.runners.model.FrameworkMethod.invokeExplosively(FrameworkMethod.java:44), org.junit.internal.runners.statements.InvokeMethod.evaluate(InvokeMethod.java:17), org.junit.runners.ParentRunner.runLeaf(ParentRunner.java:271), org.junit.runners.BlockJUnit4ClassRunner.runChild(BlockJUnit4ClassRunner.java:70), org.junit.runners.BlockJUnit4ClassRunner.runChild(BlockJUnit4ClassRunner.java:50), org.junit.runners.ParentRunner$3.run(ParentRunner.java:238), org.junit.runners.ParentRunner$1.schedule(ParentRunner.java:63), org.junit.runners.ParentRunner.runChildren(ParentRunner.java:236), org.junit.runners.ParentRunner.access$000(ParentRunner.java:53), org.junit.runners.ParentRunner$2.evaluate(ParentRunner.java:229), org.junit.runners.ParentRunner.run(ParentRunner.java:309), org.apache.maven.surefire.junit4.JUnit4Provider.execute(JUnit4Provider.java:316), org.apache.maven.surefire.junit4.JUnit4Provider.executeWithRerun(JUnit4Provider.java:240), org.apache.maven.surefire.junit4.JUnit4Provider.executeTestSet(JUnit4Provider.java:214), org.apache.maven.surefire.junit4.JUnit4Provider.invoke(JUnit4Provider.java:155), org.apache.maven.surefire.booter.ForkedBooter.runSuitesInProcess(ForkedBooter.java:385), org.apache.maven.surefire.booter.ForkedBooter.execute(ForkedBooter.java:162), org.apache.maven.surefire.booter.ForkedBooter.run(ForkedBooter.java:507), org.apache.maven.surefire.booter.ForkedBooter.main(ForkedBooter.java:495)]"
,joda-time,VIRTUAL:0,VIRTUAL_Truebug,Truebug,auto-adjust
,joda-time,VIRTUAL:0,VIRTUAL_Truebug,Truebug,auto-adjust
,joda-time,VIRTUAL:0,VIRTUAL_Truebug,Truebug,auto-adjust
,joda-time,VIRTUAL:0,VIRTUAL_Truebug,Truebug,auto-adjust
,joda-time,VIRTUAL:0,VIRTUAL_Truebug,Truebug,auto-adjust
,joda-time,VIRTUAL:0,VIRTUAL_Truebug,Truebug,auto-adjust
,joda-time,VIRTUAL:0,VIRTUAL_Truebug,Truebug,auto-adjust
,joda-time,VIRTUAL:0,VIRTUAL_Truebug,Truebug,auto-adjust
,joda-time,VIRTUAL:0,VIRTUAL_Truebug,Truebug,auto-adjust
,joda-time,VIRTUAL:0,VIRTUAL_Truebug,Truebug,auto-adjust
,joda-time,VIRTUAL:0,VIRTUAL_Truebug,Truebug,auto-adjust
,joda-time,VIRTUAL:0,VIRTUAL_Truebug,Truebug,auto-adjust
,joda-time,VIRTUAL:0,VIRTUAL_Truebug,Truebug,auto-adjust
,joda-time,VIRTUAL:0,VIRTUAL_Truebug,Truebug,auto-adjust
,joda-time,VIRTUAL:0,VIRTUAL_Truebug,Truebug,auto-adjust
,joda-time,VIRTUAL:0,VIRTUAL_Truebug,Truebug,auto-adjust
,joda-time,VIRTUAL:0,VIRTUAL_Truebug,Truebug,auto-adjust
,joda-time,VIRTUAL:0,VIRTUAL_Truebug,Truebug,auto-adjust
,joda-time,VIRTUAL:0,VIRTUAL_Truebug,Truebug,auto-adjust
,joda-time,VIRTUAL:0,VIRTUAL_Truebug,Truebug,auto-adjust
,joda-time,VIRTUAL:0,VIRTUAL_Truebug,Truebug,auto-adjust
,joda-time,VIRTUAL:0,VIRTUAL_Truebug,Truebug,auto-adjust
,joda-time,VIRTUAL:0,VIRTUAL_Truebug,Truebug,auto-adjust
,joda-time,VIRTUAL:0,VIRTUAL_Truebug,Truebug,auto-adjust
,joda-time,VIRTUAL:0,VIRTUAL_Truebug,Truebug,auto-adjust
,joda-time,VIRTUAL:0,VIRTUAL_Truebug,Truebug,auto-adjust
,joda-time,VIRTUAL:0,VIRTUAL_Truebug,Truebug,auto-adjust
,joda-time,VIRTUAL:0,VIRTUAL_Truebug,Truebug,auto-adjust
,joda-time,VIRTUAL:0,VIRTUAL_Truebug,Truebug,auto-adjust
,joda-time,VIRTUAL:0,VIRTUAL_Truebug,Truebug,auto-adjust
,joda-time,VIRTUAL:0,VIRTUAL_Truebug,Truebug,auto-adjust
,joda-time,VIRTUAL:0,VIRTUAL_Truebug,Truebug,auto-adjust
,joda-time,VIRTUAL:0,VIRTUAL_Truebug,Truebug,auto-adjust
,joda-time,VIRTUAL:0,VIRTUAL_Truebug,Truebug,auto-adjust
,joda-time,VIRTUAL:0,VIRTUAL_Truebug,Truebug,auto-adjust
,joda-time,VIRTUAL:0,VIRTUAL_Truebug,Truebug,auto-adjust
,joda-time,VIRTUAL:0,VIRTUAL_Truebug,Truebug,auto-adjust
,joda-time,VIRTUAL:0,VIRTUAL_Truebug,Truebug,auto-adjust
,joda-time,VIRTUAL:0,VIRTUAL_Truebug,Truebug,auto-adjust
,joda-time,VIRTUAL:0,VIRTUAL_Truebug,Truebug,auto-adjust
,joda-time,VIRTUAL:0,VIRTUAL_Truebug,Truebug,auto-adjust
,joda-time,VIRTUAL:0,VIRTUAL_Truebug,Truebug,auto-adjust
,joda-time,VIRTUAL:0,VIRTUAL_Truebug,Truebug,auto-adjust
,joda-time,VIRTUAL:0,VIRTUAL_Truebug,Truebug,auto-adjust
,joda-time,VIRTUAL:0,VIRTUAL_Truebug,Truebug,auto-adjust
,joda-time,VIRTUAL:0,VIRTUAL_Truebug,Truebug,auto-adjust
,joda-time,VIRTUAL:0,VIRTUAL_Truebug,Truebug,auto-adjust
,joda-time,VIRTUAL:0,VIRTUAL_Truebug,Truebug,auto-adjust
,joda-time,VIRTUAL:0,VIRTUAL_Truebug,Truebug,auto-adjust
,joda-time,VIRTUAL:0,VIRTUAL_Truebug,Truebug,auto-adjust
,joda-time,VIRTUAL:0,VIRTUAL_Truebug,Truebug,auto-adjust
,joda-time,VIRTUAL:0,VIRTUAL_Truebug,Truebug,auto-adjust
,joda-time,VIRTUAL:0,VIRTUAL_Truebug,Truebug,auto-adjust
,joda-time,VIRTUAL:0,VIRTUAL_Truebug,Truebug,auto-adjust
,joda-time,VIRTUAL:0,VIRTUAL_FalseAlarm,FalseAlarm,auto-adjust
,joda-time,VIRTUAL:0,VIRTUAL_FalseAlarm,FalseAlarm,auto-adjust
,joda-time,VIRTUAL:0,VIRTUAL_FalseAlarm,FalseAlarm,auto-adjust
,joda-time,VIRTUAL:0,VIRTUAL_FalseAlarm,FalseAlarm,auto-adjust
,joda-time,VIRTUAL:0,VIRTUAL_FalseAlarm,FalseAlarm,auto-adjust
,joda-time,VIRTUAL:0,VIRTUAL_FalseAlarm,FalseAlarm,auto-adjust
,joda-time,VIRTUAL:0,VIRTUAL_FalseAlarm,FalseAlarm,auto-adjust
,joda-time,VIRTUAL:0,VIRTUAL_FalseAlarm,FalseAlarm,auto-adjust
,joda-time,VIRTUAL:0,VIRTUAL_FalseAlarm,FalseAlarm,auto-adjust
,apache.avro,VIRTUAL:0,VIRTUAL_Truebug,Truebug,auto-adjust
,apache.avro,VIRTUAL:0,VIRTUAL_Truebug,Truebug,auto-adjust
,apache.avro,VIRTUAL:0,VIRTUAL_Truebug,Truebug,auto-adjust
,apache.avro,VIRTUAL:0,VIRTUAL_Truebug,Truebug,auto-adjust
,apache.avro,VIRTUAL:0,VIRTUAL_Truebug,Truebug,auto-adjust
,apache.avro,VIRTUAL:0,VIRTUAL_Truebug,Truebug,auto-adjust
,apache.avro,VIRTUAL:0,VIRTUAL_FalseAlarm,FalseAlarm,auto-adjust
,apache.avro,VIRTUAL:0,VIRTUAL_FalseAlarm,FalseAlarm,auto-adjust
,apache.avro,VIRTUAL:0,VIRTUAL_FalseAlarm,FalseAlarm,auto-adjust
,apache.avro,VIRTUAL:0,VIRTUAL_FalseAlarm,FalseAlarm,auto-adjust
,apache.avro,VIRTUAL:0,VIRTUAL_FalseAlarm,FalseAlarm,auto-adjust
,apache.avro,VIRTUAL:0,VIRTUAL_FalseAlarm,FalseAlarm,auto-adjust
,apache.avro,VIRTUAL:0,VIRTUAL_FalseAlarm,FalseAlarm,auto-adjust
,apache.avro,VIRTUAL:0,VIRTUAL_FalseAlarm,FalseAlarm,auto-adjust
,apache.avro,VIRTUAL:0,VIRTUAL_FalseAlarm,FalseAlarm,auto-adjust
,gae-java-mini-profiler,VIRTUAL:0,VIRTUAL_Truebug,Truebug,auto-adjust
,oauth2.0providerforjava,VIRTUAL:0,VIRTUAL_Truebug,Truebug,auto-adjust
,oauth2.0providerforjava,VIRTUAL:0,VIRTUAL_Truebug,Truebug,auto-adjust
,oauth2.0providerforjava,VIRTUAL:0,VIRTUAL_Truebug,Truebug,auto-adjust
,oauth2.0providerforjava,VIRTUAL:0,VIRTUAL_FalseAlarm,FalseAlarm,auto-adjust
,oauth2.0providerforjava,VIRTUAL:0,VIRTUAL_FalseAlarm,FalseAlarm,auto-adjust
,lucene-interval-fields,VIRTUAL:0,VIRTUAL_Truebug,Truebug,auto-adjust
,lucene-interval-fields,VIRTUAL:0,VIRTUAL_Truebug,Truebug,auto-adjust
,lucene-interval-fields,VIRTUAL:0,VIRTUAL_Truebug,Truebug,auto-adjust
,lucene-interval-fields,VIRTUAL:0,VIRTUAL_Truebug,Truebug,auto-adjust
,lucene-interval-fields,VIRTUAL:0,VIRTUAL_Truebug,Truebug,auto-adjust
,lucene-interval-fields,VIRTUAL:0,VIRTUAL_Truebug,Truebug,auto-adjust
,lucene-interval-fields,VIRTUAL:0,VIRTUAL_Truebug,Truebug,auto-adjust
,lucene-interval-fields,VIRTUAL:0,VIRTUAL_Truebug,Truebug,auto-adjust
,lucene-interval-fields,VIRTUAL:0,VIRTUAL_Truebug,Truebug,auto-adjust
,lucene-interval-fields,VIRTUAL:0,VIRTUAL_Truebug,Truebug,auto-adjust
,lucene-interval-fields,VIRTUAL:0,VIRTUAL_Truebug,Truebug,auto-adjust
,lucene-interval-fields,VIRTUAL:0,VIRTUAL_Truebug,Truebug,auto-adjust
,lucene-interval-fields,VIRTUAL:0,VIRTUAL_FalseAlarm,FalseAlarm,auto-adjust
,lucene-interval-fields,VIRTUAL:0,VIRTUAL_FalseAlarm,FalseAlarm,auto-adjust
,lucene-interval-fields,VIRTUAL:0,VIRTUAL_FalseAlarm,FalseAlarm,auto-adjust
,lucene-interval-fields,VIRTUAL:0,VIRTUAL_FalseAlarm,FalseAlarm,auto-adjust
,connector4java,VIRTUAL:0,VIRTUAL_FalseAlarm,FalseAlarm,auto-adjust
,connector4java,VIRTUAL:0,VIRTUAL_FalseAlarm,FalseAlarm,auto-adjust
,connector4java,VIRTUAL:0,VIRTUAL_FalseAlarm,FalseAlarm,auto-adjust
,connector4java,VIRTUAL:0,VIRTUAL_FalseAlarm,FalseAlarm,auto-adjust
,connector4java,VIRTUAL:0,VIRTUAL_FalseAlarm,FalseAlarm,auto-adjust
,apache.gora,VIRTUAL:0,VIRTUAL_Truebug,Truebug,auto-adjust
,apache.gora,VIRTUAL:0,VIRTUAL_Truebug,Truebug,auto-adjust
,apache.gora,VIRTUAL:0,VIRTUAL_FalseAlarm,FalseAlarm,auto-adjust
,com.greplin.zookeeper,VIRTUAL:0,VIRTUAL_FalseAlarm,FalseAlarm,auto-adjust
,cassandracompositetype,VIRTUAL:0,VIRTUAL_Truebug,Truebug,auto-adjust
,codahale.og,VIRTUAL:0,VIRTUAL_Truebug,Truebug,auto-adjust
,codahale.og,VIRTUAL:0,VIRTUAL_FalseAlarm,FalseAlarm,auto-adjust
,codahale.og,VIRTUAL:0,VIRTUAL_FalseAlarm,FalseAlarm,auto-adjust
,codahale.og,VIRTUAL:0,VIRTUAL_FalseAlarm,FalseAlarm,auto-adjust
,codahale.og,VIRTUAL:0,VIRTUAL_FalseAlarm,FalseAlarm,auto-adjust
,codahale.og,VIRTUAL:0,VIRTUAL_FalseAlarm,FalseAlarm,auto-adjust
,codahale.og,VIRTUAL:0,VIRTUAL_FalseAlarm,FalseAlarm,auto-adjust
,apache.creadur-rat,VIRTUAL:0,VIRTUAL_FalseAlarm,FalseAlarm,auto-adjust
,apache.creadur-rat,VIRTUAL:0,VIRTUAL_FalseAlarm,FalseAlarm,auto-adjust
,apache.creadur-rat,VIRTUAL:0,VIRTUAL_FalseAlarm,FalseAlarm,auto-adjust
,apache.creadur-rat,VIRTUAL:0,VIRTUAL_FalseAlarm,FalseAlarm,auto-adjust
,apache.creadur-rat,VIRTUAL:0,VIRTUAL_FalseAlarm,FalseAlarm,auto-adjust
,apache.creadur-rat,VIRTUAL:0,VIRTUAL_FalseAlarm,FalseAlarm,auto-adjust
,apache.creadur-rat,VIRTUAL:0,VIRTUAL_FalseAlarm,FalseAlarm,auto-adjust
,apache.creadur-rat,VIRTUAL:0,VIRTUAL_FalseAlarm,FalseAlarm,auto-adjust
,apache.creadur-rat,VIRTUAL:0,VIRTUAL_FalseAlarm,FalseAlarm,auto-adjust
,jnr.jnr-posix,VIRTUAL:0,VIRTUAL_Truebug,Truebug,auto-adjust
,jnr.jnr-posix,VIRTUAL:0,VIRTUAL_FalseAlarm,FalseAlarm,auto-adjust
,albintheander.meqantt,VIRTUAL:0,VIRTUAL_Truebug,Truebug,auto-adjust
,albintheander.meqantt,VIRTUAL:0,VIRTUAL_FalseAlarm,FalseAlarm,auto-adjust
,code4craft.jsoup-learning,VIRTUAL:0,VIRTUAL_Truebug,Truebug,auto-adjust
,code4craft.jsoup-learning,VIRTUAL:0,VIRTUAL_Truebug,Truebug,auto-adjust
,code4craft.jsoup-learning,VIRTUAL:0,VIRTUAL_Truebug,Truebug,auto-adjust
,code4craft.jsoup-learning,VIRTUAL:0,VIRTUAL_Truebug,Truebug,auto-adjust
,code4craft.jsoup-learning,VIRTUAL:0,VIRTUAL_Truebug,Truebug,auto-adjust
,code4craft.jsoup-learning,VIRTUAL:0,VIRTUAL_Truebug,Truebug,auto-adjust
,code4craft.jsoup-learning,VIRTUAL:0,VIRTUAL_Truebug,Truebug,auto-adjust
,code4craft.jsoup-learning,VIRTUAL:0,VIRTUAL_FalseAlarm,FalseAlarm,auto-adjust
,code4craft.jsoup-learning,VIRTUAL:0,VIRTUAL_FalseAlarm,FalseAlarm,auto-adjust
,code4craft.jsoup-learning,VIRTUAL:0,VIRTUAL_FalseAlarm,FalseAlarm,auto-adjust
,apache.creadur-rat,VIRTUAL:0,VIRTUAL_FalseAlarm,FalseAlarm,manual-fix +19
,apache.creadur-rat,VIRTUAL:0,VIRTUAL_FalseAlarm,FalseAlarm,manual-fix +19
,apache.creadur-rat,VIRTUAL:0,VIRTUAL_FalseAlarm,FalseAlarm,manual-fix +19
,apache.creadur-rat,VIRTUAL:0,VIRTUAL_FalseAlarm,FalseAlarm,manual-fix +19
,apache.creadur-rat,VIRTUAL:0,VIRTUAL_FalseAlarm,FalseAlarm,manual-fix +19
,apache.creadur-rat,VIRTUAL:0,VIRTUAL_FalseAlarm,FalseAlarm,manual-fix +19
,apache.creadur-rat,VIRTUAL:0,VIRTUAL_FalseAlarm,FalseAlarm,manual-fix +19
,apache.creadur-rat,VIRTUAL:0,VIRTUAL_FalseAlarm,FalseAlarm,manual-fix +19
,apache.creadur-rat,VIRTUAL:0,VIRTUAL_FalseAlarm,FalseAlarm,manual-fix +19
,apache.creadur-rat,VIRTUAL:0,VIRTUAL_FalseAlarm,FalseAlarm,manual-fix +19
,apache.creadur-rat,VIRTUAL:0,VIRTUAL_FalseAlarm,FalseAlarm,manual-fix +19
,apache.creadur-rat,VIRTUAL:0,VIRTUAL_FalseAlarm,FalseAlarm,manual-fix +19
,apache.creadur-rat,VIRTUAL:0,VIRTUAL_FalseAlarm,FalseAlarm,manual-fix +19
,apache.creadur-rat,VIRTUAL:0,VIRTUAL_FalseAlarm,FalseAlarm,manual-fix +19
,apache.creadur-rat,VIRTUAL:0,VIRTUAL_FalseAlarm,FalseAlarm,manual-fix +19
,apache.creadur-rat,VIRTUAL:0,VIRTUAL_FalseAlarm,FalseAlarm,manual-fix +19
,apache.creadur-rat,VIRTUAL:0,VIRTUAL_FalseAlarm,FalseAlarm,manual-fix +19
,apache.creadur-rat,VIRTUAL:0,VIRTUAL_FalseAlarm,FalseAlarm,manual-fix +19
,apache.creadur-rat,VIRTUAL:0,VIRTUAL_FalseAlarm,FalseAlarm,manual-fix +19
,apache.creadur-rat,VIRTUAL:0,VIRTUAL_Truebug,Truebug,manual-fix +2 TB
,apache.creadur-rat,VIRTUAL:0,VIRTUAL_Truebug,Truebug,manual-fix +2 TB
,apache.creadur-rat,VIRTUAL:0,VIRTUAL_Truebug,Truebug,manual-fix +3 TB
,apache.creadur-rat,VIRTUAL:0,VIRTUAL_Truebug,Truebug,manual-fix +3 TB
,apache.creadur-rat,VIRTUAL:0,VIRTUAL_Truebug,Truebug,manual-fix +3 TB
,pignlproc,VIRTUAL:0,VIRTUAL_Truebug,Truebug,manual-fix +1 TB
