Project,Class Path,Tests Run,Failures,Errors,Skipped,Time Elapsed (sec),Status
--------------------Execution: 1 -----------------------------------
greplin-zookeeper-utils,null,749,0,249,0,72.47,FAILURE
greplin-zookeeper-utils,com.greplin.zookeeper.RegressionTest0,N/A,N/A,1,N/A,0.526,ERROR
greplin-zookeeper-utils,com.greplin.zookeeper.RegressionTest0,N/A,N/A,1,N/A,0.001,ERROR
greplin-zookeeper-utils,com.greplin.zookeeper.RegressionTest0,N/A,N/A,1,N/A,0.001,ERROR
greplin-zookeeper-utils,com.greplin.zookeeper.RegressionTest0,N/A,N/A,1,N/A,0.001,ERROR
greplin-zookeeper-utils,com.greplin.zookeeper.RegressionTest0,N/A,N/A,1,N/A,0.001,ERROR
greplin-zookeeper-utils,com.greplin.zookeeper.RegressionTest0,N/A,N/A,1,N/A,0.001,ERROR
greplin-zookeeper-utils,com.greplin.zookeeper.RegressionTest0,N/A,N/A,1,N/A,0.002,ERROR
greplin-zookeeper-utils,com.greplin.zookeeper.RegressionTest0,N/A,N/A,1,N/A,0.001,ERROR
greplin-zookeeper-utils,com.greplin.zookeeper.RegressionTest0,N/A,N/A,1,N/A,0.001,ERROR
greplin-zookeeper-utils,com.greplin.zookeeper.RegressionTest0,N/A,N/A,1,N/A,0.001,ERROR
greplin-zookeeper-utils,com.greplin.zookeeper.RegressionTest0,N/A,N/A,1,N/A,0.001,ERROR
greplin-zookeeper-utils,com.greplin.zookeeper.RegressionTest0,N/A,N/A,1,N/A,0.0,ERROR
greplin-zookeeper-utils,com.greplin.zookeeper.RegressionTest0,N/A,N/A,1,N/A,0.0,ERROR
greplin-zookeeper-utils,com.greplin.zookeeper.RegressionTest0,N/A,N/A,1,N/A,0.0,ERROR
greplin-zookeeper-utils,com.greplin.zookeeper.RegressionTest0,N/A,N/A,1,N/A,0.001,ERROR
greplin-zookeeper-utils,com.greplin.zookeeper.RegressionTest0,N/A,N/A,1,N/A,0.0,ERROR
greplin-zookeeper-utils,com.greplin.zookeeper.RegressionTest0,N/A,N/A,1,N/A,0.001,ERROR
greplin-zookeeper-utils,com.greplin.zookeeper.RegressionTest0,N/A,N/A,1,N/A,0.77,ERROR
greplin-zookeeper-utils,com.greplin.zookeeper.RegressionTest0,N/A,N/A,1,N/A,0.001,ERROR
greplin-zookeeper-utils,com.greplin.zookeeper.RegressionTest0,N/A,N/A,1,N/A,0.0,ERROR
greplin-zookeeper-utils,com.greplin.zookeeper.RegressionTest0,N/A,N/A,1,N/A,0.001,ERROR
greplin-zookeeper-utils,com.greplin.zookeeper.RegressionTest0,N/A,N/A,1,N/A,0.001,ERROR
greplin-zookeeper-utils,com.greplin.zookeeper.RegressionTest0,N/A,N/A,1,N/A,0.001,ERROR
greplin-zookeeper-utils,com.greplin.zookeeper.RegressionTest0,N/A,N/A,1,N/A,0.001,ERROR
greplin-zookeeper-utils,com.greplin.zookeeper.RegressionTest0,N/A,N/A,1,N/A,0.001,ERROR
greplin-zookeeper-utils,com.greplin.zookeeper.RegressionTest0,N/A,N/A,1,N/A,0.0,ERROR
greplin-zookeeper-utils,com.greplin.zookeeper.RegressionTest0,N/A,N/A,1,N/A,0.0,ERROR
greplin-zookeeper-utils,com.greplin.zookeeper.RegressionTest0,N/A,N/A,1,N/A,0.0,ERROR
greplin-zookeeper-utils,com.greplin.zookeeper.RegressionTest0,N/A,N/A,1,N/A,0.0,ERROR
greplin-zookeeper-utils,com.greplin.zookeeper.RegressionTest0,N/A,N/A,1,N/A,0.0,ERROR
greplin-zookeeper-utils,com.greplin.zookeeper.RegressionTest0,N/A,N/A,1,N/A,0.0,ERROR
greplin-zookeeper-utils,com.greplin.zookeeper.RegressionTest0,N/A,N/A,1,N/A,0.001,ERROR
greplin-zookeeper-utils,com.greplin.zookeeper.RegressionTest0,N/A,N/A,1,N/A,0.001,ERROR
greplin-zookeeper-utils,com.greplin.zookeeper.RegressionTest0,N/A,N/A,1,N/A,0.0,ERROR
greplin-zookeeper-utils,com.greplin.zookeeper.RegressionTest0,N/A,N/A,1,N/A,0.001,ERROR
greplin-zookeeper-utils,com.greplin.zookeeper.RegressionTest0,N/A,N/A,1,N/A,0.0,ERROR
greplin-zookeeper-utils,com.greplin.zookeeper.RegressionTest0,N/A,N/A,1,N/A,0.0,ERROR
greplin-zookeeper-utils,com.greplin.zookeeper.RegressionTest0,N/A,N/A,1,N/A,0.0,ERROR
greplin-zookeeper-utils,com.greplin.zookeeper.RegressionTest0,N/A,N/A,1,N/A,0.0,ERROR
greplin-zookeeper-utils,com.greplin.zookeeper.RegressionTest0,N/A,N/A,1,N/A,0.0,ERROR
greplin-zookeeper-utils,com.greplin.zookeeper.RegressionTest0,N/A,N/A,1,N/A,0.0,ERROR
greplin-zookeeper-utils,com.greplin.zookeeper.RegressionTest0,N/A,N/A,1,N/A,0.001,ERROR
greplin-zookeeper-utils,com.greplin.zookeeper.RegressionTest0,N/A,N/A,1,N/A,0.0,ERROR
greplin-zookeeper-utils,com.greplin.zookeeper.RegressionTest0,N/A,N/A,1,N/A,0.002,ERROR
greplin-zookeeper-utils,com.greplin.zookeeper.RegressionTest0,N/A,N/A,1,N/A,0.0,ERROR
greplin-zookeeper-utils,com.greplin.zookeeper.RegressionTest0,N/A,N/A,1,N/A,0.001,ERROR
greplin-zookeeper-utils,com.greplin.zookeeper.RegressionTest0,N/A,N/A,1,N/A,0.001,ERROR
greplin-zookeeper-utils,com.greplin.zookeeper.RegressionTest0,N/A,N/A,1,N/A,0.002,ERROR
greplin-zookeeper-utils,com.greplin.zookeeper.RegressionTest0,N/A,N/A,1,N/A,0.0,ERROR
greplin-zookeeper-utils,com.greplin.zookeeper.RegressionTest0,N/A,N/A,1,N/A,0.005,ERROR
greplin-zookeeper-utils,com.greplin.zookeeper.RegressionTest0,N/A,N/A,1,N/A,0.0,ERROR
greplin-zookeeper-utils,com.greplin.zookeeper.RegressionTest0,N/A,N/A,1,N/A,0.0,ERROR
greplin-zookeeper-utils,com.greplin.zookeeper.RegressionTest0,N/A,N/A,1,N/A,0.006,ERROR
greplin-zookeeper-utils,com.greplin.zookeeper.RegressionTest0,N/A,N/A,1,N/A,0.0,ERROR
greplin-zookeeper-utils,com.greplin.zookeeper.RegressionTest0,N/A,N/A,1,N/A,0.0,ERROR
greplin-zookeeper-utils,com.greplin.zookeeper.RegressionTest0,N/A,N/A,1,N/A,0.0,ERROR
greplin-zookeeper-utils,com.greplin.zookeeper.RegressionTest0,N/A,N/A,1,N/A,0.0,ERROR
greplin-zookeeper-utils,com.greplin.zookeeper.RegressionTest0,N/A,N/A,1,N/A,0.0,ERROR
greplin-zookeeper-utils,com.greplin.zookeeper.RegressionTest0,N/A,N/A,1,N/A,0.0,ERROR
greplin-zookeeper-utils,com.greplin.zookeeper.RegressionTest0,N/A,N/A,1,N/A,0.0,ERROR
greplin-zookeeper-utils,com.greplin.zookeeper.RegressionTest0,N/A,N/A,1,N/A,0.0,ERROR
greplin-zookeeper-utils,com.greplin.zookeeper.RegressionTest0,N/A,N/A,1,N/A,0.0,ERROR
greplin-zookeeper-utils,com.greplin.zookeeper.RegressionTest0,N/A,N/A,1,N/A,0.0,ERROR
greplin-zookeeper-utils,com.greplin.zookeeper.RegressionTest0,N/A,N/A,1,N/A,0.001,ERROR
greplin-zookeeper-utils,com.greplin.zookeeper.RegressionTest0,N/A,N/A,1,N/A,0.0,ERROR
greplin-zookeeper-utils,com.greplin.zookeeper.RegressionTest0,N/A,N/A,1,N/A,0.0,ERROR
greplin-zookeeper-utils,com.greplin.zookeeper.RegressionTest0,N/A,N/A,1,N/A,0.0,ERROR
greplin-zookeeper-utils,com.greplin.zookeeper.RegressionTest0,N/A,N/A,1,N/A,0.0,ERROR
greplin-zookeeper-utils,com.greplin.zookeeper.RegressionTest0,N/A,N/A,1,N/A,0.0,ERROR
greplin-zookeeper-utils,com.greplin.zookeeper.RegressionTest0,N/A,N/A,1,N/A,0.0,ERROR
greplin-zookeeper-utils,com.greplin.zookeeper.RegressionTest0,N/A,N/A,1,N/A,0.001,ERROR
greplin-zookeeper-utils,com.greplin.zookeeper.RegressionTest0,N/A,N/A,1,N/A,0.001,ERROR
greplin-zookeeper-utils,com.greplin.zookeeper.RegressionTest0,N/A,N/A,1,N/A,0.0,ERROR
greplin-zookeeper-utils,com.greplin.zookeeper.RegressionTest0,N/A,N/A,1,N/A,0.0,ERROR
greplin-zookeeper-utils,com.greplin.zookeeper.RegressionTest0,N/A,N/A,1,N/A,0.003,ERROR
greplin-zookeeper-utils,com.greplin.zookeeper.RegressionTest0,N/A,N/A,1,N/A,0.0,ERROR
greplin-zookeeper-utils,com.greplin.zookeeper.RegressionTest0,N/A,N/A,1,N/A,0.0,ERROR
greplin-zookeeper-utils,com.greplin.zookeeper.RegressionTest0,N/A,N/A,1,N/A,0.002,ERROR
greplin-zookeeper-utils,com.greplin.zookeeper.RegressionTest0,N/A,N/A,1,N/A,0.0,ERROR
greplin-zookeeper-utils,com.greplin.zookeeper.RegressionTest0,N/A,N/A,1,N/A,0.001,ERROR
greplin-zookeeper-utils,com.greplin.zookeeper.RegressionTest0,N/A,N/A,1,N/A,0.0,ERROR
greplin-zookeeper-utils,com.greplin.zookeeper.RegressionTest0,N/A,N/A,1,N/A,0.0,ERROR
greplin-zookeeper-utils,com.greplin.zookeeper.RegressionTest0,N/A,N/A,1,N/A,0.0,ERROR
greplin-zookeeper-utils,com.greplin.zookeeper.RegressionTest0,N/A,N/A,1,N/A,0.0,ERROR
greplin-zookeeper-utils,com.greplin.zookeeper.RegressionTest0,N/A,N/A,1,N/A,0.0,ERROR
greplin-zookeeper-utils,com.greplin.zookeeper.RegressionTest0,N/A,N/A,1,N/A,0.0,ERROR
greplin-zookeeper-utils,com.greplin.zookeeper.RegressionTest0,N/A,N/A,1,N/A,0.002,ERROR
greplin-zookeeper-utils,com.greplin.zookeeper.RegressionTest0,N/A,N/A,1,N/A,0.001,ERROR
greplin-zookeeper-utils,com.greplin.zookeeper.RegressionTest0,N/A,N/A,1,N/A,0.002,ERROR
greplin-zookeeper-utils,com.greplin.zookeeper.RegressionTest0,N/A,N/A,1,N/A,0.001,ERROR
greplin-zookeeper-utils,com.greplin.zookeeper.RegressionTest0,N/A,N/A,1,N/A,0.002,ERROR
greplin-zookeeper-utils,com.greplin.zookeeper.RegressionTest0,N/A,N/A,1,N/A,0.001,ERROR
greplin-zookeeper-utils,com.greplin.zookeeper.RegressionTest0,N/A,N/A,1,N/A,0.0,ERROR
greplin-zookeeper-utils,com.greplin.zookeeper.RegressionTest0,N/A,N/A,1,N/A,0.001,ERROR
greplin-zookeeper-utils,com.greplin.zookeeper.RegressionTest0,N/A,N/A,1,N/A,0.001,ERROR
greplin-zookeeper-utils,com.greplin.zookeeper.RegressionTest0,N/A,N/A,1,N/A,0.0,ERROR
greplin-zookeeper-utils,com.greplin.zookeeper.RegressionTest0,N/A,N/A,1,N/A,0.0,ERROR
greplin-zookeeper-utils,com.greplin.zookeeper.RegressionTest0,N/A,N/A,1,N/A,0.001,ERROR
greplin-zookeeper-utils,com.greplin.zookeeper.RegressionTest0,N/A,N/A,1,N/A,0.0,ERROR
greplin-zookeeper-utils,com.greplin.zookeeper.RegressionTest0,N/A,N/A,1,N/A,0.001,ERROR
greplin-zookeeper-utils,com.greplin.zookeeper.RegressionTest0,N/A,N/A,1,N/A,0.0,ERROR
greplin-zookeeper-utils,com.greplin.zookeeper.RegressionTest0,N/A,N/A,1,N/A,0.001,ERROR
greplin-zookeeper-utils,com.greplin.zookeeper.RegressionTest0,N/A,N/A,1,N/A,0.0,ERROR
greplin-zookeeper-utils,com.greplin.zookeeper.RegressionTest0,N/A,N/A,1,N/A,0.0,ERROR
greplin-zookeeper-utils,com.greplin.zookeeper.RegressionTest0,N/A,N/A,1,N/A,0.0,ERROR
greplin-zookeeper-utils,com.greplin.zookeeper.RegressionTest0,N/A,N/A,1,N/A,0.001,ERROR
greplin-zookeeper-utils,com.greplin.zookeeper.RegressionTest0,N/A,N/A,1,N/A,0.0,ERROR
greplin-zookeeper-utils,com.greplin.zookeeper.RegressionTest0,N/A,N/A,1,N/A,0.001,ERROR
greplin-zookeeper-utils,com.greplin.zookeeper.RegressionTest0,N/A,N/A,1,N/A,0.0,ERROR
greplin-zookeeper-utils,com.greplin.zookeeper.RegressionTest0,N/A,N/A,1,N/A,0.0,ERROR
greplin-zookeeper-utils,com.greplin.zookeeper.RegressionTest0,N/A,N/A,1,N/A,0.0,ERROR
greplin-zookeeper-utils,com.greplin.zookeeper.RegressionTest0,N/A,N/A,1,N/A,0.0,ERROR
greplin-zookeeper-utils,com.greplin.zookeeper.RegressionTest0,N/A,N/A,1,N/A,0.001,ERROR
greplin-zookeeper-utils,com.greplin.zookeeper.RegressionTest0,N/A,N/A,1,N/A,0.001,ERROR
greplin-zookeeper-utils,com.greplin.zookeeper.RegressionTest0,N/A,N/A,1,N/A,0.001,ERROR
greplin-zookeeper-utils,com.greplin.zookeeper.RegressionTest0,N/A,N/A,1,N/A,0.0,ERROR
greplin-zookeeper-utils,com.greplin.zookeeper.RegressionTest0,N/A,N/A,1,N/A,0.001,ERROR
greplin-zookeeper-utils,com.greplin.zookeeper.RegressionTest0,N/A,N/A,1,N/A,0.001,ERROR
greplin-zookeeper-utils,com.greplin.zookeeper.RegressionTest0,N/A,N/A,1,N/A,0.001,ERROR
greplin-zookeeper-utils,com.greplin.zookeeper.RegressionTest0,N/A,N/A,1,N/A,0.0,ERROR
greplin-zookeeper-utils,com.greplin.zookeeper.RegressionTest0,N/A,N/A,1,N/A,0.0,ERROR
greplin-zookeeper-utils,com.greplin.zookeeper.RegressionTest0,N/A,N/A,1,N/A,0.0,ERROR
greplin-zookeeper-utils,com.greplin.zookeeper.RegressionTest0,N/A,N/A,1,N/A,0.001,ERROR
greplin-zookeeper-utils,com.greplin.zookeeper.RegressionTest0,N/A,N/A,1,N/A,0.002,ERROR
greplin-zookeeper-utils,com.greplin.zookeeper.RegressionTest0,N/A,N/A,1,N/A,0.002,ERROR
greplin-zookeeper-utils,com.greplin.zookeeper.RegressionTest0,N/A,N/A,1,N/A,0.001,ERROR
greplin-zookeeper-utils,com.greplin.zookeeper.RegressionTest0,N/A,N/A,1,N/A,0.003,ERROR
greplin-zookeeper-utils,com.greplin.zookeeper.RegressionTest0,N/A,N/A,1,N/A,0.0,ERROR
greplin-zookeeper-utils,com.greplin.zookeeper.RegressionTest0,N/A,N/A,1,N/A,0.0,ERROR
greplin-zookeeper-utils,com.greplin.zookeeper.RegressionTest0,N/A,N/A,1,N/A,0.0,ERROR
greplin-zookeeper-utils,com.greplin.zookeeper.RegressionTest0,N/A,N/A,1,N/A,0.001,ERROR
greplin-zookeeper-utils,com.greplin.zookeeper.RegressionTest0,N/A,N/A,1,N/A,0.0,ERROR
greplin-zookeeper-utils,com.greplin.zookeeper.RegressionTest0,N/A,N/A,1,N/A,0.0,ERROR
greplin-zookeeper-utils,com.greplin.zookeeper.RegressionTest0,N/A,N/A,1,N/A,0.001,ERROR
greplin-zookeeper-utils,com.greplin.zookeeper.RegressionTest0,N/A,N/A,1,N/A,0.002,ERROR
greplin-zookeeper-utils,com.greplin.zookeeper.RegressionTest0,N/A,N/A,1,N/A,0.0,ERROR
greplin-zookeeper-utils,com.greplin.zookeeper.RegressionTest0,N/A,N/A,1,N/A,0.0,ERROR
greplin-zookeeper-utils,com.greplin.zookeeper.RegressionTest0,N/A,N/A,1,N/A,0.0,ERROR
greplin-zookeeper-utils,com.greplin.zookeeper.RegressionTest0,N/A,N/A,1,N/A,0.0,ERROR
greplin-zookeeper-utils,com.greplin.zookeeper.RegressionTest0,N/A,N/A,1,N/A,0.0,ERROR
greplin-zookeeper-utils,com.greplin.zookeeper.RegressionTest0,N/A,N/A,1,N/A,0.0,ERROR
greplin-zookeeper-utils,com.greplin.zookeeper.RegressionTest0,N/A,N/A,1,N/A,0.0,ERROR
greplin-zookeeper-utils,com.greplin.zookeeper.RegressionTest0,N/A,N/A,1,N/A,0.001,ERROR
greplin-zookeeper-utils,com.greplin.zookeeper.RegressionTest0,N/A,N/A,1,N/A,0.001,ERROR
greplin-zookeeper-utils,com.greplin.zookeeper.RegressionTest0,N/A,N/A,1,N/A,0.0,ERROR
greplin-zookeeper-utils,com.greplin.zookeeper.RegressionTest0,N/A,N/A,1,N/A,0.0,ERROR
greplin-zookeeper-utils,com.greplin.zookeeper.RegressionTest0,N/A,N/A,1,N/A,0.006,ERROR
greplin-zookeeper-utils,com.greplin.zookeeper.RegressionTest0,N/A,N/A,1,N/A,0.0,ERROR
greplin-zookeeper-utils,com.greplin.zookeeper.RegressionTest0,N/A,N/A,1,N/A,0.0,ERROR
greplin-zookeeper-utils,com.greplin.zookeeper.RegressionTest0,N/A,N/A,1,N/A,0.0,ERROR
greplin-zookeeper-utils,com.greplin.zookeeper.RegressionTest0,N/A,N/A,1,N/A,0.0,ERROR
greplin-zookeeper-utils,com.greplin.zookeeper.RegressionTest0,N/A,N/A,1,N/A,0.0,ERROR
greplin-zookeeper-utils,com.greplin.zookeeper.RegressionTest0,N/A,N/A,1,N/A,0.009,ERROR
greplin-zookeeper-utils,com.greplin.zookeeper.RegressionTest0,N/A,N/A,1,N/A,0.0,ERROR
greplin-zookeeper-utils,com.greplin.zookeeper.RegressionTest0,N/A,N/A,1,N/A,0.0,ERROR
greplin-zookeeper-utils,com.greplin.zookeeper.RegressionTest0,N/A,N/A,1,N/A,0.0,ERROR
greplin-zookeeper-utils,com.greplin.zookeeper.RegressionTest0,N/A,N/A,1,N/A,0.0,ERROR
greplin-zookeeper-utils,com.greplin.zookeeper.RegressionTest0,N/A,N/A,1,N/A,0.001,ERROR
greplin-zookeeper-utils,com.greplin.zookeeper.RegressionTest0,N/A,N/A,1,N/A,0.001,ERROR
greplin-zookeeper-utils,com.greplin.zookeeper.RegressionTest0,N/A,N/A,1,N/A,0.0,ERROR
greplin-zookeeper-utils,com.greplin.zookeeper.RegressionTest0,N/A,N/A,1,N/A,0.0,ERROR
greplin-zookeeper-utils,com.greplin.zookeeper.RegressionTest0,N/A,N/A,1,N/A,0.0,ERROR
greplin-zookeeper-utils,com.greplin.zookeeper.RegressionTest0,N/A,N/A,1,N/A,0.001,ERROR
greplin-zookeeper-utils,com.greplin.zookeeper.RegressionTest0,N/A,N/A,1,N/A,0.0,ERROR
greplin-zookeeper-utils,com.greplin.zookeeper.RegressionTest0,N/A,N/A,1,N/A,0.0,ERROR
greplin-zookeeper-utils,com.greplin.zookeeper.RegressionTest0,N/A,N/A,1,N/A,0.001,ERROR
greplin-zookeeper-utils,com.greplin.zookeeper.RegressionTest0,N/A,N/A,1,N/A,0.0,ERROR
greplin-zookeeper-utils,com.greplin.zookeeper.RegressionTest0,N/A,N/A,1,N/A,0.0,ERROR
greplin-zookeeper-utils,com.greplin.zookeeper.RegressionTest0,N/A,N/A,1,N/A,0.001,ERROR
greplin-zookeeper-utils,com.greplin.zookeeper.RegressionTest0,N/A,N/A,1,N/A,0.0,ERROR
greplin-zookeeper-utils,com.greplin.zookeeper.RegressionTest0,N/A,N/A,1,N/A,0.0,ERROR
greplin-zookeeper-utils,com.greplin.zookeeper.RegressionTest1,N/A,N/A,1,N/A,0.001,ERROR
greplin-zookeeper-utils,com.greplin.zookeeper.RegressionTest1,N/A,N/A,1,N/A,0.002,ERROR
greplin-zookeeper-utils,com.greplin.zookeeper.RegressionTest1,N/A,N/A,1,N/A,0.0,ERROR
greplin-zookeeper-utils,com.greplin.zookeeper.RegressionTest1,N/A,N/A,1,N/A,0.0,ERROR
greplin-zookeeper-utils,com.greplin.zookeeper.RegressionTest1,N/A,N/A,1,N/A,0.0,ERROR
greplin-zookeeper-utils,com.greplin.zookeeper.RegressionTest1,N/A,N/A,1,N/A,0.0,ERROR
greplin-zookeeper-utils,com.greplin.zookeeper.RegressionTest1,N/A,N/A,1,N/A,0.0,ERROR
greplin-zookeeper-utils,com.greplin.zookeeper.RegressionTest1,N/A,N/A,1,N/A,0.0,ERROR
greplin-zookeeper-utils,com.greplin.zookeeper.RegressionTest1,N/A,N/A,1,N/A,0.0,ERROR
greplin-zookeeper-utils,com.greplin.zookeeper.RegressionTest1,N/A,N/A,1,N/A,0.002,ERROR
greplin-zookeeper-utils,com.greplin.zookeeper.RegressionTest1,N/A,N/A,1,N/A,0.0,ERROR
greplin-zookeeper-utils,com.greplin.zookeeper.RegressionTest1,N/A,N/A,1,N/A,0.001,ERROR
greplin-zookeeper-utils,com.greplin.zookeeper.RegressionTest1,N/A,N/A,1,N/A,0.001,ERROR
greplin-zookeeper-utils,com.greplin.zookeeper.RegressionTest1,N/A,N/A,1,N/A,0.001,ERROR
greplin-zookeeper-utils,com.greplin.zookeeper.RegressionTest1,N/A,N/A,1,N/A,0.001,ERROR
greplin-zookeeper-utils,com.greplin.zookeeper.RegressionTest1,N/A,N/A,1,N/A,0.001,ERROR
greplin-zookeeper-utils,com.greplin.zookeeper.RegressionTest1,N/A,N/A,1,N/A,0.001,ERROR
greplin-zookeeper-utils,com.greplin.zookeeper.RegressionTest1,N/A,N/A,1,N/A,0.001,ERROR
greplin-zookeeper-utils,com.greplin.zookeeper.RegressionTest1,N/A,N/A,1,N/A,0.0,ERROR
greplin-zookeeper-utils,com.greplin.zookeeper.RegressionTest1,N/A,N/A,1,N/A,0.0,ERROR
greplin-zookeeper-utils,com.greplin.zookeeper.RegressionTest1,N/A,N/A,1,N/A,0.0,ERROR
greplin-zookeeper-utils,com.greplin.zookeeper.RegressionTest1,N/A,N/A,1,N/A,0.001,ERROR
greplin-zookeeper-utils,com.greplin.zookeeper.RegressionTest1,N/A,N/A,1,N/A,0.0,ERROR
greplin-zookeeper-utils,com.greplin.zookeeper.RegressionTest1,N/A,N/A,1,N/A,0.0,ERROR
greplin-zookeeper-utils,com.greplin.zookeeper.RegressionTest1,N/A,N/A,1,N/A,0.001,ERROR
greplin-zookeeper-utils,com.greplin.zookeeper.RegressionTest1,N/A,N/A,1,N/A,0.01,ERROR
greplin-zookeeper-utils,com.greplin.zookeeper.RegressionTest1,N/A,N/A,1,N/A,0.0,ERROR
greplin-zookeeper-utils,com.greplin.zookeeper.RegressionTest1,N/A,N/A,1,N/A,0.0,ERROR
greplin-zookeeper-utils,com.greplin.zookeeper.RegressionTest1,N/A,N/A,1,N/A,0.0,ERROR
greplin-zookeeper-utils,com.greplin.zookeeper.RegressionTest1,N/A,N/A,1,N/A,0.0,ERROR
greplin-zookeeper-utils,com.greplin.zookeeper.RegressionTest1,N/A,N/A,1,N/A,0.0,ERROR
greplin-zookeeper-utils,com.greplin.zookeeper.RegressionTest1,N/A,N/A,1,N/A,0.0,ERROR
greplin-zookeeper-utils,com.greplin.zookeeper.RegressionTest1,N/A,N/A,1,N/A,0.0,ERROR
greplin-zookeeper-utils,com.greplin.zookeeper.RegressionTest1,N/A,N/A,1,N/A,0.0,ERROR
greplin-zookeeper-utils,com.greplin.zookeeper.RegressionTest1,N/A,N/A,1,N/A,0.0,ERROR
greplin-zookeeper-utils,com.greplin.zookeeper.RegressionTest1,N/A,N/A,1,N/A,0.0,ERROR
greplin-zookeeper-utils,com.greplin.zookeeper.RegressionTest1,N/A,N/A,1,N/A,0.001,ERROR
greplin-zookeeper-utils,com.greplin.zookeeper.RegressionTest1,N/A,N/A,1,N/A,0.003,ERROR
greplin-zookeeper-utils,com.greplin.zookeeper.RegressionTest1,N/A,N/A,1,N/A,0.0,ERROR
greplin-zookeeper-utils,com.greplin.zookeeper.RegressionTest1,N/A,N/A,1,N/A,0.0,ERROR
greplin-zookeeper-utils,com.greplin.zookeeper.RegressionTest1,N/A,N/A,1,N/A,0.004,ERROR
greplin-zookeeper-utils,com.greplin.zookeeper.RegressionTest1,N/A,N/A,1,N/A,0.0,ERROR
greplin-zookeeper-utils,com.greplin.zookeeper.RegressionTest1,N/A,N/A,1,N/A,0.0,ERROR
greplin-zookeeper-utils,com.greplin.zookeeper.RegressionTest1,N/A,N/A,1,N/A,0.0,ERROR
greplin-zookeeper-utils,com.greplin.zookeeper.RegressionTest1,N/A,N/A,1,N/A,0.001,ERROR
greplin-zookeeper-utils,com.greplin.zookeeper.RegressionTest1,N/A,N/A,1,N/A,0.002,ERROR
greplin-zookeeper-utils,com.greplin.zookeeper.RegressionTest1,N/A,N/A,1,N/A,0.0,ERROR
greplin-zookeeper-utils,com.greplin.zookeeper.RegressionTest1,N/A,N/A,1,N/A,0.006,ERROR
greplin-zookeeper-utils,com.greplin.zookeeper.RegressionTest1,N/A,N/A,1,N/A,0.0,ERROR
greplin-zookeeper-utils,com.greplin.zookeeper.RegressionTest1,N/A,N/A,1,N/A,0.0,ERROR
greplin-zookeeper-utils,com.greplin.zookeeper.RegressionTest1,N/A,N/A,1,N/A,0.001,ERROR
greplin-zookeeper-utils,com.greplin.zookeeper.RegressionTest1,N/A,N/A,1,N/A,0.002,ERROR
greplin-zookeeper-utils,com.greplin.zookeeper.RegressionTest1,N/A,N/A,1,N/A,0.0,ERROR
greplin-zookeeper-utils,com.greplin.zookeeper.RegressionTest1,N/A,N/A,1,N/A,0.001,ERROR
greplin-zookeeper-utils,com.greplin.zookeeper.RegressionTest1,N/A,N/A,1,N/A,0.001,ERROR
greplin-zookeeper-utils,com.greplin.zookeeper.RegressionTest1,N/A,N/A,1,N/A,0.0,ERROR
greplin-zookeeper-utils,com.greplin.zookeeper.RegressionTest1,N/A,N/A,1,N/A,0.001,ERROR
greplin-zookeeper-utils,com.greplin.zookeeper.RegressionTest1,N/A,N/A,1,N/A,0.001,ERROR
greplin-zookeeper-utils,com.greplin.zookeeper.RegressionTest1,N/A,N/A,1,N/A,0.001,ERROR
greplin-zookeeper-utils,com.greplin.zookeeper.RegressionTest1,N/A,N/A,1,N/A,0.001,ERROR
greplin-zookeeper-utils,com.greplin.zookeeper.RegressionTest1,N/A,N/A,1,N/A,0.001,ERROR
greplin-zookeeper-utils,com.greplin.zookeeper.RegressionTest1,N/A,N/A,1,N/A,0.0,ERROR
greplin-zookeeper-utils,com.greplin.zookeeper.RegressionTest1,N/A,N/A,1,N/A,0.0,ERROR
greplin-zookeeper-utils,com.greplin.zookeeper.RegressionTest1,N/A,N/A,1,N/A,0.001,ERROR
greplin-zookeeper-utils,com.greplin.zookeeper.RegressionTest1,N/A,N/A,1,N/A,0.001,ERROR
greplin-zookeeper-utils,com.greplin.zookeeper.RegressionTest1,N/A,N/A,1,N/A,0.002,ERROR
greplin-zookeeper-utils,com.greplin.zookeeper.RegressionTest1,N/A,N/A,1,N/A,0.0,ERROR
greplin-zookeeper-utils,com.greplin.zookeeper.RegressionTest1,N/A,N/A,1,N/A,0.0,ERROR
greplin-zookeeper-utils,com.greplin.zookeeper.RegressionTest1,N/A,N/A,1,N/A,0.0,ERROR
greplin-zookeeper-utils,com.greplin.zookeeper.RegressionTest1,N/A,N/A,1,N/A,0.0,ERROR
greplin-zookeeper-utils,com.greplin.zookeeper.RegressionTest1,N/A,N/A,1,N/A,0.0,ERROR
greplin-zookeeper-utils,com.greplin.zookeeper.RegressionTest1,N/A,N/A,1,N/A,0.001,ERROR
greplin-zookeeper-utils,com.greplin.zookeeper.RegressionTest1,N/A,N/A,1,N/A,0.0,ERROR
greplin-zookeeper-utils,com.greplin.zookeeper.RegressionTest1,N/A,N/A,1,N/A,0.0,ERROR
greplin-zookeeper-utils,com.greplin.zookeeper.RegressionTest1,N/A,N/A,1,N/A,0.0,ERROR
greplin-zookeeper-utils,com.greplin.zookeeper.RegressionTest1,N/A,N/A,1,N/A,0.001,ERROR
greplin-zookeeper-utils,com.greplin.zookeeper.RegressionTest1,N/A,N/A,1,N/A,0.001,ERROR
greplin-zookeeper-utils,com.greplin.zookeeper.RegressionTest1,N/A,N/A,1,N/A,0.0,ERROR
greplin-zookeeper-utils,null,8,0,8,0,0.001,FAILURE
greplin-zookeeper-utils,com.greplin.zookeeper.RobustZooKeeperTest,N/A,N/A,1,N/A,0.0,ERROR
greplin-zookeeper-utils,com.greplin.zookeeper.RobustZooKeeperTest,N/A,N/A,1,N/A,0.0,ERROR
greplin-zookeeper-utils,com.greplin.zookeeper.RobustZooKeeperTest,N/A,N/A,1,N/A,0.0,ERROR
greplin-zookeeper-utils,com.greplin.zookeeper.RobustZooKeeperTest,N/A,N/A,1,N/A,0.0,ERROR
greplin-zookeeper-utils,com.greplin.zookeeper.RobustZooKeeperTest,N/A,N/A,1,N/A,0.0,ERROR
greplin-zookeeper-utils,com.greplin.zookeeper.RobustZooKeeperTest,N/A,N/A,1,N/A,0.0,ERROR
greplin-zookeeper-utils,com.greplin.zookeeper.RobustZooKeeperTest,N/A,N/A,1,N/A,0.0,ERROR
greplin-zookeeper-utils,com.greplin.zookeeper.RobustZooKeeperTest,N/A,N/A,1,N/A,0.0,ERROR
Sum: 73.930999999999967
--------------------Execution: 2 -----------------------------------
greplin-zookeeper-utils,null,749,0,249,0,72.65,FAILURE
greplin-zookeeper-utils,com.greplin.zookeeper.RegressionTest0,N/A,N/A,1,N/A,0.562,ERROR
greplin-zookeeper-utils,com.greplin.zookeeper.RegressionTest0,N/A,N/A,1,N/A,0.001,ERROR
greplin-zookeeper-utils,com.greplin.zookeeper.RegressionTest0,N/A,N/A,1,N/A,0.002,ERROR
greplin-zookeeper-utils,com.greplin.zookeeper.RegressionTest0,N/A,N/A,1,N/A,0.003,ERROR
greplin-zookeeper-utils,com.greplin.zookeeper.RegressionTest0,N/A,N/A,1,N/A,0.0,ERROR
greplin-zookeeper-utils,com.greplin.zookeeper.RegressionTest0,N/A,N/A,1,N/A,0.007,ERROR
greplin-zookeeper-utils,com.greplin.zookeeper.RegressionTest0,N/A,N/A,1,N/A,0.0,ERROR
greplin-zookeeper-utils,com.greplin.zookeeper.RegressionTest0,N/A,N/A,1,N/A,0.0,ERROR
greplin-zookeeper-utils,com.greplin.zookeeper.RegressionTest0,N/A,N/A,1,N/A,0.0,ERROR
greplin-zookeeper-utils,com.greplin.zookeeper.RegressionTest0,N/A,N/A,1,N/A,0.0,ERROR
greplin-zookeeper-utils,com.greplin.zookeeper.RegressionTest0,N/A,N/A,1,N/A,0.0,ERROR
greplin-zookeeper-utils,com.greplin.zookeeper.RegressionTest0,N/A,N/A,1,N/A,0.001,ERROR
greplin-zookeeper-utils,com.greplin.zookeeper.RegressionTest0,N/A,N/A,1,N/A,0.001,ERROR
greplin-zookeeper-utils,com.greplin.zookeeper.RegressionTest0,N/A,N/A,1,N/A,0.001,ERROR
greplin-zookeeper-utils,com.greplin.zookeeper.RegressionTest0,N/A,N/A,1,N/A,0.001,ERROR
greplin-zookeeper-utils,com.greplin.zookeeper.RegressionTest0,N/A,N/A,1,N/A,0.001,ERROR
greplin-zookeeper-utils,com.greplin.zookeeper.RegressionTest0,N/A,N/A,1,N/A,0.001,ERROR
greplin-zookeeper-utils,com.greplin.zookeeper.RegressionTest0,N/A,N/A,1,N/A,0.918,ERROR
greplin-zookeeper-utils,com.greplin.zookeeper.RegressionTest0,N/A,N/A,1,N/A,0.002,ERROR
greplin-zookeeper-utils,com.greplin.zookeeper.RegressionTest0,N/A,N/A,1,N/A,0.001,ERROR
greplin-zookeeper-utils,com.greplin.zookeeper.RegressionTest0,N/A,N/A,1,N/A,0.002,ERROR
greplin-zookeeper-utils,com.greplin.zookeeper.RegressionTest0,N/A,N/A,1,N/A,0.002,ERROR
greplin-zookeeper-utils,com.greplin.zookeeper.RegressionTest0,N/A,N/A,1,N/A,0.003,ERROR
greplin-zookeeper-utils,com.greplin.zookeeper.RegressionTest0,N/A,N/A,1,N/A,0.001,ERROR
greplin-zookeeper-utils,com.greplin.zookeeper.RegressionTest0,N/A,N/A,1,N/A,0.005,ERROR
greplin-zookeeper-utils,com.greplin.zookeeper.RegressionTest0,N/A,N/A,1,N/A,0.0,ERROR
greplin-zookeeper-utils,com.greplin.zookeeper.RegressionTest0,N/A,N/A,1,N/A,0.0,ERROR
greplin-zookeeper-utils,com.greplin.zookeeper.RegressionTest0,N/A,N/A,1,N/A,0.0,ERROR
greplin-zookeeper-utils,com.greplin.zookeeper.RegressionTest0,N/A,N/A,1,N/A,0.001,ERROR
greplin-zookeeper-utils,com.greplin.zookeeper.RegressionTest0,N/A,N/A,1,N/A,0.001,ERROR
greplin-zookeeper-utils,com.greplin.zookeeper.RegressionTest0,N/A,N/A,1,N/A,0.0,ERROR
greplin-zookeeper-utils,com.greplin.zookeeper.RegressionTest0,N/A,N/A,1,N/A,0.002,ERROR
greplin-zookeeper-utils,com.greplin.zookeeper.RegressionTest0,N/A,N/A,1,N/A,0.001,ERROR
greplin-zookeeper-utils,com.greplin.zookeeper.RegressionTest0,N/A,N/A,1,N/A,0.001,ERROR
greplin-zookeeper-utils,com.greplin.zookeeper.RegressionTest0,N/A,N/A,1,N/A,0.0,ERROR
greplin-zookeeper-utils,com.greplin.zookeeper.RegressionTest0,N/A,N/A,1,N/A,0.0,ERROR
greplin-zookeeper-utils,com.greplin.zookeeper.RegressionTest0,N/A,N/A,1,N/A,0.0,ERROR
greplin-zookeeper-utils,com.greplin.zookeeper.RegressionTest0,N/A,N/A,1,N/A,0.0,ERROR
greplin-zookeeper-utils,com.greplin.zookeeper.RegressionTest0,N/A,N/A,1,N/A,0.002,ERROR
greplin-zookeeper-utils,com.greplin.zookeeper.RegressionTest0,N/A,N/A,1,N/A,0.0,ERROR
greplin-zookeeper-utils,com.greplin.zookeeper.RegressionTest0,N/A,N/A,1,N/A,0.001,ERROR
greplin-zookeeper-utils,com.greplin.zookeeper.RegressionTest0,N/A,N/A,1,N/A,0.001,ERROR
greplin-zookeeper-utils,com.greplin.zookeeper.RegressionTest0,N/A,N/A,1,N/A,0.001,ERROR
greplin-zookeeper-utils,com.greplin.zookeeper.RegressionTest0,N/A,N/A,1,N/A,0.001,ERROR
greplin-zookeeper-utils,com.greplin.zookeeper.RegressionTest0,N/A,N/A,1,N/A,0.0,ERROR
greplin-zookeeper-utils,com.greplin.zookeeper.RegressionTest0,N/A,N/A,1,N/A,0.001,ERROR
greplin-zookeeper-utils,com.greplin.zookeeper.RegressionTest0,N/A,N/A,1,N/A,0.002,ERROR
greplin-zookeeper-utils,com.greplin.zookeeper.RegressionTest0,N/A,N/A,1,N/A,0.0,ERROR
greplin-zookeeper-utils,com.greplin.zookeeper.RegressionTest0,N/A,N/A,1,N/A,0.0,ERROR
greplin-zookeeper-utils,com.greplin.zookeeper.RegressionTest0,N/A,N/A,1,N/A,0.002,ERROR
greplin-zookeeper-utils,com.greplin.zookeeper.RegressionTest0,N/A,N/A,1,N/A,0.002,ERROR
greplin-zookeeper-utils,com.greplin.zookeeper.RegressionTest0,N/A,N/A,1,N/A,0.001,ERROR
greplin-zookeeper-utils,com.greplin.zookeeper.RegressionTest0,N/A,N/A,1,N/A,0.001,ERROR
greplin-zookeeper-utils,com.greplin.zookeeper.RegressionTest0,N/A,N/A,1,N/A,0.001,ERROR
greplin-zookeeper-utils,com.greplin.zookeeper.RegressionTest0,N/A,N/A,1,N/A,0.001,ERROR
greplin-zookeeper-utils,com.greplin.zookeeper.RegressionTest0,N/A,N/A,1,N/A,0.002,ERROR
greplin-zookeeper-utils,com.greplin.zookeeper.RegressionTest0,N/A,N/A,1,N/A,0.0,ERROR
greplin-zookeeper-utils,com.greplin.zookeeper.RegressionTest0,N/A,N/A,1,N/A,0.001,ERROR
greplin-zookeeper-utils,com.greplin.zookeeper.RegressionTest0,N/A,N/A,1,N/A,0.0,ERROR
greplin-zookeeper-utils,com.greplin.zookeeper.RegressionTest0,N/A,N/A,1,N/A,0.0,ERROR
greplin-zookeeper-utils,com.greplin.zookeeper.RegressionTest0,N/A,N/A,1,N/A,0.003,ERROR
greplin-zookeeper-utils,com.greplin.zookeeper.RegressionTest0,N/A,N/A,1,N/A,0.0,ERROR
greplin-zookeeper-utils,com.greplin.zookeeper.RegressionTest0,N/A,N/A,1,N/A,0.001,ERROR
greplin-zookeeper-utils,com.greplin.zookeeper.RegressionTest0,N/A,N/A,1,N/A,0.001,ERROR
greplin-zookeeper-utils,com.greplin.zookeeper.RegressionTest0,N/A,N/A,1,N/A,0.001,ERROR
greplin-zookeeper-utils,com.greplin.zookeeper.RegressionTest0,N/A,N/A,1,N/A,0.001,ERROR
greplin-zookeeper-utils,com.greplin.zookeeper.RegressionTest0,N/A,N/A,1,N/A,0.001,ERROR
greplin-zookeeper-utils,com.greplin.zookeeper.RegressionTest0,N/A,N/A,1,N/A,0.0,ERROR
greplin-zookeeper-utils,com.greplin.zookeeper.RegressionTest0,N/A,N/A,1,N/A,0.0,ERROR
greplin-zookeeper-utils,com.greplin.zookeeper.RegressionTest0,N/A,N/A,1,N/A,0.001,ERROR
greplin-zookeeper-utils,com.greplin.zookeeper.RegressionTest0,N/A,N/A,1,N/A,0.001,ERROR
greplin-zookeeper-utils,com.greplin.zookeeper.RegressionTest0,N/A,N/A,1,N/A,0.002,ERROR
greplin-zookeeper-utils,com.greplin.zookeeper.RegressionTest0,N/A,N/A,1,N/A,0.001,ERROR
greplin-zookeeper-utils,com.greplin.zookeeper.RegressionTest0,N/A,N/A,1,N/A,0.001,ERROR
greplin-zookeeper-utils,com.greplin.zookeeper.RegressionTest0,N/A,N/A,1,N/A,0.0,ERROR
greplin-zookeeper-utils,com.greplin.zookeeper.RegressionTest0,N/A,N/A,1,N/A,0.002,ERROR
greplin-zookeeper-utils,com.greplin.zookeeper.RegressionTest0,N/A,N/A,1,N/A,0.0,ERROR
greplin-zookeeper-utils,com.greplin.zookeeper.RegressionTest0,N/A,N/A,1,N/A,0.0,ERROR
greplin-zookeeper-utils,com.greplin.zookeeper.RegressionTest0,N/A,N/A,1,N/A,0.002,ERROR
greplin-zookeeper-utils,com.greplin.zookeeper.RegressionTest0,N/A,N/A,1,N/A,0.0,ERROR
greplin-zookeeper-utils,com.greplin.zookeeper.RegressionTest0,N/A,N/A,1,N/A,0.0,ERROR
greplin-zookeeper-utils,com.greplin.zookeeper.RegressionTest0,N/A,N/A,1,N/A,0.0,ERROR
greplin-zookeeper-utils,com.greplin.zookeeper.RegressionTest0,N/A,N/A,1,N/A,0.001,ERROR
greplin-zookeeper-utils,com.greplin.zookeeper.RegressionTest0,N/A,N/A,1,N/A,0.001,ERROR
greplin-zookeeper-utils,com.greplin.zookeeper.RegressionTest0,N/A,N/A,1,N/A,0.001,ERROR
greplin-zookeeper-utils,com.greplin.zookeeper.RegressionTest0,N/A,N/A,1,N/A,0.001,ERROR
greplin-zookeeper-utils,com.greplin.zookeeper.RegressionTest0,N/A,N/A,1,N/A,0.001,ERROR
greplin-zookeeper-utils,com.greplin.zookeeper.RegressionTest0,N/A,N/A,1,N/A,0.001,ERROR
greplin-zookeeper-utils,com.greplin.zookeeper.RegressionTest0,N/A,N/A,1,N/A,0.001,ERROR
greplin-zookeeper-utils,com.greplin.zookeeper.RegressionTest0,N/A,N/A,1,N/A,0.0,ERROR
greplin-zookeeper-utils,com.greplin.zookeeper.RegressionTest0,N/A,N/A,1,N/A,0.0,ERROR
greplin-zookeeper-utils,com.greplin.zookeeper.RegressionTest0,N/A,N/A,1,N/A,0.0,ERROR
greplin-zookeeper-utils,com.greplin.zookeeper.RegressionTest0,N/A,N/A,1,N/A,0.001,ERROR
greplin-zookeeper-utils,com.greplin.zookeeper.RegressionTest0,N/A,N/A,1,N/A,0.001,ERROR
greplin-zookeeper-utils,com.greplin.zookeeper.RegressionTest0,N/A,N/A,1,N/A,0.002,ERROR
greplin-zookeeper-utils,com.greplin.zookeeper.RegressionTest0,N/A,N/A,1,N/A,0.001,ERROR
greplin-zookeeper-utils,com.greplin.zookeeper.RegressionTest0,N/A,N/A,1,N/A,0.0,ERROR
greplin-zookeeper-utils,com.greplin.zookeeper.RegressionTest0,N/A,N/A,1,N/A,0.001,ERROR
greplin-zookeeper-utils,com.greplin.zookeeper.RegressionTest0,N/A,N/A,1,N/A,0.0,ERROR
greplin-zookeeper-utils,com.greplin.zookeeper.RegressionTest0,N/A,N/A,1,N/A,0.001,ERROR
greplin-zookeeper-utils,com.greplin.zookeeper.RegressionTest0,N/A,N/A,1,N/A,0.0,ERROR
greplin-zookeeper-utils,com.greplin.zookeeper.RegressionTest0,N/A,N/A,1,N/A,0.0,ERROR
greplin-zookeeper-utils,com.greplin.zookeeper.RegressionTest0,N/A,N/A,1,N/A,0.001,ERROR
greplin-zookeeper-utils,com.greplin.zookeeper.RegressionTest0,N/A,N/A,1,N/A,0.001,ERROR
greplin-zookeeper-utils,com.greplin.zookeeper.RegressionTest0,N/A,N/A,1,N/A,0.0,ERROR
greplin-zookeeper-utils,com.greplin.zookeeper.RegressionTest0,N/A,N/A,1,N/A,0.001,ERROR
greplin-zookeeper-utils,com.greplin.zookeeper.RegressionTest0,N/A,N/A,1,N/A,0.0,ERROR
greplin-zookeeper-utils,com.greplin.zookeeper.RegressionTest0,N/A,N/A,1,N/A,0.0,ERROR
greplin-zookeeper-utils,com.greplin.zookeeper.RegressionTest0,N/A,N/A,1,N/A,0.001,ERROR
greplin-zookeeper-utils,com.greplin.zookeeper.RegressionTest0,N/A,N/A,1,N/A,0.0,ERROR
greplin-zookeeper-utils,com.greplin.zookeeper.RegressionTest0,N/A,N/A,1,N/A,0.0,ERROR
greplin-zookeeper-utils,com.greplin.zookeeper.RegressionTest0,N/A,N/A,1,N/A,0.003,ERROR
greplin-zookeeper-utils,com.greplin.zookeeper.RegressionTest0,N/A,N/A,1,N/A,0.0,ERROR
greplin-zookeeper-utils,com.greplin.zookeeper.RegressionTest0,N/A,N/A,1,N/A,0.0,ERROR
greplin-zookeeper-utils,com.greplin.zookeeper.RegressionTest0,N/A,N/A,1,N/A,0.0,ERROR
greplin-zookeeper-utils,com.greplin.zookeeper.RegressionTest0,N/A,N/A,1,N/A,0.001,ERROR
greplin-zookeeper-utils,com.greplin.zookeeper.RegressionTest0,N/A,N/A,1,N/A,0.0,ERROR
greplin-zookeeper-utils,com.greplin.zookeeper.RegressionTest0,N/A,N/A,1,N/A,0.0,ERROR
greplin-zookeeper-utils,com.greplin.zookeeper.RegressionTest0,N/A,N/A,1,N/A,0.001,ERROR
greplin-zookeeper-utils,com.greplin.zookeeper.RegressionTest0,N/A,N/A,1,N/A,0.0,ERROR
greplin-zookeeper-utils,com.greplin.zookeeper.RegressionTest0,N/A,N/A,1,N/A,0.001,ERROR
greplin-zookeeper-utils,com.greplin.zookeeper.RegressionTest0,N/A,N/A,1,N/A,0.0,ERROR
greplin-zookeeper-utils,com.greplin.zookeeper.RegressionTest0,N/A,N/A,1,N/A,0.001,ERROR
greplin-zookeeper-utils,com.greplin.zookeeper.RegressionTest0,N/A,N/A,1,N/A,0.001,ERROR
greplin-zookeeper-utils,com.greplin.zookeeper.RegressionTest0,N/A,N/A,1,N/A,0.001,ERROR
greplin-zookeeper-utils,com.greplin.zookeeper.RegressionTest0,N/A,N/A,1,N/A,0.001,ERROR
greplin-zookeeper-utils,com.greplin.zookeeper.RegressionTest0,N/A,N/A,1,N/A,0.001,ERROR
greplin-zookeeper-utils,com.greplin.zookeeper.RegressionTest0,N/A,N/A,1,N/A,0.0,ERROR
greplin-zookeeper-utils,com.greplin.zookeeper.RegressionTest0,N/A,N/A,1,N/A,0.001,ERROR
greplin-zookeeper-utils,com.greplin.zookeeper.RegressionTest0,N/A,N/A,1,N/A,0.001,ERROR
greplin-zookeeper-utils,com.greplin.zookeeper.RegressionTest0,N/A,N/A,1,N/A,0.001,ERROR
greplin-zookeeper-utils,com.greplin.zookeeper.RegressionTest0,N/A,N/A,1,N/A,0.001,ERROR
greplin-zookeeper-utils,com.greplin.zookeeper.RegressionTest0,N/A,N/A,1,N/A,0.001,ERROR
greplin-zookeeper-utils,com.greplin.zookeeper.RegressionTest0,N/A,N/A,1,N/A,0.001,ERROR
greplin-zookeeper-utils,com.greplin.zookeeper.RegressionTest0,N/A,N/A,1,N/A,0.002,ERROR
greplin-zookeeper-utils,com.greplin.zookeeper.RegressionTest0,N/A,N/A,1,N/A,0.0,ERROR
greplin-zookeeper-utils,com.greplin.zookeeper.RegressionTest0,N/A,N/A,1,N/A,0.001,ERROR
greplin-zookeeper-utils,com.greplin.zookeeper.RegressionTest0,N/A,N/A,1,N/A,0.013,ERROR
greplin-zookeeper-utils,com.greplin.zookeeper.RegressionTest0,N/A,N/A,1,N/A,0.001,ERROR
greplin-zookeeper-utils,com.greplin.zookeeper.RegressionTest0,N/A,N/A,1,N/A,0.0,ERROR
greplin-zookeeper-utils,com.greplin.zookeeper.RegressionTest0,N/A,N/A,1,N/A,0.001,ERROR
greplin-zookeeper-utils,com.greplin.zookeeper.RegressionTest0,N/A,N/A,1,N/A,0.0,ERROR
greplin-zookeeper-utils,com.greplin.zookeeper.RegressionTest0,N/A,N/A,1,N/A,0.0,ERROR
greplin-zookeeper-utils,com.greplin.zookeeper.RegressionTest0,N/A,N/A,1,N/A,0.0,ERROR
greplin-zookeeper-utils,com.greplin.zookeeper.RegressionTest0,N/A,N/A,1,N/A,0.0,ERROR
greplin-zookeeper-utils,com.greplin.zookeeper.RegressionTest0,N/A,N/A,1,N/A,0.0,ERROR
greplin-zookeeper-utils,com.greplin.zookeeper.RegressionTest0,N/A,N/A,1,N/A,0.001,ERROR
greplin-zookeeper-utils,com.greplin.zookeeper.RegressionTest0,N/A,N/A,1,N/A,0.0,ERROR
greplin-zookeeper-utils,com.greplin.zookeeper.RegressionTest0,N/A,N/A,1,N/A,0.0,ERROR
greplin-zookeeper-utils,com.greplin.zookeeper.RegressionTest0,N/A,N/A,1,N/A,0.005,ERROR
greplin-zookeeper-utils,com.greplin.zookeeper.RegressionTest0,N/A,N/A,1,N/A,0.003,ERROR
greplin-zookeeper-utils,com.greplin.zookeeper.RegressionTest0,N/A,N/A,1,N/A,0.0,ERROR
greplin-zookeeper-utils,com.greplin.zookeeper.RegressionTest0,N/A,N/A,1,N/A,0.0,ERROR
greplin-zookeeper-utils,com.greplin.zookeeper.RegressionTest0,N/A,N/A,1,N/A,0.016,ERROR
greplin-zookeeper-utils,com.greplin.zookeeper.RegressionTest0,N/A,N/A,1,N/A,0.0,ERROR
greplin-zookeeper-utils,com.greplin.zookeeper.RegressionTest0,N/A,N/A,1,N/A,0.0,ERROR
greplin-zookeeper-utils,com.greplin.zookeeper.RegressionTest0,N/A,N/A,1,N/A,0.001,ERROR
greplin-zookeeper-utils,com.greplin.zookeeper.RegressionTest0,N/A,N/A,1,N/A,0.001,ERROR
greplin-zookeeper-utils,com.greplin.zookeeper.RegressionTest0,N/A,N/A,1,N/A,0.002,ERROR
greplin-zookeeper-utils,com.greplin.zookeeper.RegressionTest0,N/A,N/A,1,N/A,0.0,ERROR
greplin-zookeeper-utils,com.greplin.zookeeper.RegressionTest0,N/A,N/A,1,N/A,0.001,ERROR
greplin-zookeeper-utils,com.greplin.zookeeper.RegressionTest0,N/A,N/A,1,N/A,0.0,ERROR
greplin-zookeeper-utils,com.greplin.zookeeper.RegressionTest0,N/A,N/A,1,N/A,0.001,ERROR
greplin-zookeeper-utils,com.greplin.zookeeper.RegressionTest0,N/A,N/A,1,N/A,0.001,ERROR
greplin-zookeeper-utils,com.greplin.zookeeper.RegressionTest0,N/A,N/A,1,N/A,0.0,ERROR
greplin-zookeeper-utils,com.greplin.zookeeper.RegressionTest0,N/A,N/A,1,N/A,0.0,ERROR
greplin-zookeeper-utils,com.greplin.zookeeper.RegressionTest0,N/A,N/A,1,N/A,0.001,ERROR
greplin-zookeeper-utils,com.greplin.zookeeper.RegressionTest0,N/A,N/A,1,N/A,0.001,ERROR
greplin-zookeeper-utils,com.greplin.zookeeper.RegressionTest0,N/A,N/A,1,N/A,0.0,ERROR
greplin-zookeeper-utils,com.greplin.zookeeper.RegressionTest0,N/A,N/A,1,N/A,0.0,ERROR
greplin-zookeeper-utils,com.greplin.zookeeper.RegressionTest0,N/A,N/A,1,N/A,0.001,ERROR
greplin-zookeeper-utils,com.greplin.zookeeper.RegressionTest1,N/A,N/A,1,N/A,0.001,ERROR
greplin-zookeeper-utils,com.greplin.zookeeper.RegressionTest1,N/A,N/A,1,N/A,0.0,ERROR
greplin-zookeeper-utils,com.greplin.zookeeper.RegressionTest1,N/A,N/A,1,N/A,0.0,ERROR
greplin-zookeeper-utils,com.greplin.zookeeper.RegressionTest1,N/A,N/A,1,N/A,0.0,ERROR
greplin-zookeeper-utils,com.greplin.zookeeper.RegressionTest1,N/A,N/A,1,N/A,0.0,ERROR
greplin-zookeeper-utils,com.greplin.zookeeper.RegressionTest1,N/A,N/A,1,N/A,0.0,ERROR
greplin-zookeeper-utils,com.greplin.zookeeper.RegressionTest1,N/A,N/A,1,N/A,0.0,ERROR
greplin-zookeeper-utils,com.greplin.zookeeper.RegressionTest1,N/A,N/A,1,N/A,0.009,ERROR
greplin-zookeeper-utils,com.greplin.zookeeper.RegressionTest1,N/A,N/A,1,N/A,0.001,ERROR
greplin-zookeeper-utils,com.greplin.zookeeper.RegressionTest1,N/A,N/A,1,N/A,0.001,ERROR
greplin-zookeeper-utils,com.greplin.zookeeper.RegressionTest1,N/A,N/A,1,N/A,0.0,ERROR
greplin-zookeeper-utils,com.greplin.zookeeper.RegressionTest1,N/A,N/A,1,N/A,0.0,ERROR
greplin-zookeeper-utils,com.greplin.zookeeper.RegressionTest1,N/A,N/A,1,N/A,0.0,ERROR
greplin-zookeeper-utils,com.greplin.zookeeper.RegressionTest1,N/A,N/A,1,N/A,0.0,ERROR
greplin-zookeeper-utils,com.greplin.zookeeper.RegressionTest1,N/A,N/A,1,N/A,0.001,ERROR
greplin-zookeeper-utils,com.greplin.zookeeper.RegressionTest1,N/A,N/A,1,N/A,0.0,ERROR
greplin-zookeeper-utils,com.greplin.zookeeper.RegressionTest1,N/A,N/A,1,N/A,0.0,ERROR
greplin-zookeeper-utils,com.greplin.zookeeper.RegressionTest1,N/A,N/A,1,N/A,0.001,ERROR
greplin-zookeeper-utils,com.greplin.zookeeper.RegressionTest1,N/A,N/A,1,N/A,0.001,ERROR
greplin-zookeeper-utils,com.greplin.zookeeper.RegressionTest1,N/A,N/A,1,N/A,0.001,ERROR
greplin-zookeeper-utils,com.greplin.zookeeper.RegressionTest1,N/A,N/A,1,N/A,0.008,ERROR
greplin-zookeeper-utils,com.greplin.zookeeper.RegressionTest1,N/A,N/A,1,N/A,0.0,ERROR
greplin-zookeeper-utils,com.greplin.zookeeper.RegressionTest1,N/A,N/A,1,N/A,0.0,ERROR
greplin-zookeeper-utils,com.greplin.zookeeper.RegressionTest1,N/A,N/A,1,N/A,0.0,ERROR
greplin-zookeeper-utils,com.greplin.zookeeper.RegressionTest1,N/A,N/A,1,N/A,0.0,ERROR
greplin-zookeeper-utils,com.greplin.zookeeper.RegressionTest1,N/A,N/A,1,N/A,0.0,ERROR
greplin-zookeeper-utils,com.greplin.zookeeper.RegressionTest1,N/A,N/A,1,N/A,0.0,ERROR
greplin-zookeeper-utils,com.greplin.zookeeper.RegressionTest1,N/A,N/A,1,N/A,0.0,ERROR
greplin-zookeeper-utils,com.greplin.zookeeper.RegressionTest1,N/A,N/A,1,N/A,0.0,ERROR
greplin-zookeeper-utils,com.greplin.zookeeper.RegressionTest1,N/A,N/A,1,N/A,0.0,ERROR
greplin-zookeeper-utils,com.greplin.zookeeper.RegressionTest1,N/A,N/A,1,N/A,0.0,ERROR
greplin-zookeeper-utils,com.greplin.zookeeper.RegressionTest1,N/A,N/A,1,N/A,0.0,ERROR
greplin-zookeeper-utils,com.greplin.zookeeper.RegressionTest1,N/A,N/A,1,N/A,0.0,ERROR
greplin-zookeeper-utils,com.greplin.zookeeper.RegressionTest1,N/A,N/A,1,N/A,0.002,ERROR
greplin-zookeeper-utils,com.greplin.zookeeper.RegressionTest1,N/A,N/A,1,N/A,0.0,ERROR
greplin-zookeeper-utils,com.greplin.zookeeper.RegressionTest1,N/A,N/A,1,N/A,0.0,ERROR
greplin-zookeeper-utils,com.greplin.zookeeper.RegressionTest1,N/A,N/A,1,N/A,0.002,ERROR
greplin-zookeeper-utils,com.greplin.zookeeper.RegressionTest1,N/A,N/A,1,N/A,0.0,ERROR
greplin-zookeeper-utils,com.greplin.zookeeper.RegressionTest1,N/A,N/A,1,N/A,0.0,ERROR
greplin-zookeeper-utils,com.greplin.zookeeper.RegressionTest1,N/A,N/A,1,N/A,0.001,ERROR
greplin-zookeeper-utils,com.greplin.zookeeper.RegressionTest1,N/A,N/A,1,N/A,0.0,ERROR
greplin-zookeeper-utils,com.greplin.zookeeper.RegressionTest1,N/A,N/A,1,N/A,0.001,ERROR
greplin-zookeeper-utils,com.greplin.zookeeper.RegressionTest1,N/A,N/A,1,N/A,0.001,ERROR
greplin-zookeeper-utils,com.greplin.zookeeper.RegressionTest1,N/A,N/A,1,N/A,0.007,ERROR
greplin-zookeeper-utils,com.greplin.zookeeper.RegressionTest1,N/A,N/A,1,N/A,0.001,ERROR
greplin-zookeeper-utils,com.greplin.zookeeper.RegressionTest1,N/A,N/A,1,N/A,0.001,ERROR
greplin-zookeeper-utils,com.greplin.zookeeper.RegressionTest1,N/A,N/A,1,N/A,0.0,ERROR
greplin-zookeeper-utils,com.greplin.zookeeper.RegressionTest1,N/A,N/A,1,N/A,0.001,ERROR
greplin-zookeeper-utils,com.greplin.zookeeper.RegressionTest1,N/A,N/A,1,N/A,0.0,ERROR
greplin-zookeeper-utils,com.greplin.zookeeper.RegressionTest1,N/A,N/A,1,N/A,0.004,ERROR
greplin-zookeeper-utils,com.greplin.zookeeper.RegressionTest1,N/A,N/A,1,N/A,0.0,ERROR
greplin-zookeeper-utils,com.greplin.zookeeper.RegressionTest1,N/A,N/A,1,N/A,0.001,ERROR
greplin-zookeeper-utils,com.greplin.zookeeper.RegressionTest1,N/A,N/A,1,N/A,0.001,ERROR
greplin-zookeeper-utils,com.greplin.zookeeper.RegressionTest1,N/A,N/A,1,N/A,0.0,ERROR
greplin-zookeeper-utils,com.greplin.zookeeper.RegressionTest1,N/A,N/A,1,N/A,0.0,ERROR
greplin-zookeeper-utils,com.greplin.zookeeper.RegressionTest1,N/A,N/A,1,N/A,0.001,ERROR
greplin-zookeeper-utils,com.greplin.zookeeper.RegressionTest1,N/A,N/A,1,N/A,0.001,ERROR
greplin-zookeeper-utils,com.greplin.zookeeper.RegressionTest1,N/A,N/A,1,N/A,0.001,ERROR
greplin-zookeeper-utils,com.greplin.zookeeper.RegressionTest1,N/A,N/A,1,N/A,0.0,ERROR
greplin-zookeeper-utils,com.greplin.zookeeper.RegressionTest1,N/A,N/A,1,N/A,0.001,ERROR
greplin-zookeeper-utils,com.greplin.zookeeper.RegressionTest1,N/A,N/A,1,N/A,0.001,ERROR
greplin-zookeeper-utils,com.greplin.zookeeper.RegressionTest1,N/A,N/A,1,N/A,0.003,ERROR
greplin-zookeeper-utils,com.greplin.zookeeper.RegressionTest1,N/A,N/A,1,N/A,0.0,ERROR
greplin-zookeeper-utils,com.greplin.zookeeper.RegressionTest1,N/A,N/A,1,N/A,0.0,ERROR
greplin-zookeeper-utils,com.greplin.zookeeper.RegressionTest1,N/A,N/A,1,N/A,0.0,ERROR
greplin-zookeeper-utils,com.greplin.zookeeper.RegressionTest1,N/A,N/A,1,N/A,0.001,ERROR
greplin-zookeeper-utils,com.greplin.zookeeper.RegressionTest1,N/A,N/A,1,N/A,0.0,ERROR
greplin-zookeeper-utils,com.greplin.zookeeper.RegressionTest1,N/A,N/A,1,N/A,0.0,ERROR
greplin-zookeeper-utils,com.greplin.zookeeper.RegressionTest1,N/A,N/A,1,N/A,0.001,ERROR
greplin-zookeeper-utils,com.greplin.zookeeper.RegressionTest1,N/A,N/A,1,N/A,0.001,ERROR
greplin-zookeeper-utils,com.greplin.zookeeper.RegressionTest1,N/A,N/A,1,N/A,0.0,ERROR
greplin-zookeeper-utils,com.greplin.zookeeper.RegressionTest1,N/A,N/A,1,N/A,0.001,ERROR
greplin-zookeeper-utils,com.greplin.zookeeper.RegressionTest1,N/A,N/A,1,N/A,0.0,ERROR
greplin-zookeeper-utils,com.greplin.zookeeper.RegressionTest1,N/A,N/A,1,N/A,0.0,ERROR
greplin-zookeeper-utils,com.greplin.zookeeper.RegressionTest1,N/A,N/A,1,N/A,0.0,ERROR
greplin-zookeeper-utils,com.greplin.zookeeper.RegressionTest1,N/A,N/A,1,N/A,0.0,ERROR
greplin-zookeeper-utils,com.greplin.zookeeper.RegressionTest1,N/A,N/A,1,N/A,0.0,ERROR
greplin-zookeeper-utils,com.greplin.zookeeper.RegressionTest1,N/A,N/A,1,N/A,0.0,ERROR
greplin-zookeeper-utils,null,8,0,8,0,0.001,FAILURE
greplin-zookeeper-utils,com.greplin.zookeeper.RobustZooKeeperTest,N/A,N/A,1,N/A,0.0,ERROR
greplin-zookeeper-utils,com.greplin.zookeeper.RobustZooKeeperTest,N/A,N/A,1,N/A,0.0,ERROR
greplin-zookeeper-utils,com.greplin.zookeeper.RobustZooKeeperTest,N/A,N/A,1,N/A,0.0,ERROR
greplin-zookeeper-utils,com.greplin.zookeeper.RobustZooKeeperTest,N/A,N/A,1,N/A,0.0,ERROR
greplin-zookeeper-utils,com.greplin.zookeeper.RobustZooKeeperTest,N/A,N/A,1,N/A,0.0,ERROR
greplin-zookeeper-utils,com.greplin.zookeeper.RobustZooKeeperTest,N/A,N/A,1,N/A,0.0,ERROR
greplin-zookeeper-utils,com.greplin.zookeeper.RobustZooKeeperTest,N/A,N/A,1,N/A,0.0,ERROR
greplin-zookeeper-utils,com.greplin.zookeeper.RobustZooKeeperTest,N/A,N/A,1,N/A,0.0,ERROR
Sum: 74.356999999999957
--------------------Execution: 3 -----------------------------------
greplin-zookeeper-utils,null,749,0,249,0,73.98,FAILURE
greplin-zookeeper-utils,com.greplin.zookeeper.RegressionTest0,N/A,N/A,1,N/A,0.769,ERROR
greplin-zookeeper-utils,com.greplin.zookeeper.RegressionTest0,N/A,N/A,1,N/A,0.003,ERROR
greplin-zookeeper-utils,com.greplin.zookeeper.RegressionTest0,N/A,N/A,1,N/A,0.001,ERROR
greplin-zookeeper-utils,com.greplin.zookeeper.RegressionTest0,N/A,N/A,1,N/A,0.003,ERROR
greplin-zookeeper-utils,com.greplin.zookeeper.RegressionTest0,N/A,N/A,1,N/A,0.001,ERROR
greplin-zookeeper-utils,com.greplin.zookeeper.RegressionTest0,N/A,N/A,1,N/A,0.001,ERROR
greplin-zookeeper-utils,com.greplin.zookeeper.RegressionTest0,N/A,N/A,1,N/A,0.004,ERROR
greplin-zookeeper-utils,com.greplin.zookeeper.RegressionTest0,N/A,N/A,1,N/A,0.001,ERROR
greplin-zookeeper-utils,com.greplin.zookeeper.RegressionTest0,N/A,N/A,1,N/A,0.0,ERROR
greplin-zookeeper-utils,com.greplin.zookeeper.RegressionTest0,N/A,N/A,1,N/A,0.003,ERROR
greplin-zookeeper-utils,com.greplin.zookeeper.RegressionTest0,N/A,N/A,1,N/A,0.0,ERROR
greplin-zookeeper-utils,com.greplin.zookeeper.RegressionTest0,N/A,N/A,1,N/A,0.0,ERROR
greplin-zookeeper-utils,com.greplin.zookeeper.RegressionTest0,N/A,N/A,1,N/A,0.001,ERROR
greplin-zookeeper-utils,com.greplin.zookeeper.RegressionTest0,N/A,N/A,1,N/A,0.004,ERROR
greplin-zookeeper-utils,com.greplin.zookeeper.RegressionTest0,N/A,N/A,1,N/A,0.002,ERROR
greplin-zookeeper-utils,com.greplin.zookeeper.RegressionTest0,N/A,N/A,1,N/A,0.0,ERROR
greplin-zookeeper-utils,com.greplin.zookeeper.RegressionTest0,N/A,N/A,1,N/A,0.002,ERROR
greplin-zookeeper-utils,com.greplin.zookeeper.RegressionTest0,N/A,N/A,1,N/A,1.11,ERROR
greplin-zookeeper-utils,com.greplin.zookeeper.RegressionTest0,N/A,N/A,1,N/A,0.002,ERROR
greplin-zookeeper-utils,com.greplin.zookeeper.RegressionTest0,N/A,N/A,1,N/A,0.0,ERROR
greplin-zookeeper-utils,com.greplin.zookeeper.RegressionTest0,N/A,N/A,1,N/A,0.001,ERROR
greplin-zookeeper-utils,com.greplin.zookeeper.RegressionTest0,N/A,N/A,1,N/A,0.001,ERROR
greplin-zookeeper-utils,com.greplin.zookeeper.RegressionTest0,N/A,N/A,1,N/A,0.001,ERROR
greplin-zookeeper-utils,com.greplin.zookeeper.RegressionTest0,N/A,N/A,1,N/A,0.001,ERROR
greplin-zookeeper-utils,com.greplin.zookeeper.RegressionTest0,N/A,N/A,1,N/A,0.001,ERROR
greplin-zookeeper-utils,com.greplin.zookeeper.RegressionTest0,N/A,N/A,1,N/A,0.001,ERROR
greplin-zookeeper-utils,com.greplin.zookeeper.RegressionTest0,N/A,N/A,1,N/A,0.0,ERROR
greplin-zookeeper-utils,com.greplin.zookeeper.RegressionTest0,N/A,N/A,1,N/A,0.001,ERROR
greplin-zookeeper-utils,com.greplin.zookeeper.RegressionTest0,N/A,N/A,1,N/A,0.003,ERROR
greplin-zookeeper-utils,com.greplin.zookeeper.RegressionTest0,N/A,N/A,1,N/A,0.0,ERROR
greplin-zookeeper-utils,com.greplin.zookeeper.RegressionTest0,N/A,N/A,1,N/A,0.0,ERROR
greplin-zookeeper-utils,com.greplin.zookeeper.RegressionTest0,N/A,N/A,1,N/A,0.002,ERROR
greplin-zookeeper-utils,com.greplin.zookeeper.RegressionTest0,N/A,N/A,1,N/A,0.0,ERROR
greplin-zookeeper-utils,com.greplin.zookeeper.RegressionTest0,N/A,N/A,1,N/A,0.0,ERROR
greplin-zookeeper-utils,com.greplin.zookeeper.RegressionTest0,N/A,N/A,1,N/A,0.002,ERROR
greplin-zookeeper-utils,com.greplin.zookeeper.RegressionTest0,N/A,N/A,1,N/A,0.002,ERROR
greplin-zookeeper-utils,com.greplin.zookeeper.RegressionTest0,N/A,N/A,1,N/A,0.001,ERROR
greplin-zookeeper-utils,com.greplin.zookeeper.RegressionTest0,N/A,N/A,1,N/A,0.001,ERROR
greplin-zookeeper-utils,com.greplin.zookeeper.RegressionTest0,N/A,N/A,1,N/A,0.001,ERROR
greplin-zookeeper-utils,com.greplin.zookeeper.RegressionTest0,N/A,N/A,1,N/A,0.001,ERROR
greplin-zookeeper-utils,com.greplin.zookeeper.RegressionTest0,N/A,N/A,1,N/A,0.0,ERROR
greplin-zookeeper-utils,com.greplin.zookeeper.RegressionTest0,N/A,N/A,1,N/A,0.001,ERROR
greplin-zookeeper-utils,com.greplin.zookeeper.RegressionTest0,N/A,N/A,1,N/A,0.001,ERROR
greplin-zookeeper-utils,com.greplin.zookeeper.RegressionTest0,N/A,N/A,1,N/A,0.004,ERROR
greplin-zookeeper-utils,com.greplin.zookeeper.RegressionTest0,N/A,N/A,1,N/A,0.001,ERROR
greplin-zookeeper-utils,com.greplin.zookeeper.RegressionTest0,N/A,N/A,1,N/A,0.011,ERROR
greplin-zookeeper-utils,com.greplin.zookeeper.RegressionTest0,N/A,N/A,1,N/A,0.0,ERROR
greplin-zookeeper-utils,com.greplin.zookeeper.RegressionTest0,N/A,N/A,1,N/A,0.0,ERROR
greplin-zookeeper-utils,com.greplin.zookeeper.RegressionTest0,N/A,N/A,1,N/A,0.001,ERROR
greplin-zookeeper-utils,com.greplin.zookeeper.RegressionTest0,N/A,N/A,1,N/A,0.001,ERROR
greplin-zookeeper-utils,com.greplin.zookeeper.RegressionTest0,N/A,N/A,1,N/A,0.003,ERROR
greplin-zookeeper-utils,com.greplin.zookeeper.RegressionTest0,N/A,N/A,1,N/A,0.001,ERROR
greplin-zookeeper-utils,com.greplin.zookeeper.RegressionTest0,N/A,N/A,1,N/A,0.001,ERROR
greplin-zookeeper-utils,com.greplin.zookeeper.RegressionTest0,N/A,N/A,1,N/A,0.001,ERROR
greplin-zookeeper-utils,com.greplin.zookeeper.RegressionTest0,N/A,N/A,1,N/A,0.004,ERROR
greplin-zookeeper-utils,com.greplin.zookeeper.RegressionTest0,N/A,N/A,1,N/A,0.0,ERROR
greplin-zookeeper-utils,com.greplin.zookeeper.RegressionTest0,N/A,N/A,1,N/A,0.001,ERROR
greplin-zookeeper-utils,com.greplin.zookeeper.RegressionTest0,N/A,N/A,1,N/A,0.002,ERROR
greplin-zookeeper-utils,com.greplin.zookeeper.RegressionTest0,N/A,N/A,1,N/A,0.001,ERROR
greplin-zookeeper-utils,com.greplin.zookeeper.RegressionTest0,N/A,N/A,1,N/A,0.001,ERROR
greplin-zookeeper-utils,com.greplin.zookeeper.RegressionTest0,N/A,N/A,1,N/A,0.001,ERROR
greplin-zookeeper-utils,com.greplin.zookeeper.RegressionTest0,N/A,N/A,1,N/A,0.001,ERROR
greplin-zookeeper-utils,com.greplin.zookeeper.RegressionTest0,N/A,N/A,1,N/A,0.0,ERROR
greplin-zookeeper-utils,com.greplin.zookeeper.RegressionTest0,N/A,N/A,1,N/A,0.001,ERROR
greplin-zookeeper-utils,com.greplin.zookeeper.RegressionTest0,N/A,N/A,1,N/A,0.001,ERROR
greplin-zookeeper-utils,com.greplin.zookeeper.RegressionTest0,N/A,N/A,1,N/A,0.001,ERROR
greplin-zookeeper-utils,com.greplin.zookeeper.RegressionTest0,N/A,N/A,1,N/A,0.001,ERROR
greplin-zookeeper-utils,com.greplin.zookeeper.RegressionTest0,N/A,N/A,1,N/A,0.001,ERROR
greplin-zookeeper-utils,com.greplin.zookeeper.RegressionTest0,N/A,N/A,1,N/A,0.001,ERROR
greplin-zookeeper-utils,com.greplin.zookeeper.RegressionTest0,N/A,N/A,1,N/A,0.0,ERROR
greplin-zookeeper-utils,com.greplin.zookeeper.RegressionTest0,N/A,N/A,1,N/A,0.001,ERROR
greplin-zookeeper-utils,com.greplin.zookeeper.RegressionTest0,N/A,N/A,1,N/A,0.003,ERROR
greplin-zookeeper-utils,com.greplin.zookeeper.RegressionTest0,N/A,N/A,1,N/A,0.001,ERROR
greplin-zookeeper-utils,com.greplin.zookeeper.RegressionTest0,N/A,N/A,1,N/A,0.001,ERROR
greplin-zookeeper-utils,com.greplin.zookeeper.RegressionTest0,N/A,N/A,1,N/A,0.0,ERROR
greplin-zookeeper-utils,com.greplin.zookeeper.RegressionTest0,N/A,N/A,1,N/A,0.0,ERROR
greplin-zookeeper-utils,com.greplin.zookeeper.RegressionTest0,N/A,N/A,1,N/A,0.0,ERROR
greplin-zookeeper-utils,com.greplin.zookeeper.RegressionTest0,N/A,N/A,1,N/A,0.0,ERROR
greplin-zookeeper-utils,com.greplin.zookeeper.RegressionTest0,N/A,N/A,1,N/A,0.0,ERROR
greplin-zookeeper-utils,com.greplin.zookeeper.RegressionTest0,N/A,N/A,1,N/A,0.0,ERROR
greplin-zookeeper-utils,com.greplin.zookeeper.RegressionTest0,N/A,N/A,1,N/A,0.001,ERROR
greplin-zookeeper-utils,com.greplin.zookeeper.RegressionTest0,N/A,N/A,1,N/A,0.001,ERROR
greplin-zookeeper-utils,com.greplin.zookeeper.RegressionTest0,N/A,N/A,1,N/A,0.001,ERROR
greplin-zookeeper-utils,com.greplin.zookeeper.RegressionTest0,N/A,N/A,1,N/A,0.001,ERROR
greplin-zookeeper-utils,com.greplin.zookeeper.RegressionTest0,N/A,N/A,1,N/A,0.001,ERROR
greplin-zookeeper-utils,com.greplin.zookeeper.RegressionTest0,N/A,N/A,1,N/A,0.001,ERROR
greplin-zookeeper-utils,com.greplin.zookeeper.RegressionTest0,N/A,N/A,1,N/A,0.001,ERROR
greplin-zookeeper-utils,com.greplin.zookeeper.RegressionTest0,N/A,N/A,1,N/A,0.001,ERROR
greplin-zookeeper-utils,com.greplin.zookeeper.RegressionTest0,N/A,N/A,1,N/A,0.001,ERROR
greplin-zookeeper-utils,com.greplin.zookeeper.RegressionTest0,N/A,N/A,1,N/A,0.001,ERROR
greplin-zookeeper-utils,com.greplin.zookeeper.RegressionTest0,N/A,N/A,1,N/A,0.001,ERROR
greplin-zookeeper-utils,com.greplin.zookeeper.RegressionTest0,N/A,N/A,1,N/A,0.0,ERROR
greplin-zookeeper-utils,com.greplin.zookeeper.RegressionTest0,N/A,N/A,1,N/A,0.003,ERROR
greplin-zookeeper-utils,com.greplin.zookeeper.RegressionTest0,N/A,N/A,1,N/A,0.0,ERROR
greplin-zookeeper-utils,com.greplin.zookeeper.RegressionTest0,N/A,N/A,1,N/A,0.001,ERROR
greplin-zookeeper-utils,com.greplin.zookeeper.RegressionTest0,N/A,N/A,1,N/A,0.001,ERROR
greplin-zookeeper-utils,com.greplin.zookeeper.RegressionTest0,N/A,N/A,1,N/A,0.001,ERROR
greplin-zookeeper-utils,com.greplin.zookeeper.RegressionTest0,N/A,N/A,1,N/A,0.001,ERROR
greplin-zookeeper-utils,com.greplin.zookeeper.RegressionTest0,N/A,N/A,1,N/A,0.0,ERROR
greplin-zookeeper-utils,com.greplin.zookeeper.RegressionTest0,N/A,N/A,1,N/A,0.001,ERROR
greplin-zookeeper-utils,com.greplin.zookeeper.RegressionTest0,N/A,N/A,1,N/A,0.0,ERROR
greplin-zookeeper-utils,com.greplin.zookeeper.RegressionTest0,N/A,N/A,1,N/A,0.001,ERROR
greplin-zookeeper-utils,com.greplin.zookeeper.RegressionTest0,N/A,N/A,1,N/A,0.0,ERROR
greplin-zookeeper-utils,com.greplin.zookeeper.RegressionTest0,N/A,N/A,1,N/A,0.001,ERROR
greplin-zookeeper-utils,com.greplin.zookeeper.RegressionTest0,N/A,N/A,1,N/A,0.001,ERROR
greplin-zookeeper-utils,com.greplin.zookeeper.RegressionTest0,N/A,N/A,1,N/A,0.001,ERROR
greplin-zookeeper-utils,com.greplin.zookeeper.RegressionTest0,N/A,N/A,1,N/A,0.001,ERROR
greplin-zookeeper-utils,com.greplin.zookeeper.RegressionTest0,N/A,N/A,1,N/A,0.001,ERROR
greplin-zookeeper-utils,com.greplin.zookeeper.RegressionTest0,N/A,N/A,1,N/A,0.001,ERROR
greplin-zookeeper-utils,com.greplin.zookeeper.RegressionTest0,N/A,N/A,1,N/A,0.001,ERROR
greplin-zookeeper-utils,com.greplin.zookeeper.RegressionTest0,N/A,N/A,1,N/A,0.0,ERROR
greplin-zookeeper-utils,com.greplin.zookeeper.RegressionTest0,N/A,N/A,1,N/A,0.0,ERROR
greplin-zookeeper-utils,com.greplin.zookeeper.RegressionTest0,N/A,N/A,1,N/A,0.0,ERROR
greplin-zookeeper-utils,com.greplin.zookeeper.RegressionTest0,N/A,N/A,1,N/A,0.0,ERROR
greplin-zookeeper-utils,com.greplin.zookeeper.RegressionTest0,N/A,N/A,1,N/A,0.0,ERROR
greplin-zookeeper-utils,com.greplin.zookeeper.RegressionTest0,N/A,N/A,1,N/A,0.0,ERROR
greplin-zookeeper-utils,com.greplin.zookeeper.RegressionTest0,N/A,N/A,1,N/A,0.0,ERROR
greplin-zookeeper-utils,com.greplin.zookeeper.RegressionTest0,N/A,N/A,1,N/A,0.0,ERROR
greplin-zookeeper-utils,com.greplin.zookeeper.RegressionTest0,N/A,N/A,1,N/A,0.0,ERROR
greplin-zookeeper-utils,com.greplin.zookeeper.RegressionTest0,N/A,N/A,1,N/A,0.001,ERROR
greplin-zookeeper-utils,com.greplin.zookeeper.RegressionTest0,N/A,N/A,1,N/A,0.001,ERROR
greplin-zookeeper-utils,com.greplin.zookeeper.RegressionTest0,N/A,N/A,1,N/A,0.001,ERROR
greplin-zookeeper-utils,com.greplin.zookeeper.RegressionTest0,N/A,N/A,1,N/A,0.0,ERROR
greplin-zookeeper-utils,com.greplin.zookeeper.RegressionTest0,N/A,N/A,1,N/A,0.004,ERROR
greplin-zookeeper-utils,com.greplin.zookeeper.RegressionTest0,N/A,N/A,1,N/A,0.002,ERROR
greplin-zookeeper-utils,com.greplin.zookeeper.RegressionTest0,N/A,N/A,1,N/A,0.001,ERROR
greplin-zookeeper-utils,com.greplin.zookeeper.RegressionTest0,N/A,N/A,1,N/A,0.002,ERROR
greplin-zookeeper-utils,com.greplin.zookeeper.RegressionTest0,N/A,N/A,1,N/A,0.002,ERROR
greplin-zookeeper-utils,com.greplin.zookeeper.RegressionTest0,N/A,N/A,1,N/A,0.002,ERROR
greplin-zookeeper-utils,com.greplin.zookeeper.RegressionTest0,N/A,N/A,1,N/A,0.0,ERROR
greplin-zookeeper-utils,com.greplin.zookeeper.RegressionTest0,N/A,N/A,1,N/A,0.0,ERROR
greplin-zookeeper-utils,com.greplin.zookeeper.RegressionTest0,N/A,N/A,1,N/A,0.006,ERROR
greplin-zookeeper-utils,com.greplin.zookeeper.RegressionTest0,N/A,N/A,1,N/A,0.0,ERROR
greplin-zookeeper-utils,com.greplin.zookeeper.RegressionTest0,N/A,N/A,1,N/A,0.0,ERROR
greplin-zookeeper-utils,com.greplin.zookeeper.RegressionTest0,N/A,N/A,1,N/A,0.001,ERROR
greplin-zookeeper-utils,com.greplin.zookeeper.RegressionTest0,N/A,N/A,1,N/A,0.0,ERROR
greplin-zookeeper-utils,com.greplin.zookeeper.RegressionTest0,N/A,N/A,1,N/A,0.0,ERROR
greplin-zookeeper-utils,com.greplin.zookeeper.RegressionTest0,N/A,N/A,1,N/A,0.001,ERROR
greplin-zookeeper-utils,com.greplin.zookeeper.RegressionTest0,N/A,N/A,1,N/A,0.003,ERROR
greplin-zookeeper-utils,com.greplin.zookeeper.RegressionTest0,N/A,N/A,1,N/A,0.0,ERROR
greplin-zookeeper-utils,com.greplin.zookeeper.RegressionTest0,N/A,N/A,1,N/A,0.0,ERROR
greplin-zookeeper-utils,com.greplin.zookeeper.RegressionTest0,N/A,N/A,1,N/A,0.0,ERROR
greplin-zookeeper-utils,com.greplin.zookeeper.RegressionTest0,N/A,N/A,1,N/A,0.0,ERROR
greplin-zookeeper-utils,com.greplin.zookeeper.RegressionTest0,N/A,N/A,1,N/A,0.0,ERROR
greplin-zookeeper-utils,com.greplin.zookeeper.RegressionTest0,N/A,N/A,1,N/A,0.0,ERROR
greplin-zookeeper-utils,com.greplin.zookeeper.RegressionTest0,N/A,N/A,1,N/A,0.0,ERROR
greplin-zookeeper-utils,com.greplin.zookeeper.RegressionTest0,N/A,N/A,1,N/A,0.0,ERROR
greplin-zookeeper-utils,com.greplin.zookeeper.RegressionTest0,N/A,N/A,1,N/A,0.0,ERROR
greplin-zookeeper-utils,com.greplin.zookeeper.RegressionTest0,N/A,N/A,1,N/A,0.0,ERROR
greplin-zookeeper-utils,com.greplin.zookeeper.RegressionTest0,N/A,N/A,1,N/A,0.0,ERROR
greplin-zookeeper-utils,com.greplin.zookeeper.RegressionTest0,N/A,N/A,1,N/A,0.009,ERROR
greplin-zookeeper-utils,com.greplin.zookeeper.RegressionTest0,N/A,N/A,1,N/A,0.0,ERROR
greplin-zookeeper-utils,com.greplin.zookeeper.RegressionTest0,N/A,N/A,1,N/A,0.0,ERROR
greplin-zookeeper-utils,com.greplin.zookeeper.RegressionTest0,N/A,N/A,1,N/A,0.0,ERROR
greplin-zookeeper-utils,com.greplin.zookeeper.RegressionTest0,N/A,N/A,1,N/A,0.01,ERROR
greplin-zookeeper-utils,com.greplin.zookeeper.RegressionTest0,N/A,N/A,1,N/A,0.0,ERROR
greplin-zookeeper-utils,com.greplin.zookeeper.RegressionTest0,N/A,N/A,1,N/A,0.0,ERROR
greplin-zookeeper-utils,com.greplin.zookeeper.RegressionTest0,N/A,N/A,1,N/A,0.0,ERROR
greplin-zookeeper-utils,com.greplin.zookeeper.RegressionTest0,N/A,N/A,1,N/A,0.0,ERROR
greplin-zookeeper-utils,com.greplin.zookeeper.RegressionTest0,N/A,N/A,1,N/A,0.001,ERROR
greplin-zookeeper-utils,com.greplin.zookeeper.RegressionTest0,N/A,N/A,1,N/A,0.001,ERROR
greplin-zookeeper-utils,com.greplin.zookeeper.RegressionTest0,N/A,N/A,1,N/A,0.001,ERROR
greplin-zookeeper-utils,com.greplin.zookeeper.RegressionTest0,N/A,N/A,1,N/A,0.001,ERROR
greplin-zookeeper-utils,com.greplin.zookeeper.RegressionTest0,N/A,N/A,1,N/A,0.0,ERROR
greplin-zookeeper-utils,com.greplin.zookeeper.RegressionTest0,N/A,N/A,1,N/A,0.001,ERROR
greplin-zookeeper-utils,com.greplin.zookeeper.RegressionTest0,N/A,N/A,1,N/A,0.001,ERROR
greplin-zookeeper-utils,com.greplin.zookeeper.RegressionTest0,N/A,N/A,1,N/A,0.0,ERROR
greplin-zookeeper-utils,com.greplin.zookeeper.RegressionTest0,N/A,N/A,1,N/A,0.0,ERROR
greplin-zookeeper-utils,com.greplin.zookeeper.RegressionTest0,N/A,N/A,1,N/A,0.001,ERROR
greplin-zookeeper-utils,com.greplin.zookeeper.RegressionTest0,N/A,N/A,1,N/A,0.001,ERROR
greplin-zookeeper-utils,com.greplin.zookeeper.RegressionTest0,N/A,N/A,1,N/A,0.001,ERROR
greplin-zookeeper-utils,com.greplin.zookeeper.RegressionTest1,N/A,N/A,1,N/A,0.0,ERROR
greplin-zookeeper-utils,com.greplin.zookeeper.RegressionTest1,N/A,N/A,1,N/A,0.006,ERROR
greplin-zookeeper-utils,com.greplin.zookeeper.RegressionTest1,N/A,N/A,1,N/A,0.0,ERROR
greplin-zookeeper-utils,com.greplin.zookeeper.RegressionTest1,N/A,N/A,1,N/A,0.0,ERROR
greplin-zookeeper-utils,com.greplin.zookeeper.RegressionTest1,N/A,N/A,1,N/A,0.0,ERROR
greplin-zookeeper-utils,com.greplin.zookeeper.RegressionTest1,N/A,N/A,1,N/A,0.0,ERROR
greplin-zookeeper-utils,com.greplin.zookeeper.RegressionTest1,N/A,N/A,1,N/A,0.002,ERROR
greplin-zookeeper-utils,com.greplin.zookeeper.RegressionTest1,N/A,N/A,1,N/A,0.002,ERROR
greplin-zookeeper-utils,com.greplin.zookeeper.RegressionTest1,N/A,N/A,1,N/A,0.001,ERROR
greplin-zookeeper-utils,com.greplin.zookeeper.RegressionTest1,N/A,N/A,1,N/A,0.0,ERROR
greplin-zookeeper-utils,com.greplin.zookeeper.RegressionTest1,N/A,N/A,1,N/A,0.0,ERROR
greplin-zookeeper-utils,com.greplin.zookeeper.RegressionTest1,N/A,N/A,1,N/A,0.0,ERROR
greplin-zookeeper-utils,com.greplin.zookeeper.RegressionTest1,N/A,N/A,1,N/A,0.0,ERROR
greplin-zookeeper-utils,com.greplin.zookeeper.RegressionTest1,N/A,N/A,1,N/A,0.001,ERROR
greplin-zookeeper-utils,com.greplin.zookeeper.RegressionTest1,N/A,N/A,1,N/A,0.003,ERROR
greplin-zookeeper-utils,com.greplin.zookeeper.RegressionTest1,N/A,N/A,1,N/A,0.0,ERROR
greplin-zookeeper-utils,com.greplin.zookeeper.RegressionTest1,N/A,N/A,1,N/A,0.0,ERROR
greplin-zookeeper-utils,com.greplin.zookeeper.RegressionTest1,N/A,N/A,1,N/A,0.0,ERROR
greplin-zookeeper-utils,com.greplin.zookeeper.RegressionTest1,N/A,N/A,1,N/A,0.0,ERROR
greplin-zookeeper-utils,com.greplin.zookeeper.RegressionTest1,N/A,N/A,1,N/A,0.0,ERROR
greplin-zookeeper-utils,com.greplin.zookeeper.RegressionTest1,N/A,N/A,1,N/A,0.0,ERROR
greplin-zookeeper-utils,com.greplin.zookeeper.RegressionTest1,N/A,N/A,1,N/A,0.0,ERROR
greplin-zookeeper-utils,com.greplin.zookeeper.RegressionTest1,N/A,N/A,1,N/A,0.0,ERROR
greplin-zookeeper-utils,com.greplin.zookeeper.RegressionTest1,N/A,N/A,1,N/A,0.0,ERROR
greplin-zookeeper-utils,com.greplin.zookeeper.RegressionTest1,N/A,N/A,1,N/A,0.0,ERROR
greplin-zookeeper-utils,com.greplin.zookeeper.RegressionTest1,N/A,N/A,1,N/A,0.0,ERROR
greplin-zookeeper-utils,com.greplin.zookeeper.RegressionTest1,N/A,N/A,1,N/A,0.0,ERROR
greplin-zookeeper-utils,com.greplin.zookeeper.RegressionTest1,N/A,N/A,1,N/A,0.001,ERROR
greplin-zookeeper-utils,com.greplin.zookeeper.RegressionTest1,N/A,N/A,1,N/A,0.0,ERROR
greplin-zookeeper-utils,com.greplin.zookeeper.RegressionTest1,N/A,N/A,1,N/A,0.0,ERROR
greplin-zookeeper-utils,com.greplin.zookeeper.RegressionTest1,N/A,N/A,1,N/A,0.0,ERROR
greplin-zookeeper-utils,com.greplin.zookeeper.RegressionTest1,N/A,N/A,1,N/A,0.0,ERROR
greplin-zookeeper-utils,com.greplin.zookeeper.RegressionTest1,N/A,N/A,1,N/A,0.0,ERROR
greplin-zookeeper-utils,com.greplin.zookeeper.RegressionTest1,N/A,N/A,1,N/A,0.001,ERROR
greplin-zookeeper-utils,com.greplin.zookeeper.RegressionTest1,N/A,N/A,1,N/A,0.0,ERROR
greplin-zookeeper-utils,com.greplin.zookeeper.RegressionTest1,N/A,N/A,1,N/A,0.001,ERROR
greplin-zookeeper-utils,com.greplin.zookeeper.RegressionTest1,N/A,N/A,1,N/A,0.001,ERROR
greplin-zookeeper-utils,com.greplin.zookeeper.RegressionTest1,N/A,N/A,1,N/A,0.0,ERROR
greplin-zookeeper-utils,com.greplin.zookeeper.RegressionTest1,N/A,N/A,1,N/A,0.001,ERROR
greplin-zookeeper-utils,com.greplin.zookeeper.RegressionTest1,N/A,N/A,1,N/A,0.001,ERROR
greplin-zookeeper-utils,com.greplin.zookeeper.RegressionTest1,N/A,N/A,1,N/A,0.0,ERROR
greplin-zookeeper-utils,com.greplin.zookeeper.RegressionTest1,N/A,N/A,1,N/A,0.0,ERROR
greplin-zookeeper-utils,com.greplin.zookeeper.RegressionTest1,N/A,N/A,1,N/A,0.001,ERROR
greplin-zookeeper-utils,com.greplin.zookeeper.RegressionTest1,N/A,N/A,1,N/A,0.002,ERROR
greplin-zookeeper-utils,com.greplin.zookeeper.RegressionTest1,N/A,N/A,1,N/A,0.0,ERROR
greplin-zookeeper-utils,com.greplin.zookeeper.RegressionTest1,N/A,N/A,1,N/A,0.0,ERROR
greplin-zookeeper-utils,com.greplin.zookeeper.RegressionTest1,N/A,N/A,1,N/A,0.0,ERROR
greplin-zookeeper-utils,com.greplin.zookeeper.RegressionTest1,N/A,N/A,1,N/A,0.0,ERROR
greplin-zookeeper-utils,com.greplin.zookeeper.RegressionTest1,N/A,N/A,1,N/A,0.0,ERROR
greplin-zookeeper-utils,com.greplin.zookeeper.RegressionTest1,N/A,N/A,1,N/A,0.003,ERROR
greplin-zookeeper-utils,com.greplin.zookeeper.RegressionTest1,N/A,N/A,1,N/A,0.0,ERROR
greplin-zookeeper-utils,com.greplin.zookeeper.RegressionTest1,N/A,N/A,1,N/A,0.002,ERROR
greplin-zookeeper-utils,com.greplin.zookeeper.RegressionTest1,N/A,N/A,1,N/A,0.0,ERROR
greplin-zookeeper-utils,com.greplin.zookeeper.RegressionTest1,N/A,N/A,1,N/A,0.001,ERROR
greplin-zookeeper-utils,com.greplin.zookeeper.RegressionTest1,N/A,N/A,1,N/A,0.001,ERROR
greplin-zookeeper-utils,com.greplin.zookeeper.RegressionTest1,N/A,N/A,1,N/A,0.0,ERROR
greplin-zookeeper-utils,com.greplin.zookeeper.RegressionTest1,N/A,N/A,1,N/A,0.0,ERROR
greplin-zookeeper-utils,com.greplin.zookeeper.RegressionTest1,N/A,N/A,1,N/A,0.001,ERROR
greplin-zookeeper-utils,com.greplin.zookeeper.RegressionTest1,N/A,N/A,1,N/A,0.0,ERROR
greplin-zookeeper-utils,com.greplin.zookeeper.RegressionTest1,N/A,N/A,1,N/A,0.0,ERROR
greplin-zookeeper-utils,com.greplin.zookeeper.RegressionTest1,N/A,N/A,1,N/A,0.0,ERROR
greplin-zookeeper-utils,com.greplin.zookeeper.RegressionTest1,N/A,N/A,1,N/A,0.002,ERROR
greplin-zookeeper-utils,com.greplin.zookeeper.RegressionTest1,N/A,N/A,1,N/A,0.0,ERROR
greplin-zookeeper-utils,com.greplin.zookeeper.RegressionTest1,N/A,N/A,1,N/A,0.002,ERROR
greplin-zookeeper-utils,com.greplin.zookeeper.RegressionTest1,N/A,N/A,1,N/A,0.0,ERROR
greplin-zookeeper-utils,com.greplin.zookeeper.RegressionTest1,N/A,N/A,1,N/A,0.001,ERROR
greplin-zookeeper-utils,com.greplin.zookeeper.RegressionTest1,N/A,N/A,1,N/A,0.0,ERROR
greplin-zookeeper-utils,com.greplin.zookeeper.RegressionTest1,N/A,N/A,1,N/A,0.001,ERROR
greplin-zookeeper-utils,com.greplin.zookeeper.RegressionTest1,N/A,N/A,1,N/A,0.001,ERROR
greplin-zookeeper-utils,com.greplin.zookeeper.RegressionTest1,N/A,N/A,1,N/A,0.0,ERROR
greplin-zookeeper-utils,com.greplin.zookeeper.RegressionTest1,N/A,N/A,1,N/A,0.0,ERROR
greplin-zookeeper-utils,com.greplin.zookeeper.RegressionTest1,N/A,N/A,1,N/A,0.001,ERROR
greplin-zookeeper-utils,com.greplin.zookeeper.RegressionTest1,N/A,N/A,1,N/A,0.0,ERROR
greplin-zookeeper-utils,com.greplin.zookeeper.RegressionTest1,N/A,N/A,1,N/A,0.0,ERROR
greplin-zookeeper-utils,com.greplin.zookeeper.RegressionTest1,N/A,N/A,1,N/A,0.0,ERROR
greplin-zookeeper-utils,com.greplin.zookeeper.RegressionTest1,N/A,N/A,1,N/A,0.0,ERROR
greplin-zookeeper-utils,com.greplin.zookeeper.RegressionTest1,N/A,N/A,1,N/A,0.0,ERROR
greplin-zookeeper-utils,com.greplin.zookeeper.RegressionTest1,N/A,N/A,1,N/A,0.0,ERROR
greplin-zookeeper-utils,null,8,0,8,0,0.001,FAILURE
greplin-zookeeper-utils,com.greplin.zookeeper.RobustZooKeeperTest,N/A,N/A,1,N/A,0.0,ERROR
greplin-zookeeper-utils,com.greplin.zookeeper.RobustZooKeeperTest,N/A,N/A,1,N/A,0.0,ERROR
greplin-zookeeper-utils,com.greplin.zookeeper.RobustZooKeeperTest,N/A,N/A,1,N/A,0.0,ERROR
greplin-zookeeper-utils,com.greplin.zookeeper.RobustZooKeeperTest,N/A,N/A,1,N/A,0.0,ERROR
greplin-zookeeper-utils,com.greplin.zookeeper.RobustZooKeeperTest,N/A,N/A,1,N/A,0.0,ERROR
greplin-zookeeper-utils,com.greplin.zookeeper.RobustZooKeeperTest,N/A,N/A,1,N/A,0.0,ERROR
greplin-zookeeper-utils,com.greplin.zookeeper.RobustZooKeeperTest,N/A,N/A,1,N/A,0.0,ERROR
greplin-zookeeper-utils,com.greplin.zookeeper.RobustZooKeeperTest,N/A,N/A,1,N/A,0.0,ERROR
Sum: 76.078999999999997
--------------------Execution: 4 -----------------------------------
greplin-zookeeper-utils,null,749,0,249,0,73.04,FAILURE
greplin-zookeeper-utils,com.greplin.zookeeper.RegressionTest0,N/A,N/A,1,N/A,0.572,ERROR
greplin-zookeeper-utils,com.greplin.zookeeper.RegressionTest0,N/A,N/A,1,N/A,0.001,ERROR
greplin-zookeeper-utils,com.greplin.zookeeper.RegressionTest0,N/A,N/A,1,N/A,0.002,ERROR
greplin-zookeeper-utils,com.greplin.zookeeper.RegressionTest0,N/A,N/A,1,N/A,0.001,ERROR
greplin-zookeeper-utils,com.greplin.zookeeper.RegressionTest0,N/A,N/A,1,N/A,0.001,ERROR
greplin-zookeeper-utils,com.greplin.zookeeper.RegressionTest0,N/A,N/A,1,N/A,0.001,ERROR
greplin-zookeeper-utils,com.greplin.zookeeper.RegressionTest0,N/A,N/A,1,N/A,0.001,ERROR
greplin-zookeeper-utils,com.greplin.zookeeper.RegressionTest0,N/A,N/A,1,N/A,0.0,ERROR
greplin-zookeeper-utils,com.greplin.zookeeper.RegressionTest0,N/A,N/A,1,N/A,0.001,ERROR
greplin-zookeeper-utils,com.greplin.zookeeper.RegressionTest0,N/A,N/A,1,N/A,0.007,ERROR
greplin-zookeeper-utils,com.greplin.zookeeper.RegressionTest0,N/A,N/A,1,N/A,0.0,ERROR
greplin-zookeeper-utils,com.greplin.zookeeper.RegressionTest0,N/A,N/A,1,N/A,0.0,ERROR
greplin-zookeeper-utils,com.greplin.zookeeper.RegressionTest0,N/A,N/A,1,N/A,0.0,ERROR
greplin-zookeeper-utils,com.greplin.zookeeper.RegressionTest0,N/A,N/A,1,N/A,0.0,ERROR
greplin-zookeeper-utils,com.greplin.zookeeper.RegressionTest0,N/A,N/A,1,N/A,0.001,ERROR
greplin-zookeeper-utils,com.greplin.zookeeper.RegressionTest0,N/A,N/A,1,N/A,0.0,ERROR
greplin-zookeeper-utils,com.greplin.zookeeper.RegressionTest0,N/A,N/A,1,N/A,0.001,ERROR
greplin-zookeeper-utils,com.greplin.zookeeper.RegressionTest0,N/A,N/A,1,N/A,0.814,ERROR
greplin-zookeeper-utils,com.greplin.zookeeper.RegressionTest0,N/A,N/A,1,N/A,0.001,ERROR
greplin-zookeeper-utils,com.greplin.zookeeper.RegressionTest0,N/A,N/A,1,N/A,0.001,ERROR
greplin-zookeeper-utils,com.greplin.zookeeper.RegressionTest0,N/A,N/A,1,N/A,0.001,ERROR
greplin-zookeeper-utils,com.greplin.zookeeper.RegressionTest0,N/A,N/A,1,N/A,0.001,ERROR
greplin-zookeeper-utils,com.greplin.zookeeper.RegressionTest0,N/A,N/A,1,N/A,0.001,ERROR
greplin-zookeeper-utils,com.greplin.zookeeper.RegressionTest0,N/A,N/A,1,N/A,0.002,ERROR
greplin-zookeeper-utils,com.greplin.zookeeper.RegressionTest0,N/A,N/A,1,N/A,0.0,ERROR
greplin-zookeeper-utils,com.greplin.zookeeper.RegressionTest0,N/A,N/A,1,N/A,0.002,ERROR
greplin-zookeeper-utils,com.greplin.zookeeper.RegressionTest0,N/A,N/A,1,N/A,0.002,ERROR
greplin-zookeeper-utils,com.greplin.zookeeper.RegressionTest0,N/A,N/A,1,N/A,0.0,ERROR
greplin-zookeeper-utils,com.greplin.zookeeper.RegressionTest0,N/A,N/A,1,N/A,0.002,ERROR
greplin-zookeeper-utils,com.greplin.zookeeper.RegressionTest0,N/A,N/A,1,N/A,0.0,ERROR
greplin-zookeeper-utils,com.greplin.zookeeper.RegressionTest0,N/A,N/A,1,N/A,0.0,ERROR
greplin-zookeeper-utils,com.greplin.zookeeper.RegressionTest0,N/A,N/A,1,N/A,0.0,ERROR
greplin-zookeeper-utils,com.greplin.zookeeper.RegressionTest0,N/A,N/A,1,N/A,0.001,ERROR
greplin-zookeeper-utils,com.greplin.zookeeper.RegressionTest0,N/A,N/A,1,N/A,0.001,ERROR
greplin-zookeeper-utils,com.greplin.zookeeper.RegressionTest0,N/A,N/A,1,N/A,0.001,ERROR
greplin-zookeeper-utils,com.greplin.zookeeper.RegressionTest0,N/A,N/A,1,N/A,0.0,ERROR
greplin-zookeeper-utils,com.greplin.zookeeper.RegressionTest0,N/A,N/A,1,N/A,0.001,ERROR
greplin-zookeeper-utils,com.greplin.zookeeper.RegressionTest0,N/A,N/A,1,N/A,0.0,ERROR
greplin-zookeeper-utils,com.greplin.zookeeper.RegressionTest0,N/A,N/A,1,N/A,0.0,ERROR
greplin-zookeeper-utils,com.greplin.zookeeper.RegressionTest0,N/A,N/A,1,N/A,0.0,ERROR
greplin-zookeeper-utils,com.greplin.zookeeper.RegressionTest0,N/A,N/A,1,N/A,0.0,ERROR
greplin-zookeeper-utils,com.greplin.zookeeper.RegressionTest0,N/A,N/A,1,N/A,0.001,ERROR
greplin-zookeeper-utils,com.greplin.zookeeper.RegressionTest0,N/A,N/A,1,N/A,0.0,ERROR
greplin-zookeeper-utils,com.greplin.zookeeper.RegressionTest0,N/A,N/A,1,N/A,0.003,ERROR
greplin-zookeeper-utils,com.greplin.zookeeper.RegressionTest0,N/A,N/A,1,N/A,0.001,ERROR
greplin-zookeeper-utils,com.greplin.zookeeper.RegressionTest0,N/A,N/A,1,N/A,0.002,ERROR
greplin-zookeeper-utils,com.greplin.zookeeper.RegressionTest0,N/A,N/A,1,N/A,0.0,ERROR
greplin-zookeeper-utils,com.greplin.zookeeper.RegressionTest0,N/A,N/A,1,N/A,0.0,ERROR
greplin-zookeeper-utils,com.greplin.zookeeper.RegressionTest0,N/A,N/A,1,N/A,0.001,ERROR
greplin-zookeeper-utils,com.greplin.zookeeper.RegressionTest0,N/A,N/A,1,N/A,0.0,ERROR
greplin-zookeeper-utils,com.greplin.zookeeper.RegressionTest0,N/A,N/A,1,N/A,0.008,ERROR
greplin-zookeeper-utils,com.greplin.zookeeper.RegressionTest0,N/A,N/A,1,N/A,0.0,ERROR
greplin-zookeeper-utils,com.greplin.zookeeper.RegressionTest0,N/A,N/A,1,N/A,0.0,ERROR
greplin-zookeeper-utils,com.greplin.zookeeper.RegressionTest0,N/A,N/A,1,N/A,0.0,ERROR
greplin-zookeeper-utils,com.greplin.zookeeper.RegressionTest0,N/A,N/A,1,N/A,0.0,ERROR
greplin-zookeeper-utils,com.greplin.zookeeper.RegressionTest0,N/A,N/A,1,N/A,0.002,ERROR
greplin-zookeeper-utils,com.greplin.zookeeper.RegressionTest0,N/A,N/A,1,N/A,0.0,ERROR
greplin-zookeeper-utils,com.greplin.zookeeper.RegressionTest0,N/A,N/A,1,N/A,0.003,ERROR
greplin-zookeeper-utils,com.greplin.zookeeper.RegressionTest0,N/A,N/A,1,N/A,0.0,ERROR
greplin-zookeeper-utils,com.greplin.zookeeper.RegressionTest0,N/A,N/A,1,N/A,0.0,ERROR
greplin-zookeeper-utils,com.greplin.zookeeper.RegressionTest0,N/A,N/A,1,N/A,0.001,ERROR
greplin-zookeeper-utils,com.greplin.zookeeper.RegressionTest0,N/A,N/A,1,N/A,0.001,ERROR
greplin-zookeeper-utils,com.greplin.zookeeper.RegressionTest0,N/A,N/A,1,N/A,0.0,ERROR
greplin-zookeeper-utils,com.greplin.zookeeper.RegressionTest0,N/A,N/A,1,N/A,0.001,ERROR
greplin-zookeeper-utils,com.greplin.zookeeper.RegressionTest0,N/A,N/A,1,N/A,0.001,ERROR
greplin-zookeeper-utils,com.greplin.zookeeper.RegressionTest0,N/A,N/A,1,N/A,0.001,ERROR
greplin-zookeeper-utils,com.greplin.zookeeper.RegressionTest0,N/A,N/A,1,N/A,0.001,ERROR
greplin-zookeeper-utils,com.greplin.zookeeper.RegressionTest0,N/A,N/A,1,N/A,0.001,ERROR
greplin-zookeeper-utils,com.greplin.zookeeper.RegressionTest0,N/A,N/A,1,N/A,0.001,ERROR
greplin-zookeeper-utils,com.greplin.zookeeper.RegressionTest0,N/A,N/A,1,N/A,0.001,ERROR
greplin-zookeeper-utils,com.greplin.zookeeper.RegressionTest0,N/A,N/A,1,N/A,0.001,ERROR
greplin-zookeeper-utils,com.greplin.zookeeper.RegressionTest0,N/A,N/A,1,N/A,0.002,ERROR
greplin-zookeeper-utils,com.greplin.zookeeper.RegressionTest0,N/A,N/A,1,N/A,0.002,ERROR
greplin-zookeeper-utils,com.greplin.zookeeper.RegressionTest0,N/A,N/A,1,N/A,0.0,ERROR
greplin-zookeeper-utils,com.greplin.zookeeper.RegressionTest0,N/A,N/A,1,N/A,0.001,ERROR
greplin-zookeeper-utils,com.greplin.zookeeper.RegressionTest0,N/A,N/A,1,N/A,0.0,ERROR
greplin-zookeeper-utils,com.greplin.zookeeper.RegressionTest0,N/A,N/A,1,N/A,0.0,ERROR
greplin-zookeeper-utils,com.greplin.zookeeper.RegressionTest0,N/A,N/A,1,N/A,0.001,ERROR
greplin-zookeeper-utils,com.greplin.zookeeper.RegressionTest0,N/A,N/A,1,N/A,0.001,ERROR
greplin-zookeeper-utils,com.greplin.zookeeper.RegressionTest0,N/A,N/A,1,N/A,0.001,ERROR
greplin-zookeeper-utils,com.greplin.zookeeper.RegressionTest0,N/A,N/A,1,N/A,0.0,ERROR
greplin-zookeeper-utils,com.greplin.zookeeper.RegressionTest0,N/A,N/A,1,N/A,0.001,ERROR
greplin-zookeeper-utils,com.greplin.zookeeper.RegressionTest0,N/A,N/A,1,N/A,0.001,ERROR
greplin-zookeeper-utils,com.greplin.zookeeper.RegressionTest0,N/A,N/A,1,N/A,0.001,ERROR
greplin-zookeeper-utils,com.greplin.zookeeper.RegressionTest0,N/A,N/A,1,N/A,0.0,ERROR
greplin-zookeeper-utils,com.greplin.zookeeper.RegressionTest0,N/A,N/A,1,N/A,0.001,ERROR
greplin-zookeeper-utils,com.greplin.zookeeper.RegressionTest0,N/A,N/A,1,N/A,0.001,ERROR
greplin-zookeeper-utils,com.greplin.zookeeper.RegressionTest0,N/A,N/A,1,N/A,0.001,ERROR
greplin-zookeeper-utils,com.greplin.zookeeper.RegressionTest0,N/A,N/A,1,N/A,0.002,ERROR
greplin-zookeeper-utils,com.greplin.zookeeper.RegressionTest0,N/A,N/A,1,N/A,0.001,ERROR
greplin-zookeeper-utils,com.greplin.zookeeper.RegressionTest0,N/A,N/A,1,N/A,0.0,ERROR
greplin-zookeeper-utils,com.greplin.zookeeper.RegressionTest0,N/A,N/A,1,N/A,0.0,ERROR
greplin-zookeeper-utils,com.greplin.zookeeper.RegressionTest0,N/A,N/A,1,N/A,0.001,ERROR
greplin-zookeeper-utils,com.greplin.zookeeper.RegressionTest0,N/A,N/A,1,N/A,0.001,ERROR
greplin-zookeeper-utils,com.greplin.zookeeper.RegressionTest0,N/A,N/A,1,N/A,0.002,ERROR
greplin-zookeeper-utils,com.greplin.zookeeper.RegressionTest0,N/A,N/A,1,N/A,0.001,ERROR
greplin-zookeeper-utils,com.greplin.zookeeper.RegressionTest0,N/A,N/A,1,N/A,0.001,ERROR
greplin-zookeeper-utils,com.greplin.zookeeper.RegressionTest0,N/A,N/A,1,N/A,0.001,ERROR
greplin-zookeeper-utils,com.greplin.zookeeper.RegressionTest0,N/A,N/A,1,N/A,0.0,ERROR
greplin-zookeeper-utils,com.greplin.zookeeper.RegressionTest0,N/A,N/A,1,N/A,0.001,ERROR
greplin-zookeeper-utils,com.greplin.zookeeper.RegressionTest0,N/A,N/A,1,N/A,0.0,ERROR
greplin-zookeeper-utils,com.greplin.zookeeper.RegressionTest0,N/A,N/A,1,N/A,0.001,ERROR
greplin-zookeeper-utils,com.greplin.zookeeper.RegressionTest0,N/A,N/A,1,N/A,0.001,ERROR
greplin-zookeeper-utils,com.greplin.zookeeper.RegressionTest0,N/A,N/A,1,N/A,0.0,ERROR
greplin-zookeeper-utils,com.greplin.zookeeper.RegressionTest0,N/A,N/A,1,N/A,0.0,ERROR
greplin-zookeeper-utils,com.greplin.zookeeper.RegressionTest0,N/A,N/A,1,N/A,0.0,ERROR
greplin-zookeeper-utils,com.greplin.zookeeper.RegressionTest0,N/A,N/A,1,N/A,0.001,ERROR
greplin-zookeeper-utils,com.greplin.zookeeper.RegressionTest0,N/A,N/A,1,N/A,0.001,ERROR
greplin-zookeeper-utils,com.greplin.zookeeper.RegressionTest0,N/A,N/A,1,N/A,0.0,ERROR
greplin-zookeeper-utils,com.greplin.zookeeper.RegressionTest0,N/A,N/A,1,N/A,0.001,ERROR
greplin-zookeeper-utils,com.greplin.zookeeper.RegressionTest0,N/A,N/A,1,N/A,0.0,ERROR
greplin-zookeeper-utils,com.greplin.zookeeper.RegressionTest0,N/A,N/A,1,N/A,0.0,ERROR
greplin-zookeeper-utils,com.greplin.zookeeper.RegressionTest0,N/A,N/A,1,N/A,0.001,ERROR
greplin-zookeeper-utils,com.greplin.zookeeper.RegressionTest0,N/A,N/A,1,N/A,0.001,ERROR
greplin-zookeeper-utils,com.greplin.zookeeper.RegressionTest0,N/A,N/A,1,N/A,0.001,ERROR
greplin-zookeeper-utils,com.greplin.zookeeper.RegressionTest0,N/A,N/A,1,N/A,0.001,ERROR
greplin-zookeeper-utils,com.greplin.zookeeper.RegressionTest0,N/A,N/A,1,N/A,0.0,ERROR
greplin-zookeeper-utils,com.greplin.zookeeper.RegressionTest0,N/A,N/A,1,N/A,0.0,ERROR
greplin-zookeeper-utils,com.greplin.zookeeper.RegressionTest0,N/A,N/A,1,N/A,0.001,ERROR
greplin-zookeeper-utils,com.greplin.zookeeper.RegressionTest0,N/A,N/A,1,N/A,0.001,ERROR
greplin-zookeeper-utils,com.greplin.zookeeper.RegressionTest0,N/A,N/A,1,N/A,0.001,ERROR
greplin-zookeeper-utils,com.greplin.zookeeper.RegressionTest0,N/A,N/A,1,N/A,0.001,ERROR
greplin-zookeeper-utils,com.greplin.zookeeper.RegressionTest0,N/A,N/A,1,N/A,0.0,ERROR
greplin-zookeeper-utils,com.greplin.zookeeper.RegressionTest0,N/A,N/A,1,N/A,0.001,ERROR
greplin-zookeeper-utils,com.greplin.zookeeper.RegressionTest0,N/A,N/A,1,N/A,0.001,ERROR
greplin-zookeeper-utils,com.greplin.zookeeper.RegressionTest0,N/A,N/A,1,N/A,0.002,ERROR
greplin-zookeeper-utils,com.greplin.zookeeper.RegressionTest0,N/A,N/A,1,N/A,0.002,ERROR
greplin-zookeeper-utils,com.greplin.zookeeper.RegressionTest0,N/A,N/A,1,N/A,0.0,ERROR
greplin-zookeeper-utils,com.greplin.zookeeper.RegressionTest0,N/A,N/A,1,N/A,0.0,ERROR
greplin-zookeeper-utils,com.greplin.zookeeper.RegressionTest0,N/A,N/A,1,N/A,0.0,ERROR
greplin-zookeeper-utils,com.greplin.zookeeper.RegressionTest0,N/A,N/A,1,N/A,0.0,ERROR
greplin-zookeeper-utils,com.greplin.zookeeper.RegressionTest0,N/A,N/A,1,N/A,0.0,ERROR
greplin-zookeeper-utils,com.greplin.zookeeper.RegressionTest0,N/A,N/A,1,N/A,0.0,ERROR
greplin-zookeeper-utils,com.greplin.zookeeper.RegressionTest0,N/A,N/A,1,N/A,0.0,ERROR
greplin-zookeeper-utils,com.greplin.zookeeper.RegressionTest0,N/A,N/A,1,N/A,0.001,ERROR
greplin-zookeeper-utils,com.greplin.zookeeper.RegressionTest0,N/A,N/A,1,N/A,0.001,ERROR
greplin-zookeeper-utils,com.greplin.zookeeper.RegressionTest0,N/A,N/A,1,N/A,0.001,ERROR
greplin-zookeeper-utils,com.greplin.zookeeper.RegressionTest0,N/A,N/A,1,N/A,0.002,ERROR
greplin-zookeeper-utils,com.greplin.zookeeper.RegressionTest0,N/A,N/A,1,N/A,0.0,ERROR
greplin-zookeeper-utils,com.greplin.zookeeper.RegressionTest0,N/A,N/A,1,N/A,0.0,ERROR
greplin-zookeeper-utils,com.greplin.zookeeper.RegressionTest0,N/A,N/A,1,N/A,0.0,ERROR
greplin-zookeeper-utils,com.greplin.zookeeper.RegressionTest0,N/A,N/A,1,N/A,0.0,ERROR
greplin-zookeeper-utils,com.greplin.zookeeper.RegressionTest0,N/A,N/A,1,N/A,0.0,ERROR
greplin-zookeeper-utils,com.greplin.zookeeper.RegressionTest0,N/A,N/A,1,N/A,0.0,ERROR
greplin-zookeeper-utils,com.greplin.zookeeper.RegressionTest0,N/A,N/A,1,N/A,0.0,ERROR
greplin-zookeeper-utils,com.greplin.zookeeper.RegressionTest0,N/A,N/A,1,N/A,0.0,ERROR
greplin-zookeeper-utils,com.greplin.zookeeper.RegressionTest0,N/A,N/A,1,N/A,0.0,ERROR
greplin-zookeeper-utils,com.greplin.zookeeper.RegressionTest0,N/A,N/A,1,N/A,0.0,ERROR
greplin-zookeeper-utils,com.greplin.zookeeper.RegressionTest0,N/A,N/A,1,N/A,0.0,ERROR
greplin-zookeeper-utils,com.greplin.zookeeper.RegressionTest0,N/A,N/A,1,N/A,0.008,ERROR
greplin-zookeeper-utils,com.greplin.zookeeper.RegressionTest0,N/A,N/A,1,N/A,0.0,ERROR
greplin-zookeeper-utils,com.greplin.zookeeper.RegressionTest0,N/A,N/A,1,N/A,0.0,ERROR
greplin-zookeeper-utils,com.greplin.zookeeper.RegressionTest0,N/A,N/A,1,N/A,0.0,ERROR
greplin-zookeeper-utils,com.greplin.zookeeper.RegressionTest0,N/A,N/A,1,N/A,0.0,ERROR
greplin-zookeeper-utils,com.greplin.zookeeper.RegressionTest0,N/A,N/A,1,N/A,0.0,ERROR
greplin-zookeeper-utils,com.greplin.zookeeper.RegressionTest0,N/A,N/A,1,N/A,0.0,ERROR
greplin-zookeeper-utils,com.greplin.zookeeper.RegressionTest0,N/A,N/A,1,N/A,0.001,ERROR
greplin-zookeeper-utils,com.greplin.zookeeper.RegressionTest0,N/A,N/A,1,N/A,0.001,ERROR
greplin-zookeeper-utils,com.greplin.zookeeper.RegressionTest0,N/A,N/A,1,N/A,0.001,ERROR
greplin-zookeeper-utils,com.greplin.zookeeper.RegressionTest0,N/A,N/A,1,N/A,0.0,ERROR
greplin-zookeeper-utils,com.greplin.zookeeper.RegressionTest0,N/A,N/A,1,N/A,0.006,ERROR
greplin-zookeeper-utils,com.greplin.zookeeper.RegressionTest0,N/A,N/A,1,N/A,0.0,ERROR
greplin-zookeeper-utils,com.greplin.zookeeper.RegressionTest0,N/A,N/A,1,N/A,0.0,ERROR
greplin-zookeeper-utils,com.greplin.zookeeper.RegressionTest0,N/A,N/A,1,N/A,0.0,ERROR
greplin-zookeeper-utils,com.greplin.zookeeper.RegressionTest0,N/A,N/A,1,N/A,0.0,ERROR
greplin-zookeeper-utils,com.greplin.zookeeper.RegressionTest0,N/A,N/A,1,N/A,0.0,ERROR
greplin-zookeeper-utils,com.greplin.zookeeper.RegressionTest0,N/A,N/A,1,N/A,0.0,ERROR
greplin-zookeeper-utils,com.greplin.zookeeper.RegressionTest0,N/A,N/A,1,N/A,0.0,ERROR
greplin-zookeeper-utils,com.greplin.zookeeper.RegressionTest0,N/A,N/A,1,N/A,0.0,ERROR
greplin-zookeeper-utils,com.greplin.zookeeper.RegressionTest0,N/A,N/A,1,N/A,0.001,ERROR
greplin-zookeeper-utils,com.greplin.zookeeper.RegressionTest0,N/A,N/A,1,N/A,0.001,ERROR
greplin-zookeeper-utils,com.greplin.zookeeper.RegressionTest1,N/A,N/A,1,N/A,0.0,ERROR
greplin-zookeeper-utils,com.greplin.zookeeper.RegressionTest1,N/A,N/A,1,N/A,0.0,ERROR
greplin-zookeeper-utils,com.greplin.zookeeper.RegressionTest1,N/A,N/A,1,N/A,0.0,ERROR
greplin-zookeeper-utils,com.greplin.zookeeper.RegressionTest1,N/A,N/A,1,N/A,0.0,ERROR
greplin-zookeeper-utils,com.greplin.zookeeper.RegressionTest1,N/A,N/A,1,N/A,0.002,ERROR
greplin-zookeeper-utils,com.greplin.zookeeper.RegressionTest1,N/A,N/A,1,N/A,0.0,ERROR
greplin-zookeeper-utils,com.greplin.zookeeper.RegressionTest1,N/A,N/A,1,N/A,0.001,ERROR
greplin-zookeeper-utils,com.greplin.zookeeper.RegressionTest1,N/A,N/A,1,N/A,0.002,ERROR
greplin-zookeeper-utils,com.greplin.zookeeper.RegressionTest1,N/A,N/A,1,N/A,0.001,ERROR
greplin-zookeeper-utils,com.greplin.zookeeper.RegressionTest1,N/A,N/A,1,N/A,0.0,ERROR
greplin-zookeeper-utils,com.greplin.zookeeper.RegressionTest1,N/A,N/A,1,N/A,0.0,ERROR
greplin-zookeeper-utils,com.greplin.zookeeper.RegressionTest1,N/A,N/A,1,N/A,0.0,ERROR
greplin-zookeeper-utils,com.greplin.zookeeper.RegressionTest1,N/A,N/A,1,N/A,0.0,ERROR
greplin-zookeeper-utils,com.greplin.zookeeper.RegressionTest1,N/A,N/A,1,N/A,0.001,ERROR
greplin-zookeeper-utils,com.greplin.zookeeper.RegressionTest1,N/A,N/A,1,N/A,0.003,ERROR
greplin-zookeeper-utils,com.greplin.zookeeper.RegressionTest1,N/A,N/A,1,N/A,0.0,ERROR
greplin-zookeeper-utils,com.greplin.zookeeper.RegressionTest1,N/A,N/A,1,N/A,0.0,ERROR
greplin-zookeeper-utils,com.greplin.zookeeper.RegressionTest1,N/A,N/A,1,N/A,0.0,ERROR
greplin-zookeeper-utils,com.greplin.zookeeper.RegressionTest1,N/A,N/A,1,N/A,0.001,ERROR
greplin-zookeeper-utils,com.greplin.zookeeper.RegressionTest1,N/A,N/A,1,N/A,0.001,ERROR
greplin-zookeeper-utils,com.greplin.zookeeper.RegressionTest1,N/A,N/A,1,N/A,0.001,ERROR
greplin-zookeeper-utils,com.greplin.zookeeper.RegressionTest1,N/A,N/A,1,N/A,0.0,ERROR
greplin-zookeeper-utils,com.greplin.zookeeper.RegressionTest1,N/A,N/A,1,N/A,0.001,ERROR
greplin-zookeeper-utils,com.greplin.zookeeper.RegressionTest1,N/A,N/A,1,N/A,0.001,ERROR
greplin-zookeeper-utils,com.greplin.zookeeper.RegressionTest1,N/A,N/A,1,N/A,0.0,ERROR
greplin-zookeeper-utils,com.greplin.zookeeper.RegressionTest1,N/A,N/A,1,N/A,0.0,ERROR
greplin-zookeeper-utils,com.greplin.zookeeper.RegressionTest1,N/A,N/A,1,N/A,0.0,ERROR
greplin-zookeeper-utils,com.greplin.zookeeper.RegressionTest1,N/A,N/A,1,N/A,0.0,ERROR
greplin-zookeeper-utils,com.greplin.zookeeper.RegressionTest1,N/A,N/A,1,N/A,0.0,ERROR
greplin-zookeeper-utils,com.greplin.zookeeper.RegressionTest1,N/A,N/A,1,N/A,0.0,ERROR
greplin-zookeeper-utils,com.greplin.zookeeper.RegressionTest1,N/A,N/A,1,N/A,0.0,ERROR
greplin-zookeeper-utils,com.greplin.zookeeper.RegressionTest1,N/A,N/A,1,N/A,0.0,ERROR
greplin-zookeeper-utils,com.greplin.zookeeper.RegressionTest1,N/A,N/A,1,N/A,0.0,ERROR
greplin-zookeeper-utils,com.greplin.zookeeper.RegressionTest1,N/A,N/A,1,N/A,0.0,ERROR
greplin-zookeeper-utils,com.greplin.zookeeper.RegressionTest1,N/A,N/A,1,N/A,0.0,ERROR
greplin-zookeeper-utils,com.greplin.zookeeper.RegressionTest1,N/A,N/A,1,N/A,0.001,ERROR
greplin-zookeeper-utils,com.greplin.zookeeper.RegressionTest1,N/A,N/A,1,N/A,0.003,ERROR
greplin-zookeeper-utils,com.greplin.zookeeper.RegressionTest1,N/A,N/A,1,N/A,0.0,ERROR
greplin-zookeeper-utils,com.greplin.zookeeper.RegressionTest1,N/A,N/A,1,N/A,0.0,ERROR
greplin-zookeeper-utils,com.greplin.zookeeper.RegressionTest1,N/A,N/A,1,N/A,0.0,ERROR
greplin-zookeeper-utils,com.greplin.zookeeper.RegressionTest1,N/A,N/A,1,N/A,0.0,ERROR
greplin-zookeeper-utils,com.greplin.zookeeper.RegressionTest1,N/A,N/A,1,N/A,0.0,ERROR
greplin-zookeeper-utils,com.greplin.zookeeper.RegressionTest1,N/A,N/A,1,N/A,0.0,ERROR
greplin-zookeeper-utils,com.greplin.zookeeper.RegressionTest1,N/A,N/A,1,N/A,0.002,ERROR
greplin-zookeeper-utils,com.greplin.zookeeper.RegressionTest1,N/A,N/A,1,N/A,0.0,ERROR
greplin-zookeeper-utils,com.greplin.zookeeper.RegressionTest1,N/A,N/A,1,N/A,0.0,ERROR
greplin-zookeeper-utils,com.greplin.zookeeper.RegressionTest1,N/A,N/A,1,N/A,0.0,ERROR
greplin-zookeeper-utils,com.greplin.zookeeper.RegressionTest1,N/A,N/A,1,N/A,0.001,ERROR
greplin-zookeeper-utils,com.greplin.zookeeper.RegressionTest1,N/A,N/A,1,N/A,0.0,ERROR
greplin-zookeeper-utils,com.greplin.zookeeper.RegressionTest1,N/A,N/A,1,N/A,0.003,ERROR
greplin-zookeeper-utils,com.greplin.zookeeper.RegressionTest1,N/A,N/A,1,N/A,0.001,ERROR
greplin-zookeeper-utils,com.greplin.zookeeper.RegressionTest1,N/A,N/A,1,N/A,0.002,ERROR
greplin-zookeeper-utils,com.greplin.zookeeper.RegressionTest1,N/A,N/A,1,N/A,0.0,ERROR
greplin-zookeeper-utils,com.greplin.zookeeper.RegressionTest1,N/A,N/A,1,N/A,0.0,ERROR
greplin-zookeeper-utils,com.greplin.zookeeper.RegressionTest1,N/A,N/A,1,N/A,0.001,ERROR
greplin-zookeeper-utils,com.greplin.zookeeper.RegressionTest1,N/A,N/A,1,N/A,0.001,ERROR
greplin-zookeeper-utils,com.greplin.zookeeper.RegressionTest1,N/A,N/A,1,N/A,0.001,ERROR
greplin-zookeeper-utils,com.greplin.zookeeper.RegressionTest1,N/A,N/A,1,N/A,0.0,ERROR
greplin-zookeeper-utils,com.greplin.zookeeper.RegressionTest1,N/A,N/A,1,N/A,0.001,ERROR
greplin-zookeeper-utils,com.greplin.zookeeper.RegressionTest1,N/A,N/A,1,N/A,0.001,ERROR
greplin-zookeeper-utils,com.greplin.zookeeper.RegressionTest1,N/A,N/A,1,N/A,0.001,ERROR
greplin-zookeeper-utils,com.greplin.zookeeper.RegressionTest1,N/A,N/A,1,N/A,0.002,ERROR
greplin-zookeeper-utils,com.greplin.zookeeper.RegressionTest1,N/A,N/A,1,N/A,0.001,ERROR
greplin-zookeeper-utils,com.greplin.zookeeper.RegressionTest1,N/A,N/A,1,N/A,0.002,ERROR
greplin-zookeeper-utils,com.greplin.zookeeper.RegressionTest1,N/A,N/A,1,N/A,0.001,ERROR
greplin-zookeeper-utils,com.greplin.zookeeper.RegressionTest1,N/A,N/A,1,N/A,0.001,ERROR
greplin-zookeeper-utils,com.greplin.zookeeper.RegressionTest1,N/A,N/A,1,N/A,0.001,ERROR
greplin-zookeeper-utils,com.greplin.zookeeper.RegressionTest1,N/A,N/A,1,N/A,0.001,ERROR
greplin-zookeeper-utils,com.greplin.zookeeper.RegressionTest1,N/A,N/A,1,N/A,0.0,ERROR
greplin-zookeeper-utils,com.greplin.zookeeper.RegressionTest1,N/A,N/A,1,N/A,0.0,ERROR
greplin-zookeeper-utils,com.greplin.zookeeper.RegressionTest1,N/A,N/A,1,N/A,0.0,ERROR
greplin-zookeeper-utils,com.greplin.zookeeper.RegressionTest1,N/A,N/A,1,N/A,0.0,ERROR
greplin-zookeeper-utils,com.greplin.zookeeper.RegressionTest1,N/A,N/A,1,N/A,0.001,ERROR
greplin-zookeeper-utils,com.greplin.zookeeper.RegressionTest1,N/A,N/A,1,N/A,0.001,ERROR
greplin-zookeeper-utils,com.greplin.zookeeper.RegressionTest1,N/A,N/A,1,N/A,0.001,ERROR
greplin-zookeeper-utils,com.greplin.zookeeper.RegressionTest1,N/A,N/A,1,N/A,0.0,ERROR
greplin-zookeeper-utils,com.greplin.zookeeper.RegressionTest1,N/A,N/A,1,N/A,0.001,ERROR
greplin-zookeeper-utils,com.greplin.zookeeper.RegressionTest1,N/A,N/A,1,N/A,0.0,ERROR
greplin-zookeeper-utils,null,8,0,8,0,0.0,FAILURE
greplin-zookeeper-utils,com.greplin.zookeeper.RobustZooKeeperTest,N/A,N/A,1,N/A,0.0,ERROR
greplin-zookeeper-utils,com.greplin.zookeeper.RobustZooKeeperTest,N/A,N/A,1,N/A,0.0,ERROR
greplin-zookeeper-utils,com.greplin.zookeeper.RobustZooKeeperTest,N/A,N/A,1,N/A,0.0,ERROR
greplin-zookeeper-utils,com.greplin.zookeeper.RobustZooKeeperTest,N/A,N/A,1,N/A,0.0,ERROR
greplin-zookeeper-utils,com.greplin.zookeeper.RobustZooKeeperTest,N/A,N/A,1,N/A,0.0,ERROR
greplin-zookeeper-utils,com.greplin.zookeeper.RobustZooKeeperTest,N/A,N/A,1,N/A,0.0,ERROR
greplin-zookeeper-utils,com.greplin.zookeeper.RobustZooKeeperTest,N/A,N/A,1,N/A,0.0,ERROR
greplin-zookeeper-utils,com.greplin.zookeeper.RobustZooKeeperTest,N/A,N/A,1,N/A,0.0,ERROR
Sum: 74.605999999999957
--------------------Execution: 5 -----------------------------------
greplin-zookeeper-utils,null,749,0,249,0,71.0,FAILURE
greplin-zookeeper-utils,com.greplin.zookeeper.RegressionTest0,N/A,N/A,1,N/A,0.548,ERROR
greplin-zookeeper-utils,com.greplin.zookeeper.RegressionTest0,N/A,N/A,1,N/A,0.0,ERROR
greplin-zookeeper-utils,com.greplin.zookeeper.RegressionTest0,N/A,N/A,1,N/A,0.001,ERROR
greplin-zookeeper-utils,com.greplin.zookeeper.RegressionTest0,N/A,N/A,1,N/A,0.002,ERROR
greplin-zookeeper-utils,com.greplin.zookeeper.RegressionTest0,N/A,N/A,1,N/A,0.001,ERROR
greplin-zookeeper-utils,com.greplin.zookeeper.RegressionTest0,N/A,N/A,1,N/A,0.001,ERROR
greplin-zookeeper-utils,com.greplin.zookeeper.RegressionTest0,N/A,N/A,1,N/A,0.001,ERROR
greplin-zookeeper-utils,com.greplin.zookeeper.RegressionTest0,N/A,N/A,1,N/A,0.001,ERROR
greplin-zookeeper-utils,com.greplin.zookeeper.RegressionTest0,N/A,N/A,1,N/A,0.001,ERROR
greplin-zookeeper-utils,com.greplin.zookeeper.RegressionTest0,N/A,N/A,1,N/A,0.001,ERROR
greplin-zookeeper-utils,com.greplin.zookeeper.RegressionTest0,N/A,N/A,1,N/A,0.002,ERROR
greplin-zookeeper-utils,com.greplin.zookeeper.RegressionTest0,N/A,N/A,1,N/A,0.0,ERROR
greplin-zookeeper-utils,com.greplin.zookeeper.RegressionTest0,N/A,N/A,1,N/A,0.0,ERROR
greplin-zookeeper-utils,com.greplin.zookeeper.RegressionTest0,N/A,N/A,1,N/A,0.001,ERROR
greplin-zookeeper-utils,com.greplin.zookeeper.RegressionTest0,N/A,N/A,1,N/A,0.001,ERROR
greplin-zookeeper-utils,com.greplin.zookeeper.RegressionTest0,N/A,N/A,1,N/A,0.0,ERROR
greplin-zookeeper-utils,com.greplin.zookeeper.RegressionTest0,N/A,N/A,1,N/A,0.0,ERROR
greplin-zookeeper-utils,com.greplin.zookeeper.RegressionTest0,N/A,N/A,1,N/A,0.769,ERROR
greplin-zookeeper-utils,com.greplin.zookeeper.RegressionTest0,N/A,N/A,1,N/A,0.001,ERROR
greplin-zookeeper-utils,com.greplin.zookeeper.RegressionTest0,N/A,N/A,1,N/A,0.001,ERROR
greplin-zookeeper-utils,com.greplin.zookeeper.RegressionTest0,N/A,N/A,1,N/A,0.001,ERROR
greplin-zookeeper-utils,com.greplin.zookeeper.RegressionTest0,N/A,N/A,1,N/A,0.002,ERROR
greplin-zookeeper-utils,com.greplin.zookeeper.RegressionTest0,N/A,N/A,1,N/A,0.001,ERROR
greplin-zookeeper-utils,com.greplin.zookeeper.RegressionTest0,N/A,N/A,1,N/A,0.001,ERROR
greplin-zookeeper-utils,com.greplin.zookeeper.RegressionTest0,N/A,N/A,1,N/A,0.005,ERROR
greplin-zookeeper-utils,com.greplin.zookeeper.RegressionTest0,N/A,N/A,1,N/A,0.0,ERROR
greplin-zookeeper-utils,com.greplin.zookeeper.RegressionTest0,N/A,N/A,1,N/A,0.0,ERROR
greplin-zookeeper-utils,com.greplin.zookeeper.RegressionTest0,N/A,N/A,1,N/A,0.0,ERROR
greplin-zookeeper-utils,com.greplin.zookeeper.RegressionTest0,N/A,N/A,1,N/A,0.0,ERROR
greplin-zookeeper-utils,com.greplin.zookeeper.RegressionTest0,N/A,N/A,1,N/A,0.0,ERROR
greplin-zookeeper-utils,com.greplin.zookeeper.RegressionTest0,N/A,N/A,1,N/A,0.001,ERROR
greplin-zookeeper-utils,com.greplin.zookeeper.RegressionTest0,N/A,N/A,1,N/A,0.0,ERROR
greplin-zookeeper-utils,com.greplin.zookeeper.RegressionTest0,N/A,N/A,1,N/A,0.005,ERROR
greplin-zookeeper-utils,com.greplin.zookeeper.RegressionTest0,N/A,N/A,1,N/A,0.0,ERROR
greplin-zookeeper-utils,com.greplin.zookeeper.RegressionTest0,N/A,N/A,1,N/A,0.001,ERROR
greplin-zookeeper-utils,com.greplin.zookeeper.RegressionTest0,N/A,N/A,1,N/A,0.0,ERROR
greplin-zookeeper-utils,com.greplin.zookeeper.RegressionTest0,N/A,N/A,1,N/A,0.0,ERROR
greplin-zookeeper-utils,com.greplin.zookeeper.RegressionTest0,N/A,N/A,1,N/A,0.0,ERROR
greplin-zookeeper-utils,com.greplin.zookeeper.RegressionTest0,N/A,N/A,1,N/A,0.0,ERROR
greplin-zookeeper-utils,com.greplin.zookeeper.RegressionTest0,N/A,N/A,1,N/A,0.0,ERROR
greplin-zookeeper-utils,com.greplin.zookeeper.RegressionTest0,N/A,N/A,1,N/A,0.0,ERROR
greplin-zookeeper-utils,com.greplin.zookeeper.RegressionTest0,N/A,N/A,1,N/A,0.0,ERROR
greplin-zookeeper-utils,com.greplin.zookeeper.RegressionTest0,N/A,N/A,1,N/A,0.001,ERROR
greplin-zookeeper-utils,com.greplin.zookeeper.RegressionTest0,N/A,N/A,1,N/A,0.006,ERROR
greplin-zookeeper-utils,com.greplin.zookeeper.RegressionTest0,N/A,N/A,1,N/A,0.0,ERROR
greplin-zookeeper-utils,com.greplin.zookeeper.RegressionTest0,N/A,N/A,1,N/A,0.0,ERROR
greplin-zookeeper-utils,com.greplin.zookeeper.RegressionTest0,N/A,N/A,1,N/A,0.0,ERROR
greplin-zookeeper-utils,com.greplin.zookeeper.RegressionTest0,N/A,N/A,1,N/A,0.0,ERROR
greplin-zookeeper-utils,com.greplin.zookeeper.RegressionTest0,N/A,N/A,1,N/A,0.001,ERROR
greplin-zookeeper-utils,com.greplin.zookeeper.RegressionTest0,N/A,N/A,1,N/A,0.0,ERROR
greplin-zookeeper-utils,com.greplin.zookeeper.RegressionTest0,N/A,N/A,1,N/A,0.0,ERROR
greplin-zookeeper-utils,com.greplin.zookeeper.RegressionTest0,N/A,N/A,1,N/A,0.001,ERROR
greplin-zookeeper-utils,com.greplin.zookeeper.RegressionTest0,N/A,N/A,1,N/A,0.0,ERROR
greplin-zookeeper-utils,com.greplin.zookeeper.RegressionTest0,N/A,N/A,1,N/A,0.001,ERROR
greplin-zookeeper-utils,com.greplin.zookeeper.RegressionTest0,N/A,N/A,1,N/A,0.001,ERROR
greplin-zookeeper-utils,com.greplin.zookeeper.RegressionTest0,N/A,N/A,1,N/A,0.002,ERROR
greplin-zookeeper-utils,com.greplin.zookeeper.RegressionTest0,N/A,N/A,1,N/A,0.0,ERROR
greplin-zookeeper-utils,com.greplin.zookeeper.RegressionTest0,N/A,N/A,1,N/A,0.006,ERROR
greplin-zookeeper-utils,com.greplin.zookeeper.RegressionTest0,N/A,N/A,1,N/A,0.0,ERROR
greplin-zookeeper-utils,com.greplin.zookeeper.RegressionTest0,N/A,N/A,1,N/A,0.0,ERROR
greplin-zookeeper-utils,com.greplin.zookeeper.RegressionTest0,N/A,N/A,1,N/A,0.0,ERROR
greplin-zookeeper-utils,com.greplin.zookeeper.RegressionTest0,N/A,N/A,1,N/A,0.0,ERROR
greplin-zookeeper-utils,com.greplin.zookeeper.RegressionTest0,N/A,N/A,1,N/A,0.001,ERROR
greplin-zookeeper-utils,com.greplin.zookeeper.RegressionTest0,N/A,N/A,1,N/A,0.001,ERROR
greplin-zookeeper-utils,com.greplin.zookeeper.RegressionTest0,N/A,N/A,1,N/A,0.001,ERROR
greplin-zookeeper-utils,com.greplin.zookeeper.RegressionTest0,N/A,N/A,1,N/A,0.001,ERROR
greplin-zookeeper-utils,com.greplin.zookeeper.RegressionTest0,N/A,N/A,1,N/A,0.0,ERROR
greplin-zookeeper-utils,com.greplin.zookeeper.RegressionTest0,N/A,N/A,1,N/A,0.001,ERROR
greplin-zookeeper-utils,com.greplin.zookeeper.RegressionTest0,N/A,N/A,1,N/A,0.001,ERROR
greplin-zookeeper-utils,com.greplin.zookeeper.RegressionTest0,N/A,N/A,1,N/A,0.001,ERROR
greplin-zookeeper-utils,com.greplin.zookeeper.RegressionTest0,N/A,N/A,1,N/A,0.001,ERROR
greplin-zookeeper-utils,com.greplin.zookeeper.RegressionTest0,N/A,N/A,1,N/A,0.002,ERROR
greplin-zookeeper-utils,com.greplin.zookeeper.RegressionTest0,N/A,N/A,1,N/A,0.0,ERROR
greplin-zookeeper-utils,com.greplin.zookeeper.RegressionTest0,N/A,N/A,1,N/A,0.0,ERROR
greplin-zookeeper-utils,com.greplin.zookeeper.RegressionTest0,N/A,N/A,1,N/A,0.001,ERROR
greplin-zookeeper-utils,com.greplin.zookeeper.RegressionTest0,N/A,N/A,1,N/A,0.0,ERROR
greplin-zookeeper-utils,com.greplin.zookeeper.RegressionTest0,N/A,N/A,1,N/A,0.0,ERROR
greplin-zookeeper-utils,com.greplin.zookeeper.RegressionTest0,N/A,N/A,1,N/A,0.0,ERROR
greplin-zookeeper-utils,com.greplin.zookeeper.RegressionTest0,N/A,N/A,1,N/A,0.001,ERROR
greplin-zookeeper-utils,com.greplin.zookeeper.RegressionTest0,N/A,N/A,1,N/A,0.001,ERROR
greplin-zookeeper-utils,com.greplin.zookeeper.RegressionTest0,N/A,N/A,1,N/A,0.0,ERROR
greplin-zookeeper-utils,com.greplin.zookeeper.RegressionTest0,N/A,N/A,1,N/A,0.0,ERROR
greplin-zookeeper-utils,com.greplin.zookeeper.RegressionTest0,N/A,N/A,1,N/A,0.0,ERROR
greplin-zookeeper-utils,com.greplin.zookeeper.RegressionTest0,N/A,N/A,1,N/A,0.0,ERROR
greplin-zookeeper-utils,com.greplin.zookeeper.RegressionTest0,N/A,N/A,1,N/A,0.0,ERROR
greplin-zookeeper-utils,com.greplin.zookeeper.RegressionTest0,N/A,N/A,1,N/A,0.002,ERROR
greplin-zookeeper-utils,com.greplin.zookeeper.RegressionTest0,N/A,N/A,1,N/A,0.0,ERROR
greplin-zookeeper-utils,com.greplin.zookeeper.RegressionTest0,N/A,N/A,1,N/A,0.0,ERROR
greplin-zookeeper-utils,com.greplin.zookeeper.RegressionTest0,N/A,N/A,1,N/A,0.001,ERROR
greplin-zookeeper-utils,com.greplin.zookeeper.RegressionTest0,N/A,N/A,1,N/A,0.001,ERROR
greplin-zookeeper-utils,com.greplin.zookeeper.RegressionTest0,N/A,N/A,1,N/A,0.0,ERROR
greplin-zookeeper-utils,com.greplin.zookeeper.RegressionTest0,N/A,N/A,1,N/A,0.0,ERROR
greplin-zookeeper-utils,com.greplin.zookeeper.RegressionTest0,N/A,N/A,1,N/A,0.0,ERROR
greplin-zookeeper-utils,com.greplin.zookeeper.RegressionTest0,N/A,N/A,1,N/A,0.0,ERROR
greplin-zookeeper-utils,com.greplin.zookeeper.RegressionTest0,N/A,N/A,1,N/A,0.002,ERROR
greplin-zookeeper-utils,com.greplin.zookeeper.RegressionTest0,N/A,N/A,1,N/A,0.001,ERROR
greplin-zookeeper-utils,com.greplin.zookeeper.RegressionTest0,N/A,N/A,1,N/A,0.0,ERROR
greplin-zookeeper-utils,com.greplin.zookeeper.RegressionTest0,N/A,N/A,1,N/A,0.0,ERROR
greplin-zookeeper-utils,com.greplin.zookeeper.RegressionTest0,N/A,N/A,1,N/A,0.001,ERROR
greplin-zookeeper-utils,com.greplin.zookeeper.RegressionTest0,N/A,N/A,1,N/A,0.0,ERROR
greplin-zookeeper-utils,com.greplin.zookeeper.RegressionTest0,N/A,N/A,1,N/A,0.0,ERROR
greplin-zookeeper-utils,com.greplin.zookeeper.RegressionTest0,N/A,N/A,1,N/A,0.001,ERROR
greplin-zookeeper-utils,com.greplin.zookeeper.RegressionTest0,N/A,N/A,1,N/A,0.0,ERROR
greplin-zookeeper-utils,com.greplin.zookeeper.RegressionTest0,N/A,N/A,1,N/A,0.001,ERROR
greplin-zookeeper-utils,com.greplin.zookeeper.RegressionTest0,N/A,N/A,1,N/A,0.001,ERROR
greplin-zookeeper-utils,com.greplin.zookeeper.RegressionTest0,N/A,N/A,1,N/A,0.001,ERROR
greplin-zookeeper-utils,com.greplin.zookeeper.RegressionTest0,N/A,N/A,1,N/A,0.0,ERROR
greplin-zookeeper-utils,com.greplin.zookeeper.RegressionTest0,N/A,N/A,1,N/A,0.001,ERROR
greplin-zookeeper-utils,com.greplin.zookeeper.RegressionTest0,N/A,N/A,1,N/A,0.0,ERROR
greplin-zookeeper-utils,com.greplin.zookeeper.RegressionTest0,N/A,N/A,1,N/A,0.0,ERROR
greplin-zookeeper-utils,com.greplin.zookeeper.RegressionTest0,N/A,N/A,1,N/A,0.0,ERROR
greplin-zookeeper-utils,com.greplin.zookeeper.RegressionTest0,N/A,N/A,1,N/A,0.0,ERROR
greplin-zookeeper-utils,com.greplin.zookeeper.RegressionTest0,N/A,N/A,1,N/A,0.0,ERROR
greplin-zookeeper-utils,com.greplin.zookeeper.RegressionTest0,N/A,N/A,1,N/A,0.0,ERROR
greplin-zookeeper-utils,com.greplin.zookeeper.RegressionTest0,N/A,N/A,1,N/A,0.0,ERROR
greplin-zookeeper-utils,com.greplin.zookeeper.RegressionTest0,N/A,N/A,1,N/A,0.0,ERROR
greplin-zookeeper-utils,com.greplin.zookeeper.RegressionTest0,N/A,N/A,1,N/A,0.0,ERROR
greplin-zookeeper-utils,com.greplin.zookeeper.RegressionTest0,N/A,N/A,1,N/A,0.0,ERROR
greplin-zookeeper-utils,com.greplin.zookeeper.RegressionTest0,N/A,N/A,1,N/A,0.0,ERROR
greplin-zookeeper-utils,com.greplin.zookeeper.RegressionTest0,N/A,N/A,1,N/A,0.001,ERROR
greplin-zookeeper-utils,com.greplin.zookeeper.RegressionTest0,N/A,N/A,1,N/A,0.001,ERROR
greplin-zookeeper-utils,com.greplin.zookeeper.RegressionTest0,N/A,N/A,1,N/A,0.0,ERROR
greplin-zookeeper-utils,com.greplin.zookeeper.RegressionTest0,N/A,N/A,1,N/A,0.0,ERROR
greplin-zookeeper-utils,com.greplin.zookeeper.RegressionTest0,N/A,N/A,1,N/A,0.003,ERROR
greplin-zookeeper-utils,com.greplin.zookeeper.RegressionTest0,N/A,N/A,1,N/A,0.001,ERROR
greplin-zookeeper-utils,com.greplin.zookeeper.RegressionTest0,N/A,N/A,1,N/A,0.001,ERROR
greplin-zookeeper-utils,com.greplin.zookeeper.RegressionTest0,N/A,N/A,1,N/A,0.001,ERROR
greplin-zookeeper-utils,com.greplin.zookeeper.RegressionTest0,N/A,N/A,1,N/A,0.001,ERROR
greplin-zookeeper-utils,com.greplin.zookeeper.RegressionTest0,N/A,N/A,1,N/A,0.001,ERROR
greplin-zookeeper-utils,com.greplin.zookeeper.RegressionTest0,N/A,N/A,1,N/A,0.0,ERROR
greplin-zookeeper-utils,com.greplin.zookeeper.RegressionTest0,N/A,N/A,1,N/A,0.0,ERROR
greplin-zookeeper-utils,com.greplin.zookeeper.RegressionTest0,N/A,N/A,1,N/A,0.002,ERROR
greplin-zookeeper-utils,com.greplin.zookeeper.RegressionTest0,N/A,N/A,1,N/A,0.0,ERROR
greplin-zookeeper-utils,com.greplin.zookeeper.RegressionTest0,N/A,N/A,1,N/A,0.0,ERROR
greplin-zookeeper-utils,com.greplin.zookeeper.RegressionTest0,N/A,N/A,1,N/A,0.001,ERROR
greplin-zookeeper-utils,com.greplin.zookeeper.RegressionTest0,N/A,N/A,1,N/A,0.0,ERROR
greplin-zookeeper-utils,com.greplin.zookeeper.RegressionTest0,N/A,N/A,1,N/A,0.0,ERROR
greplin-zookeeper-utils,com.greplin.zookeeper.RegressionTest0,N/A,N/A,1,N/A,0.0,ERROR
greplin-zookeeper-utils,com.greplin.zookeeper.RegressionTest0,N/A,N/A,1,N/A,0.0,ERROR
greplin-zookeeper-utils,com.greplin.zookeeper.RegressionTest0,N/A,N/A,1,N/A,0.0,ERROR
greplin-zookeeper-utils,com.greplin.zookeeper.RegressionTest0,N/A,N/A,1,N/A,0.0,ERROR
greplin-zookeeper-utils,com.greplin.zookeeper.RegressionTest0,N/A,N/A,1,N/A,0.0,ERROR
greplin-zookeeper-utils,com.greplin.zookeeper.RegressionTest0,N/A,N/A,1,N/A,0.0,ERROR
greplin-zookeeper-utils,com.greplin.zookeeper.RegressionTest0,N/A,N/A,1,N/A,0.0,ERROR
greplin-zookeeper-utils,com.greplin.zookeeper.RegressionTest0,N/A,N/A,1,N/A,0.0,ERROR
greplin-zookeeper-utils,com.greplin.zookeeper.RegressionTest0,N/A,N/A,1,N/A,0.0,ERROR
greplin-zookeeper-utils,com.greplin.zookeeper.RegressionTest0,N/A,N/A,1,N/A,0.0,ERROR
greplin-zookeeper-utils,com.greplin.zookeeper.RegressionTest0,N/A,N/A,1,N/A,0.0,ERROR
greplin-zookeeper-utils,com.greplin.zookeeper.RegressionTest0,N/A,N/A,1,N/A,0.0,ERROR
greplin-zookeeper-utils,com.greplin.zookeeper.RegressionTest0,N/A,N/A,1,N/A,0.0,ERROR
greplin-zookeeper-utils,com.greplin.zookeeper.RegressionTest0,N/A,N/A,1,N/A,0.0,ERROR
greplin-zookeeper-utils,com.greplin.zookeeper.RegressionTest0,N/A,N/A,1,N/A,0.0,ERROR
greplin-zookeeper-utils,com.greplin.zookeeper.RegressionTest0,N/A,N/A,1,N/A,0.0,ERROR
greplin-zookeeper-utils,com.greplin.zookeeper.RegressionTest0,N/A,N/A,1,N/A,0.0,ERROR
greplin-zookeeper-utils,com.greplin.zookeeper.RegressionTest0,N/A,N/A,1,N/A,0.0,ERROR
greplin-zookeeper-utils,com.greplin.zookeeper.RegressionTest0,N/A,N/A,1,N/A,0.0,ERROR
greplin-zookeeper-utils,com.greplin.zookeeper.RegressionTest0,N/A,N/A,1,N/A,0.0,ERROR
greplin-zookeeper-utils,com.greplin.zookeeper.RegressionTest0,N/A,N/A,1,N/A,0.0,ERROR
greplin-zookeeper-utils,com.greplin.zookeeper.RegressionTest0,N/A,N/A,1,N/A,0.0,ERROR
greplin-zookeeper-utils,com.greplin.zookeeper.RegressionTest0,N/A,N/A,1,N/A,0.0,ERROR
greplin-zookeeper-utils,com.greplin.zookeeper.RegressionTest0,N/A,N/A,1,N/A,0.001,ERROR
greplin-zookeeper-utils,com.greplin.zookeeper.RegressionTest0,N/A,N/A,1,N/A,0.0,ERROR
greplin-zookeeper-utils,com.greplin.zookeeper.RegressionTest0,N/A,N/A,1,N/A,0.0,ERROR
greplin-zookeeper-utils,com.greplin.zookeeper.RegressionTest0,N/A,N/A,1,N/A,0.0,ERROR
greplin-zookeeper-utils,com.greplin.zookeeper.RegressionTest0,N/A,N/A,1,N/A,0.001,ERROR
greplin-zookeeper-utils,com.greplin.zookeeper.RegressionTest0,N/A,N/A,1,N/A,0.0,ERROR
greplin-zookeeper-utils,com.greplin.zookeeper.RegressionTest0,N/A,N/A,1,N/A,0.0,ERROR
greplin-zookeeper-utils,com.greplin.zookeeper.RegressionTest0,N/A,N/A,1,N/A,0.0,ERROR
greplin-zookeeper-utils,com.greplin.zookeeper.RegressionTest0,N/A,N/A,1,N/A,0.001,ERROR
greplin-zookeeper-utils,com.greplin.zookeeper.RegressionTest0,N/A,N/A,1,N/A,0.001,ERROR
greplin-zookeeper-utils,com.greplin.zookeeper.RegressionTest0,N/A,N/A,1,N/A,0.008,ERROR
greplin-zookeeper-utils,com.greplin.zookeeper.RegressionTest1,N/A,N/A,1,N/A,0.0,ERROR
greplin-zookeeper-utils,com.greplin.zookeeper.RegressionTest1,N/A,N/A,1,N/A,0.0,ERROR
greplin-zookeeper-utils,com.greplin.zookeeper.RegressionTest1,N/A,N/A,1,N/A,0.0,ERROR
greplin-zookeeper-utils,com.greplin.zookeeper.RegressionTest1,N/A,N/A,1,N/A,0.0,ERROR
greplin-zookeeper-utils,com.greplin.zookeeper.RegressionTest1,N/A,N/A,1,N/A,0.0,ERROR
greplin-zookeeper-utils,com.greplin.zookeeper.RegressionTest1,N/A,N/A,1,N/A,0.001,ERROR
greplin-zookeeper-utils,com.greplin.zookeeper.RegressionTest1,N/A,N/A,1,N/A,0.001,ERROR
greplin-zookeeper-utils,com.greplin.zookeeper.RegressionTest1,N/A,N/A,1,N/A,0.0,ERROR
greplin-zookeeper-utils,com.greplin.zookeeper.RegressionTest1,N/A,N/A,1,N/A,0.001,ERROR
greplin-zookeeper-utils,com.greplin.zookeeper.RegressionTest1,N/A,N/A,1,N/A,0.001,ERROR
greplin-zookeeper-utils,com.greplin.zookeeper.RegressionTest1,N/A,N/A,1,N/A,0.001,ERROR
greplin-zookeeper-utils,com.greplin.zookeeper.RegressionTest1,N/A,N/A,1,N/A,0.001,ERROR
greplin-zookeeper-utils,com.greplin.zookeeper.RegressionTest1,N/A,N/A,1,N/A,0.0,ERROR
greplin-zookeeper-utils,com.greplin.zookeeper.RegressionTest1,N/A,N/A,1,N/A,0.001,ERROR
greplin-zookeeper-utils,com.greplin.zookeeper.RegressionTest1,N/A,N/A,1,N/A,0.002,ERROR
greplin-zookeeper-utils,com.greplin.zookeeper.RegressionTest1,N/A,N/A,1,N/A,0.0,ERROR
greplin-zookeeper-utils,com.greplin.zookeeper.RegressionTest1,N/A,N/A,1,N/A,0.001,ERROR
greplin-zookeeper-utils,com.greplin.zookeeper.RegressionTest1,N/A,N/A,1,N/A,0.0,ERROR
greplin-zookeeper-utils,com.greplin.zookeeper.RegressionTest1,N/A,N/A,1,N/A,0.0,ERROR
greplin-zookeeper-utils,com.greplin.zookeeper.RegressionTest1,N/A,N/A,1,N/A,0.001,ERROR
greplin-zookeeper-utils,com.greplin.zookeeper.RegressionTest1,N/A,N/A,1,N/A,0.0,ERROR
greplin-zookeeper-utils,com.greplin.zookeeper.RegressionTest1,N/A,N/A,1,N/A,0.0,ERROR
greplin-zookeeper-utils,com.greplin.zookeeper.RegressionTest1,N/A,N/A,1,N/A,0.0,ERROR
greplin-zookeeper-utils,com.greplin.zookeeper.RegressionTest1,N/A,N/A,1,N/A,0.0,ERROR
greplin-zookeeper-utils,com.greplin.zookeeper.RegressionTest1,N/A,N/A,1,N/A,0.0,ERROR
greplin-zookeeper-utils,com.greplin.zookeeper.RegressionTest1,N/A,N/A,1,N/A,0.0,ERROR
greplin-zookeeper-utils,com.greplin.zookeeper.RegressionTest1,N/A,N/A,1,N/A,0.001,ERROR
greplin-zookeeper-utils,com.greplin.zookeeper.RegressionTest1,N/A,N/A,1,N/A,0.001,ERROR
greplin-zookeeper-utils,com.greplin.zookeeper.RegressionTest1,N/A,N/A,1,N/A,0.001,ERROR
greplin-zookeeper-utils,com.greplin.zookeeper.RegressionTest1,N/A,N/A,1,N/A,0.0,ERROR
greplin-zookeeper-utils,com.greplin.zookeeper.RegressionTest1,N/A,N/A,1,N/A,0.0,ERROR
greplin-zookeeper-utils,com.greplin.zookeeper.RegressionTest1,N/A,N/A,1,N/A,0.0,ERROR
greplin-zookeeper-utils,com.greplin.zookeeper.RegressionTest1,N/A,N/A,1,N/A,0.0,ERROR
greplin-zookeeper-utils,com.greplin.zookeeper.RegressionTest1,N/A,N/A,1,N/A,0.002,ERROR
greplin-zookeeper-utils,com.greplin.zookeeper.RegressionTest1,N/A,N/A,1,N/A,0.001,ERROR
greplin-zookeeper-utils,com.greplin.zookeeper.RegressionTest1,N/A,N/A,1,N/A,0.001,ERROR
greplin-zookeeper-utils,com.greplin.zookeeper.RegressionTest1,N/A,N/A,1,N/A,0.001,ERROR
greplin-zookeeper-utils,com.greplin.zookeeper.RegressionTest1,N/A,N/A,1,N/A,0.0,ERROR
greplin-zookeeper-utils,com.greplin.zookeeper.RegressionTest1,N/A,N/A,1,N/A,0.001,ERROR
greplin-zookeeper-utils,com.greplin.zookeeper.RegressionTest1,N/A,N/A,1,N/A,0.001,ERROR
greplin-zookeeper-utils,com.greplin.zookeeper.RegressionTest1,N/A,N/A,1,N/A,0.0,ERROR
greplin-zookeeper-utils,com.greplin.zookeeper.RegressionTest1,N/A,N/A,1,N/A,0.0,ERROR
greplin-zookeeper-utils,com.greplin.zookeeper.RegressionTest1,N/A,N/A,1,N/A,0.001,ERROR
greplin-zookeeper-utils,com.greplin.zookeeper.RegressionTest1,N/A,N/A,1,N/A,0.001,ERROR
greplin-zookeeper-utils,com.greplin.zookeeper.RegressionTest1,N/A,N/A,1,N/A,0.0,ERROR
greplin-zookeeper-utils,com.greplin.zookeeper.RegressionTest1,N/A,N/A,1,N/A,0.001,ERROR
greplin-zookeeper-utils,com.greplin.zookeeper.RegressionTest1,N/A,N/A,1,N/A,0.0,ERROR
greplin-zookeeper-utils,com.greplin.zookeeper.RegressionTest1,N/A,N/A,1,N/A,0.0,ERROR
greplin-zookeeper-utils,com.greplin.zookeeper.RegressionTest1,N/A,N/A,1,N/A,0.001,ERROR
greplin-zookeeper-utils,com.greplin.zookeeper.RegressionTest1,N/A,N/A,1,N/A,0.001,ERROR
greplin-zookeeper-utils,com.greplin.zookeeper.RegressionTest1,N/A,N/A,1,N/A,0.001,ERROR
greplin-zookeeper-utils,com.greplin.zookeeper.RegressionTest1,N/A,N/A,1,N/A,0.001,ERROR
greplin-zookeeper-utils,com.greplin.zookeeper.RegressionTest1,N/A,N/A,1,N/A,0.001,ERROR
greplin-zookeeper-utils,com.greplin.zookeeper.RegressionTest1,N/A,N/A,1,N/A,0.001,ERROR
greplin-zookeeper-utils,com.greplin.zookeeper.RegressionTest1,N/A,N/A,1,N/A,0.001,ERROR
greplin-zookeeper-utils,com.greplin.zookeeper.RegressionTest1,N/A,N/A,1,N/A,0.001,ERROR
greplin-zookeeper-utils,com.greplin.zookeeper.RegressionTest1,N/A,N/A,1,N/A,0.0,ERROR
greplin-zookeeper-utils,com.greplin.zookeeper.RegressionTest1,N/A,N/A,1,N/A,0.0,ERROR
greplin-zookeeper-utils,com.greplin.zookeeper.RegressionTest1,N/A,N/A,1,N/A,0.0,ERROR
greplin-zookeeper-utils,com.greplin.zookeeper.RegressionTest1,N/A,N/A,1,N/A,0.002,ERROR
greplin-zookeeper-utils,com.greplin.zookeeper.RegressionTest1,N/A,N/A,1,N/A,0.0,ERROR
greplin-zookeeper-utils,com.greplin.zookeeper.RegressionTest1,N/A,N/A,1,N/A,0.001,ERROR
greplin-zookeeper-utils,com.greplin.zookeeper.RegressionTest1,N/A,N/A,1,N/A,0.0,ERROR
greplin-zookeeper-utils,com.greplin.zookeeper.RegressionTest1,N/A,N/A,1,N/A,0.001,ERROR
greplin-zookeeper-utils,com.greplin.zookeeper.RegressionTest1,N/A,N/A,1,N/A,0.001,ERROR
greplin-zookeeper-utils,com.greplin.zookeeper.RegressionTest1,N/A,N/A,1,N/A,0.0,ERROR
greplin-zookeeper-utils,com.greplin.zookeeper.RegressionTest1,N/A,N/A,1,N/A,0.0,ERROR
greplin-zookeeper-utils,com.greplin.zookeeper.RegressionTest1,N/A,N/A,1,N/A,0.001,ERROR
greplin-zookeeper-utils,com.greplin.zookeeper.RegressionTest1,N/A,N/A,1,N/A,0.0,ERROR
greplin-zookeeper-utils,com.greplin.zookeeper.RegressionTest1,N/A,N/A,1,N/A,0.001,ERROR
greplin-zookeeper-utils,com.greplin.zookeeper.RegressionTest1,N/A,N/A,1,N/A,0.001,ERROR
greplin-zookeeper-utils,com.greplin.zookeeper.RegressionTest1,N/A,N/A,1,N/A,0.001,ERROR
greplin-zookeeper-utils,com.greplin.zookeeper.RegressionTest1,N/A,N/A,1,N/A,0.0,ERROR
greplin-zookeeper-utils,com.greplin.zookeeper.RegressionTest1,N/A,N/A,1,N/A,0.0,ERROR
greplin-zookeeper-utils,com.greplin.zookeeper.RegressionTest1,N/A,N/A,1,N/A,0.0,ERROR
greplin-zookeeper-utils,com.greplin.zookeeper.RegressionTest1,N/A,N/A,1,N/A,0.001,ERROR
greplin-zookeeper-utils,com.greplin.zookeeper.RegressionTest1,N/A,N/A,1,N/A,0.0,ERROR
greplin-zookeeper-utils,com.greplin.zookeeper.RegressionTest1,N/A,N/A,1,N/A,0.001,ERROR
greplin-zookeeper-utils,null,8,0,8,0,0.001,FAILURE
greplin-zookeeper-utils,com.greplin.zookeeper.RobustZooKeeperTest,N/A,N/A,1,N/A,0.0,ERROR
greplin-zookeeper-utils,com.greplin.zookeeper.RobustZooKeeperTest,N/A,N/A,1,N/A,0.0,ERROR
greplin-zookeeper-utils,com.greplin.zookeeper.RobustZooKeeperTest,N/A,N/A,1,N/A,0.0,ERROR
greplin-zookeeper-utils,com.greplin.zookeeper.RobustZooKeeperTest,N/A,N/A,1,N/A,0.0,ERROR
greplin-zookeeper-utils,com.greplin.zookeeper.RobustZooKeeperTest,N/A,N/A,1,N/A,0.0,ERROR
greplin-zookeeper-utils,com.greplin.zookeeper.RobustZooKeeperTest,N/A,N/A,1,N/A,0.0,ERROR
greplin-zookeeper-utils,com.greplin.zookeeper.RobustZooKeeperTest,N/A,N/A,1,N/A,0.0,ERROR
greplin-zookeeper-utils,com.greplin.zookeeper.RobustZooKeeperTest,N/A,N/A,1,N/A,0.0,ERROR
Sum: 72.462999999999958
--------------------Execution: 6 -----------------------------------
greplin-zookeeper-utils,null,749,0,249,0,71.08,FAILURE
greplin-zookeeper-utils,com.greplin.zookeeper.RegressionTest0,N/A,N/A,1,N/A,0.538,ERROR
greplin-zookeeper-utils,com.greplin.zookeeper.RegressionTest0,N/A,N/A,1,N/A,0.002,ERROR
greplin-zookeeper-utils,com.greplin.zookeeper.RegressionTest0,N/A,N/A,1,N/A,0.001,ERROR
greplin-zookeeper-utils,com.greplin.zookeeper.RegressionTest0,N/A,N/A,1,N/A,0.0,ERROR
greplin-zookeeper-utils,com.greplin.zookeeper.RegressionTest0,N/A,N/A,1,N/A,0.001,ERROR
greplin-zookeeper-utils,com.greplin.zookeeper.RegressionTest0,N/A,N/A,1,N/A,0.001,ERROR
greplin-zookeeper-utils,com.greplin.zookeeper.RegressionTest0,N/A,N/A,1,N/A,0.001,ERROR
greplin-zookeeper-utils,com.greplin.zookeeper.RegressionTest0,N/A,N/A,1,N/A,0.001,ERROR
greplin-zookeeper-utils,com.greplin.zookeeper.RegressionTest0,N/A,N/A,1,N/A,0.001,ERROR
greplin-zookeeper-utils,com.greplin.zookeeper.RegressionTest0,N/A,N/A,1,N/A,0.001,ERROR
greplin-zookeeper-utils,com.greplin.zookeeper.RegressionTest0,N/A,N/A,1,N/A,0.001,ERROR
greplin-zookeeper-utils,com.greplin.zookeeper.RegressionTest0,N/A,N/A,1,N/A,0.0,ERROR
greplin-zookeeper-utils,com.greplin.zookeeper.RegressionTest0,N/A,N/A,1,N/A,0.0,ERROR
greplin-zookeeper-utils,com.greplin.zookeeper.RegressionTest0,N/A,N/A,1,N/A,0.001,ERROR
greplin-zookeeper-utils,com.greplin.zookeeper.RegressionTest0,N/A,N/A,1,N/A,0.001,ERROR
greplin-zookeeper-utils,com.greplin.zookeeper.RegressionTest0,N/A,N/A,1,N/A,0.001,ERROR
greplin-zookeeper-utils,com.greplin.zookeeper.RegressionTest0,N/A,N/A,1,N/A,0.001,ERROR
greplin-zookeeper-utils,com.greplin.zookeeper.RegressionTest0,N/A,N/A,1,N/A,0.707,ERROR
greplin-zookeeper-utils,com.greplin.zookeeper.RegressionTest0,N/A,N/A,1,N/A,0.002,ERROR
greplin-zookeeper-utils,com.greplin.zookeeper.RegressionTest0,N/A,N/A,1,N/A,0.001,ERROR
greplin-zookeeper-utils,com.greplin.zookeeper.RegressionTest0,N/A,N/A,1,N/A,0.001,ERROR
greplin-zookeeper-utils,com.greplin.zookeeper.RegressionTest0,N/A,N/A,1,N/A,0.001,ERROR
greplin-zookeeper-utils,com.greplin.zookeeper.RegressionTest0,N/A,N/A,1,N/A,0.001,ERROR
greplin-zookeeper-utils,com.greplin.zookeeper.RegressionTest0,N/A,N/A,1,N/A,0.001,ERROR
greplin-zookeeper-utils,com.greplin.zookeeper.RegressionTest0,N/A,N/A,1,N/A,0.001,ERROR
greplin-zookeeper-utils,com.greplin.zookeeper.RegressionTest0,N/A,N/A,1,N/A,0.001,ERROR
greplin-zookeeper-utils,com.greplin.zookeeper.RegressionTest0,N/A,N/A,1,N/A,0.001,ERROR
greplin-zookeeper-utils,com.greplin.zookeeper.RegressionTest0,N/A,N/A,1,N/A,0.0,ERROR
greplin-zookeeper-utils,com.greplin.zookeeper.RegressionTest0,N/A,N/A,1,N/A,0.0,ERROR
greplin-zookeeper-utils,com.greplin.zookeeper.RegressionTest0,N/A,N/A,1,N/A,0.001,ERROR
greplin-zookeeper-utils,com.greplin.zookeeper.RegressionTest0,N/A,N/A,1,N/A,0.001,ERROR
greplin-zookeeper-utils,com.greplin.zookeeper.RegressionTest0,N/A,N/A,1,N/A,0.001,ERROR
greplin-zookeeper-utils,com.greplin.zookeeper.RegressionTest0,N/A,N/A,1,N/A,0.0,ERROR
greplin-zookeeper-utils,com.greplin.zookeeper.RegressionTest0,N/A,N/A,1,N/A,0.0,ERROR
greplin-zookeeper-utils,com.greplin.zookeeper.RegressionTest0,N/A,N/A,1,N/A,0.0,ERROR
greplin-zookeeper-utils,com.greplin.zookeeper.RegressionTest0,N/A,N/A,1,N/A,0.0,ERROR
greplin-zookeeper-utils,com.greplin.zookeeper.RegressionTest0,N/A,N/A,1,N/A,0.001,ERROR
greplin-zookeeper-utils,com.greplin.zookeeper.RegressionTest0,N/A,N/A,1,N/A,0.0,ERROR
greplin-zookeeper-utils,com.greplin.zookeeper.RegressionTest0,N/A,N/A,1,N/A,0.001,ERROR
greplin-zookeeper-utils,com.greplin.zookeeper.RegressionTest0,N/A,N/A,1,N/A,0.0,ERROR
greplin-zookeeper-utils,com.greplin.zookeeper.RegressionTest0,N/A,N/A,1,N/A,0.0,ERROR
greplin-zookeeper-utils,com.greplin.zookeeper.RegressionTest0,N/A,N/A,1,N/A,0.0,ERROR
greplin-zookeeper-utils,com.greplin.zookeeper.RegressionTest0,N/A,N/A,1,N/A,0.0,ERROR
greplin-zookeeper-utils,com.greplin.zookeeper.RegressionTest0,N/A,N/A,1,N/A,0.001,ERROR
greplin-zookeeper-utils,com.greplin.zookeeper.RegressionTest0,N/A,N/A,1,N/A,0.0,ERROR
greplin-zookeeper-utils,com.greplin.zookeeper.RegressionTest0,N/A,N/A,1,N/A,0.0,ERROR
greplin-zookeeper-utils,com.greplin.zookeeper.RegressionTest0,N/A,N/A,1,N/A,0.0,ERROR
greplin-zookeeper-utils,com.greplin.zookeeper.RegressionTest0,N/A,N/A,1,N/A,0.0,ERROR
greplin-zookeeper-utils,com.greplin.zookeeper.RegressionTest0,N/A,N/A,1,N/A,0.0,ERROR
greplin-zookeeper-utils,com.greplin.zookeeper.RegressionTest0,N/A,N/A,1,N/A,0.0,ERROR
greplin-zookeeper-utils,com.greplin.zookeeper.RegressionTest0,N/A,N/A,1,N/A,0.0,ERROR
greplin-zookeeper-utils,com.greplin.zookeeper.RegressionTest0,N/A,N/A,1,N/A,0.0,ERROR
greplin-zookeeper-utils,com.greplin.zookeeper.RegressionTest0,N/A,N/A,1,N/A,0.0,ERROR
greplin-zookeeper-utils,com.greplin.zookeeper.RegressionTest0,N/A,N/A,1,N/A,0.0,ERROR
greplin-zookeeper-utils,com.greplin.zookeeper.RegressionTest0,N/A,N/A,1,N/A,0.001,ERROR
greplin-zookeeper-utils,com.greplin.zookeeper.RegressionTest0,N/A,N/A,1,N/A,0.004,ERROR
greplin-zookeeper-utils,com.greplin.zookeeper.RegressionTest0,N/A,N/A,1,N/A,0.0,ERROR
greplin-zookeeper-utils,com.greplin.zookeeper.RegressionTest0,N/A,N/A,1,N/A,0.002,ERROR
greplin-zookeeper-utils,com.greplin.zookeeper.RegressionTest0,N/A,N/A,1,N/A,0.0,ERROR
greplin-zookeeper-utils,com.greplin.zookeeper.RegressionTest0,N/A,N/A,1,N/A,0.001,ERROR
greplin-zookeeper-utils,com.greplin.zookeeper.RegressionTest0,N/A,N/A,1,N/A,0.0,ERROR
greplin-zookeeper-utils,com.greplin.zookeeper.RegressionTest0,N/A,N/A,1,N/A,0.0,ERROR
greplin-zookeeper-utils,com.greplin.zookeeper.RegressionTest0,N/A,N/A,1,N/A,0.0,ERROR
greplin-zookeeper-utils,com.greplin.zookeeper.RegressionTest0,N/A,N/A,1,N/A,0.002,ERROR
greplin-zookeeper-utils,com.greplin.zookeeper.RegressionTest0,N/A,N/A,1,N/A,0.001,ERROR
greplin-zookeeper-utils,com.greplin.zookeeper.RegressionTest0,N/A,N/A,1,N/A,0.0,ERROR
greplin-zookeeper-utils,com.greplin.zookeeper.RegressionTest0,N/A,N/A,1,N/A,0.001,ERROR
greplin-zookeeper-utils,com.greplin.zookeeper.RegressionTest0,N/A,N/A,1,N/A,0.001,ERROR
greplin-zookeeper-utils,com.greplin.zookeeper.RegressionTest0,N/A,N/A,1,N/A,0.001,ERROR
greplin-zookeeper-utils,com.greplin.zookeeper.RegressionTest0,N/A,N/A,1,N/A,0.0,ERROR
greplin-zookeeper-utils,com.greplin.zookeeper.RegressionTest0,N/A,N/A,1,N/A,0.001,ERROR
greplin-zookeeper-utils,com.greplin.zookeeper.RegressionTest0,N/A,N/A,1,N/A,0.004,ERROR
greplin-zookeeper-utils,com.greplin.zookeeper.RegressionTest0,N/A,N/A,1,N/A,0.0,ERROR
greplin-zookeeper-utils,com.greplin.zookeeper.RegressionTest0,N/A,N/A,1,N/A,0.0,ERROR
greplin-zookeeper-utils,com.greplin.zookeeper.RegressionTest0,N/A,N/A,1,N/A,0.001,ERROR
greplin-zookeeper-utils,com.greplin.zookeeper.RegressionTest0,N/A,N/A,1,N/A,0.001,ERROR
greplin-zookeeper-utils,com.greplin.zookeeper.RegressionTest0,N/A,N/A,1,N/A,0.0,ERROR
greplin-zookeeper-utils,com.greplin.zookeeper.RegressionTest0,N/A,N/A,1,N/A,0.0,ERROR
greplin-zookeeper-utils,com.greplin.zookeeper.RegressionTest0,N/A,N/A,1,N/A,0.001,ERROR
greplin-zookeeper-utils,com.greplin.zookeeper.RegressionTest0,N/A,N/A,1,N/A,0.001,ERROR
greplin-zookeeper-utils,com.greplin.zookeeper.RegressionTest0,N/A,N/A,1,N/A,0.001,ERROR
greplin-zookeeper-utils,com.greplin.zookeeper.RegressionTest0,N/A,N/A,1,N/A,0.0,ERROR
greplin-zookeeper-utils,com.greplin.zookeeper.RegressionTest0,N/A,N/A,1,N/A,0.0,ERROR
greplin-zookeeper-utils,com.greplin.zookeeper.RegressionTest0,N/A,N/A,1,N/A,0.0,ERROR
greplin-zookeeper-utils,com.greplin.zookeeper.RegressionTest0,N/A,N/A,1,N/A,0.0,ERROR
greplin-zookeeper-utils,com.greplin.zookeeper.RegressionTest0,N/A,N/A,1,N/A,0.0,ERROR
greplin-zookeeper-utils,com.greplin.zookeeper.RegressionTest0,N/A,N/A,1,N/A,0.0,ERROR
greplin-zookeeper-utils,com.greplin.zookeeper.RegressionTest0,N/A,N/A,1,N/A,0.001,ERROR
greplin-zookeeper-utils,com.greplin.zookeeper.RegressionTest0,N/A,N/A,1,N/A,0.001,ERROR
greplin-zookeeper-utils,com.greplin.zookeeper.RegressionTest0,N/A,N/A,1,N/A,0.0,ERROR
greplin-zookeeper-utils,com.greplin.zookeeper.RegressionTest0,N/A,N/A,1,N/A,0.0,ERROR
greplin-zookeeper-utils,com.greplin.zookeeper.RegressionTest0,N/A,N/A,1,N/A,0.0,ERROR
greplin-zookeeper-utils,com.greplin.zookeeper.RegressionTest0,N/A,N/A,1,N/A,0.0,ERROR
greplin-zookeeper-utils,com.greplin.zookeeper.RegressionTest0,N/A,N/A,1,N/A,0.0,ERROR
greplin-zookeeper-utils,com.greplin.zookeeper.RegressionTest0,N/A,N/A,1,N/A,0.002,ERROR
greplin-zookeeper-utils,com.greplin.zookeeper.RegressionTest0,N/A,N/A,1,N/A,0.0,ERROR
greplin-zookeeper-utils,com.greplin.zookeeper.RegressionTest0,N/A,N/A,1,N/A,0.001,ERROR
greplin-zookeeper-utils,com.greplin.zookeeper.RegressionTest0,N/A,N/A,1,N/A,0.001,ERROR
greplin-zookeeper-utils,com.greplin.zookeeper.RegressionTest0,N/A,N/A,1,N/A,0.0,ERROR
greplin-zookeeper-utils,com.greplin.zookeeper.RegressionTest0,N/A,N/A,1,N/A,0.001,ERROR
greplin-zookeeper-utils,com.greplin.zookeeper.RegressionTest0,N/A,N/A,1,N/A,0.001,ERROR
greplin-zookeeper-utils,com.greplin.zookeeper.RegressionTest0,N/A,N/A,1,N/A,0.0,ERROR
greplin-zookeeper-utils,com.greplin.zookeeper.RegressionTest0,N/A,N/A,1,N/A,0.0,ERROR
greplin-zookeeper-utils,com.greplin.zookeeper.RegressionTest0,N/A,N/A,1,N/A,0.001,ERROR
greplin-zookeeper-utils,com.greplin.zookeeper.RegressionTest0,N/A,N/A,1,N/A,0.001,ERROR
greplin-zookeeper-utils,com.greplin.zookeeper.RegressionTest0,N/A,N/A,1,N/A,0.001,ERROR
greplin-zookeeper-utils,com.greplin.zookeeper.RegressionTest0,N/A,N/A,1,N/A,0.0,ERROR
greplin-zookeeper-utils,com.greplin.zookeeper.RegressionTest0,N/A,N/A,1,N/A,0.0,ERROR
greplin-zookeeper-utils,com.greplin.zookeeper.RegressionTest0,N/A,N/A,1,N/A,0.0,ERROR
greplin-zookeeper-utils,com.greplin.zookeeper.RegressionTest0,N/A,N/A,1,N/A,0.0,ERROR
greplin-zookeeper-utils,com.greplin.zookeeper.RegressionTest0,N/A,N/A,1,N/A,0.0,ERROR
greplin-zookeeper-utils,com.greplin.zookeeper.RegressionTest0,N/A,N/A,1,N/A,0.001,ERROR
greplin-zookeeper-utils,com.greplin.zookeeper.RegressionTest0,N/A,N/A,1,N/A,0.001,ERROR
greplin-zookeeper-utils,com.greplin.zookeeper.RegressionTest0,N/A,N/A,1,N/A,0.001,ERROR
greplin-zookeeper-utils,com.greplin.zookeeper.RegressionTest0,N/A,N/A,1,N/A,0.001,ERROR
greplin-zookeeper-utils,com.greplin.zookeeper.RegressionTest0,N/A,N/A,1,N/A,0.0,ERROR
greplin-zookeeper-utils,com.greplin.zookeeper.RegressionTest0,N/A,N/A,1,N/A,0.0,ERROR
greplin-zookeeper-utils,com.greplin.zookeeper.RegressionTest0,N/A,N/A,1,N/A,0.001,ERROR
greplin-zookeeper-utils,com.greplin.zookeeper.RegressionTest0,N/A,N/A,1,N/A,0.001,ERROR
greplin-zookeeper-utils,com.greplin.zookeeper.RegressionTest0,N/A,N/A,1,N/A,0.0,ERROR
greplin-zookeeper-utils,com.greplin.zookeeper.RegressionTest0,N/A,N/A,1,N/A,0.0,ERROR
greplin-zookeeper-utils,com.greplin.zookeeper.RegressionTest0,N/A,N/A,1,N/A,0.0,ERROR
greplin-zookeeper-utils,com.greplin.zookeeper.RegressionTest0,N/A,N/A,1,N/A,0.001,ERROR
greplin-zookeeper-utils,com.greplin.zookeeper.RegressionTest0,N/A,N/A,1,N/A,0.001,ERROR
greplin-zookeeper-utils,com.greplin.zookeeper.RegressionTest0,N/A,N/A,1,N/A,0.002,ERROR
greplin-zookeeper-utils,com.greplin.zookeeper.RegressionTest0,N/A,N/A,1,N/A,0.001,ERROR
greplin-zookeeper-utils,com.greplin.zookeeper.RegressionTest0,N/A,N/A,1,N/A,0.001,ERROR
greplin-zookeeper-utils,com.greplin.zookeeper.RegressionTest0,N/A,N/A,1,N/A,0.001,ERROR
greplin-zookeeper-utils,com.greplin.zookeeper.RegressionTest0,N/A,N/A,1,N/A,0.002,ERROR
greplin-zookeeper-utils,com.greplin.zookeeper.RegressionTest0,N/A,N/A,1,N/A,0.0,ERROR
greplin-zookeeper-utils,com.greplin.zookeeper.RegressionTest0,N/A,N/A,1,N/A,0.0,ERROR
greplin-zookeeper-utils,com.greplin.zookeeper.RegressionTest0,N/A,N/A,1,N/A,0.001,ERROR
greplin-zookeeper-utils,com.greplin.zookeeper.RegressionTest0,N/A,N/A,1,N/A,0.0,ERROR
greplin-zookeeper-utils,com.greplin.zookeeper.RegressionTest0,N/A,N/A,1,N/A,0.0,ERROR
greplin-zookeeper-utils,com.greplin.zookeeper.RegressionTest0,N/A,N/A,1,N/A,0.004,ERROR
greplin-zookeeper-utils,com.greplin.zookeeper.RegressionTest0,N/A,N/A,1,N/A,0.0,ERROR
greplin-zookeeper-utils,com.greplin.zookeeper.RegressionTest0,N/A,N/A,1,N/A,0.0,ERROR
greplin-zookeeper-utils,com.greplin.zookeeper.RegressionTest0,N/A,N/A,1,N/A,0.001,ERROR
greplin-zookeeper-utils,com.greplin.zookeeper.RegressionTest0,N/A,N/A,1,N/A,0.0,ERROR
greplin-zookeeper-utils,com.greplin.zookeeper.RegressionTest0,N/A,N/A,1,N/A,0.0,ERROR
greplin-zookeeper-utils,com.greplin.zookeeper.RegressionTest0,N/A,N/A,1,N/A,0.0,ERROR
greplin-zookeeper-utils,com.greplin.zookeeper.RegressionTest0,N/A,N/A,1,N/A,0.001,ERROR
greplin-zookeeper-utils,com.greplin.zookeeper.RegressionTest0,N/A,N/A,1,N/A,0.001,ERROR
greplin-zookeeper-utils,com.greplin.zookeeper.RegressionTest0,N/A,N/A,1,N/A,0.001,ERROR
greplin-zookeeper-utils,com.greplin.zookeeper.RegressionTest0,N/A,N/A,1,N/A,0.001,ERROR
greplin-zookeeper-utils,com.greplin.zookeeper.RegressionTest0,N/A,N/A,1,N/A,0.007,ERROR
greplin-zookeeper-utils,com.greplin.zookeeper.RegressionTest0,N/A,N/A,1,N/A,0.0,ERROR
greplin-zookeeper-utils,com.greplin.zookeeper.RegressionTest0,N/A,N/A,1,N/A,0.0,ERROR
greplin-zookeeper-utils,com.greplin.zookeeper.RegressionTest0,N/A,N/A,1,N/A,0.0,ERROR
greplin-zookeeper-utils,com.greplin.zookeeper.RegressionTest0,N/A,N/A,1,N/A,0.0,ERROR
greplin-zookeeper-utils,com.greplin.zookeeper.RegressionTest0,N/A,N/A,1,N/A,0.005,ERROR
greplin-zookeeper-utils,com.greplin.zookeeper.RegressionTest0,N/A,N/A,1,N/A,0.0,ERROR
greplin-zookeeper-utils,com.greplin.zookeeper.RegressionTest0,N/A,N/A,1,N/A,0.0,ERROR
greplin-zookeeper-utils,com.greplin.zookeeper.RegressionTest0,N/A,N/A,1,N/A,0.001,ERROR
greplin-zookeeper-utils,com.greplin.zookeeper.RegressionTest0,N/A,N/A,1,N/A,0.0,ERROR
greplin-zookeeper-utils,com.greplin.zookeeper.RegressionTest0,N/A,N/A,1,N/A,0.0,ERROR
greplin-zookeeper-utils,com.greplin.zookeeper.RegressionTest0,N/A,N/A,1,N/A,0.005,ERROR
greplin-zookeeper-utils,com.greplin.zookeeper.RegressionTest0,N/A,N/A,1,N/A,0.0,ERROR
greplin-zookeeper-utils,com.greplin.zookeeper.RegressionTest0,N/A,N/A,1,N/A,0.003,ERROR
greplin-zookeeper-utils,com.greplin.zookeeper.RegressionTest0,N/A,N/A,1,N/A,0.001,ERROR
greplin-zookeeper-utils,com.greplin.zookeeper.RegressionTest0,N/A,N/A,1,N/A,0.0,ERROR
greplin-zookeeper-utils,com.greplin.zookeeper.RegressionTest0,N/A,N/A,1,N/A,0.0,ERROR
greplin-zookeeper-utils,com.greplin.zookeeper.RegressionTest0,N/A,N/A,1,N/A,0.001,ERROR
greplin-zookeeper-utils,com.greplin.zookeeper.RegressionTest0,N/A,N/A,1,N/A,0.0,ERROR
greplin-zookeeper-utils,com.greplin.zookeeper.RegressionTest0,N/A,N/A,1,N/A,0.0,ERROR
greplin-zookeeper-utils,com.greplin.zookeeper.RegressionTest0,N/A,N/A,1,N/A,0.0,ERROR
greplin-zookeeper-utils,com.greplin.zookeeper.RegressionTest0,N/A,N/A,1,N/A,0.001,ERROR
greplin-zookeeper-utils,com.greplin.zookeeper.RegressionTest0,N/A,N/A,1,N/A,0.001,ERROR
greplin-zookeeper-utils,com.greplin.zookeeper.RegressionTest0,N/A,N/A,1,N/A,0.001,ERROR
greplin-zookeeper-utils,com.greplin.zookeeper.RegressionTest0,N/A,N/A,1,N/A,0.0,ERROR
greplin-zookeeper-utils,com.greplin.zookeeper.RegressionTest0,N/A,N/A,1,N/A,0.001,ERROR
greplin-zookeeper-utils,com.greplin.zookeeper.RegressionTest1,N/A,N/A,1,N/A,0.0,ERROR
greplin-zookeeper-utils,com.greplin.zookeeper.RegressionTest1,N/A,N/A,1,N/A,0.001,ERROR
greplin-zookeeper-utils,com.greplin.zookeeper.RegressionTest1,N/A,N/A,1,N/A,0.0,ERROR
greplin-zookeeper-utils,com.greplin.zookeeper.RegressionTest1,N/A,N/A,1,N/A,0.0,ERROR
greplin-zookeeper-utils,com.greplin.zookeeper.RegressionTest1,N/A,N/A,1,N/A,0.0,ERROR
greplin-zookeeper-utils,com.greplin.zookeeper.RegressionTest1,N/A,N/A,1,N/A,0.0,ERROR
greplin-zookeeper-utils,com.greplin.zookeeper.RegressionTest1,N/A,N/A,1,N/A,0.002,ERROR
greplin-zookeeper-utils,com.greplin.zookeeper.RegressionTest1,N/A,N/A,1,N/A,0.001,ERROR
greplin-zookeeper-utils,com.greplin.zookeeper.RegressionTest1,N/A,N/A,1,N/A,0.002,ERROR
greplin-zookeeper-utils,com.greplin.zookeeper.RegressionTest1,N/A,N/A,1,N/A,0.0,ERROR
greplin-zookeeper-utils,com.greplin.zookeeper.RegressionTest1,N/A,N/A,1,N/A,0.0,ERROR
greplin-zookeeper-utils,com.greplin.zookeeper.RegressionTest1,N/A,N/A,1,N/A,0.0,ERROR
greplin-zookeeper-utils,com.greplin.zookeeper.RegressionTest1,N/A,N/A,1,N/A,0.0,ERROR
greplin-zookeeper-utils,com.greplin.zookeeper.RegressionTest1,N/A,N/A,1,N/A,0.001,ERROR
greplin-zookeeper-utils,com.greplin.zookeeper.RegressionTest1,N/A,N/A,1,N/A,0.004,ERROR
greplin-zookeeper-utils,com.greplin.zookeeper.RegressionTest1,N/A,N/A,1,N/A,0.0,ERROR
greplin-zookeeper-utils,com.greplin.zookeeper.RegressionTest1,N/A,N/A,1,N/A,0.0,ERROR
greplin-zookeeper-utils,com.greplin.zookeeper.RegressionTest1,N/A,N/A,1,N/A,0.0,ERROR
greplin-zookeeper-utils,com.greplin.zookeeper.RegressionTest1,N/A,N/A,1,N/A,0.0,ERROR
greplin-zookeeper-utils,com.greplin.zookeeper.RegressionTest1,N/A,N/A,1,N/A,0.0,ERROR
greplin-zookeeper-utils,com.greplin.zookeeper.RegressionTest1,N/A,N/A,1,N/A,0.0,ERROR
greplin-zookeeper-utils,com.greplin.zookeeper.RegressionTest1,N/A,N/A,1,N/A,0.001,ERROR
greplin-zookeeper-utils,com.greplin.zookeeper.RegressionTest1,N/A,N/A,1,N/A,0.0,ERROR
greplin-zookeeper-utils,com.greplin.zookeeper.RegressionTest1,N/A,N/A,1,N/A,0.0,ERROR
greplin-zookeeper-utils,com.greplin.zookeeper.RegressionTest1,N/A,N/A,1,N/A,0.0,ERROR
greplin-zookeeper-utils,com.greplin.zookeeper.RegressionTest1,N/A,N/A,1,N/A,0.0,ERROR
greplin-zookeeper-utils,com.greplin.zookeeper.RegressionTest1,N/A,N/A,1,N/A,0.0,ERROR
greplin-zookeeper-utils,com.greplin.zookeeper.RegressionTest1,N/A,N/A,1,N/A,0.0,ERROR
greplin-zookeeper-utils,com.greplin.zookeeper.RegressionTest1,N/A,N/A,1,N/A,0.0,ERROR
greplin-zookeeper-utils,com.greplin.zookeeper.RegressionTest1,N/A,N/A,1,N/A,0.0,ERROR
greplin-zookeeper-utils,com.greplin.zookeeper.RegressionTest1,N/A,N/A,1,N/A,0.0,ERROR
greplin-zookeeper-utils,com.greplin.zookeeper.RegressionTest1,N/A,N/A,1,N/A,0.0,ERROR
greplin-zookeeper-utils,com.greplin.zookeeper.RegressionTest1,N/A,N/A,1,N/A,0.0,ERROR
greplin-zookeeper-utils,com.greplin.zookeeper.RegressionTest1,N/A,N/A,1,N/A,0.002,ERROR
greplin-zookeeper-utils,com.greplin.zookeeper.RegressionTest1,N/A,N/A,1,N/A,0.0,ERROR
greplin-zookeeper-utils,com.greplin.zookeeper.RegressionTest1,N/A,N/A,1,N/A,0.0,ERROR
greplin-zookeeper-utils,com.greplin.zookeeper.RegressionTest1,N/A,N/A,1,N/A,0.001,ERROR
greplin-zookeeper-utils,com.greplin.zookeeper.RegressionTest1,N/A,N/A,1,N/A,0.0,ERROR
greplin-zookeeper-utils,com.greplin.zookeeper.RegressionTest1,N/A,N/A,1,N/A,0.001,ERROR
greplin-zookeeper-utils,com.greplin.zookeeper.RegressionTest1,N/A,N/A,1,N/A,0.001,ERROR
greplin-zookeeper-utils,com.greplin.zookeeper.RegressionTest1,N/A,N/A,1,N/A,0.0,ERROR
greplin-zookeeper-utils,com.greplin.zookeeper.RegressionTest1,N/A,N/A,1,N/A,0.0,ERROR
greplin-zookeeper-utils,com.greplin.zookeeper.RegressionTest1,N/A,N/A,1,N/A,0.002,ERROR
greplin-zookeeper-utils,com.greplin.zookeeper.RegressionTest1,N/A,N/A,1,N/A,0.002,ERROR
greplin-zookeeper-utils,com.greplin.zookeeper.RegressionTest1,N/A,N/A,1,N/A,0.001,ERROR
greplin-zookeeper-utils,com.greplin.zookeeper.RegressionTest1,N/A,N/A,1,N/A,0.001,ERROR
greplin-zookeeper-utils,com.greplin.zookeeper.RegressionTest1,N/A,N/A,1,N/A,0.001,ERROR
greplin-zookeeper-utils,com.greplin.zookeeper.RegressionTest1,N/A,N/A,1,N/A,0.0,ERROR
greplin-zookeeper-utils,com.greplin.zookeeper.RegressionTest1,N/A,N/A,1,N/A,0.0,ERROR
greplin-zookeeper-utils,com.greplin.zookeeper.RegressionTest1,N/A,N/A,1,N/A,0.001,ERROR
greplin-zookeeper-utils,com.greplin.zookeeper.RegressionTest1,N/A,N/A,1,N/A,0.0,ERROR
greplin-zookeeper-utils,com.greplin.zookeeper.RegressionTest1,N/A,N/A,1,N/A,0.001,ERROR
greplin-zookeeper-utils,com.greplin.zookeeper.RegressionTest1,N/A,N/A,1,N/A,0.0,ERROR
greplin-zookeeper-utils,com.greplin.zookeeper.RegressionTest1,N/A,N/A,1,N/A,0.0,ERROR
greplin-zookeeper-utils,com.greplin.zookeeper.RegressionTest1,N/A,N/A,1,N/A,0.0,ERROR
greplin-zookeeper-utils,com.greplin.zookeeper.RegressionTest1,N/A,N/A,1,N/A,0.0,ERROR
greplin-zookeeper-utils,com.greplin.zookeeper.RegressionTest1,N/A,N/A,1,N/A,0.0,ERROR
greplin-zookeeper-utils,com.greplin.zookeeper.RegressionTest1,N/A,N/A,1,N/A,0.0,ERROR
greplin-zookeeper-utils,com.greplin.zookeeper.RegressionTest1,N/A,N/A,1,N/A,0.0,ERROR
greplin-zookeeper-utils,com.greplin.zookeeper.RegressionTest1,N/A,N/A,1,N/A,0.0,ERROR
greplin-zookeeper-utils,com.greplin.zookeeper.RegressionTest1,N/A,N/A,1,N/A,0.0,ERROR
greplin-zookeeper-utils,com.greplin.zookeeper.RegressionTest1,N/A,N/A,1,N/A,0.0,ERROR
greplin-zookeeper-utils,com.greplin.zookeeper.RegressionTest1,N/A,N/A,1,N/A,0.0,ERROR
greplin-zookeeper-utils,com.greplin.zookeeper.RegressionTest1,N/A,N/A,1,N/A,0.001,ERROR
greplin-zookeeper-utils,com.greplin.zookeeper.RegressionTest1,N/A,N/A,1,N/A,0.001,ERROR
greplin-zookeeper-utils,com.greplin.zookeeper.RegressionTest1,N/A,N/A,1,N/A,0.0,ERROR
greplin-zookeeper-utils,com.greplin.zookeeper.RegressionTest1,N/A,N/A,1,N/A,0.001,ERROR
greplin-zookeeper-utils,com.greplin.zookeeper.RegressionTest1,N/A,N/A,1,N/A,0.0,ERROR
greplin-zookeeper-utils,com.greplin.zookeeper.RegressionTest1,N/A,N/A,1,N/A,0.0,ERROR
greplin-zookeeper-utils,com.greplin.zookeeper.RegressionTest1,N/A,N/A,1,N/A,0.0,ERROR
greplin-zookeeper-utils,com.greplin.zookeeper.RegressionTest1,N/A,N/A,1,N/A,0.0,ERROR
greplin-zookeeper-utils,com.greplin.zookeeper.RegressionTest1,N/A,N/A,1,N/A,0.0,ERROR
greplin-zookeeper-utils,com.greplin.zookeeper.RegressionTest1,N/A,N/A,1,N/A,0.0,ERROR
greplin-zookeeper-utils,com.greplin.zookeeper.RegressionTest1,N/A,N/A,1,N/A,0.0,ERROR
greplin-zookeeper-utils,com.greplin.zookeeper.RegressionTest1,N/A,N/A,1,N/A,0.0,ERROR
greplin-zookeeper-utils,com.greplin.zookeeper.RegressionTest1,N/A,N/A,1,N/A,0.0,ERROR
greplin-zookeeper-utils,com.greplin.zookeeper.RegressionTest1,N/A,N/A,1,N/A,0.0,ERROR
greplin-zookeeper-utils,com.greplin.zookeeper.RegressionTest1,N/A,N/A,1,N/A,0.0,ERROR
greplin-zookeeper-utils,null,8,0,8,0,0.001,FAILURE
greplin-zookeeper-utils,com.greplin.zookeeper.RobustZooKeeperTest,N/A,N/A,1,N/A,0.0,ERROR
greplin-zookeeper-utils,com.greplin.zookeeper.RobustZooKeeperTest,N/A,N/A,1,N/A,0.0,ERROR
greplin-zookeeper-utils,com.greplin.zookeeper.RobustZooKeeperTest,N/A,N/A,1,N/A,0.0,ERROR
greplin-zookeeper-utils,com.greplin.zookeeper.RobustZooKeeperTest,N/A,N/A,1,N/A,0.0,ERROR
greplin-zookeeper-utils,com.greplin.zookeeper.RobustZooKeeperTest,N/A,N/A,1,N/A,0.0,ERROR
greplin-zookeeper-utils,com.greplin.zookeeper.RobustZooKeeperTest,N/A,N/A,1,N/A,0.0,ERROR
greplin-zookeeper-utils,com.greplin.zookeeper.RobustZooKeeperTest,N/A,N/A,1,N/A,0.0,ERROR
greplin-zookeeper-utils,com.greplin.zookeeper.RobustZooKeeperTest,N/A,N/A,1,N/A,0.0,ERROR
Sum: 72.47199999999996
--------------------Execution: 7 -----------------------------------
greplin-zookeeper-utils,null,749,0,249,0,71.46,FAILURE
greplin-zookeeper-utils,com.greplin.zookeeper.RegressionTest0,N/A,N/A,1,N/A,0.571,ERROR
greplin-zookeeper-utils,com.greplin.zookeeper.RegressionTest0,N/A,N/A,1,N/A,0.003,ERROR
greplin-zookeeper-utils,com.greplin.zookeeper.RegressionTest0,N/A,N/A,1,N/A,0.001,ERROR
greplin-zookeeper-utils,com.greplin.zookeeper.RegressionTest0,N/A,N/A,1,N/A,0.001,ERROR
greplin-zookeeper-utils,com.greplin.zookeeper.RegressionTest0,N/A,N/A,1,N/A,0.0,ERROR
greplin-zookeeper-utils,com.greplin.zookeeper.RegressionTest0,N/A,N/A,1,N/A,0.0,ERROR
greplin-zookeeper-utils,com.greplin.zookeeper.RegressionTest0,N/A,N/A,1,N/A,0.0,ERROR
greplin-zookeeper-utils,com.greplin.zookeeper.RegressionTest0,N/A,N/A,1,N/A,0.001,ERROR
greplin-zookeeper-utils,com.greplin.zookeeper.RegressionTest0,N/A,N/A,1,N/A,0.001,ERROR
greplin-zookeeper-utils,com.greplin.zookeeper.RegressionTest0,N/A,N/A,1,N/A,0.005,ERROR
greplin-zookeeper-utils,com.greplin.zookeeper.RegressionTest0,N/A,N/A,1,N/A,0.001,ERROR
greplin-zookeeper-utils,com.greplin.zookeeper.RegressionTest0,N/A,N/A,1,N/A,0.001,ERROR
greplin-zookeeper-utils,com.greplin.zookeeper.RegressionTest0,N/A,N/A,1,N/A,0.001,ERROR
greplin-zookeeper-utils,com.greplin.zookeeper.RegressionTest0,N/A,N/A,1,N/A,0.001,ERROR
greplin-zookeeper-utils,com.greplin.zookeeper.RegressionTest0,N/A,N/A,1,N/A,0.002,ERROR
greplin-zookeeper-utils,com.greplin.zookeeper.RegressionTest0,N/A,N/A,1,N/A,0.0,ERROR
greplin-zookeeper-utils,com.greplin.zookeeper.RegressionTest0,N/A,N/A,1,N/A,0.0,ERROR
greplin-zookeeper-utils,com.greplin.zookeeper.RegressionTest0,N/A,N/A,1,N/A,0.808,ERROR
greplin-zookeeper-utils,com.greplin.zookeeper.RegressionTest0,N/A,N/A,1,N/A,0.001,ERROR
greplin-zookeeper-utils,com.greplin.zookeeper.RegressionTest0,N/A,N/A,1,N/A,0.001,ERROR
greplin-zookeeper-utils,com.greplin.zookeeper.RegressionTest0,N/A,N/A,1,N/A,0.001,ERROR
greplin-zookeeper-utils,com.greplin.zookeeper.RegressionTest0,N/A,N/A,1,N/A,0.002,ERROR
greplin-zookeeper-utils,com.greplin.zookeeper.RegressionTest0,N/A,N/A,1,N/A,0.001,ERROR
greplin-zookeeper-utils,com.greplin.zookeeper.RegressionTest0,N/A,N/A,1,N/A,0.0,ERROR
greplin-zookeeper-utils,com.greplin.zookeeper.RegressionTest0,N/A,N/A,1,N/A,0.001,ERROR
greplin-zookeeper-utils,com.greplin.zookeeper.RegressionTest0,N/A,N/A,1,N/A,0.001,ERROR
greplin-zookeeper-utils,com.greplin.zookeeper.RegressionTest0,N/A,N/A,1,N/A,0.001,ERROR
greplin-zookeeper-utils,com.greplin.zookeeper.RegressionTest0,N/A,N/A,1,N/A,0.002,ERROR
greplin-zookeeper-utils,com.greplin.zookeeper.RegressionTest0,N/A,N/A,1,N/A,0.001,ERROR
greplin-zookeeper-utils,com.greplin.zookeeper.RegressionTest0,N/A,N/A,1,N/A,0.001,ERROR
greplin-zookeeper-utils,com.greplin.zookeeper.RegressionTest0,N/A,N/A,1,N/A,0.001,ERROR
greplin-zookeeper-utils,com.greplin.zookeeper.RegressionTest0,N/A,N/A,1,N/A,0.001,ERROR
greplin-zookeeper-utils,com.greplin.zookeeper.RegressionTest0,N/A,N/A,1,N/A,0.001,ERROR
greplin-zookeeper-utils,com.greplin.zookeeper.RegressionTest0,N/A,N/A,1,N/A,0.001,ERROR
greplin-zookeeper-utils,com.greplin.zookeeper.RegressionTest0,N/A,N/A,1,N/A,0.001,ERROR
greplin-zookeeper-utils,com.greplin.zookeeper.RegressionTest0,N/A,N/A,1,N/A,0.001,ERROR
greplin-zookeeper-utils,com.greplin.zookeeper.RegressionTest0,N/A,N/A,1,N/A,0.001,ERROR
greplin-zookeeper-utils,com.greplin.zookeeper.RegressionTest0,N/A,N/A,1,N/A,0.001,ERROR
greplin-zookeeper-utils,com.greplin.zookeeper.RegressionTest0,N/A,N/A,1,N/A,0.001,ERROR
greplin-zookeeper-utils,com.greplin.zookeeper.RegressionTest0,N/A,N/A,1,N/A,0.0,ERROR
greplin-zookeeper-utils,com.greplin.zookeeper.RegressionTest0,N/A,N/A,1,N/A,0.001,ERROR
greplin-zookeeper-utils,com.greplin.zookeeper.RegressionTest0,N/A,N/A,1,N/A,0.0,ERROR
greplin-zookeeper-utils,com.greplin.zookeeper.RegressionTest0,N/A,N/A,1,N/A,0.0,ERROR
greplin-zookeeper-utils,com.greplin.zookeeper.RegressionTest0,N/A,N/A,1,N/A,0.0,ERROR
greplin-zookeeper-utils,com.greplin.zookeeper.RegressionTest0,N/A,N/A,1,N/A,0.0,ERROR
greplin-zookeeper-utils,com.greplin.zookeeper.RegressionTest0,N/A,N/A,1,N/A,0.0,ERROR
greplin-zookeeper-utils,com.greplin.zookeeper.RegressionTest0,N/A,N/A,1,N/A,0.0,ERROR
greplin-zookeeper-utils,com.greplin.zookeeper.RegressionTest0,N/A,N/A,1,N/A,0.0,ERROR
greplin-zookeeper-utils,com.greplin.zookeeper.RegressionTest0,N/A,N/A,1,N/A,0.001,ERROR
greplin-zookeeper-utils,com.greplin.zookeeper.RegressionTest0,N/A,N/A,1,N/A,0.0,ERROR
greplin-zookeeper-utils,com.greplin.zookeeper.RegressionTest0,N/A,N/A,1,N/A,0.0,ERROR
greplin-zookeeper-utils,com.greplin.zookeeper.RegressionTest0,N/A,N/A,1,N/A,0.0,ERROR
greplin-zookeeper-utils,com.greplin.zookeeper.RegressionTest0,N/A,N/A,1,N/A,0.0,ERROR
greplin-zookeeper-utils,com.greplin.zookeeper.RegressionTest0,N/A,N/A,1,N/A,0.0,ERROR
greplin-zookeeper-utils,com.greplin.zookeeper.RegressionTest0,N/A,N/A,1,N/A,0.0,ERROR
greplin-zookeeper-utils,com.greplin.zookeeper.RegressionTest0,N/A,N/A,1,N/A,0.0,ERROR
greplin-zookeeper-utils,com.greplin.zookeeper.RegressionTest0,N/A,N/A,1,N/A,0.01,ERROR
greplin-zookeeper-utils,com.greplin.zookeeper.RegressionTest0,N/A,N/A,1,N/A,0.0,ERROR
greplin-zookeeper-utils,com.greplin.zookeeper.RegressionTest0,N/A,N/A,1,N/A,0.0,ERROR
greplin-zookeeper-utils,com.greplin.zookeeper.RegressionTest0,N/A,N/A,1,N/A,0.0,ERROR
greplin-zookeeper-utils,com.greplin.zookeeper.RegressionTest0,N/A,N/A,1,N/A,0.001,ERROR
greplin-zookeeper-utils,com.greplin.zookeeper.RegressionTest0,N/A,N/A,1,N/A,0.0,ERROR
greplin-zookeeper-utils,com.greplin.zookeeper.RegressionTest0,N/A,N/A,1,N/A,0.0,ERROR
greplin-zookeeper-utils,com.greplin.zookeeper.RegressionTest0,N/A,N/A,1,N/A,0.0,ERROR
greplin-zookeeper-utils,com.greplin.zookeeper.RegressionTest0,N/A,N/A,1,N/A,0.001,ERROR
greplin-zookeeper-utils,com.greplin.zookeeper.RegressionTest0,N/A,N/A,1,N/A,0.001,ERROR
greplin-zookeeper-utils,com.greplin.zookeeper.RegressionTest0,N/A,N/A,1,N/A,0.001,ERROR
greplin-zookeeper-utils,com.greplin.zookeeper.RegressionTest0,N/A,N/A,1,N/A,0.001,ERROR
greplin-zookeeper-utils,com.greplin.zookeeper.RegressionTest0,N/A,N/A,1,N/A,0.001,ERROR
greplin-zookeeper-utils,com.greplin.zookeeper.RegressionTest0,N/A,N/A,1,N/A,0.0,ERROR
greplin-zookeeper-utils,com.greplin.zookeeper.RegressionTest0,N/A,N/A,1,N/A,0.001,ERROR
greplin-zookeeper-utils,com.greplin.zookeeper.RegressionTest0,N/A,N/A,1,N/A,0.001,ERROR
greplin-zookeeper-utils,com.greplin.zookeeper.RegressionTest0,N/A,N/A,1,N/A,0.001,ERROR
greplin-zookeeper-utils,com.greplin.zookeeper.RegressionTest0,N/A,N/A,1,N/A,0.0,ERROR
greplin-zookeeper-utils,com.greplin.zookeeper.RegressionTest0,N/A,N/A,1,N/A,0.0,ERROR
greplin-zookeeper-utils,com.greplin.zookeeper.RegressionTest0,N/A,N/A,1,N/A,0.001,ERROR
greplin-zookeeper-utils,com.greplin.zookeeper.RegressionTest0,N/A,N/A,1,N/A,0.0,ERROR
greplin-zookeeper-utils,com.greplin.zookeeper.RegressionTest0,N/A,N/A,1,N/A,0.0,ERROR
greplin-zookeeper-utils,com.greplin.zookeeper.RegressionTest0,N/A,N/A,1,N/A,0.0,ERROR
greplin-zookeeper-utils,com.greplin.zookeeper.RegressionTest0,N/A,N/A,1,N/A,0.0,ERROR
greplin-zookeeper-utils,com.greplin.zookeeper.RegressionTest0,N/A,N/A,1,N/A,0.0,ERROR
greplin-zookeeper-utils,com.greplin.zookeeper.RegressionTest0,N/A,N/A,1,N/A,0.001,ERROR
greplin-zookeeper-utils,com.greplin.zookeeper.RegressionTest0,N/A,N/A,1,N/A,0.001,ERROR
greplin-zookeeper-utils,com.greplin.zookeeper.RegressionTest0,N/A,N/A,1,N/A,0.001,ERROR
greplin-zookeeper-utils,com.greplin.zookeeper.RegressionTest0,N/A,N/A,1,N/A,0.001,ERROR
greplin-zookeeper-utils,com.greplin.zookeeper.RegressionTest0,N/A,N/A,1,N/A,0.0,ERROR
greplin-zookeeper-utils,com.greplin.zookeeper.RegressionTest0,N/A,N/A,1,N/A,0.001,ERROR
greplin-zookeeper-utils,com.greplin.zookeeper.RegressionTest0,N/A,N/A,1,N/A,0.0,ERROR
greplin-zookeeper-utils,com.greplin.zookeeper.RegressionTest0,N/A,N/A,1,N/A,0.002,ERROR
greplin-zookeeper-utils,com.greplin.zookeeper.RegressionTest0,N/A,N/A,1,N/A,0.0,ERROR
greplin-zookeeper-utils,com.greplin.zookeeper.RegressionTest0,N/A,N/A,1,N/A,0.001,ERROR
greplin-zookeeper-utils,com.greplin.zookeeper.RegressionTest0,N/A,N/A,1,N/A,0.001,ERROR
greplin-zookeeper-utils,com.greplin.zookeeper.RegressionTest0,N/A,N/A,1,N/A,0.001,ERROR
greplin-zookeeper-utils,com.greplin.zookeeper.RegressionTest0,N/A,N/A,1,N/A,0.0,ERROR
greplin-zookeeper-utils,com.greplin.zookeeper.RegressionTest0,N/A,N/A,1,N/A,0.001,ERROR
greplin-zookeeper-utils,com.greplin.zookeeper.RegressionTest0,N/A,N/A,1,N/A,0.001,ERROR
greplin-zookeeper-utils,com.greplin.zookeeper.RegressionTest0,N/A,N/A,1,N/A,0.0,ERROR
greplin-zookeeper-utils,com.greplin.zookeeper.RegressionTest0,N/A,N/A,1,N/A,0.001,ERROR
greplin-zookeeper-utils,com.greplin.zookeeper.RegressionTest0,N/A,N/A,1,N/A,0.001,ERROR
greplin-zookeeper-utils,com.greplin.zookeeper.RegressionTest0,N/A,N/A,1,N/A,0.001,ERROR
greplin-zookeeper-utils,com.greplin.zookeeper.RegressionTest0,N/A,N/A,1,N/A,0.0,ERROR
greplin-zookeeper-utils,com.greplin.zookeeper.RegressionTest0,N/A,N/A,1,N/A,0.001,ERROR
greplin-zookeeper-utils,com.greplin.zookeeper.RegressionTest0,N/A,N/A,1,N/A,0.0,ERROR
greplin-zookeeper-utils,com.greplin.zookeeper.RegressionTest0,N/A,N/A,1,N/A,0.0,ERROR
greplin-zookeeper-utils,com.greplin.zookeeper.RegressionTest0,N/A,N/A,1,N/A,0.001,ERROR
greplin-zookeeper-utils,com.greplin.zookeeper.RegressionTest0,N/A,N/A,1,N/A,0.001,ERROR
greplin-zookeeper-utils,com.greplin.zookeeper.RegressionTest0,N/A,N/A,1,N/A,0.001,ERROR
greplin-zookeeper-utils,com.greplin.zookeeper.RegressionTest0,N/A,N/A,1,N/A,0.001,ERROR
greplin-zookeeper-utils,com.greplin.zookeeper.RegressionTest0,N/A,N/A,1,N/A,0.001,ERROR
greplin-zookeeper-utils,com.greplin.zookeeper.RegressionTest0,N/A,N/A,1,N/A,0.0,ERROR
greplin-zookeeper-utils,com.greplin.zookeeper.RegressionTest0,N/A,N/A,1,N/A,0.0,ERROR
greplin-zookeeper-utils,com.greplin.zookeeper.RegressionTest0,N/A,N/A,1,N/A,0.001,ERROR
greplin-zookeeper-utils,com.greplin.zookeeper.RegressionTest0,N/A,N/A,1,N/A,0.001,ERROR
greplin-zookeeper-utils,com.greplin.zookeeper.RegressionTest0,N/A,N/A,1,N/A,0.0,ERROR
greplin-zookeeper-utils,com.greplin.zookeeper.RegressionTest0,N/A,N/A,1,N/A,0.001,ERROR
greplin-zookeeper-utils,com.greplin.zookeeper.RegressionTest0,N/A,N/A,1,N/A,0.001,ERROR
greplin-zookeeper-utils,com.greplin.zookeeper.RegressionTest0,N/A,N/A,1,N/A,0.001,ERROR
greplin-zookeeper-utils,com.greplin.zookeeper.RegressionTest0,N/A,N/A,1,N/A,0.001,ERROR
greplin-zookeeper-utils,com.greplin.zookeeper.RegressionTest0,N/A,N/A,1,N/A,0.0,ERROR
greplin-zookeeper-utils,com.greplin.zookeeper.RegressionTest0,N/A,N/A,1,N/A,0.0,ERROR
greplin-zookeeper-utils,com.greplin.zookeeper.RegressionTest0,N/A,N/A,1,N/A,0.0,ERROR
greplin-zookeeper-utils,com.greplin.zookeeper.RegressionTest0,N/A,N/A,1,N/A,0.0,ERROR
greplin-zookeeper-utils,com.greplin.zookeeper.RegressionTest0,N/A,N/A,1,N/A,0.001,ERROR
greplin-zookeeper-utils,com.greplin.zookeeper.RegressionTest0,N/A,N/A,1,N/A,0.002,ERROR
greplin-zookeeper-utils,com.greplin.zookeeper.RegressionTest0,N/A,N/A,1,N/A,0.002,ERROR
greplin-zookeeper-utils,com.greplin.zookeeper.RegressionTest0,N/A,N/A,1,N/A,0.001,ERROR
greplin-zookeeper-utils,com.greplin.zookeeper.RegressionTest0,N/A,N/A,1,N/A,0.001,ERROR
greplin-zookeeper-utils,com.greplin.zookeeper.RegressionTest0,N/A,N/A,1,N/A,0.003,ERROR
greplin-zookeeper-utils,com.greplin.zookeeper.RegressionTest0,N/A,N/A,1,N/A,0.0,ERROR
greplin-zookeeper-utils,com.greplin.zookeeper.RegressionTest0,N/A,N/A,1,N/A,0.0,ERROR
greplin-zookeeper-utils,com.greplin.zookeeper.RegressionTest0,N/A,N/A,1,N/A,0.0,ERROR
greplin-zookeeper-utils,com.greplin.zookeeper.RegressionTest0,N/A,N/A,1,N/A,0.0,ERROR
greplin-zookeeper-utils,com.greplin.zookeeper.RegressionTest0,N/A,N/A,1,N/A,0.0,ERROR
greplin-zookeeper-utils,com.greplin.zookeeper.RegressionTest0,N/A,N/A,1,N/A,0.0,ERROR
greplin-zookeeper-utils,com.greplin.zookeeper.RegressionTest0,N/A,N/A,1,N/A,0.0,ERROR
greplin-zookeeper-utils,com.greplin.zookeeper.RegressionTest0,N/A,N/A,1,N/A,0.0,ERROR
greplin-zookeeper-utils,com.greplin.zookeeper.RegressionTest0,N/A,N/A,1,N/A,0.0,ERROR
greplin-zookeeper-utils,com.greplin.zookeeper.RegressionTest0,N/A,N/A,1,N/A,0.004,ERROR
greplin-zookeeper-utils,com.greplin.zookeeper.RegressionTest0,N/A,N/A,1,N/A,0.0,ERROR
greplin-zookeeper-utils,com.greplin.zookeeper.RegressionTest0,N/A,N/A,1,N/A,0.0,ERROR
greplin-zookeeper-utils,com.greplin.zookeeper.RegressionTest0,N/A,N/A,1,N/A,0.0,ERROR
greplin-zookeeper-utils,com.greplin.zookeeper.RegressionTest0,N/A,N/A,1,N/A,0.0,ERROR
greplin-zookeeper-utils,com.greplin.zookeeper.RegressionTest0,N/A,N/A,1,N/A,0.0,ERROR
greplin-zookeeper-utils,com.greplin.zookeeper.RegressionTest0,N/A,N/A,1,N/A,0.0,ERROR
greplin-zookeeper-utils,com.greplin.zookeeper.RegressionTest0,N/A,N/A,1,N/A,0.0,ERROR
greplin-zookeeper-utils,com.greplin.zookeeper.RegressionTest0,N/A,N/A,1,N/A,0.001,ERROR
greplin-zookeeper-utils,com.greplin.zookeeper.RegressionTest0,N/A,N/A,1,N/A,0.0,ERROR
greplin-zookeeper-utils,com.greplin.zookeeper.RegressionTest0,N/A,N/A,1,N/A,0.0,ERROR
greplin-zookeeper-utils,com.greplin.zookeeper.RegressionTest0,N/A,N/A,1,N/A,0.0,ERROR
greplin-zookeeper-utils,com.greplin.zookeeper.RegressionTest0,N/A,N/A,1,N/A,0.0,ERROR
greplin-zookeeper-utils,com.greplin.zookeeper.RegressionTest0,N/A,N/A,1,N/A,0.001,ERROR
greplin-zookeeper-utils,com.greplin.zookeeper.RegressionTest0,N/A,N/A,1,N/A,0.002,ERROR
greplin-zookeeper-utils,com.greplin.zookeeper.RegressionTest0,N/A,N/A,1,N/A,0.001,ERROR
greplin-zookeeper-utils,com.greplin.zookeeper.RegressionTest0,N/A,N/A,1,N/A,0.001,ERROR
greplin-zookeeper-utils,com.greplin.zookeeper.RegressionTest0,N/A,N/A,1,N/A,0.001,ERROR
greplin-zookeeper-utils,com.greplin.zookeeper.RegressionTest0,N/A,N/A,1,N/A,0.001,ERROR
greplin-zookeeper-utils,com.greplin.zookeeper.RegressionTest0,N/A,N/A,1,N/A,0.002,ERROR
greplin-zookeeper-utils,com.greplin.zookeeper.RegressionTest0,N/A,N/A,1,N/A,0.0,ERROR
greplin-zookeeper-utils,com.greplin.zookeeper.RegressionTest0,N/A,N/A,1,N/A,0.001,ERROR
greplin-zookeeper-utils,com.greplin.zookeeper.RegressionTest0,N/A,N/A,1,N/A,0.0,ERROR
greplin-zookeeper-utils,com.greplin.zookeeper.RegressionTest0,N/A,N/A,1,N/A,0.0,ERROR
greplin-zookeeper-utils,com.greplin.zookeeper.RegressionTest0,N/A,N/A,1,N/A,0.0,ERROR
greplin-zookeeper-utils,com.greplin.zookeeper.RegressionTest0,N/A,N/A,1,N/A,0.001,ERROR
greplin-zookeeper-utils,com.greplin.zookeeper.RegressionTest0,N/A,N/A,1,N/A,0.001,ERROR
greplin-zookeeper-utils,com.greplin.zookeeper.RegressionTest0,N/A,N/A,1,N/A,0.001,ERROR
greplin-zookeeper-utils,com.greplin.zookeeper.RegressionTest0,N/A,N/A,1,N/A,0.001,ERROR
greplin-zookeeper-utils,com.greplin.zookeeper.RegressionTest0,N/A,N/A,1,N/A,0.001,ERROR
greplin-zookeeper-utils,com.greplin.zookeeper.RegressionTest0,N/A,N/A,1,N/A,0.0,ERROR
greplin-zookeeper-utils,com.greplin.zookeeper.RegressionTest0,N/A,N/A,1,N/A,0.001,ERROR
greplin-zookeeper-utils,com.greplin.zookeeper.RegressionTest0,N/A,N/A,1,N/A,0.0,ERROR
greplin-zookeeper-utils,com.greplin.zookeeper.RegressionTest0,N/A,N/A,1,N/A,0.0,ERROR
greplin-zookeeper-utils,com.greplin.zookeeper.RegressionTest1,N/A,N/A,1,N/A,0.0,ERROR
greplin-zookeeper-utils,com.greplin.zookeeper.RegressionTest1,N/A,N/A,1,N/A,0.001,ERROR
greplin-zookeeper-utils,com.greplin.zookeeper.RegressionTest1,N/A,N/A,1,N/A,0.001,ERROR
greplin-zookeeper-utils,com.greplin.zookeeper.RegressionTest1,N/A,N/A,1,N/A,0.0,ERROR
greplin-zookeeper-utils,com.greplin.zookeeper.RegressionTest1,N/A,N/A,1,N/A,0.001,ERROR
greplin-zookeeper-utils,com.greplin.zookeeper.RegressionTest1,N/A,N/A,1,N/A,0.001,ERROR
greplin-zookeeper-utils,com.greplin.zookeeper.RegressionTest1,N/A,N/A,1,N/A,0.002,ERROR
greplin-zookeeper-utils,com.greplin.zookeeper.RegressionTest1,N/A,N/A,1,N/A,0.002,ERROR
greplin-zookeeper-utils,com.greplin.zookeeper.RegressionTest1,N/A,N/A,1,N/A,0.002,ERROR
greplin-zookeeper-utils,com.greplin.zookeeper.RegressionTest1,N/A,N/A,1,N/A,0.001,ERROR
greplin-zookeeper-utils,com.greplin.zookeeper.RegressionTest1,N/A,N/A,1,N/A,0.001,ERROR
greplin-zookeeper-utils,com.greplin.zookeeper.RegressionTest1,N/A,N/A,1,N/A,0.0,ERROR
greplin-zookeeper-utils,com.greplin.zookeeper.RegressionTest1,N/A,N/A,1,N/A,0.0,ERROR
greplin-zookeeper-utils,com.greplin.zookeeper.RegressionTest1,N/A,N/A,1,N/A,0.0,ERROR
greplin-zookeeper-utils,com.greplin.zookeeper.RegressionTest1,N/A,N/A,1,N/A,0.002,ERROR
greplin-zookeeper-utils,com.greplin.zookeeper.RegressionTest1,N/A,N/A,1,N/A,0.001,ERROR
greplin-zookeeper-utils,com.greplin.zookeeper.RegressionTest1,N/A,N/A,1,N/A,0.001,ERROR
greplin-zookeeper-utils,com.greplin.zookeeper.RegressionTest1,N/A,N/A,1,N/A,0.001,ERROR
greplin-zookeeper-utils,com.greplin.zookeeper.RegressionTest1,N/A,N/A,1,N/A,0.0,ERROR
greplin-zookeeper-utils,com.greplin.zookeeper.RegressionTest1,N/A,N/A,1,N/A,0.001,ERROR
greplin-zookeeper-utils,com.greplin.zookeeper.RegressionTest1,N/A,N/A,1,N/A,0.001,ERROR
greplin-zookeeper-utils,com.greplin.zookeeper.RegressionTest1,N/A,N/A,1,N/A,0.0,ERROR
greplin-zookeeper-utils,com.greplin.zookeeper.RegressionTest1,N/A,N/A,1,N/A,0.0,ERROR
greplin-zookeeper-utils,com.greplin.zookeeper.RegressionTest1,N/A,N/A,1,N/A,0.0,ERROR
greplin-zookeeper-utils,com.greplin.zookeeper.RegressionTest1,N/A,N/A,1,N/A,0.001,ERROR
greplin-zookeeper-utils,com.greplin.zookeeper.RegressionTest1,N/A,N/A,1,N/A,0.001,ERROR
greplin-zookeeper-utils,com.greplin.zookeeper.RegressionTest1,N/A,N/A,1,N/A,0.0,ERROR
greplin-zookeeper-utils,com.greplin.zookeeper.RegressionTest1,N/A,N/A,1,N/A,0.0,ERROR
greplin-zookeeper-utils,com.greplin.zookeeper.RegressionTest1,N/A,N/A,1,N/A,0.0,ERROR
greplin-zookeeper-utils,com.greplin.zookeeper.RegressionTest1,N/A,N/A,1,N/A,0.0,ERROR
greplin-zookeeper-utils,com.greplin.zookeeper.RegressionTest1,N/A,N/A,1,N/A,0.0,ERROR
greplin-zookeeper-utils,com.greplin.zookeeper.RegressionTest1,N/A,N/A,1,N/A,0.0,ERROR
greplin-zookeeper-utils,com.greplin.zookeeper.RegressionTest1,N/A,N/A,1,N/A,0.001,ERROR
greplin-zookeeper-utils,com.greplin.zookeeper.RegressionTest1,N/A,N/A,1,N/A,0.002,ERROR
greplin-zookeeper-utils,com.greplin.zookeeper.RegressionTest1,N/A,N/A,1,N/A,0.0,ERROR
greplin-zookeeper-utils,com.greplin.zookeeper.RegressionTest1,N/A,N/A,1,N/A,0.001,ERROR
greplin-zookeeper-utils,com.greplin.zookeeper.RegressionTest1,N/A,N/A,1,N/A,0.0,ERROR
greplin-zookeeper-utils,com.greplin.zookeeper.RegressionTest1,N/A,N/A,1,N/A,0.0,ERROR
greplin-zookeeper-utils,com.greplin.zookeeper.RegressionTest1,N/A,N/A,1,N/A,0.001,ERROR
greplin-zookeeper-utils,com.greplin.zookeeper.RegressionTest1,N/A,N/A,1,N/A,0.0,ERROR
greplin-zookeeper-utils,com.greplin.zookeeper.RegressionTest1,N/A,N/A,1,N/A,0.0,ERROR
greplin-zookeeper-utils,com.greplin.zookeeper.RegressionTest1,N/A,N/A,1,N/A,0.0,ERROR
greplin-zookeeper-utils,com.greplin.zookeeper.RegressionTest1,N/A,N/A,1,N/A,0.002,ERROR
greplin-zookeeper-utils,com.greplin.zookeeper.RegressionTest1,N/A,N/A,1,N/A,0.002,ERROR
greplin-zookeeper-utils,com.greplin.zookeeper.RegressionTest1,N/A,N/A,1,N/A,0.0,ERROR
greplin-zookeeper-utils,com.greplin.zookeeper.RegressionTest1,N/A,N/A,1,N/A,0.0,ERROR
greplin-zookeeper-utils,com.greplin.zookeeper.RegressionTest1,N/A,N/A,1,N/A,0.001,ERROR
greplin-zookeeper-utils,com.greplin.zookeeper.RegressionTest1,N/A,N/A,1,N/A,0.001,ERROR
greplin-zookeeper-utils,com.greplin.zookeeper.RegressionTest1,N/A,N/A,1,N/A,0.001,ERROR
greplin-zookeeper-utils,com.greplin.zookeeper.RegressionTest1,N/A,N/A,1,N/A,0.002,ERROR
greplin-zookeeper-utils,com.greplin.zookeeper.RegressionTest1,N/A,N/A,1,N/A,0.0,ERROR
greplin-zookeeper-utils,com.greplin.zookeeper.RegressionTest1,N/A,N/A,1,N/A,0.001,ERROR
greplin-zookeeper-utils,com.greplin.zookeeper.RegressionTest1,N/A,N/A,1,N/A,0.001,ERROR
greplin-zookeeper-utils,com.greplin.zookeeper.RegressionTest1,N/A,N/A,1,N/A,0.0,ERROR
greplin-zookeeper-utils,com.greplin.zookeeper.RegressionTest1,N/A,N/A,1,N/A,0.001,ERROR
greplin-zookeeper-utils,com.greplin.zookeeper.RegressionTest1,N/A,N/A,1,N/A,0.001,ERROR
greplin-zookeeper-utils,com.greplin.zookeeper.RegressionTest1,N/A,N/A,1,N/A,0.0,ERROR
greplin-zookeeper-utils,com.greplin.zookeeper.RegressionTest1,N/A,N/A,1,N/A,0.0,ERROR
greplin-zookeeper-utils,com.greplin.zookeeper.RegressionTest1,N/A,N/A,1,N/A,0.0,ERROR
greplin-zookeeper-utils,com.greplin.zookeeper.RegressionTest1,N/A,N/A,1,N/A,0.001,ERROR
greplin-zookeeper-utils,com.greplin.zookeeper.RegressionTest1,N/A,N/A,1,N/A,0.0,ERROR
greplin-zookeeper-utils,com.greplin.zookeeper.RegressionTest1,N/A,N/A,1,N/A,0.002,ERROR
greplin-zookeeper-utils,com.greplin.zookeeper.RegressionTest1,N/A,N/A,1,N/A,0.0,ERROR
greplin-zookeeper-utils,com.greplin.zookeeper.RegressionTest1,N/A,N/A,1,N/A,0.002,ERROR
greplin-zookeeper-utils,com.greplin.zookeeper.RegressionTest1,N/A,N/A,1,N/A,0.001,ERROR
greplin-zookeeper-utils,com.greplin.zookeeper.RegressionTest1,N/A,N/A,1,N/A,0.001,ERROR
greplin-zookeeper-utils,com.greplin.zookeeper.RegressionTest1,N/A,N/A,1,N/A,0.001,ERROR
greplin-zookeeper-utils,com.greplin.zookeeper.RegressionTest1,N/A,N/A,1,N/A,0.0,ERROR
greplin-zookeeper-utils,com.greplin.zookeeper.RegressionTest1,N/A,N/A,1,N/A,0.001,ERROR
greplin-zookeeper-utils,com.greplin.zookeeper.RegressionTest1,N/A,N/A,1,N/A,0.0,ERROR
greplin-zookeeper-utils,com.greplin.zookeeper.RegressionTest1,N/A,N/A,1,N/A,0.0,ERROR
greplin-zookeeper-utils,com.greplin.zookeeper.RegressionTest1,N/A,N/A,1,N/A,0.001,ERROR
greplin-zookeeper-utils,com.greplin.zookeeper.RegressionTest1,N/A,N/A,1,N/A,0.0,ERROR
greplin-zookeeper-utils,com.greplin.zookeeper.RegressionTest1,N/A,N/A,1,N/A,0.0,ERROR
greplin-zookeeper-utils,com.greplin.zookeeper.RegressionTest1,N/A,N/A,1,N/A,0.001,ERROR
greplin-zookeeper-utils,com.greplin.zookeeper.RegressionTest1,N/A,N/A,1,N/A,0.0,ERROR
greplin-zookeeper-utils,com.greplin.zookeeper.RegressionTest1,N/A,N/A,1,N/A,0.0,ERROR
greplin-zookeeper-utils,com.greplin.zookeeper.RegressionTest1,N/A,N/A,1,N/A,0.001,ERROR
greplin-zookeeper-utils,null,8,0,8,0,0.001,FAILURE
greplin-zookeeper-utils,com.greplin.zookeeper.RobustZooKeeperTest,N/A,N/A,1,N/A,0.0,ERROR
greplin-zookeeper-utils,com.greplin.zookeeper.RobustZooKeeperTest,N/A,N/A,1,N/A,0.0,ERROR
greplin-zookeeper-utils,com.greplin.zookeeper.RobustZooKeeperTest,N/A,N/A,1,N/A,0.0,ERROR
greplin-zookeeper-utils,com.greplin.zookeeper.RobustZooKeeperTest,N/A,N/A,1,N/A,0.0,ERROR
greplin-zookeeper-utils,com.greplin.zookeeper.RobustZooKeeperTest,N/A,N/A,1,N/A,0.0,ERROR
greplin-zookeeper-utils,com.greplin.zookeeper.RobustZooKeeperTest,N/A,N/A,1,N/A,0.0,ERROR
greplin-zookeeper-utils,com.greplin.zookeeper.RobustZooKeeperTest,N/A,N/A,1,N/A,0.0,ERROR
greplin-zookeeper-utils,com.greplin.zookeeper.RobustZooKeeperTest,N/A,N/A,1,N/A,0.0,ERROR
Sum: 73.010999999999951
--------------------Execution: 8 -----------------------------------
greplin-zookeeper-utils,null,749,0,249,0,71.22,FAILURE
greplin-zookeeper-utils,com.greplin.zookeeper.RegressionTest0,N/A,N/A,1,N/A,0.556,ERROR
greplin-zookeeper-utils,com.greplin.zookeeper.RegressionTest0,N/A,N/A,1,N/A,0.001,ERROR
greplin-zookeeper-utils,com.greplin.zookeeper.RegressionTest0,N/A,N/A,1,N/A,0.001,ERROR
greplin-zookeeper-utils,com.greplin.zookeeper.RegressionTest0,N/A,N/A,1,N/A,0.002,ERROR
greplin-zookeeper-utils,com.greplin.zookeeper.RegressionTest0,N/A,N/A,1,N/A,0.001,ERROR
greplin-zookeeper-utils,com.greplin.zookeeper.RegressionTest0,N/A,N/A,1,N/A,0.001,ERROR
greplin-zookeeper-utils,com.greplin.zookeeper.RegressionTest0,N/A,N/A,1,N/A,0.001,ERROR
greplin-zookeeper-utils,com.greplin.zookeeper.RegressionTest0,N/A,N/A,1,N/A,0.001,ERROR
greplin-zookeeper-utils,com.greplin.zookeeper.RegressionTest0,N/A,N/A,1,N/A,0.001,ERROR
greplin-zookeeper-utils,com.greplin.zookeeper.RegressionTest0,N/A,N/A,1,N/A,0.0,ERROR
greplin-zookeeper-utils,com.greplin.zookeeper.RegressionTest0,N/A,N/A,1,N/A,0.006,ERROR
greplin-zookeeper-utils,com.greplin.zookeeper.RegressionTest0,N/A,N/A,1,N/A,0.001,ERROR
greplin-zookeeper-utils,com.greplin.zookeeper.RegressionTest0,N/A,N/A,1,N/A,0.001,ERROR
greplin-zookeeper-utils,com.greplin.zookeeper.RegressionTest0,N/A,N/A,1,N/A,0.004,ERROR
greplin-zookeeper-utils,com.greplin.zookeeper.RegressionTest0,N/A,N/A,1,N/A,0.0,ERROR
greplin-zookeeper-utils,com.greplin.zookeeper.RegressionTest0,N/A,N/A,1,N/A,0.003,ERROR
greplin-zookeeper-utils,com.greplin.zookeeper.RegressionTest0,N/A,N/A,1,N/A,0.0,ERROR
greplin-zookeeper-utils,com.greplin.zookeeper.RegressionTest0,N/A,N/A,1,N/A,0.954,ERROR
greplin-zookeeper-utils,com.greplin.zookeeper.RegressionTest0,N/A,N/A,1,N/A,0.0,ERROR
greplin-zookeeper-utils,com.greplin.zookeeper.RegressionTest0,N/A,N/A,1,N/A,0.003,ERROR
greplin-zookeeper-utils,com.greplin.zookeeper.RegressionTest0,N/A,N/A,1,N/A,0.007,ERROR
greplin-zookeeper-utils,com.greplin.zookeeper.RegressionTest0,N/A,N/A,1,N/A,0.002,ERROR
greplin-zookeeper-utils,com.greplin.zookeeper.RegressionTest0,N/A,N/A,1,N/A,0.0,ERROR
greplin-zookeeper-utils,com.greplin.zookeeper.RegressionTest0,N/A,N/A,1,N/A,0.001,ERROR
greplin-zookeeper-utils,com.greplin.zookeeper.RegressionTest0,N/A,N/A,1,N/A,0.001,ERROR
greplin-zookeeper-utils,com.greplin.zookeeper.RegressionTest0,N/A,N/A,1,N/A,0.002,ERROR
greplin-zookeeper-utils,com.greplin.zookeeper.RegressionTest0,N/A,N/A,1,N/A,0.001,ERROR
greplin-zookeeper-utils,com.greplin.zookeeper.RegressionTest0,N/A,N/A,1,N/A,0.0,ERROR
greplin-zookeeper-utils,com.greplin.zookeeper.RegressionTest0,N/A,N/A,1,N/A,0.0,ERROR
greplin-zookeeper-utils,com.greplin.zookeeper.RegressionTest0,N/A,N/A,1,N/A,0.001,ERROR
greplin-zookeeper-utils,com.greplin.zookeeper.RegressionTest0,N/A,N/A,1,N/A,0.001,ERROR
greplin-zookeeper-utils,com.greplin.zookeeper.RegressionTest0,N/A,N/A,1,N/A,0.001,ERROR
greplin-zookeeper-utils,com.greplin.zookeeper.RegressionTest0,N/A,N/A,1,N/A,0.0,ERROR
greplin-zookeeper-utils,com.greplin.zookeeper.RegressionTest0,N/A,N/A,1,N/A,0.001,ERROR
greplin-zookeeper-utils,com.greplin.zookeeper.RegressionTest0,N/A,N/A,1,N/A,0.001,ERROR
greplin-zookeeper-utils,com.greplin.zookeeper.RegressionTest0,N/A,N/A,1,N/A,0.0,ERROR
greplin-zookeeper-utils,com.greplin.zookeeper.RegressionTest0,N/A,N/A,1,N/A,0.002,ERROR
greplin-zookeeper-utils,com.greplin.zookeeper.RegressionTest0,N/A,N/A,1,N/A,0.001,ERROR
greplin-zookeeper-utils,com.greplin.zookeeper.RegressionTest0,N/A,N/A,1,N/A,0.0,ERROR
greplin-zookeeper-utils,com.greplin.zookeeper.RegressionTest0,N/A,N/A,1,N/A,0.002,ERROR
greplin-zookeeper-utils,com.greplin.zookeeper.RegressionTest0,N/A,N/A,1,N/A,0.002,ERROR
greplin-zookeeper-utils,com.greplin.zookeeper.RegressionTest0,N/A,N/A,1,N/A,0.0,ERROR
greplin-zookeeper-utils,com.greplin.zookeeper.RegressionTest0,N/A,N/A,1,N/A,0.002,ERROR
greplin-zookeeper-utils,com.greplin.zookeeper.RegressionTest0,N/A,N/A,1,N/A,0.0,ERROR
greplin-zookeeper-utils,com.greplin.zookeeper.RegressionTest0,N/A,N/A,1,N/A,0.001,ERROR
greplin-zookeeper-utils,com.greplin.zookeeper.RegressionTest0,N/A,N/A,1,N/A,0.003,ERROR
greplin-zookeeper-utils,com.greplin.zookeeper.RegressionTest0,N/A,N/A,1,N/A,0.002,ERROR
greplin-zookeeper-utils,com.greplin.zookeeper.RegressionTest0,N/A,N/A,1,N/A,0.001,ERROR
greplin-zookeeper-utils,com.greplin.zookeeper.RegressionTest0,N/A,N/A,1,N/A,0.0,ERROR
greplin-zookeeper-utils,com.greplin.zookeeper.RegressionTest0,N/A,N/A,1,N/A,0.0,ERROR
greplin-zookeeper-utils,com.greplin.zookeeper.RegressionTest0,N/A,N/A,1,N/A,0.003,ERROR
greplin-zookeeper-utils,com.greplin.zookeeper.RegressionTest0,N/A,N/A,1,N/A,0.0,ERROR
greplin-zookeeper-utils,com.greplin.zookeeper.RegressionTest0,N/A,N/A,1,N/A,0.0,ERROR
greplin-zookeeper-utils,com.greplin.zookeeper.RegressionTest0,N/A,N/A,1,N/A,0.0,ERROR
greplin-zookeeper-utils,com.greplin.zookeeper.RegressionTest0,N/A,N/A,1,N/A,0.0,ERROR
greplin-zookeeper-utils,com.greplin.zookeeper.RegressionTest0,N/A,N/A,1,N/A,0.001,ERROR
greplin-zookeeper-utils,com.greplin.zookeeper.RegressionTest0,N/A,N/A,1,N/A,0.001,ERROR
greplin-zookeeper-utils,com.greplin.zookeeper.RegressionTest0,N/A,N/A,1,N/A,0.001,ERROR
greplin-zookeeper-utils,com.greplin.zookeeper.RegressionTest0,N/A,N/A,1,N/A,0.0,ERROR
greplin-zookeeper-utils,com.greplin.zookeeper.RegressionTest0,N/A,N/A,1,N/A,0.002,ERROR
greplin-zookeeper-utils,com.greplin.zookeeper.RegressionTest0,N/A,N/A,1,N/A,0.001,ERROR
greplin-zookeeper-utils,com.greplin.zookeeper.RegressionTest0,N/A,N/A,1,N/A,0.0,ERROR
greplin-zookeeper-utils,com.greplin.zookeeper.RegressionTest0,N/A,N/A,1,N/A,0.0,ERROR
greplin-zookeeper-utils,com.greplin.zookeeper.RegressionTest0,N/A,N/A,1,N/A,0.001,ERROR
greplin-zookeeper-utils,com.greplin.zookeeper.RegressionTest0,N/A,N/A,1,N/A,0.0,ERROR
greplin-zookeeper-utils,com.greplin.zookeeper.RegressionTest0,N/A,N/A,1,N/A,0.0,ERROR
greplin-zookeeper-utils,com.greplin.zookeeper.RegressionTest0,N/A,N/A,1,N/A,0.0,ERROR
greplin-zookeeper-utils,com.greplin.zookeeper.RegressionTest0,N/A,N/A,1,N/A,0.0,ERROR
greplin-zookeeper-utils,com.greplin.zookeeper.RegressionTest0,N/A,N/A,1,N/A,0.001,ERROR
greplin-zookeeper-utils,com.greplin.zookeeper.RegressionTest0,N/A,N/A,1,N/A,0.0,ERROR
greplin-zookeeper-utils,com.greplin.zookeeper.RegressionTest0,N/A,N/A,1,N/A,0.001,ERROR
greplin-zookeeper-utils,com.greplin.zookeeper.RegressionTest0,N/A,N/A,1,N/A,0.001,ERROR
greplin-zookeeper-utils,com.greplin.zookeeper.RegressionTest0,N/A,N/A,1,N/A,0.001,ERROR
greplin-zookeeper-utils,com.greplin.zookeeper.RegressionTest0,N/A,N/A,1,N/A,0.0,ERROR
greplin-zookeeper-utils,com.greplin.zookeeper.RegressionTest0,N/A,N/A,1,N/A,0.0,ERROR
greplin-zookeeper-utils,com.greplin.zookeeper.RegressionTest0,N/A,N/A,1,N/A,0.0,ERROR
greplin-zookeeper-utils,com.greplin.zookeeper.RegressionTest0,N/A,N/A,1,N/A,0.0,ERROR
greplin-zookeeper-utils,com.greplin.zookeeper.RegressionTest0,N/A,N/A,1,N/A,0.001,ERROR
greplin-zookeeper-utils,com.greplin.zookeeper.RegressionTest0,N/A,N/A,1,N/A,0.003,ERROR
greplin-zookeeper-utils,com.greplin.zookeeper.RegressionTest0,N/A,N/A,1,N/A,0.001,ERROR
greplin-zookeeper-utils,com.greplin.zookeeper.RegressionTest0,N/A,N/A,1,N/A,0.0,ERROR
greplin-zookeeper-utils,com.greplin.zookeeper.RegressionTest0,N/A,N/A,1,N/A,0.0,ERROR
greplin-zookeeper-utils,com.greplin.zookeeper.RegressionTest0,N/A,N/A,1,N/A,0.0,ERROR
greplin-zookeeper-utils,com.greplin.zookeeper.RegressionTest0,N/A,N/A,1,N/A,0.001,ERROR
greplin-zookeeper-utils,com.greplin.zookeeper.RegressionTest0,N/A,N/A,1,N/A,0.001,ERROR
greplin-zookeeper-utils,com.greplin.zookeeper.RegressionTest0,N/A,N/A,1,N/A,0.001,ERROR
greplin-zookeeper-utils,com.greplin.zookeeper.RegressionTest0,N/A,N/A,1,N/A,0.001,ERROR
greplin-zookeeper-utils,com.greplin.zookeeper.RegressionTest0,N/A,N/A,1,N/A,0.001,ERROR
greplin-zookeeper-utils,com.greplin.zookeeper.RegressionTest0,N/A,N/A,1,N/A,0.001,ERROR
greplin-zookeeper-utils,com.greplin.zookeeper.RegressionTest0,N/A,N/A,1,N/A,0.001,ERROR
greplin-zookeeper-utils,com.greplin.zookeeper.RegressionTest0,N/A,N/A,1,N/A,0.001,ERROR
greplin-zookeeper-utils,com.greplin.zookeeper.RegressionTest0,N/A,N/A,1,N/A,0.001,ERROR
greplin-zookeeper-utils,com.greplin.zookeeper.RegressionTest0,N/A,N/A,1,N/A,0.001,ERROR
greplin-zookeeper-utils,com.greplin.zookeeper.RegressionTest0,N/A,N/A,1,N/A,0.001,ERROR
greplin-zookeeper-utils,com.greplin.zookeeper.RegressionTest0,N/A,N/A,1,N/A,0.002,ERROR
greplin-zookeeper-utils,com.greplin.zookeeper.RegressionTest0,N/A,N/A,1,N/A,0.001,ERROR
greplin-zookeeper-utils,com.greplin.zookeeper.RegressionTest0,N/A,N/A,1,N/A,0.0,ERROR
greplin-zookeeper-utils,com.greplin.zookeeper.RegressionTest0,N/A,N/A,1,N/A,0.0,ERROR
greplin-zookeeper-utils,com.greplin.zookeeper.RegressionTest0,N/A,N/A,1,N/A,0.001,ERROR
greplin-zookeeper-utils,com.greplin.zookeeper.RegressionTest0,N/A,N/A,1,N/A,0.001,ERROR
greplin-zookeeper-utils,com.greplin.zookeeper.RegressionTest0,N/A,N/A,1,N/A,0.001,ERROR
greplin-zookeeper-utils,com.greplin.zookeeper.RegressionTest0,N/A,N/A,1,N/A,0.001,ERROR
greplin-zookeeper-utils,com.greplin.zookeeper.RegressionTest0,N/A,N/A,1,N/A,0.0,ERROR
greplin-zookeeper-utils,com.greplin.zookeeper.RegressionTest0,N/A,N/A,1,N/A,0.0,ERROR
greplin-zookeeper-utils,com.greplin.zookeeper.RegressionTest0,N/A,N/A,1,N/A,0.0,ERROR
greplin-zookeeper-utils,com.greplin.zookeeper.RegressionTest0,N/A,N/A,1,N/A,0.001,ERROR
greplin-zookeeper-utils,com.greplin.zookeeper.RegressionTest0,N/A,N/A,1,N/A,0.0,ERROR
greplin-zookeeper-utils,com.greplin.zookeeper.RegressionTest0,N/A,N/A,1,N/A,0.0,ERROR
greplin-zookeeper-utils,com.greplin.zookeeper.RegressionTest0,N/A,N/A,1,N/A,0.0,ERROR
greplin-zookeeper-utils,com.greplin.zookeeper.RegressionTest0,N/A,N/A,1,N/A,0.0,ERROR
greplin-zookeeper-utils,com.greplin.zookeeper.RegressionTest0,N/A,N/A,1,N/A,0.0,ERROR
greplin-zookeeper-utils,com.greplin.zookeeper.RegressionTest0,N/A,N/A,1,N/A,0.001,ERROR
greplin-zookeeper-utils,com.greplin.zookeeper.RegressionTest0,N/A,N/A,1,N/A,0.001,ERROR
greplin-zookeeper-utils,com.greplin.zookeeper.RegressionTest0,N/A,N/A,1,N/A,0.001,ERROR
greplin-zookeeper-utils,com.greplin.zookeeper.RegressionTest0,N/A,N/A,1,N/A,0.0,ERROR
greplin-zookeeper-utils,com.greplin.zookeeper.RegressionTest0,N/A,N/A,1,N/A,0.001,ERROR
greplin-zookeeper-utils,com.greplin.zookeeper.RegressionTest0,N/A,N/A,1,N/A,0.0,ERROR
greplin-zookeeper-utils,com.greplin.zookeeper.RegressionTest0,N/A,N/A,1,N/A,0.0,ERROR
greplin-zookeeper-utils,com.greplin.zookeeper.RegressionTest0,N/A,N/A,1,N/A,0.001,ERROR
greplin-zookeeper-utils,com.greplin.zookeeper.RegressionTest0,N/A,N/A,1,N/A,0.001,ERROR
greplin-zookeeper-utils,com.greplin.zookeeper.RegressionTest0,N/A,N/A,1,N/A,0.001,ERROR
greplin-zookeeper-utils,com.greplin.zookeeper.RegressionTest0,N/A,N/A,1,N/A,0.001,ERROR
greplin-zookeeper-utils,com.greplin.zookeeper.RegressionTest0,N/A,N/A,1,N/A,0.0,ERROR
greplin-zookeeper-utils,com.greplin.zookeeper.RegressionTest0,N/A,N/A,1,N/A,0.002,ERROR
greplin-zookeeper-utils,com.greplin.zookeeper.RegressionTest0,N/A,N/A,1,N/A,0.0,ERROR
greplin-zookeeper-utils,com.greplin.zookeeper.RegressionTest0,N/A,N/A,1,N/A,0.0,ERROR
greplin-zookeeper-utils,com.greplin.zookeeper.RegressionTest0,N/A,N/A,1,N/A,0.001,ERROR
greplin-zookeeper-utils,com.greplin.zookeeper.RegressionTest0,N/A,N/A,1,N/A,0.002,ERROR
greplin-zookeeper-utils,com.greplin.zookeeper.RegressionTest0,N/A,N/A,1,N/A,0.005,ERROR
greplin-zookeeper-utils,com.greplin.zookeeper.RegressionTest0,N/A,N/A,1,N/A,0.0,ERROR
greplin-zookeeper-utils,com.greplin.zookeeper.RegressionTest0,N/A,N/A,1,N/A,0.004,ERROR
greplin-zookeeper-utils,com.greplin.zookeeper.RegressionTest0,N/A,N/A,1,N/A,0.0,ERROR
greplin-zookeeper-utils,com.greplin.zookeeper.RegressionTest0,N/A,N/A,1,N/A,0.0,ERROR
greplin-zookeeper-utils,com.greplin.zookeeper.RegressionTest0,N/A,N/A,1,N/A,0.001,ERROR
greplin-zookeeper-utils,com.greplin.zookeeper.RegressionTest0,N/A,N/A,1,N/A,0.003,ERROR
greplin-zookeeper-utils,com.greplin.zookeeper.RegressionTest0,N/A,N/A,1,N/A,0.0,ERROR
greplin-zookeeper-utils,com.greplin.zookeeper.RegressionTest0,N/A,N/A,1,N/A,0.0,ERROR
greplin-zookeeper-utils,com.greplin.zookeeper.RegressionTest0,N/A,N/A,1,N/A,0.002,ERROR
greplin-zookeeper-utils,com.greplin.zookeeper.RegressionTest0,N/A,N/A,1,N/A,0.001,ERROR
greplin-zookeeper-utils,com.greplin.zookeeper.RegressionTest0,N/A,N/A,1,N/A,0.0,ERROR
greplin-zookeeper-utils,com.greplin.zookeeper.RegressionTest0,N/A,N/A,1,N/A,0.001,ERROR
greplin-zookeeper-utils,com.greplin.zookeeper.RegressionTest0,N/A,N/A,1,N/A,0.0,ERROR
greplin-zookeeper-utils,com.greplin.zookeeper.RegressionTest0,N/A,N/A,1,N/A,0.0,ERROR
greplin-zookeeper-utils,com.greplin.zookeeper.RegressionTest0,N/A,N/A,1,N/A,0.0,ERROR
greplin-zookeeper-utils,com.greplin.zookeeper.RegressionTest0,N/A,N/A,1,N/A,0.0,ERROR
greplin-zookeeper-utils,com.greplin.zookeeper.RegressionTest0,N/A,N/A,1,N/A,0.0,ERROR
greplin-zookeeper-utils,com.greplin.zookeeper.RegressionTest0,N/A,N/A,1,N/A,0.002,ERROR
greplin-zookeeper-utils,com.greplin.zookeeper.RegressionTest0,N/A,N/A,1,N/A,0.008,ERROR
greplin-zookeeper-utils,com.greplin.zookeeper.RegressionTest0,N/A,N/A,1,N/A,0.0,ERROR
greplin-zookeeper-utils,com.greplin.zookeeper.RegressionTest0,N/A,N/A,1,N/A,0.0,ERROR
greplin-zookeeper-utils,com.greplin.zookeeper.RegressionTest0,N/A,N/A,1,N/A,0.0,ERROR
greplin-zookeeper-utils,com.greplin.zookeeper.RegressionTest0,N/A,N/A,1,N/A,0.0,ERROR
greplin-zookeeper-utils,com.greplin.zookeeper.RegressionTest0,N/A,N/A,1,N/A,0.0,ERROR
greplin-zookeeper-utils,com.greplin.zookeeper.RegressionTest0,N/A,N/A,1,N/A,0.002,ERROR
greplin-zookeeper-utils,com.greplin.zookeeper.RegressionTest0,N/A,N/A,1,N/A,0.0,ERROR
greplin-zookeeper-utils,com.greplin.zookeeper.RegressionTest0,N/A,N/A,1,N/A,0.0,ERROR
greplin-zookeeper-utils,com.greplin.zookeeper.RegressionTest0,N/A,N/A,1,N/A,0.002,ERROR
greplin-zookeeper-utils,com.greplin.zookeeper.RegressionTest0,N/A,N/A,1,N/A,0.0,ERROR
greplin-zookeeper-utils,com.greplin.zookeeper.RegressionTest0,N/A,N/A,1,N/A,0.0,ERROR
greplin-zookeeper-utils,com.greplin.zookeeper.RegressionTest0,N/A,N/A,1,N/A,0.0,ERROR
greplin-zookeeper-utils,com.greplin.zookeeper.RegressionTest0,N/A,N/A,1,N/A,0.0,ERROR
greplin-zookeeper-utils,com.greplin.zookeeper.RegressionTest0,N/A,N/A,1,N/A,0.0,ERROR
greplin-zookeeper-utils,com.greplin.zookeeper.RegressionTest0,N/A,N/A,1,N/A,0.0,ERROR
greplin-zookeeper-utils,com.greplin.zookeeper.RegressionTest0,N/A,N/A,1,N/A,0.0,ERROR
greplin-zookeeper-utils,com.greplin.zookeeper.RegressionTest0,N/A,N/A,1,N/A,0.001,ERROR
greplin-zookeeper-utils,com.greplin.zookeeper.RegressionTest0,N/A,N/A,1,N/A,0.0,ERROR
greplin-zookeeper-utils,com.greplin.zookeeper.RegressionTest0,N/A,N/A,1,N/A,0.0,ERROR
greplin-zookeeper-utils,com.greplin.zookeeper.RegressionTest0,N/A,N/A,1,N/A,0.0,ERROR
greplin-zookeeper-utils,com.greplin.zookeeper.RegressionTest0,N/A,N/A,1,N/A,0.0,ERROR
greplin-zookeeper-utils,com.greplin.zookeeper.RegressionTest0,N/A,N/A,1,N/A,0.0,ERROR
greplin-zookeeper-utils,com.greplin.zookeeper.RegressionTest0,N/A,N/A,1,N/A,0.0,ERROR
greplin-zookeeper-utils,com.greplin.zookeeper.RegressionTest1,N/A,N/A,1,N/A,0.0,ERROR
greplin-zookeeper-utils,com.greplin.zookeeper.RegressionTest1,N/A,N/A,1,N/A,0.0,ERROR
greplin-zookeeper-utils,com.greplin.zookeeper.RegressionTest1,N/A,N/A,1,N/A,0.0,ERROR
greplin-zookeeper-utils,com.greplin.zookeeper.RegressionTest1,N/A,N/A,1,N/A,0.0,ERROR
greplin-zookeeper-utils,com.greplin.zookeeper.RegressionTest1,N/A,N/A,1,N/A,0.0,ERROR
greplin-zookeeper-utils,com.greplin.zookeeper.RegressionTest1,N/A,N/A,1,N/A,0.007,ERROR
greplin-zookeeper-utils,com.greplin.zookeeper.RegressionTest1,N/A,N/A,1,N/A,0.0,ERROR
greplin-zookeeper-utils,com.greplin.zookeeper.RegressionTest1,N/A,N/A,1,N/A,0.009,ERROR
greplin-zookeeper-utils,com.greplin.zookeeper.RegressionTest1,N/A,N/A,1,N/A,0.0,ERROR
greplin-zookeeper-utils,com.greplin.zookeeper.RegressionTest1,N/A,N/A,1,N/A,0.0,ERROR
greplin-zookeeper-utils,com.greplin.zookeeper.RegressionTest1,N/A,N/A,1,N/A,0.0,ERROR
greplin-zookeeper-utils,com.greplin.zookeeper.RegressionTest1,N/A,N/A,1,N/A,0.0,ERROR
greplin-zookeeper-utils,com.greplin.zookeeper.RegressionTest1,N/A,N/A,1,N/A,0.001,ERROR
greplin-zookeeper-utils,com.greplin.zookeeper.RegressionTest1,N/A,N/A,1,N/A,0.0,ERROR
greplin-zookeeper-utils,com.greplin.zookeeper.RegressionTest1,N/A,N/A,1,N/A,0.002,ERROR
greplin-zookeeper-utils,com.greplin.zookeeper.RegressionTest1,N/A,N/A,1,N/A,0.0,ERROR
greplin-zookeeper-utils,com.greplin.zookeeper.RegressionTest1,N/A,N/A,1,N/A,0.0,ERROR
greplin-zookeeper-utils,com.greplin.zookeeper.RegressionTest1,N/A,N/A,1,N/A,0.001,ERROR
greplin-zookeeper-utils,com.greplin.zookeeper.RegressionTest1,N/A,N/A,1,N/A,0.0,ERROR
greplin-zookeeper-utils,com.greplin.zookeeper.RegressionTest1,N/A,N/A,1,N/A,0.0,ERROR
greplin-zookeeper-utils,com.greplin.zookeeper.RegressionTest1,N/A,N/A,1,N/A,0.001,ERROR
greplin-zookeeper-utils,com.greplin.zookeeper.RegressionTest1,N/A,N/A,1,N/A,0.001,ERROR
greplin-zookeeper-utils,com.greplin.zookeeper.RegressionTest1,N/A,N/A,1,N/A,0.001,ERROR
greplin-zookeeper-utils,com.greplin.zookeeper.RegressionTest1,N/A,N/A,1,N/A,0.001,ERROR
greplin-zookeeper-utils,com.greplin.zookeeper.RegressionTest1,N/A,N/A,1,N/A,0.001,ERROR
greplin-zookeeper-utils,com.greplin.zookeeper.RegressionTest1,N/A,N/A,1,N/A,0.0,ERROR
greplin-zookeeper-utils,com.greplin.zookeeper.RegressionTest1,N/A,N/A,1,N/A,0.002,ERROR
greplin-zookeeper-utils,com.greplin.zookeeper.RegressionTest1,N/A,N/A,1,N/A,0.0,ERROR
greplin-zookeeper-utils,com.greplin.zookeeper.RegressionTest1,N/A,N/A,1,N/A,0.0,ERROR
greplin-zookeeper-utils,com.greplin.zookeeper.RegressionTest1,N/A,N/A,1,N/A,0.001,ERROR
greplin-zookeeper-utils,com.greplin.zookeeper.RegressionTest1,N/A,N/A,1,N/A,0.001,ERROR
greplin-zookeeper-utils,com.greplin.zookeeper.RegressionTest1,N/A,N/A,1,N/A,0.0,ERROR
greplin-zookeeper-utils,com.greplin.zookeeper.RegressionTest1,N/A,N/A,1,N/A,0.0,ERROR
greplin-zookeeper-utils,com.greplin.zookeeper.RegressionTest1,N/A,N/A,1,N/A,0.002,ERROR
greplin-zookeeper-utils,com.greplin.zookeeper.RegressionTest1,N/A,N/A,1,N/A,0.0,ERROR
greplin-zookeeper-utils,com.greplin.zookeeper.RegressionTest1,N/A,N/A,1,N/A,0.001,ERROR
greplin-zookeeper-utils,com.greplin.zookeeper.RegressionTest1,N/A,N/A,1,N/A,0.001,ERROR
greplin-zookeeper-utils,com.greplin.zookeeper.RegressionTest1,N/A,N/A,1,N/A,0.0,ERROR
greplin-zookeeper-utils,com.greplin.zookeeper.RegressionTest1,N/A,N/A,1,N/A,0.0,ERROR
greplin-zookeeper-utils,com.greplin.zookeeper.RegressionTest1,N/A,N/A,1,N/A,0.001,ERROR
greplin-zookeeper-utils,com.greplin.zookeeper.RegressionTest1,N/A,N/A,1,N/A,0.001,ERROR
greplin-zookeeper-utils,com.greplin.zookeeper.RegressionTest1,N/A,N/A,1,N/A,0.002,ERROR
greplin-zookeeper-utils,com.greplin.zookeeper.RegressionTest1,N/A,N/A,1,N/A,0.001,ERROR
greplin-zookeeper-utils,com.greplin.zookeeper.RegressionTest1,N/A,N/A,1,N/A,0.001,ERROR
greplin-zookeeper-utils,com.greplin.zookeeper.RegressionTest1,N/A,N/A,1,N/A,0.0,ERROR
greplin-zookeeper-utils,com.greplin.zookeeper.RegressionTest1,N/A,N/A,1,N/A,0.001,ERROR
greplin-zookeeper-utils,com.greplin.zookeeper.RegressionTest1,N/A,N/A,1,N/A,0.0,ERROR
greplin-zookeeper-utils,com.greplin.zookeeper.RegressionTest1,N/A,N/A,1,N/A,0.0,ERROR
greplin-zookeeper-utils,com.greplin.zookeeper.RegressionTest1,N/A,N/A,1,N/A,0.001,ERROR
greplin-zookeeper-utils,com.greplin.zookeeper.RegressionTest1,N/A,N/A,1,N/A,0.002,ERROR
greplin-zookeeper-utils,com.greplin.zookeeper.RegressionTest1,N/A,N/A,1,N/A,0.0,ERROR
greplin-zookeeper-utils,com.greplin.zookeeper.RegressionTest1,N/A,N/A,1,N/A,0.001,ERROR
greplin-zookeeper-utils,com.greplin.zookeeper.RegressionTest1,N/A,N/A,1,N/A,0.001,ERROR
greplin-zookeeper-utils,com.greplin.zookeeper.RegressionTest1,N/A,N/A,1,N/A,0.001,ERROR
greplin-zookeeper-utils,com.greplin.zookeeper.RegressionTest1,N/A,N/A,1,N/A,0.001,ERROR
greplin-zookeeper-utils,com.greplin.zookeeper.RegressionTest1,N/A,N/A,1,N/A,0.0,ERROR
greplin-zookeeper-utils,com.greplin.zookeeper.RegressionTest1,N/A,N/A,1,N/A,0.001,ERROR
greplin-zookeeper-utils,com.greplin.zookeeper.RegressionTest1,N/A,N/A,1,N/A,0.0,ERROR
greplin-zookeeper-utils,com.greplin.zookeeper.RegressionTest1,N/A,N/A,1,N/A,0.0,ERROR
greplin-zookeeper-utils,com.greplin.zookeeper.RegressionTest1,N/A,N/A,1,N/A,0.001,ERROR
greplin-zookeeper-utils,com.greplin.zookeeper.RegressionTest1,N/A,N/A,1,N/A,0.0,ERROR
greplin-zookeeper-utils,com.greplin.zookeeper.RegressionTest1,N/A,N/A,1,N/A,0.002,ERROR
greplin-zookeeper-utils,com.greplin.zookeeper.RegressionTest1,N/A,N/A,1,N/A,0.0,ERROR
greplin-zookeeper-utils,com.greplin.zookeeper.RegressionTest1,N/A,N/A,1,N/A,0.001,ERROR
greplin-zookeeper-utils,com.greplin.zookeeper.RegressionTest1,N/A,N/A,1,N/A,0.0,ERROR
greplin-zookeeper-utils,com.greplin.zookeeper.RegressionTest1,N/A,N/A,1,N/A,0.001,ERROR
greplin-zookeeper-utils,com.greplin.zookeeper.RegressionTest1,N/A,N/A,1,N/A,0.0,ERROR
greplin-zookeeper-utils,com.greplin.zookeeper.RegressionTest1,N/A,N/A,1,N/A,0.001,ERROR
greplin-zookeeper-utils,com.greplin.zookeeper.RegressionTest1,N/A,N/A,1,N/A,0.0,ERROR
greplin-zookeeper-utils,com.greplin.zookeeper.RegressionTest1,N/A,N/A,1,N/A,0.0,ERROR
greplin-zookeeper-utils,com.greplin.zookeeper.RegressionTest1,N/A,N/A,1,N/A,0.0,ERROR
greplin-zookeeper-utils,com.greplin.zookeeper.RegressionTest1,N/A,N/A,1,N/A,0.001,ERROR
greplin-zookeeper-utils,com.greplin.zookeeper.RegressionTest1,N/A,N/A,1,N/A,0.001,ERROR
greplin-zookeeper-utils,com.greplin.zookeeper.RegressionTest1,N/A,N/A,1,N/A,0.001,ERROR
greplin-zookeeper-utils,com.greplin.zookeeper.RegressionTest1,N/A,N/A,1,N/A,0.0,ERROR
greplin-zookeeper-utils,com.greplin.zookeeper.RegressionTest1,N/A,N/A,1,N/A,0.0,ERROR
greplin-zookeeper-utils,com.greplin.zookeeper.RegressionTest1,N/A,N/A,1,N/A,0.0,ERROR
greplin-zookeeper-utils,com.greplin.zookeeper.RegressionTest1,N/A,N/A,1,N/A,0.0,ERROR
greplin-zookeeper-utils,null,8,0,8,0,0.0,FAILURE
greplin-zookeeper-utils,com.greplin.zookeeper.RobustZooKeeperTest,N/A,N/A,1,N/A,0.0,ERROR
greplin-zookeeper-utils,com.greplin.zookeeper.RobustZooKeeperTest,N/A,N/A,1,N/A,0.0,ERROR
greplin-zookeeper-utils,com.greplin.zookeeper.RobustZooKeeperTest,N/A,N/A,1,N/A,0.0,ERROR
greplin-zookeeper-utils,com.greplin.zookeeper.RobustZooKeeperTest,N/A,N/A,1,N/A,0.0,ERROR
greplin-zookeeper-utils,com.greplin.zookeeper.RobustZooKeeperTest,N/A,N/A,1,N/A,0.0,ERROR
greplin-zookeeper-utils,com.greplin.zookeeper.RobustZooKeeperTest,N/A,N/A,1,N/A,0.0,ERROR
greplin-zookeeper-utils,com.greplin.zookeeper.RobustZooKeeperTest,N/A,N/A,1,N/A,0.0,ERROR
greplin-zookeeper-utils,com.greplin.zookeeper.RobustZooKeeperTest,N/A,N/A,1,N/A,0.0,ERROR
Sum: 72.931999999999965
--------------------Execution: 9 -----------------------------------
greplin-zookeeper-utils,null,749,0,249,0,71.84,FAILURE
greplin-zookeeper-utils,com.greplin.zookeeper.RegressionTest0,N/A,N/A,1,N/A,0.625,ERROR
greplin-zookeeper-utils,com.greplin.zookeeper.RegressionTest0,N/A,N/A,1,N/A,0.001,ERROR
greplin-zookeeper-utils,com.greplin.zookeeper.RegressionTest0,N/A,N/A,1,N/A,0.001,ERROR
greplin-zookeeper-utils,com.greplin.zookeeper.RegressionTest0,N/A,N/A,1,N/A,0.002,ERROR
greplin-zookeeper-utils,com.greplin.zookeeper.RegressionTest0,N/A,N/A,1,N/A,0.002,ERROR
greplin-zookeeper-utils,com.greplin.zookeeper.RegressionTest0,N/A,N/A,1,N/A,0.009,ERROR
greplin-zookeeper-utils,com.greplin.zookeeper.RegressionTest0,N/A,N/A,1,N/A,0.0,ERROR
greplin-zookeeper-utils,com.greplin.zookeeper.RegressionTest0,N/A,N/A,1,N/A,0.001,ERROR
greplin-zookeeper-utils,com.greplin.zookeeper.RegressionTest0,N/A,N/A,1,N/A,0.0,ERROR
greplin-zookeeper-utils,com.greplin.zookeeper.RegressionTest0,N/A,N/A,1,N/A,0.001,ERROR
greplin-zookeeper-utils,com.greplin.zookeeper.RegressionTest0,N/A,N/A,1,N/A,0.0,ERROR
greplin-zookeeper-utils,com.greplin.zookeeper.RegressionTest0,N/A,N/A,1,N/A,0.001,ERROR
greplin-zookeeper-utils,com.greplin.zookeeper.RegressionTest0,N/A,N/A,1,N/A,0.0,ERROR
greplin-zookeeper-utils,com.greplin.zookeeper.RegressionTest0,N/A,N/A,1,N/A,0.001,ERROR
greplin-zookeeper-utils,com.greplin.zookeeper.RegressionTest0,N/A,N/A,1,N/A,0.0,ERROR
greplin-zookeeper-utils,com.greplin.zookeeper.RegressionTest0,N/A,N/A,1,N/A,0.0,ERROR
greplin-zookeeper-utils,com.greplin.zookeeper.RegressionTest0,N/A,N/A,1,N/A,0.0,ERROR
greplin-zookeeper-utils,com.greplin.zookeeper.RegressionTest0,N/A,N/A,1,N/A,0.902,ERROR
greplin-zookeeper-utils,com.greplin.zookeeper.RegressionTest0,N/A,N/A,1,N/A,0.001,ERROR
greplin-zookeeper-utils,com.greplin.zookeeper.RegressionTest0,N/A,N/A,1,N/A,0.001,ERROR
greplin-zookeeper-utils,com.greplin.zookeeper.RegressionTest0,N/A,N/A,1,N/A,0.001,ERROR
greplin-zookeeper-utils,com.greplin.zookeeper.RegressionTest0,N/A,N/A,1,N/A,0.001,ERROR
greplin-zookeeper-utils,com.greplin.zookeeper.RegressionTest0,N/A,N/A,1,N/A,0.001,ERROR
greplin-zookeeper-utils,com.greplin.zookeeper.RegressionTest0,N/A,N/A,1,N/A,0.001,ERROR
greplin-zookeeper-utils,com.greplin.zookeeper.RegressionTest0,N/A,N/A,1,N/A,0.001,ERROR
greplin-zookeeper-utils,com.greplin.zookeeper.RegressionTest0,N/A,N/A,1,N/A,0.0,ERROR
greplin-zookeeper-utils,com.greplin.zookeeper.RegressionTest0,N/A,N/A,1,N/A,0.0,ERROR
greplin-zookeeper-utils,com.greplin.zookeeper.RegressionTest0,N/A,N/A,1,N/A,0.0,ERROR
greplin-zookeeper-utils,com.greplin.zookeeper.RegressionTest0,N/A,N/A,1,N/A,0.0,ERROR
greplin-zookeeper-utils,com.greplin.zookeeper.RegressionTest0,N/A,N/A,1,N/A,0.0,ERROR
greplin-zookeeper-utils,com.greplin.zookeeper.RegressionTest0,N/A,N/A,1,N/A,0.001,ERROR
greplin-zookeeper-utils,com.greplin.zookeeper.RegressionTest0,N/A,N/A,1,N/A,0.0,ERROR
greplin-zookeeper-utils,com.greplin.zookeeper.RegressionTest0,N/A,N/A,1,N/A,0.001,ERROR
greplin-zookeeper-utils,com.greplin.zookeeper.RegressionTest0,N/A,N/A,1,N/A,0.0,ERROR
greplin-zookeeper-utils,com.greplin.zookeeper.RegressionTest0,N/A,N/A,1,N/A,0.0,ERROR
greplin-zookeeper-utils,com.greplin.zookeeper.RegressionTest0,N/A,N/A,1,N/A,0.0,ERROR
greplin-zookeeper-utils,com.greplin.zookeeper.RegressionTest0,N/A,N/A,1,N/A,0.001,ERROR
greplin-zookeeper-utils,com.greplin.zookeeper.RegressionTest0,N/A,N/A,1,N/A,0.001,ERROR
greplin-zookeeper-utils,com.greplin.zookeeper.RegressionTest0,N/A,N/A,1,N/A,0.0,ERROR
greplin-zookeeper-utils,com.greplin.zookeeper.RegressionTest0,N/A,N/A,1,N/A,0.0,ERROR
greplin-zookeeper-utils,com.greplin.zookeeper.RegressionTest0,N/A,N/A,1,N/A,0.0,ERROR
greplin-zookeeper-utils,com.greplin.zookeeper.RegressionTest0,N/A,N/A,1,N/A,0.0,ERROR
greplin-zookeeper-utils,com.greplin.zookeeper.RegressionTest0,N/A,N/A,1,N/A,0.0,ERROR
greplin-zookeeper-utils,com.greplin.zookeeper.RegressionTest0,N/A,N/A,1,N/A,0.001,ERROR
greplin-zookeeper-utils,com.greplin.zookeeper.RegressionTest0,N/A,N/A,1,N/A,0.001,ERROR
greplin-zookeeper-utils,com.greplin.zookeeper.RegressionTest0,N/A,N/A,1,N/A,0.0,ERROR
greplin-zookeeper-utils,com.greplin.zookeeper.RegressionTest0,N/A,N/A,1,N/A,0.0,ERROR
greplin-zookeeper-utils,com.greplin.zookeeper.RegressionTest0,N/A,N/A,1,N/A,0.0,ERROR
greplin-zookeeper-utils,com.greplin.zookeeper.RegressionTest0,N/A,N/A,1,N/A,0.0,ERROR
greplin-zookeeper-utils,com.greplin.zookeeper.RegressionTest0,N/A,N/A,1,N/A,0.0,ERROR
greplin-zookeeper-utils,com.greplin.zookeeper.RegressionTest0,N/A,N/A,1,N/A,0.011,ERROR
greplin-zookeeper-utils,com.greplin.zookeeper.RegressionTest0,N/A,N/A,1,N/A,0.0,ERROR
greplin-zookeeper-utils,com.greplin.zookeeper.RegressionTest0,N/A,N/A,1,N/A,0.0,ERROR
greplin-zookeeper-utils,com.greplin.zookeeper.RegressionTest0,N/A,N/A,1,N/A,0.0,ERROR
greplin-zookeeper-utils,com.greplin.zookeeper.RegressionTest0,N/A,N/A,1,N/A,0.0,ERROR
greplin-zookeeper-utils,com.greplin.zookeeper.RegressionTest0,N/A,N/A,1,N/A,0.0,ERROR
greplin-zookeeper-utils,com.greplin.zookeeper.RegressionTest0,N/A,N/A,1,N/A,0.0,ERROR
greplin-zookeeper-utils,com.greplin.zookeeper.RegressionTest0,N/A,N/A,1,N/A,0.0,ERROR
greplin-zookeeper-utils,com.greplin.zookeeper.RegressionTest0,N/A,N/A,1,N/A,0.0,ERROR
greplin-zookeeper-utils,com.greplin.zookeeper.RegressionTest0,N/A,N/A,1,N/A,0.0,ERROR
greplin-zookeeper-utils,com.greplin.zookeeper.RegressionTest0,N/A,N/A,1,N/A,0.001,ERROR
greplin-zookeeper-utils,com.greplin.zookeeper.RegressionTest0,N/A,N/A,1,N/A,0.001,ERROR
greplin-zookeeper-utils,com.greplin.zookeeper.RegressionTest0,N/A,N/A,1,N/A,0.0,ERROR
greplin-zookeeper-utils,com.greplin.zookeeper.RegressionTest0,N/A,N/A,1,N/A,0.0,ERROR
greplin-zookeeper-utils,com.greplin.zookeeper.RegressionTest0,N/A,N/A,1,N/A,0.001,ERROR
greplin-zookeeper-utils,com.greplin.zookeeper.RegressionTest0,N/A,N/A,1,N/A,0.001,ERROR
greplin-zookeeper-utils,com.greplin.zookeeper.RegressionTest0,N/A,N/A,1,N/A,0.0,ERROR
greplin-zookeeper-utils,com.greplin.zookeeper.RegressionTest0,N/A,N/A,1,N/A,0.005,ERROR
greplin-zookeeper-utils,com.greplin.zookeeper.RegressionTest0,N/A,N/A,1,N/A,0.0,ERROR
greplin-zookeeper-utils,com.greplin.zookeeper.RegressionTest0,N/A,N/A,1,N/A,0.0,ERROR
greplin-zookeeper-utils,com.greplin.zookeeper.RegressionTest0,N/A,N/A,1,N/A,0.0,ERROR
greplin-zookeeper-utils,com.greplin.zookeeper.RegressionTest0,N/A,N/A,1,N/A,0.001,ERROR
greplin-zookeeper-utils,com.greplin.zookeeper.RegressionTest0,N/A,N/A,1,N/A,0.001,ERROR
greplin-zookeeper-utils,com.greplin.zookeeper.RegressionTest0,N/A,N/A,1,N/A,0.0,ERROR
greplin-zookeeper-utils,com.greplin.zookeeper.RegressionTest0,N/A,N/A,1,N/A,0.0,ERROR
greplin-zookeeper-utils,com.greplin.zookeeper.RegressionTest0,N/A,N/A,1,N/A,0.001,ERROR
greplin-zookeeper-utils,com.greplin.zookeeper.RegressionTest0,N/A,N/A,1,N/A,0.001,ERROR
greplin-zookeeper-utils,com.greplin.zookeeper.RegressionTest0,N/A,N/A,1,N/A,0.001,ERROR
greplin-zookeeper-utils,com.greplin.zookeeper.RegressionTest0,N/A,N/A,1,N/A,0.002,ERROR
greplin-zookeeper-utils,com.greplin.zookeeper.RegressionTest0,N/A,N/A,1,N/A,0.001,ERROR
greplin-zookeeper-utils,com.greplin.zookeeper.RegressionTest0,N/A,N/A,1,N/A,0.0,ERROR
greplin-zookeeper-utils,com.greplin.zookeeper.RegressionTest0,N/A,N/A,1,N/A,0.0,ERROR
greplin-zookeeper-utils,com.greplin.zookeeper.RegressionTest0,N/A,N/A,1,N/A,0.001,ERROR
greplin-zookeeper-utils,com.greplin.zookeeper.RegressionTest0,N/A,N/A,1,N/A,0.001,ERROR
greplin-zookeeper-utils,com.greplin.zookeeper.RegressionTest0,N/A,N/A,1,N/A,0.001,ERROR
greplin-zookeeper-utils,com.greplin.zookeeper.RegressionTest0,N/A,N/A,1,N/A,0.001,ERROR
greplin-zookeeper-utils,com.greplin.zookeeper.RegressionTest0,N/A,N/A,1,N/A,0.0,ERROR
greplin-zookeeper-utils,com.greplin.zookeeper.RegressionTest0,N/A,N/A,1,N/A,0.001,ERROR
greplin-zookeeper-utils,com.greplin.zookeeper.RegressionTest0,N/A,N/A,1,N/A,0.001,ERROR
greplin-zookeeper-utils,com.greplin.zookeeper.RegressionTest0,N/A,N/A,1,N/A,0.001,ERROR
greplin-zookeeper-utils,com.greplin.zookeeper.RegressionTest0,N/A,N/A,1,N/A,0.001,ERROR
greplin-zookeeper-utils,com.greplin.zookeeper.RegressionTest0,N/A,N/A,1,N/A,0.001,ERROR
greplin-zookeeper-utils,com.greplin.zookeeper.RegressionTest0,N/A,N/A,1,N/A,0.001,ERROR
greplin-zookeeper-utils,com.greplin.zookeeper.RegressionTest0,N/A,N/A,1,N/A,0.001,ERROR
greplin-zookeeper-utils,com.greplin.zookeeper.RegressionTest0,N/A,N/A,1,N/A,0.002,ERROR
greplin-zookeeper-utils,com.greplin.zookeeper.RegressionTest0,N/A,N/A,1,N/A,0.0,ERROR
greplin-zookeeper-utils,com.greplin.zookeeper.RegressionTest0,N/A,N/A,1,N/A,0.001,ERROR
greplin-zookeeper-utils,com.greplin.zookeeper.RegressionTest0,N/A,N/A,1,N/A,0.0,ERROR
greplin-zookeeper-utils,com.greplin.zookeeper.RegressionTest0,N/A,N/A,1,N/A,0.0,ERROR
greplin-zookeeper-utils,com.greplin.zookeeper.RegressionTest0,N/A,N/A,1,N/A,0.001,ERROR
greplin-zookeeper-utils,com.greplin.zookeeper.RegressionTest0,N/A,N/A,1,N/A,0.0,ERROR
greplin-zookeeper-utils,com.greplin.zookeeper.RegressionTest0,N/A,N/A,1,N/A,0.001,ERROR
greplin-zookeeper-utils,com.greplin.zookeeper.RegressionTest0,N/A,N/A,1,N/A,0.0,ERROR
greplin-zookeeper-utils,com.greplin.zookeeper.RegressionTest0,N/A,N/A,1,N/A,0.0,ERROR
greplin-zookeeper-utils,com.greplin.zookeeper.RegressionTest0,N/A,N/A,1,N/A,0.001,ERROR
greplin-zookeeper-utils,com.greplin.zookeeper.RegressionTest0,N/A,N/A,1,N/A,0.001,ERROR
greplin-zookeeper-utils,com.greplin.zookeeper.RegressionTest0,N/A,N/A,1,N/A,0.0,ERROR
greplin-zookeeper-utils,com.greplin.zookeeper.RegressionTest0,N/A,N/A,1,N/A,0.0,ERROR
greplin-zookeeper-utils,com.greplin.zookeeper.RegressionTest0,N/A,N/A,1,N/A,0.0,ERROR
greplin-zookeeper-utils,com.greplin.zookeeper.RegressionTest0,N/A,N/A,1,N/A,0.001,ERROR
greplin-zookeeper-utils,com.greplin.zookeeper.RegressionTest0,N/A,N/A,1,N/A,0.001,ERROR
greplin-zookeeper-utils,com.greplin.zookeeper.RegressionTest0,N/A,N/A,1,N/A,0.0,ERROR
greplin-zookeeper-utils,com.greplin.zookeeper.RegressionTest0,N/A,N/A,1,N/A,0.0,ERROR
greplin-zookeeper-utils,com.greplin.zookeeper.RegressionTest0,N/A,N/A,1,N/A,0.0,ERROR
greplin-zookeeper-utils,com.greplin.zookeeper.RegressionTest0,N/A,N/A,1,N/A,0.0,ERROR
greplin-zookeeper-utils,com.greplin.zookeeper.RegressionTest0,N/A,N/A,1,N/A,0.0,ERROR
greplin-zookeeper-utils,com.greplin.zookeeper.RegressionTest0,N/A,N/A,1,N/A,0.0,ERROR
greplin-zookeeper-utils,com.greplin.zookeeper.RegressionTest0,N/A,N/A,1,N/A,0.0,ERROR
greplin-zookeeper-utils,com.greplin.zookeeper.RegressionTest0,N/A,N/A,1,N/A,0.0,ERROR
greplin-zookeeper-utils,com.greplin.zookeeper.RegressionTest0,N/A,N/A,1,N/A,0.0,ERROR
greplin-zookeeper-utils,com.greplin.zookeeper.RegressionTest0,N/A,N/A,1,N/A,0.0,ERROR
greplin-zookeeper-utils,com.greplin.zookeeper.RegressionTest0,N/A,N/A,1,N/A,0.001,ERROR
greplin-zookeeper-utils,com.greplin.zookeeper.RegressionTest0,N/A,N/A,1,N/A,0.0,ERROR
greplin-zookeeper-utils,com.greplin.zookeeper.RegressionTest0,N/A,N/A,1,N/A,0.002,ERROR
greplin-zookeeper-utils,com.greplin.zookeeper.RegressionTest0,N/A,N/A,1,N/A,0.002,ERROR
greplin-zookeeper-utils,com.greplin.zookeeper.RegressionTest0,N/A,N/A,1,N/A,0.002,ERROR
greplin-zookeeper-utils,com.greplin.zookeeper.RegressionTest0,N/A,N/A,1,N/A,0.001,ERROR
greplin-zookeeper-utils,com.greplin.zookeeper.RegressionTest0,N/A,N/A,1,N/A,0.001,ERROR
greplin-zookeeper-utils,com.greplin.zookeeper.RegressionTest0,N/A,N/A,1,N/A,0.002,ERROR
greplin-zookeeper-utils,com.greplin.zookeeper.RegressionTest0,N/A,N/A,1,N/A,0.001,ERROR
greplin-zookeeper-utils,com.greplin.zookeeper.RegressionTest0,N/A,N/A,1,N/A,0.001,ERROR
greplin-zookeeper-utils,com.greplin.zookeeper.RegressionTest0,N/A,N/A,1,N/A,0.0,ERROR
greplin-zookeeper-utils,com.greplin.zookeeper.RegressionTest0,N/A,N/A,1,N/A,0.0,ERROR
greplin-zookeeper-utils,com.greplin.zookeeper.RegressionTest0,N/A,N/A,1,N/A,0.0,ERROR
greplin-zookeeper-utils,com.greplin.zookeeper.RegressionTest0,N/A,N/A,1,N/A,0.0,ERROR
greplin-zookeeper-utils,com.greplin.zookeeper.RegressionTest0,N/A,N/A,1,N/A,0.0,ERROR
greplin-zookeeper-utils,com.greplin.zookeeper.RegressionTest0,N/A,N/A,1,N/A,0.0,ERROR
greplin-zookeeper-utils,com.greplin.zookeeper.RegressionTest0,N/A,N/A,1,N/A,0.0,ERROR
greplin-zookeeper-utils,com.greplin.zookeeper.RegressionTest0,N/A,N/A,1,N/A,0.0,ERROR
greplin-zookeeper-utils,com.greplin.zookeeper.RegressionTest0,N/A,N/A,1,N/A,0.002,ERROR
greplin-zookeeper-utils,com.greplin.zookeeper.RegressionTest0,N/A,N/A,1,N/A,0.0,ERROR
greplin-zookeeper-utils,com.greplin.zookeeper.RegressionTest0,N/A,N/A,1,N/A,0.003,ERROR
greplin-zookeeper-utils,com.greplin.zookeeper.RegressionTest0,N/A,N/A,1,N/A,0.0,ERROR
greplin-zookeeper-utils,com.greplin.zookeeper.RegressionTest0,N/A,N/A,1,N/A,0.0,ERROR
greplin-zookeeper-utils,com.greplin.zookeeper.RegressionTest0,N/A,N/A,1,N/A,0.0,ERROR
greplin-zookeeper-utils,com.greplin.zookeeper.RegressionTest0,N/A,N/A,1,N/A,0.0,ERROR
greplin-zookeeper-utils,com.greplin.zookeeper.RegressionTest0,N/A,N/A,1,N/A,0.003,ERROR
greplin-zookeeper-utils,com.greplin.zookeeper.RegressionTest0,N/A,N/A,1,N/A,0.001,ERROR
greplin-zookeeper-utils,com.greplin.zookeeper.RegressionTest0,N/A,N/A,1,N/A,0.0,ERROR
greplin-zookeeper-utils,com.greplin.zookeeper.RegressionTest0,N/A,N/A,1,N/A,0.0,ERROR
greplin-zookeeper-utils,com.greplin.zookeeper.RegressionTest0,N/A,N/A,1,N/A,0.0,ERROR
greplin-zookeeper-utils,com.greplin.zookeeper.RegressionTest0,N/A,N/A,1,N/A,0.0,ERROR
greplin-zookeeper-utils,com.greplin.zookeeper.RegressionTest0,N/A,N/A,1,N/A,0.0,ERROR
greplin-zookeeper-utils,com.greplin.zookeeper.RegressionTest0,N/A,N/A,1,N/A,0.003,ERROR
greplin-zookeeper-utils,com.greplin.zookeeper.RegressionTest0,N/A,N/A,1,N/A,0.0,ERROR
greplin-zookeeper-utils,com.greplin.zookeeper.RegressionTest0,N/A,N/A,1,N/A,0.0,ERROR
greplin-zookeeper-utils,com.greplin.zookeeper.RegressionTest0,N/A,N/A,1,N/A,0.0,ERROR
greplin-zookeeper-utils,com.greplin.zookeeper.RegressionTest0,N/A,N/A,1,N/A,0.001,ERROR
greplin-zookeeper-utils,com.greplin.zookeeper.RegressionTest0,N/A,N/A,1,N/A,0.001,ERROR
greplin-zookeeper-utils,com.greplin.zookeeper.RegressionTest0,N/A,N/A,1,N/A,0.0,ERROR
greplin-zookeeper-utils,com.greplin.zookeeper.RegressionTest0,N/A,N/A,1,N/A,0.0,ERROR
greplin-zookeeper-utils,com.greplin.zookeeper.RegressionTest0,N/A,N/A,1,N/A,0.0,ERROR
greplin-zookeeper-utils,com.greplin.zookeeper.RegressionTest0,N/A,N/A,1,N/A,0.0,ERROR
greplin-zookeeper-utils,com.greplin.zookeeper.RegressionTest0,N/A,N/A,1,N/A,0.0,ERROR
greplin-zookeeper-utils,com.greplin.zookeeper.RegressionTest0,N/A,N/A,1,N/A,0.0,ERROR
greplin-zookeeper-utils,com.greplin.zookeeper.RegressionTest0,N/A,N/A,1,N/A,0.0,ERROR
greplin-zookeeper-utils,com.greplin.zookeeper.RegressionTest0,N/A,N/A,1,N/A,0.0,ERROR
greplin-zookeeper-utils,com.greplin.zookeeper.RegressionTest0,N/A,N/A,1,N/A,0.0,ERROR
greplin-zookeeper-utils,com.greplin.zookeeper.RegressionTest0,N/A,N/A,1,N/A,0.01,ERROR
greplin-zookeeper-utils,com.greplin.zookeeper.RegressionTest0,N/A,N/A,1,N/A,0.0,ERROR
greplin-zookeeper-utils,com.greplin.zookeeper.RegressionTest0,N/A,N/A,1,N/A,0.0,ERROR
greplin-zookeeper-utils,com.greplin.zookeeper.RegressionTest1,N/A,N/A,1,N/A,0.0,ERROR
greplin-zookeeper-utils,com.greplin.zookeeper.RegressionTest1,N/A,N/A,1,N/A,0.001,ERROR
greplin-zookeeper-utils,com.greplin.zookeeper.RegressionTest1,N/A,N/A,1,N/A,0.0,ERROR
greplin-zookeeper-utils,com.greplin.zookeeper.RegressionTest1,N/A,N/A,1,N/A,0.002,ERROR
greplin-zookeeper-utils,com.greplin.zookeeper.RegressionTest1,N/A,N/A,1,N/A,0.0,ERROR
greplin-zookeeper-utils,com.greplin.zookeeper.RegressionTest1,N/A,N/A,1,N/A,0.0,ERROR
greplin-zookeeper-utils,com.greplin.zookeeper.RegressionTest1,N/A,N/A,1,N/A,0.001,ERROR
greplin-zookeeper-utils,com.greplin.zookeeper.RegressionTest1,N/A,N/A,1,N/A,0.0,ERROR
greplin-zookeeper-utils,com.greplin.zookeeper.RegressionTest1,N/A,N/A,1,N/A,0.0,ERROR
greplin-zookeeper-utils,com.greplin.zookeeper.RegressionTest1,N/A,N/A,1,N/A,0.0,ERROR
greplin-zookeeper-utils,com.greplin.zookeeper.RegressionTest1,N/A,N/A,1,N/A,0.0,ERROR
greplin-zookeeper-utils,com.greplin.zookeeper.RegressionTest1,N/A,N/A,1,N/A,0.0,ERROR
greplin-zookeeper-utils,com.greplin.zookeeper.RegressionTest1,N/A,N/A,1,N/A,0.0,ERROR
greplin-zookeeper-utils,com.greplin.zookeeper.RegressionTest1,N/A,N/A,1,N/A,0.0,ERROR
greplin-zookeeper-utils,com.greplin.zookeeper.RegressionTest1,N/A,N/A,1,N/A,0.001,ERROR
greplin-zookeeper-utils,com.greplin.zookeeper.RegressionTest1,N/A,N/A,1,N/A,0.001,ERROR
greplin-zookeeper-utils,com.greplin.zookeeper.RegressionTest1,N/A,N/A,1,N/A,0.0,ERROR
greplin-zookeeper-utils,com.greplin.zookeeper.RegressionTest1,N/A,N/A,1,N/A,0.0,ERROR
greplin-zookeeper-utils,com.greplin.zookeeper.RegressionTest1,N/A,N/A,1,N/A,0.0,ERROR
greplin-zookeeper-utils,com.greplin.zookeeper.RegressionTest1,N/A,N/A,1,N/A,0.0,ERROR
greplin-zookeeper-utils,com.greplin.zookeeper.RegressionTest1,N/A,N/A,1,N/A,0.0,ERROR
greplin-zookeeper-utils,com.greplin.zookeeper.RegressionTest1,N/A,N/A,1,N/A,0.0,ERROR
greplin-zookeeper-utils,com.greplin.zookeeper.RegressionTest1,N/A,N/A,1,N/A,0.0,ERROR
greplin-zookeeper-utils,com.greplin.zookeeper.RegressionTest1,N/A,N/A,1,N/A,0.0,ERROR
greplin-zookeeper-utils,com.greplin.zookeeper.RegressionTest1,N/A,N/A,1,N/A,0.0,ERROR
greplin-zookeeper-utils,com.greplin.zookeeper.RegressionTest1,N/A,N/A,1,N/A,0.0,ERROR
greplin-zookeeper-utils,com.greplin.zookeeper.RegressionTest1,N/A,N/A,1,N/A,0.0,ERROR
greplin-zookeeper-utils,com.greplin.zookeeper.RegressionTest1,N/A,N/A,1,N/A,0.0,ERROR
greplin-zookeeper-utils,com.greplin.zookeeper.RegressionTest1,N/A,N/A,1,N/A,0.001,ERROR
greplin-zookeeper-utils,com.greplin.zookeeper.RegressionTest1,N/A,N/A,1,N/A,0.001,ERROR
greplin-zookeeper-utils,com.greplin.zookeeper.RegressionTest1,N/A,N/A,1,N/A,0.0,ERROR
greplin-zookeeper-utils,com.greplin.zookeeper.RegressionTest1,N/A,N/A,1,N/A,0.001,ERROR
greplin-zookeeper-utils,com.greplin.zookeeper.RegressionTest1,N/A,N/A,1,N/A,0.0,ERROR
greplin-zookeeper-utils,com.greplin.zookeeper.RegressionTest1,N/A,N/A,1,N/A,0.001,ERROR
greplin-zookeeper-utils,com.greplin.zookeeper.RegressionTest1,N/A,N/A,1,N/A,0.0,ERROR
greplin-zookeeper-utils,com.greplin.zookeeper.RegressionTest1,N/A,N/A,1,N/A,0.001,ERROR
greplin-zookeeper-utils,com.greplin.zookeeper.RegressionTest1,N/A,N/A,1,N/A,0.001,ERROR
greplin-zookeeper-utils,com.greplin.zookeeper.RegressionTest1,N/A,N/A,1,N/A,0.0,ERROR
greplin-zookeeper-utils,com.greplin.zookeeper.RegressionTest1,N/A,N/A,1,N/A,0.001,ERROR
greplin-zookeeper-utils,com.greplin.zookeeper.RegressionTest1,N/A,N/A,1,N/A,0.0,ERROR
greplin-zookeeper-utils,com.greplin.zookeeper.RegressionTest1,N/A,N/A,1,N/A,0.0,ERROR
greplin-zookeeper-utils,com.greplin.zookeeper.RegressionTest1,N/A,N/A,1,N/A,0.0,ERROR
greplin-zookeeper-utils,com.greplin.zookeeper.RegressionTest1,N/A,N/A,1,N/A,0.0,ERROR
greplin-zookeeper-utils,com.greplin.zookeeper.RegressionTest1,N/A,N/A,1,N/A,0.0,ERROR
greplin-zookeeper-utils,com.greplin.zookeeper.RegressionTest1,N/A,N/A,1,N/A,0.0,ERROR
greplin-zookeeper-utils,com.greplin.zookeeper.RegressionTest1,N/A,N/A,1,N/A,0.0,ERROR
greplin-zookeeper-utils,com.greplin.zookeeper.RegressionTest1,N/A,N/A,1,N/A,0.0,ERROR
greplin-zookeeper-utils,com.greplin.zookeeper.RegressionTest1,N/A,N/A,1,N/A,0.0,ERROR
greplin-zookeeper-utils,com.greplin.zookeeper.RegressionTest1,N/A,N/A,1,N/A,0.0,ERROR
greplin-zookeeper-utils,com.greplin.zookeeper.RegressionTest1,N/A,N/A,1,N/A,0.005,ERROR
greplin-zookeeper-utils,com.greplin.zookeeper.RegressionTest1,N/A,N/A,1,N/A,0.0,ERROR
greplin-zookeeper-utils,com.greplin.zookeeper.RegressionTest1,N/A,N/A,1,N/A,0.0,ERROR
greplin-zookeeper-utils,com.greplin.zookeeper.RegressionTest1,N/A,N/A,1,N/A,0.0,ERROR
greplin-zookeeper-utils,com.greplin.zookeeper.RegressionTest1,N/A,N/A,1,N/A,0.001,ERROR
greplin-zookeeper-utils,com.greplin.zookeeper.RegressionTest1,N/A,N/A,1,N/A,0.0,ERROR
greplin-zookeeper-utils,com.greplin.zookeeper.RegressionTest1,N/A,N/A,1,N/A,0.001,ERROR
greplin-zookeeper-utils,com.greplin.zookeeper.RegressionTest1,N/A,N/A,1,N/A,0.008,ERROR
greplin-zookeeper-utils,com.greplin.zookeeper.RegressionTest1,N/A,N/A,1,N/A,0.0,ERROR
greplin-zookeeper-utils,com.greplin.zookeeper.RegressionTest1,N/A,N/A,1,N/A,0.0,ERROR
greplin-zookeeper-utils,com.greplin.zookeeper.RegressionTest1,N/A,N/A,1,N/A,0.0,ERROR
greplin-zookeeper-utils,com.greplin.zookeeper.RegressionTest1,N/A,N/A,1,N/A,0.0,ERROR
greplin-zookeeper-utils,com.greplin.zookeeper.RegressionTest1,N/A,N/A,1,N/A,0.0,ERROR
greplin-zookeeper-utils,com.greplin.zookeeper.RegressionTest1,N/A,N/A,1,N/A,0.0,ERROR
greplin-zookeeper-utils,com.greplin.zookeeper.RegressionTest1,N/A,N/A,1,N/A,0.0,ERROR
greplin-zookeeper-utils,com.greplin.zookeeper.RegressionTest1,N/A,N/A,1,N/A,0.001,ERROR
greplin-zookeeper-utils,com.greplin.zookeeper.RegressionTest1,N/A,N/A,1,N/A,0.001,ERROR
greplin-zookeeper-utils,com.greplin.zookeeper.RegressionTest1,N/A,N/A,1,N/A,0.0,ERROR
greplin-zookeeper-utils,com.greplin.zookeeper.RegressionTest1,N/A,N/A,1,N/A,0.001,ERROR
greplin-zookeeper-utils,com.greplin.zookeeper.RegressionTest1,N/A,N/A,1,N/A,0.001,ERROR
greplin-zookeeper-utils,com.greplin.zookeeper.RegressionTest1,N/A,N/A,1,N/A,0.0,ERROR
greplin-zookeeper-utils,com.greplin.zookeeper.RegressionTest1,N/A,N/A,1,N/A,0.0,ERROR
greplin-zookeeper-utils,com.greplin.zookeeper.RegressionTest1,N/A,N/A,1,N/A,0.001,ERROR
greplin-zookeeper-utils,com.greplin.zookeeper.RegressionTest1,N/A,N/A,1,N/A,0.0,ERROR
greplin-zookeeper-utils,com.greplin.zookeeper.RegressionTest1,N/A,N/A,1,N/A,0.001,ERROR
greplin-zookeeper-utils,com.greplin.zookeeper.RegressionTest1,N/A,N/A,1,N/A,0.001,ERROR
greplin-zookeeper-utils,com.greplin.zookeeper.RegressionTest1,N/A,N/A,1,N/A,0.001,ERROR
greplin-zookeeper-utils,com.greplin.zookeeper.RegressionTest1,N/A,N/A,1,N/A,0.001,ERROR
greplin-zookeeper-utils,com.greplin.zookeeper.RegressionTest1,N/A,N/A,1,N/A,0.001,ERROR
greplin-zookeeper-utils,null,8,0,8,0,0.001,FAILURE
greplin-zookeeper-utils,com.greplin.zookeeper.RobustZooKeeperTest,N/A,N/A,1,N/A,0.0,ERROR
greplin-zookeeper-utils,com.greplin.zookeeper.RobustZooKeeperTest,N/A,N/A,1,N/A,0.0,ERROR
greplin-zookeeper-utils,com.greplin.zookeeper.RobustZooKeeperTest,N/A,N/A,1,N/A,0.0,ERROR
greplin-zookeeper-utils,com.greplin.zookeeper.RobustZooKeeperTest,N/A,N/A,1,N/A,0.0,ERROR
greplin-zookeeper-utils,com.greplin.zookeeper.RobustZooKeeperTest,N/A,N/A,1,N/A,0.0,ERROR
greplin-zookeeper-utils,com.greplin.zookeeper.RobustZooKeeperTest,N/A,N/A,1,N/A,0.0,ERROR
greplin-zookeeper-utils,com.greplin.zookeeper.RobustZooKeeperTest,N/A,N/A,1,N/A,0.0,ERROR
greplin-zookeeper-utils,com.greplin.zookeeper.RobustZooKeeperTest,N/A,N/A,1,N/A,0.0,ERROR
Sum: 73.522999999999962
--------------------Execution: 10 -----------------------------------
greplin-zookeeper-utils,null,749,0,249,0,73.89,FAILURE
greplin-zookeeper-utils,com.greplin.zookeeper.RegressionTest0,N/A,N/A,1,N/A,0.772,ERROR
greplin-zookeeper-utils,com.greplin.zookeeper.RegressionTest0,N/A,N/A,1,N/A,0.002,ERROR
greplin-zookeeper-utils,com.greplin.zookeeper.RegressionTest0,N/A,N/A,1,N/A,0.003,ERROR
greplin-zookeeper-utils,com.greplin.zookeeper.RegressionTest0,N/A,N/A,1,N/A,0.003,ERROR
greplin-zookeeper-utils,com.greplin.zookeeper.RegressionTest0,N/A,N/A,1,N/A,0.001,ERROR
greplin-zookeeper-utils,com.greplin.zookeeper.RegressionTest0,N/A,N/A,1,N/A,0.006,ERROR
greplin-zookeeper-utils,com.greplin.zookeeper.RegressionTest0,N/A,N/A,1,N/A,0.002,ERROR
greplin-zookeeper-utils,com.greplin.zookeeper.RegressionTest0,N/A,N/A,1,N/A,0.0,ERROR
greplin-zookeeper-utils,com.greplin.zookeeper.RegressionTest0,N/A,N/A,1,N/A,0.003,ERROR
greplin-zookeeper-utils,com.greplin.zookeeper.RegressionTest0,N/A,N/A,1,N/A,0.002,ERROR
greplin-zookeeper-utils,com.greplin.zookeeper.RegressionTest0,N/A,N/A,1,N/A,0.001,ERROR
greplin-zookeeper-utils,com.greplin.zookeeper.RegressionTest0,N/A,N/A,1,N/A,0.001,ERROR
greplin-zookeeper-utils,com.greplin.zookeeper.RegressionTest0,N/A,N/A,1,N/A,0.001,ERROR
greplin-zookeeper-utils,com.greplin.zookeeper.RegressionTest0,N/A,N/A,1,N/A,0.001,ERROR
greplin-zookeeper-utils,com.greplin.zookeeper.RegressionTest0,N/A,N/A,1,N/A,0.002,ERROR
greplin-zookeeper-utils,com.greplin.zookeeper.RegressionTest0,N/A,N/A,1,N/A,0.0,ERROR
greplin-zookeeper-utils,com.greplin.zookeeper.RegressionTest0,N/A,N/A,1,N/A,0.001,ERROR
greplin-zookeeper-utils,com.greplin.zookeeper.RegressionTest0,N/A,N/A,1,N/A,0.81,ERROR
greplin-zookeeper-utils,com.greplin.zookeeper.RegressionTest0,N/A,N/A,1,N/A,0.001,ERROR
greplin-zookeeper-utils,com.greplin.zookeeper.RegressionTest0,N/A,N/A,1,N/A,0.001,ERROR
greplin-zookeeper-utils,com.greplin.zookeeper.RegressionTest0,N/A,N/A,1,N/A,0.001,ERROR
greplin-zookeeper-utils,com.greplin.zookeeper.RegressionTest0,N/A,N/A,1,N/A,0.001,ERROR
greplin-zookeeper-utils,com.greplin.zookeeper.RegressionTest0,N/A,N/A,1,N/A,0.001,ERROR
greplin-zookeeper-utils,com.greplin.zookeeper.RegressionTest0,N/A,N/A,1,N/A,0.0,ERROR
greplin-zookeeper-utils,com.greplin.zookeeper.RegressionTest0,N/A,N/A,1,N/A,0.0,ERROR
greplin-zookeeper-utils,com.greplin.zookeeper.RegressionTest0,N/A,N/A,1,N/A,0.0,ERROR
greplin-zookeeper-utils,com.greplin.zookeeper.RegressionTest0,N/A,N/A,1,N/A,0.0,ERROR
greplin-zookeeper-utils,com.greplin.zookeeper.RegressionTest0,N/A,N/A,1,N/A,0.0,ERROR
greplin-zookeeper-utils,com.greplin.zookeeper.RegressionTest0,N/A,N/A,1,N/A,0.0,ERROR
greplin-zookeeper-utils,com.greplin.zookeeper.RegressionTest0,N/A,N/A,1,N/A,0.001,ERROR
greplin-zookeeper-utils,com.greplin.zookeeper.RegressionTest0,N/A,N/A,1,N/A,0.0,ERROR
greplin-zookeeper-utils,com.greplin.zookeeper.RegressionTest0,N/A,N/A,1,N/A,0.001,ERROR
greplin-zookeeper-utils,com.greplin.zookeeper.RegressionTest0,N/A,N/A,1,N/A,0.0,ERROR
greplin-zookeeper-utils,com.greplin.zookeeper.RegressionTest0,N/A,N/A,1,N/A,0.001,ERROR
greplin-zookeeper-utils,com.greplin.zookeeper.RegressionTest0,N/A,N/A,1,N/A,0.001,ERROR
greplin-zookeeper-utils,com.greplin.zookeeper.RegressionTest0,N/A,N/A,1,N/A,0.001,ERROR
greplin-zookeeper-utils,com.greplin.zookeeper.RegressionTest0,N/A,N/A,1,N/A,0.001,ERROR
greplin-zookeeper-utils,com.greplin.zookeeper.RegressionTest0,N/A,N/A,1,N/A,0.0,ERROR
greplin-zookeeper-utils,com.greplin.zookeeper.RegressionTest0,N/A,N/A,1,N/A,0.0,ERROR
greplin-zookeeper-utils,com.greplin.zookeeper.RegressionTest0,N/A,N/A,1,N/A,0.0,ERROR
greplin-zookeeper-utils,com.greplin.zookeeper.RegressionTest0,N/A,N/A,1,N/A,0.0,ERROR
greplin-zookeeper-utils,com.greplin.zookeeper.RegressionTest0,N/A,N/A,1,N/A,0.001,ERROR
greplin-zookeeper-utils,com.greplin.zookeeper.RegressionTest0,N/A,N/A,1,N/A,0.001,ERROR
greplin-zookeeper-utils,com.greplin.zookeeper.RegressionTest0,N/A,N/A,1,N/A,0.007,ERROR
greplin-zookeeper-utils,com.greplin.zookeeper.RegressionTest0,N/A,N/A,1,N/A,0.002,ERROR
greplin-zookeeper-utils,com.greplin.zookeeper.RegressionTest0,N/A,N/A,1,N/A,0.0,ERROR
greplin-zookeeper-utils,com.greplin.zookeeper.RegressionTest0,N/A,N/A,1,N/A,0.001,ERROR
greplin-zookeeper-utils,com.greplin.zookeeper.RegressionTest0,N/A,N/A,1,N/A,0.0,ERROR
greplin-zookeeper-utils,com.greplin.zookeeper.RegressionTest0,N/A,N/A,1,N/A,0.0,ERROR
greplin-zookeeper-utils,com.greplin.zookeeper.RegressionTest0,N/A,N/A,1,N/A,0.0,ERROR
greplin-zookeeper-utils,com.greplin.zookeeper.RegressionTest0,N/A,N/A,1,N/A,0.025,ERROR
greplin-zookeeper-utils,com.greplin.zookeeper.RegressionTest0,N/A,N/A,1,N/A,0.001,ERROR
greplin-zookeeper-utils,com.greplin.zookeeper.RegressionTest0,N/A,N/A,1,N/A,0.001,ERROR
greplin-zookeeper-utils,com.greplin.zookeeper.RegressionTest0,N/A,N/A,1,N/A,0.001,ERROR
greplin-zookeeper-utils,com.greplin.zookeeper.RegressionTest0,N/A,N/A,1,N/A,0.0,ERROR
greplin-zookeeper-utils,com.greplin.zookeeper.RegressionTest0,N/A,N/A,1,N/A,0.005,ERROR
greplin-zookeeper-utils,com.greplin.zookeeper.RegressionTest0,N/A,N/A,1,N/A,0.0,ERROR
greplin-zookeeper-utils,com.greplin.zookeeper.RegressionTest0,N/A,N/A,1,N/A,0.003,ERROR
greplin-zookeeper-utils,com.greplin.zookeeper.RegressionTest0,N/A,N/A,1,N/A,0.001,ERROR
greplin-zookeeper-utils,com.greplin.zookeeper.RegressionTest0,N/A,N/A,1,N/A,0.001,ERROR
greplin-zookeeper-utils,com.greplin.zookeeper.RegressionTest0,N/A,N/A,1,N/A,0.001,ERROR
greplin-zookeeper-utils,com.greplin.zookeeper.RegressionTest0,N/A,N/A,1,N/A,0.001,ERROR
greplin-zookeeper-utils,com.greplin.zookeeper.RegressionTest0,N/A,N/A,1,N/A,0.001,ERROR
greplin-zookeeper-utils,com.greplin.zookeeper.RegressionTest0,N/A,N/A,1,N/A,0.0,ERROR
greplin-zookeeper-utils,com.greplin.zookeeper.RegressionTest0,N/A,N/A,1,N/A,0.0,ERROR
greplin-zookeeper-utils,com.greplin.zookeeper.RegressionTest0,N/A,N/A,1,N/A,0.001,ERROR
greplin-zookeeper-utils,com.greplin.zookeeper.RegressionTest0,N/A,N/A,1,N/A,0.001,ERROR
greplin-zookeeper-utils,com.greplin.zookeeper.RegressionTest0,N/A,N/A,1,N/A,0.0,ERROR
greplin-zookeeper-utils,com.greplin.zookeeper.RegressionTest0,N/A,N/A,1,N/A,0.001,ERROR
greplin-zookeeper-utils,com.greplin.zookeeper.RegressionTest0,N/A,N/A,1,N/A,0.001,ERROR
greplin-zookeeper-utils,com.greplin.zookeeper.RegressionTest0,N/A,N/A,1,N/A,0.0,ERROR
greplin-zookeeper-utils,com.greplin.zookeeper.RegressionTest0,N/A,N/A,1,N/A,0.029,ERROR
greplin-zookeeper-utils,com.greplin.zookeeper.RegressionTest0,N/A,N/A,1,N/A,0.0,ERROR
greplin-zookeeper-utils,com.greplin.zookeeper.RegressionTest0,N/A,N/A,1,N/A,0.0,ERROR
greplin-zookeeper-utils,com.greplin.zookeeper.RegressionTest0,N/A,N/A,1,N/A,0.001,ERROR
greplin-zookeeper-utils,com.greplin.zookeeper.RegressionTest0,N/A,N/A,1,N/A,0.0,ERROR
greplin-zookeeper-utils,com.greplin.zookeeper.RegressionTest0,N/A,N/A,1,N/A,0.001,ERROR
greplin-zookeeper-utils,com.greplin.zookeeper.RegressionTest0,N/A,N/A,1,N/A,0.001,ERROR
greplin-zookeeper-utils,com.greplin.zookeeper.RegressionTest0,N/A,N/A,1,N/A,0.005,ERROR
greplin-zookeeper-utils,com.greplin.zookeeper.RegressionTest0,N/A,N/A,1,N/A,0.0,ERROR
greplin-zookeeper-utils,com.greplin.zookeeper.RegressionTest0,N/A,N/A,1,N/A,0.0,ERROR
greplin-zookeeper-utils,com.greplin.zookeeper.RegressionTest0,N/A,N/A,1,N/A,0.001,ERROR
greplin-zookeeper-utils,com.greplin.zookeeper.RegressionTest0,N/A,N/A,1,N/A,0.0,ERROR
greplin-zookeeper-utils,com.greplin.zookeeper.RegressionTest0,N/A,N/A,1,N/A,0.001,ERROR
greplin-zookeeper-utils,com.greplin.zookeeper.RegressionTest0,N/A,N/A,1,N/A,0.0,ERROR
greplin-zookeeper-utils,com.greplin.zookeeper.RegressionTest0,N/A,N/A,1,N/A,0.0,ERROR
greplin-zookeeper-utils,com.greplin.zookeeper.RegressionTest0,N/A,N/A,1,N/A,0.001,ERROR
greplin-zookeeper-utils,com.greplin.zookeeper.RegressionTest0,N/A,N/A,1,N/A,0.0,ERROR
greplin-zookeeper-utils,com.greplin.zookeeper.RegressionTest0,N/A,N/A,1,N/A,0.005,ERROR
greplin-zookeeper-utils,com.greplin.zookeeper.RegressionTest0,N/A,N/A,1,N/A,0.001,ERROR
greplin-zookeeper-utils,com.greplin.zookeeper.RegressionTest0,N/A,N/A,1,N/A,0.001,ERROR
greplin-zookeeper-utils,com.greplin.zookeeper.RegressionTest0,N/A,N/A,1,N/A,0.0,ERROR
greplin-zookeeper-utils,com.greplin.zookeeper.RegressionTest0,N/A,N/A,1,N/A,0.001,ERROR
greplin-zookeeper-utils,com.greplin.zookeeper.RegressionTest0,N/A,N/A,1,N/A,0.0,ERROR
greplin-zookeeper-utils,com.greplin.zookeeper.RegressionTest0,N/A,N/A,1,N/A,0.001,ERROR
greplin-zookeeper-utils,com.greplin.zookeeper.RegressionTest0,N/A,N/A,1,N/A,0.001,ERROR
greplin-zookeeper-utils,com.greplin.zookeeper.RegressionTest0,N/A,N/A,1,N/A,0.0,ERROR
greplin-zookeeper-utils,com.greplin.zookeeper.RegressionTest0,N/A,N/A,1,N/A,0.0,ERROR
greplin-zookeeper-utils,com.greplin.zookeeper.RegressionTest0,N/A,N/A,1,N/A,0.001,ERROR
greplin-zookeeper-utils,com.greplin.zookeeper.RegressionTest0,N/A,N/A,1,N/A,0.0,ERROR
greplin-zookeeper-utils,com.greplin.zookeeper.RegressionTest0,N/A,N/A,1,N/A,0.0,ERROR
greplin-zookeeper-utils,com.greplin.zookeeper.RegressionTest0,N/A,N/A,1,N/A,0.001,ERROR
greplin-zookeeper-utils,com.greplin.zookeeper.RegressionTest0,N/A,N/A,1,N/A,0.0,ERROR
greplin-zookeeper-utils,com.greplin.zookeeper.RegressionTest0,N/A,N/A,1,N/A,0.001,ERROR
greplin-zookeeper-utils,com.greplin.zookeeper.RegressionTest0,N/A,N/A,1,N/A,0.0,ERROR
greplin-zookeeper-utils,com.greplin.zookeeper.RegressionTest0,N/A,N/A,1,N/A,0.001,ERROR
greplin-zookeeper-utils,com.greplin.zookeeper.RegressionTest0,N/A,N/A,1,N/A,0.0,ERROR
greplin-zookeeper-utils,com.greplin.zookeeper.RegressionTest0,N/A,N/A,1,N/A,0.0,ERROR
greplin-zookeeper-utils,com.greplin.zookeeper.RegressionTest0,N/A,N/A,1,N/A,0.0,ERROR
greplin-zookeeper-utils,com.greplin.zookeeper.RegressionTest0,N/A,N/A,1,N/A,0.001,ERROR
greplin-zookeeper-utils,com.greplin.zookeeper.RegressionTest0,N/A,N/A,1,N/A,0.0,ERROR
greplin-zookeeper-utils,com.greplin.zookeeper.RegressionTest0,N/A,N/A,1,N/A,0.0,ERROR
greplin-zookeeper-utils,com.greplin.zookeeper.RegressionTest0,N/A,N/A,1,N/A,0.001,ERROR
greplin-zookeeper-utils,com.greplin.zookeeper.RegressionTest0,N/A,N/A,1,N/A,0.001,ERROR
greplin-zookeeper-utils,com.greplin.zookeeper.RegressionTest0,N/A,N/A,1,N/A,0.001,ERROR
greplin-zookeeper-utils,com.greplin.zookeeper.RegressionTest0,N/A,N/A,1,N/A,0.001,ERROR
greplin-zookeeper-utils,com.greplin.zookeeper.RegressionTest0,N/A,N/A,1,N/A,0.0,ERROR
greplin-zookeeper-utils,com.greplin.zookeeper.RegressionTest0,N/A,N/A,1,N/A,0.001,ERROR
greplin-zookeeper-utils,com.greplin.zookeeper.RegressionTest0,N/A,N/A,1,N/A,0.001,ERROR
greplin-zookeeper-utils,com.greplin.zookeeper.RegressionTest0,N/A,N/A,1,N/A,0.0,ERROR
greplin-zookeeper-utils,com.greplin.zookeeper.RegressionTest0,N/A,N/A,1,N/A,0.001,ERROR
greplin-zookeeper-utils,com.greplin.zookeeper.RegressionTest0,N/A,N/A,1,N/A,0.0,ERROR
greplin-zookeeper-utils,com.greplin.zookeeper.RegressionTest0,N/A,N/A,1,N/A,0.001,ERROR
greplin-zookeeper-utils,com.greplin.zookeeper.RegressionTest0,N/A,N/A,1,N/A,0.005,ERROR
greplin-zookeeper-utils,com.greplin.zookeeper.RegressionTest0,N/A,N/A,1,N/A,0.019,ERROR
greplin-zookeeper-utils,com.greplin.zookeeper.RegressionTest0,N/A,N/A,1,N/A,0.011,ERROR
greplin-zookeeper-utils,com.greplin.zookeeper.RegressionTest0,N/A,N/A,1,N/A,0.017,ERROR
greplin-zookeeper-utils,com.greplin.zookeeper.RegressionTest0,N/A,N/A,1,N/A,0.001,ERROR
greplin-zookeeper-utils,com.greplin.zookeeper.RegressionTest0,N/A,N/A,1,N/A,0.002,ERROR
greplin-zookeeper-utils,com.greplin.zookeeper.RegressionTest0,N/A,N/A,1,N/A,0.001,ERROR
greplin-zookeeper-utils,com.greplin.zookeeper.RegressionTest0,N/A,N/A,1,N/A,0.0,ERROR
greplin-zookeeper-utils,com.greplin.zookeeper.RegressionTest0,N/A,N/A,1,N/A,0.001,ERROR
greplin-zookeeper-utils,com.greplin.zookeeper.RegressionTest0,N/A,N/A,1,N/A,0.001,ERROR
greplin-zookeeper-utils,com.greplin.zookeeper.RegressionTest0,N/A,N/A,1,N/A,0.0,ERROR
greplin-zookeeper-utils,com.greplin.zookeeper.RegressionTest0,N/A,N/A,1,N/A,0.003,ERROR
greplin-zookeeper-utils,com.greplin.zookeeper.RegressionTest0,N/A,N/A,1,N/A,0.0,ERROR
greplin-zookeeper-utils,com.greplin.zookeeper.RegressionTest0,N/A,N/A,1,N/A,0.001,ERROR
greplin-zookeeper-utils,com.greplin.zookeeper.RegressionTest0,N/A,N/A,1,N/A,0.001,ERROR
greplin-zookeeper-utils,com.greplin.zookeeper.RegressionTest0,N/A,N/A,1,N/A,0.001,ERROR
greplin-zookeeper-utils,com.greplin.zookeeper.RegressionTest0,N/A,N/A,1,N/A,0.0,ERROR
greplin-zookeeper-utils,com.greplin.zookeeper.RegressionTest0,N/A,N/A,1,N/A,0.001,ERROR
greplin-zookeeper-utils,com.greplin.zookeeper.RegressionTest0,N/A,N/A,1,N/A,0.0,ERROR
greplin-zookeeper-utils,com.greplin.zookeeper.RegressionTest0,N/A,N/A,1,N/A,0.0,ERROR
greplin-zookeeper-utils,com.greplin.zookeeper.RegressionTest0,N/A,N/A,1,N/A,0.0,ERROR
greplin-zookeeper-utils,com.greplin.zookeeper.RegressionTest0,N/A,N/A,1,N/A,0.0,ERROR
greplin-zookeeper-utils,com.greplin.zookeeper.RegressionTest0,N/A,N/A,1,N/A,0.0,ERROR
greplin-zookeeper-utils,com.greplin.zookeeper.RegressionTest0,N/A,N/A,1,N/A,0.0,ERROR
greplin-zookeeper-utils,com.greplin.zookeeper.RegressionTest0,N/A,N/A,1,N/A,0.0,ERROR
greplin-zookeeper-utils,com.greplin.zookeeper.RegressionTest0,N/A,N/A,1,N/A,0.0,ERROR
greplin-zookeeper-utils,com.greplin.zookeeper.RegressionTest0,N/A,N/A,1,N/A,0.0,ERROR
greplin-zookeeper-utils,com.greplin.zookeeper.RegressionTest0,N/A,N/A,1,N/A,0.0,ERROR
greplin-zookeeper-utils,com.greplin.zookeeper.RegressionTest0,N/A,N/A,1,N/A,0.0,ERROR
greplin-zookeeper-utils,com.greplin.zookeeper.RegressionTest0,N/A,N/A,1,N/A,0.0,ERROR
greplin-zookeeper-utils,com.greplin.zookeeper.RegressionTest0,N/A,N/A,1,N/A,0.001,ERROR
greplin-zookeeper-utils,com.greplin.zookeeper.RegressionTest0,N/A,N/A,1,N/A,0.0,ERROR
greplin-zookeeper-utils,com.greplin.zookeeper.RegressionTest0,N/A,N/A,1,N/A,0.0,ERROR
greplin-zookeeper-utils,com.greplin.zookeeper.RegressionTest0,N/A,N/A,1,N/A,0.011,ERROR
greplin-zookeeper-utils,com.greplin.zookeeper.RegressionTest0,N/A,N/A,1,N/A,0.001,ERROR
greplin-zookeeper-utils,com.greplin.zookeeper.RegressionTest0,N/A,N/A,1,N/A,0.002,ERROR
greplin-zookeeper-utils,com.greplin.zookeeper.RegressionTest0,N/A,N/A,1,N/A,0.0,ERROR
greplin-zookeeper-utils,com.greplin.zookeeper.RegressionTest0,N/A,N/A,1,N/A,0.0,ERROR
greplin-zookeeper-utils,com.greplin.zookeeper.RegressionTest0,N/A,N/A,1,N/A,0.001,ERROR
greplin-zookeeper-utils,com.greplin.zookeeper.RegressionTest0,N/A,N/A,1,N/A,0.0,ERROR
greplin-zookeeper-utils,com.greplin.zookeeper.RegressionTest0,N/A,N/A,1,N/A,0.001,ERROR
greplin-zookeeper-utils,com.greplin.zookeeper.RegressionTest0,N/A,N/A,1,N/A,0.0,ERROR
greplin-zookeeper-utils,com.greplin.zookeeper.RegressionTest0,N/A,N/A,1,N/A,0.001,ERROR
greplin-zookeeper-utils,com.greplin.zookeeper.RegressionTest0,N/A,N/A,1,N/A,0.0,ERROR
greplin-zookeeper-utils,com.greplin.zookeeper.RegressionTest0,N/A,N/A,1,N/A,0.001,ERROR
greplin-zookeeper-utils,com.greplin.zookeeper.RegressionTest0,N/A,N/A,1,N/A,0.005,ERROR
greplin-zookeeper-utils,com.greplin.zookeeper.RegressionTest0,N/A,N/A,1,N/A,0.0,ERROR
greplin-zookeeper-utils,com.greplin.zookeeper.RegressionTest0,N/A,N/A,1,N/A,0.0,ERROR
greplin-zookeeper-utils,com.greplin.zookeeper.RegressionTest1,N/A,N/A,1,N/A,0.0,ERROR
greplin-zookeeper-utils,com.greplin.zookeeper.RegressionTest1,N/A,N/A,1,N/A,0.001,ERROR
greplin-zookeeper-utils,com.greplin.zookeeper.RegressionTest1,N/A,N/A,1,N/A,0.0,ERROR
greplin-zookeeper-utils,com.greplin.zookeeper.RegressionTest1,N/A,N/A,1,N/A,0.0,ERROR
greplin-zookeeper-utils,com.greplin.zookeeper.RegressionTest1,N/A,N/A,1,N/A,0.0,ERROR
greplin-zookeeper-utils,com.greplin.zookeeper.RegressionTest1,N/A,N/A,1,N/A,0.0,ERROR
greplin-zookeeper-utils,com.greplin.zookeeper.RegressionTest1,N/A,N/A,1,N/A,0.0,ERROR
greplin-zookeeper-utils,com.greplin.zookeeper.RegressionTest1,N/A,N/A,1,N/A,0.0,ERROR
greplin-zookeeper-utils,com.greplin.zookeeper.RegressionTest1,N/A,N/A,1,N/A,0.001,ERROR
greplin-zookeeper-utils,com.greplin.zookeeper.RegressionTest1,N/A,N/A,1,N/A,0.0,ERROR
greplin-zookeeper-utils,com.greplin.zookeeper.RegressionTest1,N/A,N/A,1,N/A,0.0,ERROR
greplin-zookeeper-utils,com.greplin.zookeeper.RegressionTest1,N/A,N/A,1,N/A,0.001,ERROR
greplin-zookeeper-utils,com.greplin.zookeeper.RegressionTest1,N/A,N/A,1,N/A,0.001,ERROR
greplin-zookeeper-utils,com.greplin.zookeeper.RegressionTest1,N/A,N/A,1,N/A,0.0,ERROR
greplin-zookeeper-utils,com.greplin.zookeeper.RegressionTest1,N/A,N/A,1,N/A,0.001,ERROR
greplin-zookeeper-utils,com.greplin.zookeeper.RegressionTest1,N/A,N/A,1,N/A,0.0,ERROR
greplin-zookeeper-utils,com.greplin.zookeeper.RegressionTest1,N/A,N/A,1,N/A,0.001,ERROR
greplin-zookeeper-utils,com.greplin.zookeeper.RegressionTest1,N/A,N/A,1,N/A,0.0,ERROR
greplin-zookeeper-utils,com.greplin.zookeeper.RegressionTest1,N/A,N/A,1,N/A,0.0,ERROR
greplin-zookeeper-utils,com.greplin.zookeeper.RegressionTest1,N/A,N/A,1,N/A,0.0,ERROR
greplin-zookeeper-utils,com.greplin.zookeeper.RegressionTest1,N/A,N/A,1,N/A,0.0,ERROR
greplin-zookeeper-utils,com.greplin.zookeeper.RegressionTest1,N/A,N/A,1,N/A,0.0,ERROR
greplin-zookeeper-utils,com.greplin.zookeeper.RegressionTest1,N/A,N/A,1,N/A,0.0,ERROR
greplin-zookeeper-utils,com.greplin.zookeeper.RegressionTest1,N/A,N/A,1,N/A,0.001,ERROR
greplin-zookeeper-utils,com.greplin.zookeeper.RegressionTest1,N/A,N/A,1,N/A,0.001,ERROR
greplin-zookeeper-utils,com.greplin.zookeeper.RegressionTest1,N/A,N/A,1,N/A,0.001,ERROR
greplin-zookeeper-utils,com.greplin.zookeeper.RegressionTest1,N/A,N/A,1,N/A,0.0,ERROR
greplin-zookeeper-utils,com.greplin.zookeeper.RegressionTest1,N/A,N/A,1,N/A,0.001,ERROR
greplin-zookeeper-utils,com.greplin.zookeeper.RegressionTest1,N/A,N/A,1,N/A,0.0,ERROR
greplin-zookeeper-utils,com.greplin.zookeeper.RegressionTest1,N/A,N/A,1,N/A,0.0,ERROR
greplin-zookeeper-utils,com.greplin.zookeeper.RegressionTest1,N/A,N/A,1,N/A,0.0,ERROR
greplin-zookeeper-utils,com.greplin.zookeeper.RegressionTest1,N/A,N/A,1,N/A,0.0,ERROR
greplin-zookeeper-utils,com.greplin.zookeeper.RegressionTest1,N/A,N/A,1,N/A,0.0,ERROR
greplin-zookeeper-utils,com.greplin.zookeeper.RegressionTest1,N/A,N/A,1,N/A,0.001,ERROR
greplin-zookeeper-utils,com.greplin.zookeeper.RegressionTest1,N/A,N/A,1,N/A,0.0,ERROR
greplin-zookeeper-utils,com.greplin.zookeeper.RegressionTest1,N/A,N/A,1,N/A,0.0,ERROR
greplin-zookeeper-utils,com.greplin.zookeeper.RegressionTest1,N/A,N/A,1,N/A,0.002,ERROR
greplin-zookeeper-utils,com.greplin.zookeeper.RegressionTest1,N/A,N/A,1,N/A,0.0,ERROR
greplin-zookeeper-utils,com.greplin.zookeeper.RegressionTest1,N/A,N/A,1,N/A,0.0,ERROR
greplin-zookeeper-utils,com.greplin.zookeeper.RegressionTest1,N/A,N/A,1,N/A,0.001,ERROR
greplin-zookeeper-utils,com.greplin.zookeeper.RegressionTest1,N/A,N/A,1,N/A,0.0,ERROR
greplin-zookeeper-utils,com.greplin.zookeeper.RegressionTest1,N/A,N/A,1,N/A,0.001,ERROR
greplin-zookeeper-utils,com.greplin.zookeeper.RegressionTest1,N/A,N/A,1,N/A,0.001,ERROR
greplin-zookeeper-utils,com.greplin.zookeeper.RegressionTest1,N/A,N/A,1,N/A,0.002,ERROR
greplin-zookeeper-utils,com.greplin.zookeeper.RegressionTest1,N/A,N/A,1,N/A,0.001,ERROR
greplin-zookeeper-utils,com.greplin.zookeeper.RegressionTest1,N/A,N/A,1,N/A,0.001,ERROR
greplin-zookeeper-utils,com.greplin.zookeeper.RegressionTest1,N/A,N/A,1,N/A,0.005,ERROR
greplin-zookeeper-utils,com.greplin.zookeeper.RegressionTest1,N/A,N/A,1,N/A,0.0,ERROR
greplin-zookeeper-utils,com.greplin.zookeeper.RegressionTest1,N/A,N/A,1,N/A,0.0,ERROR
greplin-zookeeper-utils,com.greplin.zookeeper.RegressionTest1,N/A,N/A,1,N/A,0.0,ERROR
greplin-zookeeper-utils,com.greplin.zookeeper.RegressionTest1,N/A,N/A,1,N/A,0.001,ERROR
greplin-zookeeper-utils,com.greplin.zookeeper.RegressionTest1,N/A,N/A,1,N/A,0.001,ERROR
greplin-zookeeper-utils,com.greplin.zookeeper.RegressionTest1,N/A,N/A,1,N/A,0.0,ERROR
greplin-zookeeper-utils,com.greplin.zookeeper.RegressionTest1,N/A,N/A,1,N/A,0.0,ERROR
greplin-zookeeper-utils,com.greplin.zookeeper.RegressionTest1,N/A,N/A,1,N/A,0.0,ERROR
greplin-zookeeper-utils,com.greplin.zookeeper.RegressionTest1,N/A,N/A,1,N/A,0.0,ERROR
greplin-zookeeper-utils,com.greplin.zookeeper.RegressionTest1,N/A,N/A,1,N/A,0.0,ERROR
greplin-zookeeper-utils,com.greplin.zookeeper.RegressionTest1,N/A,N/A,1,N/A,0.001,ERROR
greplin-zookeeper-utils,com.greplin.zookeeper.RegressionTest1,N/A,N/A,1,N/A,0.0,ERROR
greplin-zookeeper-utils,com.greplin.zookeeper.RegressionTest1,N/A,N/A,1,N/A,0.0,ERROR
greplin-zookeeper-utils,com.greplin.zookeeper.RegressionTest1,N/A,N/A,1,N/A,0.001,ERROR
greplin-zookeeper-utils,com.greplin.zookeeper.RegressionTest1,N/A,N/A,1,N/A,0.008,ERROR
greplin-zookeeper-utils,com.greplin.zookeeper.RegressionTest1,N/A,N/A,1,N/A,0.0,ERROR
greplin-zookeeper-utils,com.greplin.zookeeper.RegressionTest1,N/A,N/A,1,N/A,0.002,ERROR
greplin-zookeeper-utils,com.greplin.zookeeper.RegressionTest1,N/A,N/A,1,N/A,0.0,ERROR
greplin-zookeeper-utils,com.greplin.zookeeper.RegressionTest1,N/A,N/A,1,N/A,0.0,ERROR
greplin-zookeeper-utils,com.greplin.zookeeper.RegressionTest1,N/A,N/A,1,N/A,0.0,ERROR
greplin-zookeeper-utils,com.greplin.zookeeper.RegressionTest1,N/A,N/A,1,N/A,0.0,ERROR
greplin-zookeeper-utils,com.greplin.zookeeper.RegressionTest1,N/A,N/A,1,N/A,0.0,ERROR
greplin-zookeeper-utils,com.greplin.zookeeper.RegressionTest1,N/A,N/A,1,N/A,0.001,ERROR
greplin-zookeeper-utils,com.greplin.zookeeper.RegressionTest1,N/A,N/A,1,N/A,0.0,ERROR
greplin-zookeeper-utils,com.greplin.zookeeper.RegressionTest1,N/A,N/A,1,N/A,0.0,ERROR
greplin-zookeeper-utils,com.greplin.zookeeper.RegressionTest1,N/A,N/A,1,N/A,0.0,ERROR
greplin-zookeeper-utils,com.greplin.zookeeper.RegressionTest1,N/A,N/A,1,N/A,0.0,ERROR
greplin-zookeeper-utils,com.greplin.zookeeper.RegressionTest1,N/A,N/A,1,N/A,0.0,ERROR
greplin-zookeeper-utils,com.greplin.zookeeper.RegressionTest1,N/A,N/A,1,N/A,0.0,ERROR
greplin-zookeeper-utils,com.greplin.zookeeper.RegressionTest1,N/A,N/A,1,N/A,0.0,ERROR
greplin-zookeeper-utils,com.greplin.zookeeper.RegressionTest1,N/A,N/A,1,N/A,0.0,ERROR
greplin-zookeeper-utils,null,8,0,8,0,0.0,FAILURE
greplin-zookeeper-utils,com.greplin.zookeeper.RobustZooKeeperTest,N/A,N/A,1,N/A,0.0,ERROR
greplin-zookeeper-utils,com.greplin.zookeeper.RobustZooKeeperTest,N/A,N/A,1,N/A,0.0,ERROR
greplin-zookeeper-utils,com.greplin.zookeeper.RobustZooKeeperTest,N/A,N/A,1,N/A,0.0,ERROR
greplin-zookeeper-utils,com.greplin.zookeeper.RobustZooKeeperTest,N/A,N/A,1,N/A,0.0,ERROR
greplin-zookeeper-utils,com.greplin.zookeeper.RobustZooKeeperTest,N/A,N/A,1,N/A,0.0,ERROR
greplin-zookeeper-utils,com.greplin.zookeeper.RobustZooKeeperTest,N/A,N/A,1,N/A,0.0,ERROR
greplin-zookeeper-utils,com.greplin.zookeeper.RobustZooKeeperTest,N/A,N/A,1,N/A,0.0,ERROR
greplin-zookeeper-utils,com.greplin.zookeeper.RobustZooKeeperTest,N/A,N/A,1,N/A,0.0,ERROR
Sum: 75.76099999999996
