Project,Class Path,Tests Run,Failures,Errors,Skipped,Time Elapsed (sec),Status
--------------------Execution: 1 -----------------------------------
avro,null,4,0,0,0,0.016,SUCCESS
avro,null,14,0,0,0,0.002,SUCCESS
avro,null,10,0,0,0,0.023,SUCCESS
avro,null,15,0,0,0,0.081,SUCCESS
avro,null,17,0,0,0,0.027,SUCCESS
avro,null,5,0,0,0,0.008,SUCCESS
avro,null,4,0,0,0,0.019,SUCCESS
avro,null,3,0,0,0,0.063,SUCCESS
avro,null,1,0,0,0,0.003,SUCCESS
avro,null,11,0,0,0,0.028,SUCCESS
avro,null,3,0,0,0,0.002,SUCCESS
avro,null,1,0,0,0,0.001,SUCCESS
avro,null,6,0,0,0,0.003,SUCCESS
avro,null,16,0,0,0,0.033,SUCCESS
avro,null,12,0,0,0,1.162,SUCCESS
avro,null,1,0,0,0,0.027,SUCCESS
avro,null,1,0,0,0,0.006,SUCCESS
avro,null,48,0,0,0,0.066,SUCCESS
avro,null,3,0,0,0,0.006,SUCCESS
avro,null,2,0,0,0,0.006,SUCCESS
avro,null,1,0,0,0,0.001,SUCCESS
avro,null,4,0,0,0,0.057,SUCCESS
avro,null,9,0,0,0,0.014,SUCCESS
avro,null,1,0,0,0,0.002,SUCCESS
avro,null,2,0,0,0,0.006,SUCCESS
avro,null,1,0,0,0,0.01,SUCCESS
avro,null,35,0,0,0,0.046,SUCCESS
avro,null,29,0,0,0,0.007,SUCCESS
avro,null,8,0,0,0,0.005,SUCCESS
avro,null,13,0,0,0,0.007,SUCCESS
avro,null,2,0,0,0,0.006,SUCCESS
avro,null,1,0,0,0,0.002,SUCCESS
avro,null,4,0,0,0,0.017,SUCCESS
avro,null,5,0,0,0,0.005,SUCCESS
avro,null,32,0,0,0,0.023,SUCCESS
avro,null,2,0,0,0,0.001,SUCCESS
avro,null,84,0,0,0,0.021,SUCCESS
avro,null,1,0,0,0,0.01,SUCCESS
avro,null,16,0,0,0,0.013,SUCCESS
avro,null,74,0,0,0,0.101,SUCCESS
avro,null,376,0,0,0,0.067,SUCCESS
avro,null,17,0,0,0,0.027,SUCCESS
avro,null,5,0,0,0,0.837,SUCCESS
avro,null,3,0,0,0,0.001,SUCCESS
avro,null,2,0,0,0,0.0,SUCCESS
avro,null,1,0,0,0,0.002,SUCCESS
avro,null,2,0,0,0,0.054,SUCCESS
avro,null,17,0,0,1,0.043,SUCCESS
avro,null,39,0,0,0,0.037,SUCCESS
avro,null,2,0,0,0,0.001,SUCCESS
avro,null,2,0,0,0,0.0,SUCCESS
avro,null,192,0,0,0,0.062,SUCCESS
avro,null,3,0,0,0,0.001,SUCCESS
avro,null,972,0,0,0,0.17,SUCCESS
avro,null,4,0,0,0,0.001,SUCCESS
avro,null,3,0,0,0,0.001,SUCCESS
avro,null,1,0,0,0,0.001,SUCCESS
avro,null,4,0,0,0,0.001,SUCCESS
avro,null,1,0,0,0,0.225,SUCCESS
avro,null,26,0,0,0,0.01,SUCCESS
avro,null,26,0,0,0,0.005,SUCCESS
avro,null,34,0,0,0,0.003,SUCCESS
avro,null,4,0,0,0,0.0,SUCCESS
avro,null,50,0,0,0,0.012,SUCCESS
avro,null,816,0,0,0,0.402,SUCCESS
avro,null,20,0,0,0,0.007,SUCCESS
avro,null,10,0,0,0,3.954,SUCCESS
avro,null,52,0,0,0,2.762,SUCCESS
avro,null,1,0,0,0,0.076,SUCCESS
avro,null,33,0,0,0,0.017,SUCCESS
avro,null,12,0,0,0,1.186,SUCCESS
avro,null,1,0,0,0,0.006,SUCCESS
avro,null,20,0,0,0,0.07,SUCCESS
avro,null,6,0,0,0,0.009,SUCCESS
avro,null,2,0,0,0,0.007,SUCCESS
avro,null,74,0,0,0,0.128,SUCCESS
avro,null,9,0,0,0,0.022,SUCCESS
avro,null,48,0,0,0,0.08,SUCCESS
avro,null,1,0,0,0,0.034,SUCCESS
avro,null,29,0,0,0,0.015,SUCCESS
avro,null,1,0,0,0,0.0,SUCCESS
avro,null,972,0,0,0,0.293,SUCCESS
avro,null,2,0,0,0,0.0,SUCCESS
avro,null,26,0,0,0,0.009,SUCCESS
avro,null,26,0,0,0,0.007,SUCCESS
avro,null,34,0,0,0,0.005,SUCCESS
avro,null,8,0,0,0,0.01,SUCCESS
avro,null,4,0,0,0,0.003,SUCCESS
avro,null,50,0,0,0,0.033,SUCCESS
avro,null,2,0,0,0,0.0,SUCCESS
avro,null,1,0,0,0,0.004,SUCCESS
avro,null,192,0,0,0,0.064,SUCCESS
avro,null,35,0,0,0,0.027,SUCCESS
avro,null,1,0,0,0,0.214,SUCCESS
avro,null,5,0,0,0,0.002,SUCCESS
avro,null,52,0,0,0,3.431,SUCCESS
avro,null,39,0,0,0,0.035,SUCCESS
avro,null,2,0,0,0,0.002,SUCCESS
avro,null,2,0,0,0,0.001,SUCCESS
avro,null,4,0,0,0,0.009,SUCCESS
avro,null,17,0,0,0,0.006,SUCCESS
avro,null,4,0,0,0,0.001,SUCCESS
avro,null,14,0,0,0,0.003,SUCCESS
avro,null,5,0,0,0,0.504,SUCCESS
avro,null,1,0,0,0,0.0,SUCCESS
avro,null,10,0,0,0,2.894,SUCCESS
avro,null,16,0,0,0,0.007,SUCCESS
avro,null,1,0,0,0,0.001,SUCCESS
avro,null,2,0,0,0,0.101,SUCCESS
avro,null,33,0,0,0,0.008,SUCCESS
avro,null,16,0,0,0,0.006,SUCCESS
avro,null,3,0,0,0,0.001,SUCCESS
avro,null,3,0,0,0,0.001,SUCCESS
avro,null,13,0,0,0,0.007,SUCCESS
avro,null,2,0,0,0,0.002,SUCCESS
avro,null,32,0,0,0,0.012,SUCCESS
avro,null,3,0,0,0,0.017,SUCCESS
avro,null,816,0,0,0,0.392,SUCCESS
avro,null,4,0,0,0,0.001,SUCCESS
avro,null,10,0,0,0,0.001,SUCCESS
avro,null,1,0,0,0,0.001,SUCCESS
avro,null,1,0,0,0,0.023,SUCCESS
avro,null,3,0,0,0,0.003,SUCCESS
avro,null,11,0,0,0,0.018,SUCCESS
avro,null,17,0,0,0,0.036,SUCCESS
avro,null,1,0,0,0,0.001,SUCCESS
avro,null,2,0,0,0,0.0,SUCCESS
avro,null,3,0,0,0,0.003,SUCCESS
avro,null,3,0,0,0,0.002,SUCCESS
avro,null,4,0,0,0,0.001,SUCCESS
avro,null,15,0,0,0,0.015,SUCCESS
avro,null,1,0,0,0,0.005,SUCCESS
avro,null,5,0,0,0,0.002,SUCCESS
avro,null,1,0,0,0,0.0,SUCCESS
avro,null,4,0,0,0,0.002,SUCCESS
avro,null,4,0,0,0,0.003,SUCCESS
avro,null,17,0,0,1,0.051,SUCCESS
avro,null,1,0,0,0,0.004,SUCCESS
avro,null,376,0,0,0,0.043,SUCCESS
avro,null,84,0,0,0,0.003,SUCCESS
avro,null,816,0,0,0,0.83,SUCCESS
avro,null,3,0,0,0,0.016,SUCCESS
avro,null,4,0,0,0,0.046,SUCCESS
avro,null,84,0,0,0,0.012,SUCCESS
avro,null,1,0,0,0,0.015,SUCCESS
avro,null,29,0,0,0,0.03,SUCCESS
avro,null,48,0,0,0,0.059,SUCCESS
avro,null,4,0,0,0,0.003,SUCCESS
avro,null,12,0,0,0,1.139,SUCCESS
avro,null,1,0,0,0,0.195,SUCCESS
avro,null,1,0,0,0,0.001,SUCCESS
avro,null,4,0,0,0,0.01,SUCCESS
avro,null,1,0,0,0,0.001,SUCCESS
avro,null,1,0,0,0,0.013,SUCCESS
avro,null,4,0,0,0,0.002,SUCCESS
avro,null,2,0,0,0,0.003,SUCCESS
avro,null,4,0,0,0,0.004,SUCCESS
avro,null,2,0,0,0,0.004,SUCCESS
avro,null,74,0,0,0,0.081,SUCCESS
avro,null,20,0,0,0,0.022,SUCCESS
avro,null,11,0,0,0,0.015,SUCCESS
avro,null,1,0,0,0,0.001,SUCCESS
avro,null,13,0,0,0,0.008,SUCCESS
avro,null,1,0,0,0,0.001,SUCCESS
avro,null,4,0,0,0,0.005,SUCCESS
avro,null,50,0,0,0,0.025,SUCCESS
avro,null,1,0,0,0,0.01,SUCCESS
avro,null,376,0,0,0,0.039,SUCCESS
avro,null,2,0,0,0,0.003,SUCCESS
avro,null,1,0,0,0,0.002,SUCCESS
avro,null,6,0,0,0,0.006,SUCCESS
avro,null,35,0,0,0,0.035,SUCCESS
avro,null,5,0,0,0,0.794,SUCCESS
avro,null,16,0,0,0,0.01,SUCCESS
avro,null,4,0,0,0,0.0,SUCCESS
avro,null,14,0,0,0,0.001,SUCCESS
avro,null,17,0,0,0,0.007,SUCCESS
avro,null,3,0,0,0,0.003,SUCCESS
avro,null,3,0,0,0,0.001,SUCCESS
avro,null,2,0,0,0,0.001,SUCCESS
avro,null,2,0,0,0,0.064,SUCCESS
avro,null,8,0,0,0,0.005,SUCCESS
avro,null,1,0,0,0,0.0,SUCCESS
avro,null,52,0,0,0,3.205,SUCCESS
avro,null,33,0,0,0,0.005,SUCCESS
avro,null,2,0,0,0,0.0,SUCCESS
avro,null,17,0,0,1,0.032,SUCCESS
avro,null,972,0,0,0,0.284,SUCCESS
avro,null,16,0,0,0,0.004,SUCCESS
avro,null,10,0,0,0,0.002,SUCCESS
avro,null,3,0,0,0,0.019,SUCCESS
avro,null,3,0,0,0,0.0,SUCCESS
avro,null,32,0,0,0,0.019,SUCCESS
avro,null,2,0,0,0,0.001,SUCCESS
avro,null,5,0,0,0,0.003,SUCCESS
avro,null,9,0,0,0,0.008,SUCCESS
avro,null,10,0,0,0,3.45,SUCCESS
avro,null,2,0,0,0,0.001,SUCCESS
avro,null,5,0,0,0,0.001,SUCCESS
avro,null,1,0,0,0,0.0,SUCCESS
avro,null,192,0,0,0,0.031,SUCCESS
avro,null,39,0,0,0,0.029,SUCCESS
avro,null,3,0,0,0,0.0,SUCCESS
avro,null,1,0,0,0,0.001,SUCCESS
avro,null,26,0,0,0,0.006,SUCCESS
avro,null,26,0,0,0,0.004,SUCCESS
avro,null,34,0,0,0,0.002,SUCCESS
avro,null,1,0,0,0,0.004,SUCCESS
avro,null,17,0,0,0,0.021,SUCCESS
avro,null,15,0,0,0,0.011,SUCCESS
avro,null,1,0,0,0,0.793,SUCCESS
avro,null,2,0,0,0,0.256,SUCCESS
avro,null,19,0,0,0,0.261,SUCCESS
avro,null,38,0,0,0,6.457,SUCCESS
avro,null,2,0,0,0,0.343,SUCCESS
avro,null,5,0,0,0,0.239,SUCCESS
avro,null,2,0,0,0,1.862,SUCCESS
avro,null,5,0,0,0,0.666,SUCCESS
avro,null,2,0,0,0,0.307,SUCCESS
avro,null,2,0,0,0,0.255,SUCCESS
avro,null,2,0,0,0,0.445,SUCCESS
avro,null,3,0,0,0,0.007,SUCCESS
avro,null,7,0,0,0,0.339,SUCCESS
avro,null,1,0,0,0,0.32,SUCCESS
avro,null,7,0,0,0,0.392,SUCCESS
avro,null,7,0,0,0,0.346,SUCCESS
avro,null,11,0,0,0,0.288,SUCCESS
avro,null,1,0,0,0,0.323,SUCCESS
avro,null,3,0,0,0,0.014,SUCCESS
avro,null,6,0,0,0,0.238,SUCCESS
avro,null,1,0,0,0,0.288,SUCCESS
avro,null,2,0,0,0,0.244,SUCCESS
avro,null,14,0,0,0,0.26,SUCCESS
avro,null,14,0,0,0,0.751,SUCCESS
avro,null,10,0,0,3,0.292,SUCCESS
avro,null,6,0,0,0,0.011,SUCCESS
avro,null,1,0,0,0,0.224,SUCCESS
avro,null,2,0,0,0,0.263,SUCCESS
avro,null,20,0,0,0,3.145,SUCCESS
avro,null,58,0,0,0,6.374,SUCCESS
avro,null,8,0,0,0,0.409,SUCCESS
avro,null,7,0,0,0,0.397,SUCCESS
avro,null,2,0,0,0,0.278,SUCCESS
avro,null,14,0,0,0,0.785,SUCCESS
avro,null,1,0,0,0,0.265,SUCCESS
avro,null,2,0,0,0,0.338,SUCCESS
avro,null,9,0,0,0,0.6,SUCCESS
avro,null,14,0,0,0,0.946,SUCCESS
avro,null,2,0,0,0,0.275,SUCCESS
avro,null,9,0,0,0,0.336,SUCCESS
avro,null,14,0,0,0,2.397,SUCCESS
avro,null,16,0,0,0,1.827,SUCCESS
avro,null,2,0,0,0,0.648,SUCCESS
avro,null,3,0,0,0,0.461,SUCCESS
avro,null,1,0,0,0,6.716,SUCCESS
avro,null,11,0,0,1,27.67,SUCCESS
avro,null,5,0,0,0,4.26,SUCCESS
avro,null,1,0,0,0,0.231,SUCCESS
avro,null,14,0,0,0,5.249,SUCCESS
avro,null,5,0,0,0,4.345,SUCCESS
avro,null,5,0,0,0,4.171,SUCCESS
avro,null,1,0,0,0,0.024,SUCCESS
avro,null,24,0,0,0,1.497,SUCCESS
avro,null,8,0,0,0,0.868,SUCCESS
avro,null,22,0,0,0,0.031,SUCCESS
avro,null,1,0,0,0,0.009,SUCCESS
avro,null,1,0,0,0,0.305,SUCCESS
avro,null,3,0,0,0,0.016,SUCCESS
avro,null,3,0,0,0,0.918,SUCCESS
avro,null,1,0,0,0,0.785,SUCCESS
avro,null,1,0,0,0,2.101,SUCCESS
avro,null,7,0,0,0,0.951,SUCCESS
avro,null,1,0,0,0,0.23,SUCCESS
avro,null,9,0,0,0,0.442,SUCCESS
avro,null,1,0,0,0,2.605,SUCCESS
avro,null,1,0,0,0,0.562,SUCCESS
avro,null,1,0,0,0,2.239,SUCCESS
avro,null,1,0,0,0,0.392,SUCCESS
avro,null,1,0,0,0,0.628,SUCCESS
avro,null,4,0,0,0,5.646,SUCCESS
avro,null,2,0,0,0,6.178,SUCCESS
avro,null,6,0,0,0,0.604,SUCCESS
avro,null,3,0,0,0,0.865,SUCCESS
avro,null,2,0,0,0,3.597,SUCCESS
avro,null,7,0,0,0,10.888,SUCCESS
avro,null,5,0,0,0,6.157,SUCCESS
avro,null,1,0,0,0,4.924,SUCCESS
avro,null,8,0,0,0,2.254,SUCCESS
avro,null,5,0,0,0,0.316,SUCCESS
avro,null,1,0,0,0,3.287,SUCCESS
avro,null,11,0,0,0,1.618,SUCCESS
avro,null,1,0,0,0,14.654,SUCCESS
avro,null,2,0,0,0,1.901,SUCCESS
avro,null,2,0,0,0,17.19,SUCCESS
avro,null,1,0,0,0,18.593,SUCCESS
avro,null,1,0,0,0,0.055,SUCCESS
avro,null,4,0,0,0,11.765,SUCCESS
avro,null,1,0,0,0,4.606,SUCCESS
avro,null,7,0,0,0,1.557,SUCCESS
avro,null,1,0,0,0,0.606,SUCCESS
avro,null,1,0,0,0,0.514,SUCCESS
avro,null,1,0,0,0,4.187,SUCCESS
avro,null,1,0,0,0,4.578,SUCCESS
avro,null,1,0,0,0,1.011,SUCCESS
avro,null,1,0,0,0,4.573,SUCCESS
avro,null,1,0,0,0,4.655,SUCCESS
avro,null,2,0,0,0,0.872,SUCCESS
avro,null,16,0,0,0,0.848,SUCCESS
avro,null,1,0,0,0,0.359,SUCCESS
avro,null,2,0,0,0,1.444,SUCCESS
avro,null,21,0,0,0,1.423,SUCCESS
avro,null,8,0,0,0,3.296,SUCCESS
avro,null,1,0,0,0,2.279,SUCCESS
avro,null,8,0,0,0,0.096,SUCCESS
avro,null,8,0,0,0,3.052,SUCCESS
avro,null,2,0,0,0,0.108,SUCCESS
avro,null,1,0,0,0,1.741,SUCCESS
avro,null,5,0,0,0,1.876,SUCCESS
avro,null,3,0,0,0,2.384,SUCCESS
avro,null,1,0,0,0,0.611,SUCCESS
avro,null,8,0,0,0,1.698,SUCCESS
avro,null,2,0,0,0,1.388,SUCCESS
avro,null,1,0,0,0,0.192,SUCCESS
avro,null,1,0,0,0,1.051,SUCCESS
avro,null,7,0,0,0,1.976,SUCCESS
avro,null,1,0,0,0,5.72,SUCCESS
avro,null,8,0,0,0,0.025,SUCCESS
avro,null,7,0,0,0,0.573,SUCCESS
avro,null,2,0,0,0,0.467,SUCCESS
avro,null,12,0,0,0,1.784,SUCCESS
avro,null,2,0,0,0,0.594,SUCCESS
avro,null,3,0,0,0,0.377,SUCCESS
avro,null,1,0,0,0,0.396,SUCCESS
avro,null,2,0,0,0,0.406,SUCCESS
avro,null,6,0,0,0,0.412,SUCCESS
avro,null,1,0,0,0,0.39,SUCCESS
avro,null,3,0,0,0,0.41,SUCCESS
Sum: 309.5039999999999
--------------------Execution: 2 -----------------------------------
avro,null,10,0,0,0,8.593,SUCCESS
avro,null,26,0,0,0,0.018,SUCCESS
avro,null,26,0,0,0,0.007,SUCCESS
avro,null,34,0,0,0,0.006,SUCCESS
avro,null,13,0,0,0,0.021,SUCCESS
avro,null,2,0,0,0,0.032,SUCCESS
avro,null,33,0,0,0,0.025,SUCCESS
avro,null,2,0,0,0,0.026,SUCCESS
avro,null,1,0,0,0,0.035,SUCCESS
avro,null,50,0,0,0,0.089,SUCCESS
avro,null,17,0,0,1,0.103,SUCCESS
avro,null,1,0,0,0,0.425,SUCCESS
avro,null,10,0,0,0,0.027,SUCCESS
avro,null,4,0,0,0,0.002,SUCCESS
avro,null,1,0,0,0,0.003,SUCCESS
avro,null,12,0,0,0,1.938,SUCCESS
avro,null,29,0,0,0,0.025,SUCCESS
avro,null,1,0,0,0,0.024,SUCCESS
avro,null,1,0,0,0,0.002,SUCCESS
avro,null,8,0,0,0,0.018,SUCCESS
avro,null,816,0,0,0,0.997,SUCCESS
avro,null,1,0,0,0,0.001,SUCCESS
avro,null,2,0,0,0,0.004,SUCCESS
avro,null,4,0,0,0,0.001,SUCCESS
avro,null,1,0,0,0,0.001,SUCCESS
avro,null,3,0,0,0,0.01,SUCCESS
avro,null,192,0,0,0,0.127,SUCCESS
avro,null,2,0,0,0,0.01,SUCCESS
avro,null,6,0,0,0,0.005,SUCCESS
avro,null,2,0,0,0,0.013,SUCCESS
avro,null,84,0,0,0,0.016,SUCCESS
avro,null,4,0,0,0,0.005,SUCCESS
avro,null,17,0,0,0,0.085,SUCCESS
avro,null,4,0,0,0,0.007,SUCCESS
avro,null,5,0,0,0,1.449,SUCCESS
avro,null,1,0,0,0,0.001,SUCCESS
avro,null,20,0,0,0,0.022,SUCCESS
avro,null,15,0,0,0,0.026,SUCCESS
avro,null,3,0,0,0,0.001,SUCCESS
avro,null,11,0,0,0,0.018,SUCCESS
avro,null,32,0,0,0,0.04,SUCCESS
avro,null,74,0,0,0,0.131,SUCCESS
avro,null,35,0,0,0,0.06,SUCCESS
avro,null,1,0,0,0,0.001,SUCCESS
avro,null,2,0,0,0,0.002,SUCCESS
avro,null,16,0,0,0,0.012,SUCCESS
avro,null,972,0,0,0,0.274,SUCCESS
avro,null,1,0,0,0,0.001,SUCCESS
avro,null,3,0,0,0,0.001,SUCCESS
avro,null,2,0,0,0,0.001,SUCCESS
avro,null,1,0,0,0,0.002,SUCCESS
avro,null,1,0,0,0,0.001,SUCCESS
avro,null,3,0,0,0,0.001,SUCCESS
avro,null,2,0,0,0,0.001,SUCCESS
avro,null,17,0,0,0,0.002,SUCCESS
avro,null,3,0,0,0,0.001,SUCCESS
avro,null,16,0,0,0,0.017,SUCCESS
avro,null,5,0,0,0,0.002,SUCCESS
avro,null,4,0,0,0,0.042,SUCCESS
avro,null,48,0,0,0,0.156,SUCCESS
avro,null,1,0,0,0,0.002,SUCCESS
avro,null,376,0,0,0,0.15,SUCCESS
avro,null,39,0,0,0,0.081,SUCCESS
avro,null,3,0,0,0,0.038,SUCCESS
avro,null,4,0,0,0,0.001,SUCCESS
avro,null,4,0,0,0,0.001,SUCCESS
avro,null,14,0,0,0,0.007,SUCCESS
avro,null,5,0,0,0,0.001,SUCCESS
avro,null,9,0,0,0,0.002,SUCCESS
avro,null,52,0,0,0,4.919,SUCCESS
avro,null,4,0,0,0,0.014,SUCCESS
avro,null,14,0,0,0,0.006,SUCCESS
avro,null,39,0,0,0,0.168,SUCCESS
avro,null,11,0,0,0,0.042,SUCCESS
avro,null,4,0,0,0,0.043,SUCCESS
avro,null,17,0,0,0,0.021,SUCCESS
avro,null,1,0,0,0,0.003,SUCCESS
avro,null,10,0,0,0,0.008,SUCCESS
avro,null,192,0,0,0,0.218,SUCCESS
avro,null,1,0,0,0,0.077,SUCCESS
avro,null,1,0,0,0,0.493,SUCCESS
avro,null,3,0,0,0,0.036,SUCCESS
avro,null,2,0,0,0,0.001,SUCCESS
avro,null,2,0,0,0,0.004,SUCCESS
avro,null,6,0,0,0,0.022,SUCCESS
avro,null,48,0,0,0,0.11,SUCCESS
avro,null,1,0,0,0,0.001,SUCCESS
avro,null,3,0,0,0,0.001,SUCCESS
avro,null,32,0,0,0,0.003,SUCCESS
avro,null,972,0,0,0,0.44,SUCCESS
avro,null,17,0,0,0,1.034,SUCCESS
avro,null,17,0,0,1,0.841,SUCCESS
avro,null,84,0,0,0,0.012,SUCCESS
avro,null,20,0,0,0,0.024,SUCCESS
avro,null,1,0,0,0,0.001,SUCCESS
avro,null,2,0,0,0,0.008,SUCCESS
avro,null,2,0,0,0,0.002,SUCCESS
avro,null,3,0,0,0,0.001,SUCCESS
avro,null,816,0,0,0,0.975,SUCCESS
avro,null,2,0,0,0,0.002,SUCCESS
avro,null,33,0,0,0,0.024,SUCCESS
avro,null,2,0,0,0,0.006,SUCCESS
avro,null,26,0,0,0,0.02,SUCCESS
avro,null,26,0,0,0,0.013,SUCCESS
avro,null,34,0,0,0,0.048,SUCCESS
avro,null,3,0,0,0,0.002,SUCCESS
avro,null,15,0,0,0,0.002,SUCCESS
avro,null,3,0,0,0,0.001,SUCCESS
avro,null,1,0,0,0,0.041,SUCCESS
avro,null,12,0,0,0,1.95,SUCCESS
avro,null,4,0,0,0,0.002,SUCCESS
avro,null,5,0,0,0,0.0,SUCCESS
avro,null,1,0,0,0,0.001,SUCCESS
avro,null,8,0,0,0,0.017,SUCCESS
avro,null,4,0,0,0,0.005,SUCCESS
avro,null,1,0,0,0,0.001,SUCCESS
avro,null,16,0,0,0,0.015,SUCCESS
avro,null,2,0,0,0,0.003,SUCCESS
avro,null,4,0,0,0,0.003,SUCCESS
avro,null,16,0,0,0,0.017,SUCCESS
avro,null,4,0,0,0,0.014,SUCCESS
avro,null,3,0,0,0,0.005,SUCCESS
avro,null,29,0,0,0,0.012,SUCCESS
avro,null,50,0,0,0,0.024,SUCCESS
avro,null,376,0,0,0,0.087,SUCCESS
avro,null,4,0,0,0,0.001,SUCCESS
avro,null,5,0,0,0,1.109,SUCCESS
avro,null,1,0,0,0,0.001,SUCCESS
avro,null,74,0,0,0,0.144,SUCCESS
avro,null,1,0,0,0,0.001,SUCCESS
avro,null,5,0,0,0,0.001,SUCCESS
avro,null,13,0,0,0,0.001,SUCCESS
avro,null,35,0,0,0,0.047,SUCCESS
avro,null,1,0,0,0,0.003,SUCCESS
avro,null,1,0,0,0,0.001,SUCCESS
avro,null,52,0,0,0,7.109,SUCCESS
avro,null,2,0,0,0,0.005,SUCCESS
avro,null,10,0,0,0,4.881,SUCCESS
avro,null,1,0,0,0,0.018,SUCCESS
avro,null,9,0,0,0,0.011,SUCCESS
avro,null,8,0,0,0,0.085,SUCCESS
avro,null,1,0,0,0,0.07,SUCCESS
avro,null,2,0,0,0,0.033,SUCCESS
avro,null,52,0,0,0,6.385,SUCCESS
avro,null,10,0,0,0,4.385,SUCCESS
avro,null,4,0,0,0,0.001,SUCCESS
avro,null,14,0,0,0,0.004,SUCCESS
avro,null,29,0,0,0,0.029,SUCCESS
avro,null,1,0,0,0,0.014,SUCCESS
avro,null,84,0,0,0,0.04,SUCCESS
avro,null,816,0,0,0,1.112,SUCCESS
avro,null,4,0,0,0,0.001,SUCCESS
avro,null,17,0,0,0,0.091,SUCCESS
avro,null,9,0,0,0,0.025,SUCCESS
avro,null,3,0,0,0,0.001,SUCCESS
avro,null,26,0,0,0,0.016,SUCCESS
avro,null,26,0,0,0,0.018,SUCCESS
avro,null,34,0,0,0,0.007,SUCCESS
avro,null,2,0,0,0,0.001,SUCCESS
avro,null,50,0,0,0,0.074,SUCCESS
avro,null,2,0,0,0,0.121,SUCCESS
avro,null,5,0,0,0,1.118,SUCCESS
avro,null,4,0,0,0,0.023,SUCCESS
avro,null,5,0,0,0,0.004,SUCCESS
avro,null,39,0,0,0,0.068,SUCCESS
avro,null,972,0,0,0,0.194,SUCCESS
avro,null,13,0,0,0,0.01,SUCCESS
avro,null,1,0,0,0,0.0,SUCCESS
avro,null,4,0,0,0,0.001,SUCCESS
avro,null,1,0,0,0,0.0,SUCCESS
avro,null,15,0,0,0,0.023,SUCCESS
avro,null,20,0,0,0,0.044,SUCCESS
avro,null,2,0,0,0,0.01,SUCCESS
avro,null,16,0,0,0,0.027,SUCCESS
avro,null,74,0,0,0,0.161,SUCCESS
avro,null,4,0,0,0,0.022,SUCCESS
avro,null,4,0,0,0,0.001,SUCCESS
avro,null,48,0,0,0,0.062,SUCCESS
avro,null,2,0,0,0,0.001,SUCCESS
avro,null,3,0,0,0,0.001,SUCCESS
avro,null,376,0,0,0,0.063,SUCCESS
avro,null,1,0,0,0,0.019,SUCCESS
avro,null,1,0,0,0,0.009,SUCCESS
avro,null,1,0,0,0,0.002,SUCCESS
avro,null,33,0,0,0,0.012,SUCCESS
avro,null,5,0,0,0,0.002,SUCCESS
avro,null,12,0,0,0,2.267,SUCCESS
avro,null,1,0,0,0,0.001,SUCCESS
avro,null,10,0,0,0,0.003,SUCCESS
avro,null,3,0,0,0,0.004,SUCCESS
avro,null,17,0,0,1,0.117,SUCCESS
avro,null,2,0,0,0,0.001,SUCCESS
avro,null,2,0,0,0,0.003,SUCCESS
avro,null,32,0,0,0,0.031,SUCCESS
avro,null,6,0,0,0,0.003,SUCCESS
avro,null,1,0,0,0,0.003,SUCCESS
avro,null,35,0,0,0,0.061,SUCCESS
avro,null,16,0,0,0,0.015,SUCCESS
avro,null,17,0,0,0,0.055,SUCCESS
avro,null,1,0,0,0,0.47,SUCCESS
avro,null,2,0,0,0,0.01,SUCCESS
avro,null,1,0,0,0,0.001,SUCCESS
avro,null,192,0,0,0,0.085,SUCCESS
avro,null,1,0,0,0,0.026,SUCCESS
avro,null,3,0,0,0,0.004,SUCCESS
avro,null,3,0,0,0,0.03,SUCCESS
avro,null,4,0,0,0,0.003,SUCCESS
avro,null,3,0,0,0,0.001,SUCCESS
avro,null,11,0,0,0,0.023,SUCCESS
avro,null,1,0,0,0,0.004,SUCCESS
avro,null,38,0,0,0,11.784,SUCCESS
avro,null,5,0,0,0,0.569,SUCCESS
avro,null,2,0,0,0,0.653,SUCCESS
avro,null,19,0,0,0,0.643,SUCCESS
avro,null,1,0,0,0,1.54,SUCCESS
avro,null,2,0,0,0,0.463,SUCCESS
avro,null,2,0,0,0,3.666,SUCCESS
avro,null,2,0,0,0,0.808,SUCCESS
avro,null,5,0,0,0,1.231,SUCCESS
avro,null,2,0,0,0,0.837,SUCCESS
avro,null,20,0,0,0,5.647,SUCCESS
avro,null,11,0,0,0,0.769,SUCCESS
avro,null,7,0,0,0,0.944,SUCCESS
avro,null,7,0,0,0,1.005,SUCCESS
avro,null,1,0,0,0,0.851,SUCCESS
avro,null,10,0,0,3,0.784,SUCCESS
avro,null,1,0,0,0,0.701,SUCCESS
avro,null,7,0,0,0,0.9,SUCCESS
avro,null,14,0,0,0,0.711,SUCCESS
avro,null,8,0,0,0,0.897,SUCCESS
avro,null,1,0,0,0,0.706,SUCCESS
avro,null,14,0,0,0,1.79,SUCCESS
avro,null,2,0,0,0,0.743,SUCCESS
avro,null,6,0,0,0,0.031,SUCCESS
avro,null,2,0,0,0,0.944,SUCCESS
avro,null,3,0,0,0,0.051,SUCCESS
avro,null,1,0,0,0,0.954,SUCCESS
avro,null,1,0,0,0,0.834,SUCCESS
avro,null,3,0,0,0,0.017,SUCCESS
avro,null,2,0,0,0,0.847,SUCCESS
avro,null,7,0,0,0,0.953,SUCCESS
avro,null,2,0,0,0,1.112,SUCCESS
avro,null,9,0,0,0,1.086,SUCCESS
avro,null,2,0,0,0,0.762,SUCCESS
avro,null,14,0,0,0,1.105,SUCCESS
avro,null,6,0,0,0,0.475,SUCCESS
avro,null,58,0,0,0,9.115,SUCCESS
avro,null,9,0,0,0,0.506,SUCCESS
avro,null,2,0,0,0,0.462,SUCCESS
avro,null,14,0,0,0,1.096,SUCCESS
avro,null,3,0,0,0,0.837,SUCCESS
avro,null,14,0,0,0,3.423,SUCCESS
avro,null,2,0,0,0,1.054,SUCCESS
avro,null,16,0,0,0,2.565,SUCCESS
avro,null,14,0,0,0,6.152,SUCCESS
avro,null,1,0,0,0,0.419,SUCCESS
avro,null,5,0,0,0,4.455,SUCCESS
avro,null,5,0,0,0,4.676,SUCCESS
avro,null,11,0,0,1,27.651,SUCCESS
avro,null,1,0,0,0,7.078,SUCCESS
avro,null,5,0,0,0,4.193,SUCCESS
avro,null,22,0,0,0,0.067,SUCCESS
avro,null,24,0,0,0,2.808,SUCCESS
avro,null,1,0,0,0,0.014,SUCCESS
avro,null,1,0,0,0,0.038,SUCCESS
avro,null,8,0,0,0,1.353,SUCCESS
avro,null,7,0,0,0,1.712,SUCCESS
avro,null,3,0,0,0,1.385,SUCCESS
avro,null,4,0,0,0,6.447,SUCCESS
avro,null,3,0,0,0,0.029,SUCCESS
avro,null,2,0,0,0,8.064,SUCCESS
avro,null,6,0,0,0,1.069,SUCCESS
avro,null,1,0,0,0,0.37,SUCCESS
avro,null,4,0,0,0,6.472,SUCCESS
avro,null,1,0,0,0,2.903,SUCCESS
avro,null,1,0,0,0,0.918,SUCCESS
avro,null,5,0,0,0,0.181,SUCCESS
avro,null,2,0,0,0,4.163,SUCCESS
avro,null,1,0,0,0,2.938,SUCCESS
avro,null,2,0,0,0,3.996,SUCCESS
avro,null,2,0,0,0,1.246,SUCCESS
avro,null,1,0,0,0,1.122,SUCCESS
avro,null,8,0,0,0,1.974,SUCCESS
avro,null,1,0,0,0,0.719,SUCCESS
avro,null,1,0,0,0,3.035,SUCCESS
avro,null,3,0,0,0,1.477,SUCCESS
avro,null,1,0,0,0,0.417,SUCCESS
avro,null,1,0,0,0,2.997,SUCCESS
avro,null,1,0,0,0,0.417,SUCCESS
avro,null,11,0,0,0,1.054,SUCCESS
avro,null,1,0,0,0,0.411,SUCCESS
avro,null,5,0,0,0,5.308,SUCCESS
avro,null,1,0,0,0,3.246,SUCCESS
avro,null,1,0,0,0,4.14,SUCCESS
avro,null,9,0,0,0,0.693,SUCCESS
avro,null,1,0,0,0,2.767,SUCCESS
avro,null,1,0,0,0,0.975,SUCCESS
avro,null,1,0,0,0,0.018,SUCCESS
avro,null,1,0,0,0,0.934,SUCCESS
avro,null,1,0,0,0,2.862,SUCCESS
avro,null,7,0,0,0,1.052,SUCCESS
avro,null,7,0,0,0,9.962,SUCCESS
avro,null,1,0,0,0,4.059,SUCCESS
avro,null,1,0,0,0,4.143,SUCCESS
avro,null,1,0,0,0,4.017,SUCCESS
avro,null,1,0,0,0,0.25,SUCCESS
avro,null,16,0,0,0,0.693,SUCCESS
avro,null,2,0,0,0,0.793,SUCCESS
avro,null,1,0,0,0,0.571,SUCCESS
avro,null,8,0,0,0,2.475,SUCCESS
avro,null,8,0,0,0,0.102,SUCCESS
avro,null,8,0,0,0,1.334,SUCCESS
avro,null,7,0,0,0,1.627,SUCCESS
avro,null,8,0,0,0,2.361,SUCCESS
avro,null,3,0,0,0,1.831,SUCCESS
avro,null,1,0,0,0,0.504,SUCCESS
avro,null,1,0,0,0,1.435,SUCCESS
avro,null,2,0,0,0,0.081,SUCCESS
avro,null,1,0,0,0,0.733,SUCCESS
avro,null,21,0,0,0,1.118,SUCCESS
avro,null,1,0,0,0,2.049,SUCCESS
avro,null,2,0,0,0,1.16,SUCCESS
avro,null,1,0,0,0,0.142,SUCCESS
avro,null,1,0,0,0,4.117,SUCCESS
avro,null,5,0,0,0,1.568,SUCCESS
avro,null,2,0,0,0,1.12,SUCCESS
avro,null,8,0,0,0,0.022,SUCCESS
avro,null,7,0,0,0,0.55,SUCCESS
avro,null,2,0,0,0,0.427,SUCCESS
avro,null,12,0,0,0,1.5,SUCCESS
avro,null,2,0,0,0,0.634,SUCCESS
avro,null,1,0,0,0,0.388,SUCCESS
avro,null,3,0,0,0,0.356,SUCCESS
avro,null,2,0,0,0,0.385,SUCCESS
avro,null,1,0,0,0,0.369,SUCCESS
avro,null,6,0,0,0,0.389,SUCCESS
avro,null,3,0,0,0,0.386,SUCCESS
Sum: 314.9730000000003
--------------------Execution: 3 -----------------------------------
avro,null,1,0,0,0,0.018,SUCCESS
avro,null,376,0,0,0,0.516,SUCCESS
avro,null,2,0,0,0,0.028,SUCCESS
avro,null,2,0,0,0,0.007,SUCCESS
avro,null,1,0,0,0,0.047,SUCCESS
avro,null,4,0,0,0,0.038,SUCCESS
avro,null,17,0,0,1,0.234,SUCCESS
avro,null,3,0,0,0,0.072,SUCCESS
avro,null,84,0,0,0,0.03,SUCCESS
avro,null,26,0,0,0,0.027,SUCCESS
avro,null,26,0,0,0,0.004,SUCCESS
avro,null,34,0,0,0,0.004,SUCCESS
avro,null,12,0,0,0,1.611,SUCCESS
avro,null,3,0,0,0,0.003,SUCCESS
avro,null,9,0,0,0,0.013,SUCCESS
avro,null,1,0,0,0,0.302,SUCCESS
avro,null,192,0,0,0,0.142,SUCCESS
avro,null,29,0,0,0,0.002,SUCCESS
avro,null,3,0,0,0,0.001,SUCCESS
avro,null,1,0,0,0,0.032,SUCCESS
avro,null,17,0,0,0,0.19,SUCCESS
avro,null,2,0,0,0,0.001,SUCCESS
avro,null,2,0,0,0,0.012,SUCCESS
avro,null,5,0,0,0,0.013,SUCCESS
avro,null,33,0,0,0,0.014,SUCCESS
avro,null,2,0,0,0,0.004,SUCCESS
avro,null,52,0,0,0,3.813,SUCCESS
avro,null,16,0,0,0,0.01,SUCCESS
avro,null,4,0,0,0,0.005,SUCCESS
avro,null,1,0,0,0,0.001,SUCCESS
avro,null,5,0,0,0,0.001,SUCCESS
avro,null,5,0,0,0,0.779,SUCCESS
avro,null,1,0,0,0,0.001,SUCCESS
avro,null,4,0,0,0,0.001,SUCCESS
avro,null,14,0,0,0,0.002,SUCCESS
avro,null,39,0,0,0,0.073,SUCCESS
avro,null,10,0,0,0,3.566,SUCCESS
avro,null,8,0,0,0,0.008,SUCCESS
avro,null,4,0,0,0,0.004,SUCCESS
avro,null,3,0,0,0,0.001,SUCCESS
avro,null,1,0,0,0,0.019,SUCCESS
avro,null,10,0,0,0,0.002,SUCCESS
avro,null,2,0,0,0,0.007,SUCCESS
avro,null,2,0,0,0,0.009,SUCCESS
avro,null,1,0,0,0,0.001,SUCCESS
avro,null,32,0,0,0,0.042,SUCCESS
avro,null,816,0,0,0,0.684,SUCCESS
avro,null,1,0,0,0,0.007,SUCCESS
avro,null,4,0,0,0,0.001,SUCCESS
avro,null,4,0,0,0,0.002,SUCCESS
avro,null,3,0,0,0,0.002,SUCCESS
avro,null,972,0,0,0,0.161,SUCCESS
avro,null,35,0,0,0,0.017,SUCCESS
avro,null,48,0,0,0,0.075,SUCCESS
avro,null,4,0,0,0,0.002,SUCCESS
avro,null,17,0,0,0,0.007,SUCCESS
avro,null,16,0,0,0,0.014,SUCCESS
avro,null,1,0,0,0,0.002,SUCCESS
avro,null,20,0,0,0,0.019,SUCCESS
avro,null,2,0,0,0,0.005,SUCCESS
avro,null,3,0,0,0,0.001,SUCCESS
avro,null,74,0,0,0,0.106,SUCCESS
avro,null,1,0,0,0,0.002,SUCCESS
avro,null,50,0,0,0,0.051,SUCCESS
avro,null,15,0,0,0,0.001,SUCCESS
avro,null,6,0,0,0,0.002,SUCCESS
avro,null,1,0,0,0,0.001,SUCCESS
avro,null,1,0,0,0,0.001,SUCCESS
avro,null,13,0,0,0,0.002,SUCCESS
avro,null,11,0,0,0,0.002,SUCCESS
avro,null,1,0,0,0,0.017,SUCCESS
avro,null,1,0,0,0,0.066,SUCCESS
avro,null,4,0,0,0,0.026,SUCCESS
avro,null,5,0,0,0,0.037,SUCCESS
avro,null,9,0,0,0,0.068,SUCCESS
avro,null,2,0,0,0,0.111,SUCCESS
avro,null,8,0,0,0,0.008,SUCCESS
avro,null,4,0,0,0,0.002,SUCCESS
avro,null,14,0,0,0,0.002,SUCCESS
avro,null,1,0,0,0,0.003,SUCCESS
avro,null,84,0,0,0,0.043,SUCCESS
avro,null,376,0,0,0,0.137,SUCCESS
avro,null,1,0,0,0,0.378,SUCCESS
avro,null,4,0,0,0,0.034,SUCCESS
avro,null,39,0,0,0,0.089,SUCCESS
avro,null,2,0,0,0,0.003,SUCCESS
avro,null,13,0,0,0,0.01,SUCCESS
avro,null,1,0,0,0,0.001,SUCCESS
avro,null,2,0,0,0,0.001,SUCCESS
avro,null,26,0,0,0,0.014,SUCCESS
avro,null,26,0,0,0,0.006,SUCCESS
avro,null,34,0,0,0,0.007,SUCCESS
avro,null,20,0,0,0,0.051,SUCCESS
avro,null,6,0,0,0,0.007,SUCCESS
avro,null,17,0,0,1,0.183,SUCCESS
avro,null,4,0,0,0,0.002,SUCCESS
avro,null,10,0,0,0,0.003,SUCCESS
avro,null,5,0,0,0,0.81,SUCCESS
avro,null,17,0,0,0,0.009,SUCCESS
avro,null,3,0,0,0,0.001,SUCCESS
avro,null,1,0,0,0,0.001,SUCCESS
avro,null,12,0,0,0,1.629,SUCCESS
avro,null,3,0,0,0,0.003,SUCCESS
avro,null,1,0,0,0,0.027,SUCCESS
avro,null,16,0,0,0,0.019,SUCCESS
avro,null,5,0,0,0,0.026,SUCCESS
avro,null,48,0,0,0,0.077,SUCCESS
avro,null,3,0,0,0,0.001,SUCCESS
avro,null,2,0,0,0,0.005,SUCCESS
avro,null,1,0,0,0,0.014,SUCCESS
avro,null,3,0,0,0,0.001,SUCCESS
avro,null,17,0,0,0,0.019,SUCCESS
avro,null,33,0,0,0,0.011,SUCCESS
avro,null,4,0,0,0,0.005,SUCCESS
avro,null,11,0,0,0,0.022,SUCCESS
avro,null,816,0,0,0,0.82,SUCCESS
avro,null,50,0,0,0,0.002,SUCCESS
avro,null,74,0,0,0,0.113,SUCCESS
avro,null,15,0,0,0,0.016,SUCCESS
avro,null,1,0,0,0,0.032,SUCCESS
avro,null,1,0,0,0,0.003,SUCCESS
avro,null,16,0,0,0,0.013,SUCCESS
avro,null,2,0,0,0,0.001,SUCCESS
avro,null,10,0,0,0,5.025,SUCCESS
avro,null,2,0,0,0,0.001,SUCCESS
avro,null,35,0,0,0,0.031,SUCCESS
avro,null,3,0,0,0,0.022,SUCCESS
avro,null,4,0,0,0,0.013,SUCCESS
avro,null,4,0,0,0,0.005,SUCCESS
avro,null,192,0,0,0,0.056,SUCCESS
avro,null,29,0,0,0,0.002,SUCCESS
avro,null,32,0,0,0,0.016,SUCCESS
avro,null,3,0,0,0,0.013,SUCCESS
avro,null,2,0,0,0,0.001,SUCCESS
avro,null,1,0,0,0,0.009,SUCCESS
avro,null,1,0,0,0,0.001,SUCCESS
avro,null,52,0,0,0,3.945,SUCCESS
avro,null,2,0,0,0,0.003,SUCCESS
avro,null,1,0,0,0,0.001,SUCCESS
avro,null,972,0,0,0,0.162,SUCCESS
avro,null,4,0,0,0,0.028,SUCCESS
avro,null,1,0,0,0,0.007,SUCCESS
avro,null,5,0,0,0,1.065,SUCCESS
avro,null,1,0,0,0,0.036,SUCCESS
avro,null,1,0,0,0,0.052,SUCCESS
avro,null,4,0,0,0,0.009,SUCCESS
avro,null,1,0,0,0,0.017,SUCCESS
avro,null,4,0,0,0,0.016,SUCCESS
avro,null,15,0,0,0,0.089,SUCCESS
avro,null,12,0,0,0,1.516,SUCCESS
avro,null,17,0,0,0,0.05,SUCCESS
avro,null,4,0,0,0,0.001,SUCCESS
avro,null,14,0,0,0,0.004,SUCCESS
avro,null,376,0,0,0,0.114,SUCCESS
avro,null,972,0,0,0,0.374,SUCCESS
avro,null,16,0,0,0,0.001,SUCCESS
avro,null,10,0,0,0,0.016,SUCCESS
avro,null,48,0,0,0,0.116,SUCCESS
avro,null,29,0,0,0,0.012,SUCCESS
avro,null,52,0,0,0,3.959,SUCCESS
avro,null,9,0,0,0,0.126,SUCCESS
avro,null,2,0,0,0,0.001,SUCCESS
avro,null,8,0,0,0,0.012,SUCCESS
avro,null,6,0,0,0,0.004,SUCCESS
avro,null,20,0,0,0,0.022,SUCCESS
avro,null,5,0,0,0,0.003,SUCCESS
avro,null,3,0,0,0,0.003,SUCCESS
avro,null,2,0,0,0,0.001,SUCCESS
avro,null,192,0,0,0,0.062,SUCCESS
avro,null,4,0,0,0,0.014,SUCCESS
avro,null,2,0,0,0,0.01,SUCCESS
avro,null,10,0,0,0,4.01,SUCCESS
avro,null,1,0,0,0,0.275,SUCCESS
avro,null,4,0,0,0,0.012,SUCCESS
avro,null,1,0,0,0,0.005,SUCCESS
avro,null,84,0,0,0,0.01,SUCCESS
avro,null,3,0,0,0,0.001,SUCCESS
avro,null,5,0,0,0,0.003,SUCCESS
avro,null,74,0,0,0,0.124,SUCCESS
avro,null,32,0,0,0,0.019,SUCCESS
avro,null,1,0,0,0,0.001,SUCCESS
avro,null,11,0,0,0,0.019,SUCCESS
avro,null,3,0,0,0,0.006,SUCCESS
avro,null,3,0,0,0,0.024,SUCCESS
avro,null,4,0,0,0,0.003,SUCCESS
avro,null,816,0,0,0,0.581,SUCCESS
avro,null,16,0,0,0,0.012,SUCCESS
avro,null,1,0,0,0,0.001,SUCCESS
avro,null,50,0,0,0,0.024,SUCCESS
avro,null,2,0,0,0,0.005,SUCCESS
avro,null,1,0,0,0,0.019,SUCCESS
avro,null,1,0,0,0,0.001,SUCCESS
avro,null,1,0,0,0,0.001,SUCCESS
avro,null,2,0,0,0,0.001,SUCCESS
avro,null,2,0,0,0,0.001,SUCCESS
avro,null,2,0,0,0,0.003,SUCCESS
avro,null,35,0,0,0,0.041,SUCCESS
avro,null,3,0,0,0,0.002,SUCCESS
avro,null,33,0,0,0,0.016,SUCCESS
avro,null,2,0,0,0,0.077,SUCCESS
avro,null,13,0,0,0,0.013,SUCCESS
avro,null,26,0,0,0,0.018,SUCCESS
avro,null,26,0,0,0,0.01,SUCCESS
avro,null,34,0,0,0,0.007,SUCCESS
avro,null,39,0,0,0,0.067,SUCCESS
avro,null,1,0,0,0,0.004,SUCCESS
avro,null,17,0,0,0,0.013,SUCCESS
avro,null,3,0,0,0,0.001,SUCCESS
avro,null,17,0,0,1,0.073,SUCCESS
avro,null,1,0,0,0,0.001,SUCCESS
avro,null,19,0,0,0,0.569,SUCCESS
avro,null,1,0,0,0,1.269,SUCCESS
avro,null,2,0,0,0,0.443,SUCCESS
avro,null,38,0,0,0,8.875,SUCCESS
avro,null,2,0,0,0,0.547,SUCCESS
avro,null,5,0,0,0,0.431,SUCCESS
avro,null,5,0,0,0,2.556,SUCCESS
avro,null,2,0,0,0,0.896,SUCCESS
avro,null,2,0,0,0,0.726,SUCCESS
avro,null,2,0,0,0,0.391,SUCCESS
avro,null,2,0,0,0,0.519,SUCCESS
avro,null,1,0,0,0,0.506,SUCCESS
avro,null,14,0,0,0,1.357,SUCCESS
avro,null,11,0,0,0,0.487,SUCCESS
avro,null,1,0,0,0,0.592,SUCCESS
avro,null,8,0,0,0,0.612,SUCCESS
avro,null,2,0,0,0,0.473,SUCCESS
avro,null,3,0,0,0,0.025,SUCCESS
avro,null,3,0,0,0,0.012,SUCCESS
avro,null,1,0,0,0,0.518,SUCCESS
avro,null,7,0,0,0,0.558,SUCCESS
avro,null,10,0,0,3,0.539,SUCCESS
avro,null,2,0,0,0,0.542,SUCCESS
avro,null,2,0,0,0,0.573,SUCCESS
avro,null,6,0,0,0,0.02,SUCCESS
avro,null,14,0,0,0,1.304,SUCCESS
avro,null,14,0,0,0,1.115,SUCCESS
avro,null,14,0,0,0,0.533,SUCCESS
avro,null,2,0,0,0,0.479,SUCCESS
avro,null,2,0,0,0,0.481,SUCCESS
avro,null,7,0,0,0,0.613,SUCCESS
avro,null,7,0,0,0,0.581,SUCCESS
avro,null,1,0,0,0,0.542,SUCCESS
avro,null,9,0,0,0,0.536,SUCCESS
avro,null,20,0,0,0,3.983,SUCCESS
avro,null,9,0,0,0,0.734,SUCCESS
avro,null,58,0,0,0,8.283,SUCCESS
avro,null,7,0,0,0,0.568,SUCCESS
avro,null,1,0,0,0,0.496,SUCCESS
avro,null,6,0,0,0,0.589,SUCCESS
avro,null,3,0,0,0,0.778,SUCCESS
avro,null,14,0,0,0,3.341,SUCCESS
avro,null,2,0,0,0,1.01,SUCCESS
avro,null,16,0,0,0,2.821,SUCCESS
avro,null,11,0,0,1,27.651,SUCCESS
avro,null,5,0,0,0,4.213,SUCCESS
avro,null,5,0,0,0,4.657,SUCCESS
avro,null,14,0,0,0,6.116,SUCCESS
avro,null,5,0,0,0,4.341,SUCCESS
avro,null,1,0,0,0,0.404,SUCCESS
avro,null,1,0,0,0,6.975,SUCCESS
avro,null,1,0,0,0,0.025,SUCCESS
avro,null,1,0,0,0,0.049,SUCCESS
avro,null,24,0,0,0,2.856,SUCCESS
avro,null,8,0,0,0,1.386,SUCCESS
avro,null,22,0,0,0,0.058,SUCCESS
avro,null,7,0,0,0,9.801,SUCCESS
avro,null,1,0,0,0,3.071,SUCCESS
avro,null,11,0,0,0,1.043,SUCCESS
avro,null,1,0,0,0,3.033,SUCCESS
avro,null,1,0,0,0,0.998,SUCCESS
avro,null,1,0,0,0,2.661,SUCCESS
avro,null,1,0,0,0,1.033,SUCCESS
avro,null,4,0,0,0,6.447,SUCCESS
avro,null,7,0,0,0,1.595,SUCCESS
avro,null,5,0,0,0,5.304,SUCCESS
avro,null,1,0,0,0,0.916,SUCCESS
avro,null,1,0,0,0,0.418,SUCCESS
avro,null,7,0,0,0,1.117,SUCCESS
avro,null,1,0,0,0,2.91,SUCCESS
avro,null,1,0,0,0,0.401,SUCCESS
avro,null,1,0,0,0,0.021,SUCCESS
avro,null,1,0,0,0,0.393,SUCCESS
avro,null,1,0,0,0,4.497,SUCCESS
avro,null,2,0,0,0,8.04,SUCCESS
avro,null,3,0,0,0,0.024,SUCCESS
avro,null,1,0,0,0,3.037,SUCCESS
avro,null,1,0,0,0,0.652,SUCCESS
avro,null,2,0,0,0,4.208,SUCCESS
avro,null,1,0,0,0,3.071,SUCCESS
avro,null,5,0,0,0,0.15,SUCCESS
avro,null,3,0,0,0,1.468,SUCCESS
avro,null,3,0,0,0,1.288,SUCCESS
avro,null,2,0,0,0,4.059,SUCCESS
avro,null,1,0,0,0,0.938,SUCCESS
avro,null,1,0,0,0,0.46,SUCCESS
avro,null,6,0,0,0,1.026,SUCCESS
avro,null,1,0,0,0,2.967,SUCCESS
avro,null,8,0,0,0,1.668,SUCCESS
avro,null,2,0,0,0,1.232,SUCCESS
avro,null,9,0,0,0,0.707,SUCCESS
avro,null,4,0,0,0,6.341,SUCCESS
avro,null,1,0,0,0,4.154,SUCCESS
avro,null,1,0,0,0,4.371,SUCCESS
avro,null,1,0,0,0,0.623,SUCCESS
avro,null,1,0,0,0,0.25,SUCCESS
avro,null,2,0,0,0,0.787,SUCCESS
avro,null,16,0,0,0,0.691,SUCCESS
avro,null,1,0,0,0,4.11,SUCCESS
avro,null,1,0,0,0,5.091,SUCCESS
avro,null,8,0,0,0,2.493,SUCCESS
avro,null,1,0,0,0,1.489,SUCCESS
avro,null,1,0,0,0,0.151,SUCCESS
avro,null,8,0,0,0,2.537,SUCCESS
avro,null,2,0,0,0,0.079,SUCCESS
avro,null,1,0,0,0,0.772,SUCCESS
avro,null,2,0,0,0,1.213,SUCCESS
avro,null,3,0,0,0,1.83,SUCCESS
avro,null,2,0,0,0,1.129,SUCCESS
avro,null,21,0,0,0,1.68,SUCCESS
avro,null,1,0,0,0,0.586,SUCCESS
avro,null,7,0,0,0,1.831,SUCCESS
avro,null,1,0,0,0,2.34,SUCCESS
avro,null,5,0,0,0,2.087,SUCCESS
avro,null,8,0,0,0,0.085,SUCCESS
avro,null,8,0,0,0,1.431,SUCCESS
avro,null,8,0,0,0,0.017,SUCCESS
avro,null,7,0,0,0,0.568,SUCCESS
avro,null,2,0,0,0,0.387,SUCCESS
avro,null,12,0,0,0,1.436,SUCCESS
avro,null,2,0,0,0,0.578,SUCCESS
avro,null,1,0,0,0,0.399,SUCCESS
avro,null,3,0,0,0,0.361,SUCCESS
avro,null,2,0,0,0,0.385,SUCCESS
avro,null,1,0,0,0,0.406,SUCCESS
avro,null,6,0,0,0,0.398,SUCCESS
avro,null,3,0,0,0,0.389,SUCCESS
Sum: 286.09899999999976
--------------------Execution: 4 -----------------------------------
avro,null,2,0,0,0,0.014,SUCCESS
avro,null,1,0,0,0,0.007,SUCCESS
avro,null,16,0,0,0,0.047,SUCCESS
avro,null,17,0,0,0,0.105,SUCCESS
avro,null,816,0,0,0,1.099,SUCCESS
avro,null,4,0,0,0,0.003,SUCCESS
avro,null,13,0,0,0,0.002,SUCCESS
avro,null,5,0,0,0,0.002,SUCCESS
avro,null,50,0,0,0,0.004,SUCCESS
avro,null,1,0,0,0,0.001,SUCCESS
avro,null,1,0,0,0,0.0,SUCCESS
avro,null,2,0,0,0,0.062,SUCCESS
avro,null,16,0,0,0,0.025,SUCCESS
avro,null,29,0,0,0,0.021,SUCCESS
avro,null,3,0,0,0,0.001,SUCCESS
avro,null,2,0,0,0,0.006,SUCCESS
avro,null,3,0,0,0,0.001,SUCCESS
avro,null,3,0,0,0,0.078,SUCCESS
avro,null,84,0,0,0,0.014,SUCCESS
avro,null,3,0,0,0,0.003,SUCCESS
avro,null,4,0,0,0,0.005,SUCCESS
avro,null,1,0,0,0,0.001,SUCCESS
avro,null,39,0,0,0,0.065,SUCCESS
avro,null,1,0,0,0,0.006,SUCCESS
avro,null,1,0,0,0,0.002,SUCCESS
avro,null,4,0,0,0,0.02,SUCCESS
avro,null,33,0,0,0,0.015,SUCCESS
avro,null,1,0,0,0,0.02,SUCCESS
avro,null,6,0,0,0,0.004,SUCCESS
avro,null,35,0,0,0,0.047,SUCCESS
avro,null,4,0,0,0,0.002,SUCCESS
avro,null,1,0,0,0,0.024,SUCCESS
avro,null,48,0,0,0,0.074,SUCCESS
avro,null,1,0,0,0,0.007,SUCCESS
avro,null,3,0,0,0,0.002,SUCCESS
avro,null,2,0,0,0,0.003,SUCCESS
avro,null,1,0,0,0,0.438,SUCCESS
avro,null,15,0,0,0,0.024,SUCCESS
avro,null,2,0,0,0,0.001,SUCCESS
avro,null,17,0,0,0,0.011,SUCCESS
avro,null,5,0,0,0,0.008,SUCCESS
avro,null,192,0,0,0,0.091,SUCCESS
avro,null,1,0,0,0,0.003,SUCCESS
avro,null,1,0,0,0,0.001,SUCCESS
avro,null,12,0,0,0,1.531,SUCCESS
avro,null,10,0,0,0,4.592,SUCCESS
avro,null,32,0,0,0,0.011,SUCCESS
avro,null,52,0,0,0,2.984,SUCCESS
avro,null,2,0,0,0,0.003,SUCCESS
avro,null,26,0,0,0,0.092,SUCCESS
avro,null,26,0,0,0,0.015,SUCCESS
avro,null,34,0,0,0,0.003,SUCCESS
avro,null,9,0,0,0,0.007,SUCCESS
avro,null,20,0,0,0,0.037,SUCCESS
avro,null,4,0,0,0,0.001,SUCCESS
avro,null,14,0,0,0,0.008,SUCCESS
avro,null,8,0,0,0,0.004,SUCCESS
avro,null,376,0,0,0,0.079,SUCCESS
avro,null,4,0,0,0,0.004,SUCCESS
avro,null,972,0,0,0,0.178,SUCCESS
avro,null,74,0,0,0,0.114,SUCCESS
avro,null,5,0,0,0,0.926,SUCCESS
avro,null,2,0,0,0,0.003,SUCCESS
avro,null,3,0,0,0,0.001,SUCCESS
avro,null,1,0,0,0,0.005,SUCCESS
avro,null,11,0,0,0,0.009,SUCCESS
avro,null,2,0,0,0,0.001,SUCCESS
avro,null,10,0,0,0,0.005,SUCCESS
avro,null,4,0,0,0,0.007,SUCCESS
avro,null,17,0,0,1,0.054,SUCCESS
avro,null,5,0,0,0,0.05,SUCCESS
avro,null,20,0,0,0,0.09,SUCCESS
avro,null,1,0,0,0,0.016,SUCCESS
avro,null,816,0,0,0,1.103,SUCCESS
avro,null,84,0,0,0,0.003,SUCCESS
avro,null,3,0,0,0,0.001,SUCCESS
avro,null,16,0,0,0,0.023,SUCCESS
avro,null,4,0,0,0,0.005,SUCCESS
avro,null,1,0,0,0,0.003,SUCCESS
avro,null,2,0,0,0,0.04,SUCCESS
avro,null,5,0,0,0,0.717,SUCCESS
avro,null,26,0,0,0,0.017,SUCCESS
avro,null,26,0,0,0,0.01,SUCCESS
avro,null,34,0,0,0,0.003,SUCCESS
avro,null,39,0,0,0,0.065,SUCCESS
avro,null,1,0,0,0,0.014,SUCCESS
avro,null,3,0,0,0,0.001,SUCCESS
avro,null,17,0,0,1,0.063,SUCCESS
avro,null,3,0,0,0,0.023,SUCCESS
avro,null,74,0,0,0,0.107,SUCCESS
avro,null,6,0,0,0,0.001,SUCCESS
avro,null,1,0,0,0,0.001,SUCCESS
avro,null,4,0,0,0,0.001,SUCCESS
avro,null,14,0,0,0,0.001,SUCCESS
avro,null,2,0,0,0,0.002,SUCCESS
avro,null,1,0,0,0,0.018,SUCCESS
avro,null,11,0,0,0,0.016,SUCCESS
avro,null,9,0,0,0,0.008,SUCCESS
avro,null,4,0,0,0,0.015,SUCCESS
avro,null,2,0,0,0,0.001,SUCCESS
avro,null,2,0,0,0,0.0,SUCCESS
avro,null,17,0,0,0,0.04,SUCCESS
avro,null,376,0,0,0,0.102,SUCCESS
avro,null,1,0,0,0,0.027,SUCCESS
avro,null,3,0,0,0,0.013,SUCCESS
avro,null,48,0,0,0,0.102,SUCCESS
avro,null,2,0,0,0,0.001,SUCCESS
avro,null,972,0,0,0,0.279,SUCCESS
avro,null,50,0,0,0,0.005,SUCCESS
avro,null,1,0,0,0,0.003,SUCCESS
avro,null,1,0,0,0,0.001,SUCCESS
avro,null,4,0,0,0,0.012,SUCCESS
avro,null,192,0,0,0,0.091,SUCCESS
avro,null,1,0,0,0,0.013,SUCCESS
avro,null,2,0,0,0,0.003,SUCCESS
avro,null,10,0,0,0,5.101,SUCCESS
avro,null,4,0,0,0,0.001,SUCCESS
avro,null,8,0,0,0,0.011,SUCCESS
avro,null,15,0,0,0,0.015,SUCCESS
avro,null,32,0,0,0,0.015,SUCCESS
avro,null,10,0,0,0,0.003,SUCCESS
avro,null,4,0,0,0,0.005,SUCCESS
avro,null,4,0,0,0,0.002,SUCCESS
avro,null,16,0,0,0,0.011,SUCCESS
avro,null,3,0,0,0,0.001,SUCCESS
avro,null,2,0,0,0,0.001,SUCCESS
avro,null,29,0,0,0,0.002,SUCCESS
avro,null,2,0,0,0,0.003,SUCCESS
avro,null,35,0,0,0,0.015,SUCCESS
avro,null,12,0,0,0,1.499,SUCCESS
avro,null,52,0,0,0,3.404,SUCCESS
avro,null,1,0,0,0,0.246,SUCCESS
avro,null,13,0,0,0,0.008,SUCCESS
avro,null,1,0,0,0,0.001,SUCCESS
avro,null,3,0,0,0,0.002,SUCCESS
avro,null,5,0,0,0,0.002,SUCCESS
avro,null,1,0,0,0,0.001,SUCCESS
avro,null,33,0,0,0,0.017,SUCCESS
avro,null,17,0,0,0,0.003,SUCCESS
avro,null,1,0,0,0,0.001,SUCCESS
avro,null,84,0,0,0,0.079,SUCCESS
avro,null,376,0,0,0,0.158,SUCCESS
avro,null,2,0,0,0,0.015,SUCCESS
avro,null,1,0,0,0,0.0,SUCCESS
avro,null,1,0,0,0,0.042,SUCCESS
avro,null,12,0,0,0,1.716,SUCCESS
avro,null,4,0,0,0,0.001,SUCCESS
avro,null,14,0,0,0,0.004,SUCCESS
avro,null,29,0,0,0,0.028,SUCCESS
avro,null,13,0,0,0,0.035,SUCCESS
avro,null,50,0,0,0,0.107,SUCCESS
avro,null,3,0,0,0,0.163,SUCCESS
avro,null,1,0,0,0,0.419,SUCCESS
avro,null,52,0,0,0,4.911,SUCCESS
avro,null,4,0,0,0,0.005,SUCCESS
avro,null,17,0,0,1,0.066,SUCCESS
avro,null,1,0,0,0,0.026,SUCCESS
avro,null,48,0,0,0,0.101,SUCCESS
avro,null,3,0,0,0,0.01,SUCCESS
avro,null,26,0,0,0,0.019,SUCCESS
avro,null,26,0,0,0,0.01,SUCCESS
avro,null,34,0,0,0,0.007,SUCCESS
avro,null,4,0,0,0,0.019,SUCCESS
avro,null,1,0,0,0,0.003,SUCCESS
avro,null,192,0,0,0,0.163,SUCCESS
avro,null,2,0,0,0,0.002,SUCCESS
avro,null,9,0,0,0,0.014,SUCCESS
avro,null,3,0,0,0,0.003,SUCCESS
avro,null,1,0,0,0,0.01,SUCCESS
avro,null,4,0,0,0,0.005,SUCCESS
avro,null,6,0,0,0,0.012,SUCCESS
avro,null,15,0,0,0,0.044,SUCCESS
avro,null,3,0,0,0,0.001,SUCCESS
avro,null,2,0,0,0,0.001,SUCCESS
avro,null,2,0,0,0,0.009,SUCCESS
avro,null,2,0,0,0,0.013,SUCCESS
avro,null,17,0,0,0,0.062,SUCCESS
avro,null,16,0,0,0,0.018,SUCCESS
avro,null,35,0,0,0,0.228,SUCCESS
avro,null,1,0,0,0,0.001,SUCCESS
avro,null,33,0,0,0,0.02,SUCCESS
avro,null,1,0,0,0,0.001,SUCCESS
avro,null,816,0,0,0,0.846,SUCCESS
avro,null,1,0,0,0,0.004,SUCCESS
avro,null,2,0,0,0,0.001,SUCCESS
avro,null,17,0,0,0,0.006,SUCCESS
avro,null,5,0,0,0,0.001,SUCCESS
avro,null,5,0,0,0,0.001,SUCCESS
avro,null,2,0,0,0,0.003,SUCCESS
avro,null,1,0,0,0,0.031,SUCCESS
avro,null,16,0,0,0,0.019,SUCCESS
avro,null,1,0,0,0,0.001,SUCCESS
avro,null,3,0,0,0,0.001,SUCCESS
avro,null,8,0,0,0,0.005,SUCCESS
avro,null,5,0,0,0,1.295,SUCCESS
avro,null,1,0,0,0,0.001,SUCCESS
avro,null,10,0,0,0,4.014,SUCCESS
avro,null,74,0,0,0,0.103,SUCCESS
avro,null,32,0,0,0,0.014,SUCCESS
avro,null,4,0,0,0,0.003,SUCCESS
avro,null,4,0,0,0,0.004,SUCCESS
avro,null,3,0,0,0,0.0,SUCCESS
avro,null,1,0,0,0,0.001,SUCCESS
avro,null,2,0,0,0,0.004,SUCCESS
avro,null,39,0,0,0,0.059,SUCCESS
avro,null,972,0,0,0,0.169,SUCCESS
avro,null,10,0,0,0,0.001,SUCCESS
avro,null,4,0,0,0,0.0,SUCCESS
avro,null,20,0,0,0,0.02,SUCCESS
avro,null,11,0,0,0,0.016,SUCCESS
avro,null,19,0,0,0,0.556,SUCCESS
avro,null,38,0,0,0,8.568,SUCCESS
avro,null,2,0,0,0,0.543,SUCCESS
avro,null,1,0,0,0,1.235,SUCCESS
avro,null,2,0,0,0,0.485,SUCCESS
avro,null,5,0,0,0,0.43,SUCCESS
avro,null,2,0,0,0,2.647,SUCCESS
avro,null,5,0,0,0,0.941,SUCCESS
avro,null,2,0,0,0,0.463,SUCCESS
avro,null,2,0,0,0,0.413,SUCCESS
avro,null,3,0,0,0,0.041,SUCCESS
avro,null,1,0,0,0,0.539,SUCCESS
avro,null,6,0,0,0,0.016,SUCCESS
avro,null,2,0,0,0,0.603,SUCCESS
avro,null,7,0,0,0,0.63,SUCCESS
avro,null,2,0,0,0,0.471,SUCCESS
avro,null,1,0,0,0,0.45,SUCCESS
avro,null,9,0,0,0,0.505,SUCCESS
avro,null,6,0,0,0,0.459,SUCCESS
avro,null,2,0,0,0,0.562,SUCCESS
avro,null,10,0,0,3,0.495,SUCCESS
avro,null,14,0,0,0,0.472,SUCCESS
avro,null,1,0,0,0,0.547,SUCCESS
avro,null,7,0,0,0,0.585,SUCCESS
avro,null,58,0,0,0,9.158,SUCCESS
avro,null,14,0,0,0,1.225,SUCCESS
avro,null,1,0,0,0,0.564,SUCCESS
avro,null,7,0,0,0,0.604,SUCCESS
avro,null,9,0,0,0,0.769,SUCCESS
avro,null,2,0,0,0,0.47,SUCCESS
avro,null,14,0,0,0,1.074,SUCCESS
avro,null,2,0,0,0,0.553,SUCCESS
avro,null,14,0,0,0,1.348,SUCCESS
avro,null,2,0,0,0,0.437,SUCCESS
avro,null,7,0,0,0,0.618,SUCCESS
avro,null,1,0,0,0,0.438,SUCCESS
avro,null,3,0,0,0,0.013,SUCCESS
avro,null,8,0,0,0,0.618,SUCCESS
avro,null,11,0,0,0,0.512,SUCCESS
avro,null,20,0,0,0,4.115,SUCCESS
avro,null,2,0,0,0,1.058,SUCCESS
avro,null,14,0,0,0,3.371,SUCCESS
avro,null,16,0,0,0,2.564,SUCCESS
avro,null,3,0,0,0,0.784,SUCCESS
avro,null,1,0,0,0,7.032,SUCCESS
avro,null,5,0,0,0,4.694,SUCCESS
avro,null,5,0,0,0,4.337,SUCCESS
avro,null,5,0,0,0,4.284,SUCCESS
avro,null,1,0,0,0,0.437,SUCCESS
avro,null,11,0,0,1,27.563,SUCCESS
avro,null,14,0,0,0,6.229,SUCCESS
avro,null,8,0,0,0,2.37,SUCCESS
avro,null,1,0,0,0,0.014,SUCCESS
avro,null,22,0,0,0,0.13,SUCCESS
avro,null,24,0,0,0,3.468,SUCCESS
avro,null,1,0,0,0,0.034,SUCCESS
avro,null,1,0,0,0,4.957,SUCCESS
avro,null,2,0,0,0,2.183,SUCCESS
avro,null,6,0,0,0,1.042,SUCCESS
avro,null,1,0,0,0,3.051,SUCCESS
avro,null,11,0,0,0,1.15,SUCCESS
avro,null,1,0,0,0,3.321,SUCCESS
avro,null,1,0,0,0,0.585,SUCCESS
avro,null,1,0,0,0,1.577,SUCCESS
avro,null,1,0,0,0,0.54,SUCCESS
avro,null,7,0,0,0,2.215,SUCCESS
avro,null,3,0,0,0,0.046,SUCCESS
avro,null,1,0,0,0,4.976,SUCCESS
avro,null,7,0,0,0,1.982,SUCCESS
avro,null,1,0,0,0,0.981,SUCCESS
avro,null,1,0,0,0,3.408,SUCCESS
avro,null,1,0,0,0,1.261,SUCCESS
avro,null,1,0,0,0,0.518,SUCCESS
avro,null,8,0,0,0,2.044,SUCCESS
avro,null,5,0,0,0,5.552,SUCCESS
avro,null,9,0,0,0,0.892,SUCCESS
avro,null,2,0,0,0,4.526,SUCCESS
avro,null,7,0,0,0,11.569,SUCCESS
avro,null,4,0,0,0,6.645,SUCCESS
avro,null,1,0,0,0,3.774,SUCCESS
avro,null,1,0,0,0,0.601,SUCCESS
avro,null,1,0,0,0,3.72,SUCCESS
avro,null,1,0,0,0,3.348,SUCCESS
avro,null,2,0,0,0,4.732,SUCCESS
avro,null,2,0,0,0,9.981,SUCCESS
avro,null,3,0,0,0,1.389,SUCCESS
avro,null,3,0,0,0,1.529,SUCCESS
avro,null,1,0,0,0,1.009,SUCCESS
avro,null,4,0,0,0,6.526,SUCCESS
avro,null,1,0,0,0,0.027,SUCCESS
avro,null,1,0,0,0,1.371,SUCCESS
avro,null,5,0,0,0,0.142,SUCCESS
avro,null,1,0,0,0,0.674,SUCCESS
avro,null,16,0,0,0,0.812,SUCCESS
avro,null,1,0,0,0,0.415,SUCCESS
avro,null,1,0,0,0,4.28,SUCCESS
avro,null,1,0,0,0,4.166,SUCCESS
avro,null,2,0,0,0,0.964,SUCCESS
avro,null,1,0,0,0,4.317,SUCCESS
avro,null,1,0,0,0,0.902,SUCCESS
avro,null,3,0,0,0,1.933,SUCCESS
avro,null,2,0,0,0,1.13,SUCCESS
avro,null,1,0,0,0,1.568,SUCCESS
avro,null,2,0,0,0,0.081,SUCCESS
avro,null,8,0,0,0,2.738,SUCCESS
avro,null,7,0,0,0,1.582,SUCCESS
avro,null,2,0,0,0,1.27,SUCCESS
avro,null,8,0,0,0,1.464,SUCCESS
avro,null,1,0,0,0,0.149,SUCCESS
avro,null,1,0,0,0,0.528,SUCCESS
avro,null,1,0,0,0,4.21,SUCCESS
avro,null,8,0,0,0,2.613,SUCCESS
avro,null,8,0,0,0,0.091,SUCCESS
avro,null,1,0,0,0,2.032,SUCCESS
avro,null,5,0,0,0,1.904,SUCCESS
avro,null,21,0,0,0,1.335,SUCCESS
avro,null,8,0,0,0,0.036,SUCCESS
avro,null,7,0,0,0,0.88,SUCCESS
avro,null,2,0,0,0,0.442,SUCCESS
avro,null,2,0,0,0,0.595,SUCCESS
avro,null,12,0,0,0,1.738,SUCCESS
avro,null,1,0,0,0,0.406,SUCCESS
avro,null,3,0,0,0,0.36,SUCCESS
avro,null,2,0,0,0,0.38,SUCCESS
avro,null,1,0,0,0,0.391,SUCCESS
avro,null,6,0,0,0,0.407,SUCCESS
avro,null,3,0,0,0,0.386,SUCCESS
Sum: 305.5869999999998
--------------------Execution: 5 -----------------------------------
avro,null,15,0,0,0,0.104,SUCCESS
avro,null,5,0,0,0,0.002,SUCCESS
avro,null,10,0,0,0,4.191,SUCCESS
avro,null,1,0,0,0,0.003,SUCCESS
avro,null,816,0,0,0,0.753,SUCCESS
avro,null,2,0,0,0,0.001,SUCCESS
avro,null,1,0,0,0,0.001,SUCCESS
avro,null,17,0,0,1,0.028,SUCCESS
avro,null,3,0,0,0,0.006,SUCCESS
avro,null,3,0,0,0,0.005,SUCCESS
avro,null,1,0,0,0,0.009,SUCCESS
avro,null,9,0,0,0,0.012,SUCCESS
avro,null,5,0,0,0,0.84,SUCCESS
avro,null,12,0,0,0,1.258,SUCCESS
avro,null,74,0,0,0,0.083,SUCCESS
avro,null,4,0,0,0,0.012,SUCCESS
avro,null,3,0,0,0,0.001,SUCCESS
avro,null,972,0,0,0,0.17,SUCCESS
avro,null,8,0,0,0,0.001,SUCCESS
avro,null,2,0,0,0,0.002,SUCCESS
avro,null,4,0,0,0,0.0,SUCCESS
avro,null,16,0,0,0,0.025,SUCCESS
avro,null,11,0,0,0,0.027,SUCCESS
avro,null,2,0,0,0,0.011,SUCCESS
avro,null,1,0,0,0,0.005,SUCCESS
avro,null,52,0,0,0,3.569,SUCCESS
avro,null,1,0,0,0,0.001,SUCCESS
avro,null,2,0,0,0,0.0,SUCCESS
avro,null,1,0,0,0,0.0,SUCCESS
avro,null,4,0,0,0,0.019,SUCCESS
avro,null,29,0,0,0,0.011,SUCCESS
avro,null,4,0,0,0,0.002,SUCCESS
avro,null,4,0,0,0,0.011,SUCCESS
avro,null,48,0,0,0,0.062,SUCCESS
avro,null,1,0,0,0,0.001,SUCCESS
avro,null,10,0,0,0,0.002,SUCCESS
avro,null,17,0,0,0,0.011,SUCCESS
avro,null,50,0,0,0,0.021,SUCCESS
avro,null,1,0,0,0,0.006,SUCCESS
avro,null,1,0,0,0,0.004,SUCCESS
avro,null,4,0,0,0,0.001,SUCCESS
avro,null,14,0,0,0,0.001,SUCCESS
avro,null,3,0,0,0,0.03,SUCCESS
avro,null,35,0,0,0,0.051,SUCCESS
avro,null,192,0,0,0,0.07,SUCCESS
avro,null,13,0,0,0,0.009,SUCCESS
avro,null,16,0,0,0,0.018,SUCCESS
avro,null,1,0,0,0,0.375,SUCCESS
avro,null,1,0,0,0,0.001,SUCCESS
avro,null,26,0,0,0,0.008,SUCCESS
avro,null,26,0,0,0,0.003,SUCCESS
avro,null,34,0,0,0,0.003,SUCCESS
avro,null,2,0,0,0,0.005,SUCCESS
avro,null,2,0,0,0,0.005,SUCCESS
avro,null,1,0,0,0,0.001,SUCCESS
avro,null,39,0,0,0,0.076,SUCCESS
avro,null,3,0,0,0,0.001,SUCCESS
avro,null,1,0,0,0,0.011,SUCCESS
avro,null,6,0,0,0,0.006,SUCCESS
avro,null,20,0,0,0,0.029,SUCCESS
avro,null,3,0,0,0,0.002,SUCCESS
avro,null,2,0,0,0,0.003,SUCCESS
avro,null,4,0,0,0,0.007,SUCCESS
avro,null,32,0,0,0,0.02,SUCCESS
avro,null,376,0,0,0,0.057,SUCCESS
avro,null,2,0,0,0,0.001,SUCCESS
avro,null,5,0,0,0,0.001,SUCCESS
avro,null,17,0,0,0,0.03,SUCCESS
avro,null,84,0,0,0,0.007,SUCCESS
avro,null,33,0,0,0,0.028,SUCCESS
avro,null,13,0,0,0,0.076,SUCCESS
avro,null,17,0,0,0,0.079,SUCCESS
avro,null,35,0,0,0,0.068,SUCCESS
avro,null,376,0,0,0,0.122,SUCCESS
avro,null,1,0,0,0,0.001,SUCCESS
avro,null,2,0,0,0,0.006,SUCCESS
avro,null,1,0,0,0,0.041,SUCCESS
avro,null,2,0,0,0,0.006,SUCCESS
avro,null,33,0,0,0,0.018,SUCCESS
avro,null,1,0,0,0,0.006,SUCCESS
avro,null,9,0,0,0,0.013,SUCCESS
avro,null,3,0,0,0,0.005,SUCCESS
avro,null,15,0,0,0,0.051,SUCCESS
avro,null,39,0,0,0,0.063,SUCCESS
avro,null,972,0,0,0,0.319,SUCCESS
avro,null,74,0,0,0,0.162,SUCCESS
avro,null,52,0,0,0,4.341,SUCCESS
avro,null,17,0,0,1,0.045,SUCCESS
avro,null,1,0,0,0,0.001,SUCCESS
avro,null,11,0,0,0,0.016,SUCCESS
avro,null,16,0,0,0,0.009,SUCCESS
avro,null,12,0,0,0,1.221,SUCCESS
avro,null,50,0,0,0,0.015,SUCCESS
avro,null,3,0,0,0,0.003,SUCCESS
avro,null,1,0,0,0,0.001,SUCCESS
avro,null,1,0,0,0,0.001,SUCCESS
avro,null,32,0,0,0,0.017,SUCCESS
avro,null,16,0,0,0,0.011,SUCCESS
avro,null,1,0,0,0,0.0,SUCCESS
avro,null,26,0,0,0,0.009,SUCCESS
avro,null,26,0,0,0,0.022,SUCCESS
avro,null,34,0,0,0,0.001,SUCCESS
avro,null,17,0,0,0,0.0,SUCCESS
avro,null,4,0,0,0,0.001,SUCCESS
avro,null,6,0,0,0,0.001,SUCCESS
avro,null,20,0,0,0,0.016,SUCCESS
avro,null,5,0,0,0,0.694,SUCCESS
avro,null,10,0,0,0,4.393,SUCCESS
avro,null,4,0,0,0,0.013,SUCCESS
avro,null,1,0,0,0,0.001,SUCCESS
avro,null,3,0,0,0,0.019,SUCCESS
avro,null,5,0,0,0,0.001,SUCCESS
avro,null,8,0,0,0,0.006,SUCCESS
avro,null,5,0,0,0,0.002,SUCCESS
avro,null,2,0,0,0,0.007,SUCCESS
avro,null,1,0,0,0,0.001,SUCCESS
avro,null,2,0,0,0,0.016,SUCCESS
avro,null,48,0,0,0,0.072,SUCCESS
avro,null,4,0,0,0,0.007,SUCCESS
avro,null,3,0,0,0,0.001,SUCCESS
avro,null,2,0,0,0,0.0,SUCCESS
avro,null,1,0,0,0,0.362,SUCCESS
avro,null,1,0,0,0,0.008,SUCCESS
avro,null,84,0,0,0,0.006,SUCCESS
avro,null,3,0,0,0,0.0,SUCCESS
avro,null,816,0,0,0,0.685,SUCCESS
avro,null,3,0,0,0,0.011,SUCCESS
avro,null,4,0,0,0,0.001,SUCCESS
avro,null,1,0,0,0,0.001,SUCCESS
avro,null,2,0,0,0,0.001,SUCCESS
avro,null,1,0,0,0,0.009,SUCCESS
avro,null,2,0,0,0,0.0,SUCCESS
avro,null,4,0,0,0,0.001,SUCCESS
avro,null,4,0,0,0,0.001,SUCCESS
avro,null,192,0,0,0,0.023,SUCCESS
avro,null,2,0,0,0,0.004,SUCCESS
avro,null,10,0,0,0,0.001,SUCCESS
avro,null,29,0,0,0,0.004,SUCCESS
avro,null,4,0,0,0,0.001,SUCCESS
avro,null,14,0,0,0,0.001,SUCCESS
avro,null,4,0,0,0,0.12,SUCCESS
avro,null,32,0,0,0,0.048,SUCCESS
avro,null,1,0,0,0,0.003,SUCCESS
avro,null,1,0,0,0,0.02,SUCCESS
avro,null,1,0,0,0,0.009,SUCCESS
avro,null,5,0,0,0,0.942,SUCCESS
avro,null,17,0,0,0,0.054,SUCCESS
avro,null,5,0,0,0,0.012,SUCCESS
avro,null,1,0,0,0,0.259,SUCCESS
avro,null,6,0,0,0,0.011,SUCCESS
avro,null,376,0,0,0,0.13,SUCCESS
avro,null,2,0,0,0,0.012,SUCCESS
avro,null,4,0,0,0,0.016,SUCCESS
avro,null,10,0,0,0,4.177,SUCCESS
avro,null,48,0,0,0,0.057,SUCCESS
avro,null,3,0,0,0,0.007,SUCCESS
avro,null,16,0,0,0,0.011,SUCCESS
avro,null,816,0,0,0,0.582,SUCCESS
avro,null,4,0,0,0,0.001,SUCCESS
avro,null,14,0,0,0,0.001,SUCCESS
avro,null,1,0,0,0,0.001,SUCCESS
avro,null,2,0,0,0,0.065,SUCCESS
avro,null,1,0,0,0,0.009,SUCCESS
avro,null,8,0,0,0,0.009,SUCCESS
avro,null,50,0,0,0,0.026,SUCCESS
avro,null,1,0,0,0,0.015,SUCCESS
avro,null,74,0,0,0,0.094,SUCCESS
avro,null,20,0,0,0,0.025,SUCCESS
avro,null,35,0,0,0,0.033,SUCCESS
avro,null,2,0,0,0,0.0,SUCCESS
avro,null,3,0,0,0,0.019,SUCCESS
avro,null,29,0,0,0,0.01,SUCCESS
avro,null,192,0,0,0,0.055,SUCCESS
avro,null,10,0,0,0,0.008,SUCCESS
avro,null,11,0,0,0,0.006,SUCCESS
avro,null,4,0,0,0,0.001,SUCCESS
avro,null,33,0,0,0,0.01,SUCCESS
avro,null,2,0,0,0,0.001,SUCCESS
avro,null,4,0,0,0,0.003,SUCCESS
avro,null,1,0,0,0,0.001,SUCCESS
avro,null,15,0,0,0,0.018,SUCCESS
avro,null,3,0,0,0,0.007,SUCCESS
avro,null,2,0,0,0,0.001,SUCCESS
avro,null,1,0,0,0,0.001,SUCCESS
avro,null,17,0,0,1,0.041,SUCCESS
avro,null,84,0,0,0,0.009,SUCCESS
avro,null,3,0,0,0,0.0,SUCCESS
avro,null,52,0,0,0,3.919,SUCCESS
avro,null,1,0,0,0,0.0,SUCCESS
avro,null,16,0,0,0,0.011,SUCCESS
avro,null,9,0,0,0,0.05,SUCCESS
avro,null,13,0,0,0,0.01,SUCCESS
avro,null,972,0,0,0,0.13,SUCCESS
avro,null,39,0,0,0,0.033,SUCCESS
avro,null,12,0,0,0,1.286,SUCCESS
avro,null,2,0,0,0,0.001,SUCCESS
avro,null,3,0,0,0,0.001,SUCCESS
avro,null,1,0,0,0,0.001,SUCCESS
avro,null,1,0,0,0,0.001,SUCCESS
avro,null,2,0,0,0,0.002,SUCCESS
avro,null,4,0,0,0,0.003,SUCCESS
avro,null,4,0,0,0,0.002,SUCCESS
avro,null,17,0,0,0,0.008,SUCCESS
avro,null,26,0,0,0,0.014,SUCCESS
avro,null,26,0,0,0,0.008,SUCCESS
avro,null,34,0,0,0,0.005,SUCCESS
avro,null,1,0,0,0,0.0,SUCCESS
avro,null,5,0,0,0,0.0,SUCCESS
avro,null,2,0,0,0,0.001,SUCCESS
avro,null,3,0,0,0,0.001,SUCCESS
avro,null,5,0,0,0,0.463,SUCCESS
avro,null,2,0,0,0,0.524,SUCCESS
avro,null,2,0,0,0,0.404,SUCCESS
avro,null,38,0,0,0,7.729,SUCCESS
avro,null,1,0,0,0,1.419,SUCCESS
avro,null,19,0,0,0,0.511,SUCCESS
avro,null,2,0,0,0,2.243,SUCCESS
avro,null,2,0,0,0,0.653,SUCCESS
avro,null,2,0,0,0,0.676,SUCCESS
avro,null,5,0,0,0,0.647,SUCCESS
avro,null,3,0,0,0,0.033,SUCCESS
avro,null,14,0,0,0,0.42,SUCCESS
avro,null,6,0,0,0,0.015,SUCCESS
avro,null,7,0,0,0,0.495,SUCCESS
avro,null,11,0,0,0,0.424,SUCCESS
avro,null,14,0,0,0,0.927,SUCCESS
avro,null,2,0,0,0,0.421,SUCCESS
avro,null,1,0,0,0,0.372,SUCCESS
avro,null,2,0,0,0,0.403,SUCCESS
avro,null,6,0,0,0,0.396,SUCCESS
avro,null,1,0,0,0,0.481,SUCCESS
avro,null,9,0,0,0,0.509,SUCCESS
avro,null,3,0,0,0,0.011,SUCCESS
avro,null,9,0,0,0,0.615,SUCCESS
avro,null,1,0,0,0,0.489,SUCCESS
avro,null,2,0,0,0,0.343,SUCCESS
avro,null,7,0,0,0,0.498,SUCCESS
avro,null,10,0,0,3,0.466,SUCCESS
avro,null,14,0,0,0,1.163,SUCCESS
avro,null,1,0,0,0,0.408,SUCCESS
avro,null,14,0,0,0,1.008,SUCCESS
avro,null,58,0,0,0,7.624,SUCCESS
avro,null,7,0,0,0,0.484,SUCCESS
avro,null,2,0,0,0,0.436,SUCCESS
avro,null,1,0,0,0,0.484,SUCCESS
avro,null,2,0,0,0,0.508,SUCCESS
avro,null,8,0,0,0,0.486,SUCCESS
avro,null,20,0,0,0,3.765,SUCCESS
avro,null,7,0,0,0,0.5,SUCCESS
avro,null,2,0,0,0,0.513,SUCCESS
avro,null,14,0,0,0,2.901,SUCCESS
avro,null,16,0,0,0,2.191,SUCCESS
avro,null,3,0,0,0,0.704,SUCCESS
avro,null,2,0,0,0,0.888,SUCCESS
avro,null,1,0,0,0,6.949,SUCCESS
avro,null,5,0,0,0,4.229,SUCCESS
avro,null,1,0,0,0,0.389,SUCCESS
avro,null,5,0,0,0,4.558,SUCCESS
avro,null,14,0,0,0,5.937,SUCCESS
avro,null,5,0,0,0,4.273,SUCCESS
avro,null,11,0,0,1,27.628,SUCCESS
avro,null,24,0,0,0,1.734,SUCCESS
avro,null,8,0,0,0,0.902,SUCCESS
avro,null,22,0,0,0,0.05,SUCCESS
avro,null,1,0,0,0,0.008,SUCCESS
avro,null,1,0,0,0,0.026,SUCCESS
avro,null,1,0,0,0,0.423,SUCCESS
avro,null,1,0,0,0,0.678,SUCCESS
avro,null,1,0,0,0,2.866,SUCCESS
avro,null,7,0,0,0,1.467,SUCCESS
avro,null,1,0,0,0,0.366,SUCCESS
avro,null,1,0,0,0,2.807,SUCCESS
avro,null,6,0,0,0,1.112,SUCCESS
avro,null,8,0,0,0,1.531,SUCCESS
avro,null,2,0,0,0,3.784,SUCCESS
avro,null,1,0,0,0,2.687,SUCCESS
avro,null,7,0,0,0,0.994,SUCCESS
avro,null,1,0,0,0,1.003,SUCCESS
avro,null,1,0,0,0,0.35,SUCCESS
avro,null,11,0,0,0,1.005,SUCCESS
avro,null,4,0,0,0,6.122,SUCCESS
avro,null,4,0,0,0,6.305,SUCCESS
avro,null,1,0,0,0,0.015,SUCCESS
avro,null,2,0,0,0,8.317,SUCCESS
avro,null,1,0,0,0,2.964,SUCCESS
avro,null,1,0,0,0,0.972,SUCCESS
avro,null,1,0,0,0,3.997,SUCCESS
avro,null,5,0,0,0,5.244,SUCCESS
avro,null,3,0,0,0,0.024,SUCCESS
avro,null,2,0,0,0,3.874,SUCCESS
avro,null,1,0,0,0,0.872,SUCCESS
avro,null,3,0,0,0,1.297,SUCCESS
avro,null,1,0,0,0,0.415,SUCCESS
avro,null,1,0,0,0,2.647,SUCCESS
avro,null,1,0,0,0,0.93,SUCCESS
avro,null,7,0,0,0,9.54,SUCCESS
avro,null,1,0,0,0,2.697,SUCCESS
avro,null,3,0,0,0,1.335,SUCCESS
avro,null,2,0,0,0,1.382,SUCCESS
avro,null,5,0,0,0,0.155,SUCCESS
avro,null,1,0,0,0,2.937,SUCCESS
avro,null,9,0,0,0,0.683,SUCCESS
avro,null,1,0,0,0,4.072,SUCCESS
avro,null,1,0,0,0,4.024,SUCCESS
avro,null,1,0,0,0,4.128,SUCCESS
avro,null,2,0,0,0,0.66,SUCCESS
avro,null,16,0,0,0,0.762,SUCCESS
avro,null,1,0,0,0,0.303,SUCCESS
avro,null,1,0,0,0,0.508,SUCCESS
avro,null,1,0,0,0,0.159,SUCCESS
avro,null,1,0,0,0,0.479,SUCCESS
avro,null,3,0,0,0,1.726,SUCCESS
avro,null,21,0,0,0,1.201,SUCCESS
avro,null,5,0,0,0,1.581,SUCCESS
avro,null,1,0,0,0,1.456,SUCCESS
avro,null,2,0,0,0,1.159,SUCCESS
avro,null,8,0,0,0,2.373,SUCCESS
avro,null,7,0,0,0,1.65,SUCCESS
avro,null,8,0,0,0,0.129,SUCCESS
avro,null,8,0,0,0,2.402,SUCCESS
avro,null,8,0,0,0,1.38,SUCCESS
avro,null,1,0,0,0,5.149,SUCCESS
avro,null,1,0,0,0,0.763,SUCCESS
avro,null,2,0,0,0,1.218,SUCCESS
avro,null,1,0,0,0,2.066,SUCCESS
avro,null,2,0,0,0,0.069,SUCCESS
avro,null,8,0,0,0,0.015,SUCCESS
avro,null,7,0,0,0,0.495,SUCCESS
avro,null,2,0,0,0,0.388,SUCCESS
avro,null,2,0,0,0,0.497,SUCCESS
avro,null,12,0,0,0,1.4,SUCCESS
avro,null,3,0,0,0,0.412,SUCCESS
avro,null,1,0,0,0,0.456,SUCCESS
avro,null,2,0,0,0,0.47,SUCCESS
avro,null,1,0,0,0,0.459,SUCCESS
avro,null,6,0,0,0,0.476,SUCCESS
avro,null,3,0,0,0,0.471,SUCCESS
Sum: 269.763
--------------------Execution: 6 -----------------------------------
avro,null,5,0,0,0,0.066,SUCCESS
avro,null,33,0,0,0,0.026,SUCCESS
avro,null,50,0,0,0,0.074,SUCCESS
avro,null,3,0,0,0,0.002,SUCCESS
avro,null,8,0,0,0,0.037,SUCCESS
avro,null,4,0,0,0,0.002,SUCCESS
avro,null,2,0,0,0,0.001,SUCCESS
avro,null,39,0,0,0,0.095,SUCCESS
avro,null,4,0,0,0,0.001,SUCCESS
avro,null,4,0,0,0,0.007,SUCCESS
avro,null,32,0,0,0,0.045,SUCCESS
avro,null,10,0,0,0,4.73,SUCCESS
avro,null,4,0,0,0,0.02,SUCCESS
avro,null,1,0,0,0,0.0,SUCCESS
avro,null,15,0,0,0,0.032,SUCCESS
avro,null,12,0,0,0,1.61,SUCCESS
avro,null,26,0,0,0,0.014,SUCCESS
avro,null,26,0,0,0,0.006,SUCCESS
avro,null,34,0,0,0,0.005,SUCCESS
avro,null,3,0,0,0,0.043,SUCCESS
avro,null,1,0,0,0,0.001,SUCCESS
avro,null,17,0,0,0,0.036,SUCCESS
avro,null,1,0,0,0,0.001,SUCCESS
avro,null,1,0,0,0,0.004,SUCCESS
avro,null,1,0,0,0,0.024,SUCCESS
avro,null,52,0,0,0,3.607,SUCCESS
avro,null,84,0,0,0,0.02,SUCCESS
avro,null,3,0,0,0,0.0,SUCCESS
avro,null,2,0,0,0,0.027,SUCCESS
avro,null,3,0,0,0,0.006,SUCCESS
avro,null,1,0,0,0,0.34,SUCCESS
avro,null,972,0,0,0,0.31,SUCCESS
avro,null,5,0,0,0,0.002,SUCCESS
avro,null,5,0,0,0,0.862,SUCCESS
avro,null,2,0,0,0,0.001,SUCCESS
avro,null,4,0,0,0,0.012,SUCCESS
avro,null,1,0,0,0,0.001,SUCCESS
avro,null,16,0,0,0,0.007,SUCCESS
avro,null,74,0,0,0,0.105,SUCCESS
avro,null,2,0,0,0,0.001,SUCCESS
avro,null,35,0,0,0,0.063,SUCCESS
avro,null,1,0,0,0,0.013,SUCCESS
avro,null,9,0,0,0,0.015,SUCCESS
avro,null,17,0,0,0,0.015,SUCCESS
avro,null,13,0,0,0,0.012,SUCCESS
avro,null,3,0,0,0,0.006,SUCCESS
avro,null,3,0,0,0,0.001,SUCCESS
avro,null,6,0,0,0,0.007,SUCCESS
avro,null,2,0,0,0,0.003,SUCCESS
avro,null,4,0,0,0,0.004,SUCCESS
avro,null,14,0,0,0,0.007,SUCCESS
avro,null,192,0,0,0,0.113,SUCCESS
avro,null,1,0,0,0,0.001,SUCCESS
avro,null,2,0,0,0,0.001,SUCCESS
avro,null,16,0,0,0,0.002,SUCCESS
avro,null,1,0,0,0,0.001,SUCCESS
avro,null,4,0,0,0,0.001,SUCCESS
avro,null,11,0,0,0,0.021,SUCCESS
avro,null,1,0,0,0,0.001,SUCCESS
avro,null,1,0,0,0,0.002,SUCCESS
avro,null,29,0,0,0,0.016,SUCCESS
avro,null,10,0,0,0,0.007,SUCCESS
avro,null,816,0,0,0,0.679,SUCCESS
avro,null,20,0,0,0,0.015,SUCCESS
avro,null,1,0,0,0,0.005,SUCCESS
avro,null,2,0,0,0,0.006,SUCCESS
avro,null,376,0,0,0,0.106,SUCCESS
avro,null,17,0,0,1,0.067,SUCCESS
avro,null,48,0,0,0,0.085,SUCCESS
avro,null,2,0,0,0,0.005,SUCCESS
avro,null,1,0,0,0,0.072,SUCCESS
avro,null,5,0,0,0,0.054,SUCCESS
avro,null,2,0,0,0,0.0,SUCCESS
avro,null,5,0,0,0,1.068,SUCCESS
avro,null,4,0,0,0,0.003,SUCCESS
avro,null,14,0,0,0,0.006,SUCCESS
avro,null,13,0,0,0,0.027,SUCCESS
avro,null,10,0,0,0,4.059,SUCCESS
avro,null,1,0,0,0,0.001,SUCCESS
avro,null,15,0,0,0,0.04,SUCCESS
avro,null,1,0,0,0,0.011,SUCCESS
avro,null,20,0,0,0,0.04,SUCCESS
avro,null,3,0,0,0,0.005,SUCCESS
avro,null,5,0,0,0,0.003,SUCCESS
avro,null,29,0,0,0,0.022,SUCCESS
avro,null,4,0,0,0,0.028,SUCCESS
avro,null,1,0,0,0,0.001,SUCCESS
avro,null,4,0,0,0,0.002,SUCCESS
avro,null,39,0,0,0,0.079,SUCCESS
avro,null,2,0,0,0,0.002,SUCCESS
avro,null,1,0,0,0,0.002,SUCCESS
avro,null,84,0,0,0,0.023,SUCCESS
avro,null,1,0,0,0,0.011,SUCCESS
avro,null,33,0,0,0,0.03,SUCCESS
avro,null,48,0,0,0,0.115,SUCCESS
avro,null,17,0,0,0,0.047,SUCCESS
avro,null,4,0,0,0,0.002,SUCCESS
avro,null,32,0,0,0,0.037,SUCCESS
avro,null,3,0,0,0,0.001,SUCCESS
avro,null,2,0,0,0,0.001,SUCCESS
avro,null,2,0,0,0,0.008,SUCCESS
avro,null,3,0,0,0,0.012,SUCCESS
avro,null,6,0,0,0,0.005,SUCCESS
avro,null,1,0,0,0,0.013,SUCCESS
avro,null,9,0,0,0,0.012,SUCCESS
avro,null,376,0,0,0,0.093,SUCCESS
avro,null,17,0,0,0,0.002,SUCCESS
avro,null,4,0,0,0,0.001,SUCCESS
avro,null,50,0,0,0,0.023,SUCCESS
avro,null,26,0,0,0,0.02,SUCCESS
avro,null,26,0,0,0,0.001,SUCCESS
avro,null,34,0,0,0,0.001,SUCCESS
avro,null,11,0,0,0,0.011,SUCCESS
avro,null,2,0,0,0,0.017,SUCCESS
avro,null,4,0,0,0,0.022,SUCCESS
avro,null,192,0,0,0,0.148,SUCCESS
avro,null,12,0,0,0,1.934,SUCCESS
avro,null,1,0,0,0,0.0,SUCCESS
avro,null,1,0,0,0,0.0,SUCCESS
avro,null,2,0,0,0,0.079,SUCCESS
avro,null,16,0,0,0,0.01,SUCCESS
avro,null,1,0,0,0,0.0,SUCCESS
avro,null,16,0,0,0,0.01,SUCCESS
avro,null,816,0,0,0,0.679,SUCCESS
avro,null,8,0,0,0,0.002,SUCCESS
avro,null,3,0,0,0,0.0,SUCCESS
avro,null,17,0,0,1,0.041,SUCCESS
avro,null,10,0,0,0,0.007,SUCCESS
avro,null,74,0,0,0,0.11,SUCCESS
avro,null,4,0,0,0,0.006,SUCCESS
avro,null,1,0,0,0,0.002,SUCCESS
avro,null,35,0,0,0,0.04,SUCCESS
avro,null,2,0,0,0,0.001,SUCCESS
avro,null,972,0,0,0,0.211,SUCCESS
avro,null,1,0,0,0,0.001,SUCCESS
avro,null,1,0,0,0,0.371,SUCCESS
avro,null,3,0,0,0,0.031,SUCCESS
avro,null,3,0,0,0,0.003,SUCCESS
avro,null,2,0,0,0,0.002,SUCCESS
avro,null,52,0,0,0,3.708,SUCCESS
avro,null,1,0,0,0,0.053,SUCCESS
avro,null,29,0,0,0,0.094,SUCCESS
avro,null,5,0,0,0,1.0,SUCCESS
avro,null,13,0,0,0,0.038,SUCCESS
avro,null,3,0,0,0,0.004,SUCCESS
avro,null,1,0,0,0,0.005,SUCCESS
avro,null,1,0,0,0,0.016,SUCCESS
avro,null,12,0,0,0,1.535,SUCCESS
avro,null,5,0,0,0,0.004,SUCCESS
avro,null,6,0,0,0,0.016,SUCCESS
avro,null,17,0,0,0,0.043,SUCCESS
avro,null,3,0,0,0,0.003,SUCCESS
avro,null,3,0,0,0,0.003,SUCCESS
avro,null,192,0,0,0,0.134,SUCCESS
avro,null,74,0,0,0,0.105,SUCCESS
avro,null,376,0,0,0,0.084,SUCCESS
avro,null,3,0,0,0,0.001,SUCCESS
avro,null,15,0,0,0,0.029,SUCCESS
avro,null,4,0,0,0,0.008,SUCCESS
avro,null,9,0,0,0,0.008,SUCCESS
avro,null,1,0,0,0,0.28,SUCCESS
avro,null,48,0,0,0,0.071,SUCCESS
avro,null,1,0,0,0,0.001,SUCCESS
avro,null,2,0,0,0,0.004,SUCCESS
avro,null,2,0,0,0,0.001,SUCCESS
avro,null,4,0,0,0,0.004,SUCCESS
avro,null,84,0,0,0,0.017,SUCCESS
avro,null,4,0,0,0,0.002,SUCCESS
avro,null,14,0,0,0,0.004,SUCCESS
avro,null,3,0,0,0,0.032,SUCCESS
avro,null,972,0,0,0,0.267,SUCCESS
avro,null,20,0,0,0,0.015,SUCCESS
avro,null,2,0,0,0,0.116,SUCCESS
avro,null,4,0,0,0,0.003,SUCCESS
avro,null,33,0,0,0,0.012,SUCCESS
avro,null,16,0,0,0,0.013,SUCCESS
avro,null,8,0,0,0,0.011,SUCCESS
avro,null,1,0,0,0,0.001,SUCCESS
avro,null,2,0,0,0,0.005,SUCCESS
avro,null,2,0,0,0,0.0,SUCCESS
avro,null,16,0,0,0,0.012,SUCCESS
avro,null,2,0,0,0,0.003,SUCCESS
avro,null,1,0,0,0,0.0,SUCCESS
avro,null,5,0,0,0,0.001,SUCCESS
avro,null,4,0,0,0,0.0,SUCCESS
avro,null,1,0,0,0,0.0,SUCCESS
avro,null,11,0,0,0,0.028,SUCCESS
avro,null,35,0,0,0,0.035,SUCCESS
avro,null,39,0,0,0,0.049,SUCCESS
avro,null,2,0,0,0,0.003,SUCCESS
avro,null,2,0,0,0,0.0,SUCCESS
avro,null,1,0,0,0,0.003,SUCCESS
avro,null,3,0,0,0,0.003,SUCCESS
avro,null,17,0,0,0,0.009,SUCCESS
avro,null,26,0,0,0,0.016,SUCCESS
avro,null,26,0,0,0,0.004,SUCCESS
avro,null,34,0,0,0,0.006,SUCCESS
avro,null,32,0,0,0,0.024,SUCCESS
avro,null,1,0,0,0,0.024,SUCCESS
avro,null,52,0,0,0,4.026,SUCCESS
avro,null,50,0,0,0,0.093,SUCCESS
avro,null,4,0,0,0,0.021,SUCCESS
avro,null,10,0,0,0,0.003,SUCCESS
avro,null,1,0,0,0,0.002,SUCCESS
avro,null,816,0,0,0,0.553,SUCCESS
avro,null,17,0,0,1,0.047,SUCCESS
avro,null,1,0,0,0,0.016,SUCCESS
avro,null,1,0,0,0,0.006,SUCCESS
avro,null,10,0,0,0,3.635,SUCCESS
avro,null,4,0,0,0,0.003,SUCCESS
avro,null,2,0,0,0,0.453,SUCCESS
avro,null,38,0,0,0,9.069,SUCCESS
avro,null,5,0,0,0,0.429,SUCCESS
avro,null,2,0,0,0,0.635,SUCCESS
avro,null,19,0,0,0,0.512,SUCCESS
avro,null,1,0,0,0,1.086,SUCCESS
avro,null,2,0,0,0,2.393,SUCCESS
avro,null,2,0,0,0,0.869,SUCCESS
avro,null,5,0,0,0,0.839,SUCCESS
avro,null,2,0,0,0,0.459,SUCCESS
avro,null,10,0,0,3,0.713,SUCCESS
avro,null,7,0,0,0,0.588,SUCCESS
avro,null,9,0,0,0,0.541,SUCCESS
avro,null,6,0,0,0,0.427,SUCCESS
avro,null,20,0,0,0,4.026,SUCCESS
avro,null,1,0,0,0,0.585,SUCCESS
avro,null,3,0,0,0,0.028,SUCCESS
avro,null,2,0,0,0,0.492,SUCCESS
avro,null,2,0,0,0,0.554,SUCCESS
avro,null,1,0,0,0,0.54,SUCCESS
avro,null,7,0,0,0,0.568,SUCCESS
avro,null,7,0,0,0,0.56,SUCCESS
avro,null,1,0,0,0,0.45,SUCCESS
avro,null,9,0,0,0,0.712,SUCCESS
avro,null,14,0,0,0,0.467,SUCCESS
avro,null,58,0,0,0,8.48,SUCCESS
avro,null,14,0,0,0,1.06,SUCCESS
avro,null,11,0,0,0,0.632,SUCCESS
avro,null,2,0,0,0,0.494,SUCCESS
avro,null,1,0,0,0,0.53,SUCCESS
avro,null,7,0,0,0,0.606,SUCCESS
avro,null,2,0,0,0,0.577,SUCCESS
avro,null,2,0,0,0,0.399,SUCCESS
avro,null,3,0,0,0,0.014,SUCCESS
avro,null,14,0,0,0,1.434,SUCCESS
avro,null,14,0,0,0,1.085,SUCCESS
avro,null,2,0,0,0,0.461,SUCCESS
avro,null,1,0,0,0,0.475,SUCCESS
avro,null,6,0,0,0,0.017,SUCCESS
avro,null,8,0,0,0,0.652,SUCCESS
avro,null,3,0,0,0,0.817,SUCCESS
avro,null,2,0,0,0,1.056,SUCCESS
avro,null,16,0,0,0,2.579,SUCCESS
avro,null,14,0,0,0,3.263,SUCCESS
avro,null,1,0,0,0,0.449,SUCCESS
avro,null,5,0,0,0,4.364,SUCCESS
avro,null,11,0,0,1,27.582,SUCCESS
avro,null,5,0,0,0,4.251,SUCCESS
avro,null,5,0,0,0,4.714,SUCCESS
avro,null,14,0,0,0,6.166,SUCCESS
avro,null,1,0,0,0,7.136,SUCCESS
avro,null,22,0,0,0,0.08,SUCCESS
avro,null,1,0,0,0,0.026,SUCCESS
avro,null,1,0,0,0,0.039,SUCCESS
avro,null,24,0,0,0,2.937,SUCCESS
avro,null,8,0,0,0,1.583,SUCCESS
avro,null,1,0,0,0,4.503,SUCCESS
avro,null,1,0,0,0,3.155,SUCCESS
avro,null,1,0,0,0,3.252,SUCCESS
avro,null,1,0,0,0,1.25,SUCCESS
avro,null,1,0,0,0,0.375,SUCCESS
avro,null,1,0,0,0,1.12,SUCCESS
avro,null,8,0,0,0,1.774,SUCCESS
avro,null,7,0,0,0,1.674,SUCCESS
avro,null,7,0,0,0,1.096,SUCCESS
avro,null,9,0,0,0,0.878,SUCCESS
avro,null,1,0,0,0,0.998,SUCCESS
avro,null,4,0,0,0,6.753,SUCCESS
avro,null,1,0,0,0,1.225,SUCCESS
avro,null,2,0,0,0,4.308,SUCCESS
avro,null,5,0,0,0,0.198,SUCCESS
avro,null,2,0,0,0,5.037,SUCCESS
avro,null,1,0,0,0,2.794,SUCCESS
avro,null,1,0,0,0,3.128,SUCCESS
avro,null,1,0,0,0,3.156,SUCCESS
avro,null,11,0,0,0,1.148,SUCCESS
avro,null,1,0,0,0,0.016,SUCCESS
avro,null,5,0,0,0,5.519,SUCCESS
avro,null,1,0,0,0,0.373,SUCCESS
avro,null,6,0,0,0,1.049,SUCCESS
avro,null,1,0,0,0,3.051,SUCCESS
avro,null,3,0,0,0,0.025,SUCCESS
avro,null,3,0,0,0,1.4,SUCCESS
avro,null,2,0,0,0,9.198,SUCCESS
avro,null,3,0,0,0,1.629,SUCCESS
avro,null,2,0,0,0,1.371,SUCCESS
avro,null,1,0,0,0,0.66,SUCCESS
avro,null,4,0,0,0,6.788,SUCCESS
avro,null,1,0,0,0,0.455,SUCCESS
avro,null,1,0,0,0,0.448,SUCCESS
avro,null,7,0,0,0,10.239,SUCCESS
avro,null,1,0,0,0,3.163,SUCCESS
avro,null,1,0,0,0,4.355,SUCCESS
avro,null,1,0,0,0,4.515,SUCCESS
avro,null,1,0,0,0,4.295,SUCCESS
avro,null,1,0,0,0,0.276,SUCCESS
avro,null,1,0,0,0,0.784,SUCCESS
avro,null,2,0,0,0,0.744,SUCCESS
avro,null,16,0,0,0,0.719,SUCCESS
avro,null,8,0,0,0,2.435,SUCCESS
avro,null,5,0,0,0,1.903,SUCCESS
avro,null,1,0,0,0,6.447,SUCCESS
avro,null,8,0,0,0,2.558,SUCCESS
avro,null,1,0,0,0,1.651,SUCCESS
avro,null,21,0,0,0,1.192,SUCCESS
avro,null,7,0,0,0,1.765,SUCCESS
avro,null,1,0,0,0,0.161,SUCCESS
avro,null,8,0,0,0,0.08,SUCCESS
avro,null,1,0,0,0,0.598,SUCCESS
avro,null,1,0,0,0,0.812,SUCCESS
avro,null,3,0,0,0,1.996,SUCCESS
avro,null,2,0,0,0,1.163,SUCCESS
avro,null,8,0,0,0,1.966,SUCCESS
avro,null,2,0,0,0,1.353,SUCCESS
avro,null,1,0,0,0,2.339,SUCCESS
avro,null,2,0,0,0,0.106,SUCCESS
avro,null,8,0,0,0,0.018,SUCCESS
avro,null,7,0,0,0,0.533,SUCCESS
avro,null,2,0,0,0,0.473,SUCCESS
avro,null,12,0,0,0,1.425,SUCCESS
avro,null,2,0,0,0,0.553,SUCCESS
avro,null,1,0,0,0,0.436,SUCCESS
avro,null,3,0,0,0,0.394,SUCCESS
avro,null,2,0,0,0,0.432,SUCCESS
avro,null,1,0,0,0,0.403,SUCCESS
avro,null,6,0,0,0,0.438,SUCCESS
avro,null,3,0,0,0,0.435,SUCCESS
Sum: 294.47100000000006
--------------------Execution: 7 -----------------------------------
avro,null,20,0,0,0,0.177,SUCCESS
avro,null,5,0,0,0,0.895,SUCCESS
avro,null,84,0,0,0,0.038,SUCCESS
avro,null,12,0,0,0,1.612,SUCCESS
avro,null,50,0,0,0,0.054,SUCCESS
avro,null,1,0,0,0,0.014,SUCCESS
avro,null,5,0,0,0,0.006,SUCCESS
avro,null,1,0,0,0,0.008,SUCCESS
avro,null,3,0,0,0,0.002,SUCCESS
avro,null,2,0,0,0,0.004,SUCCESS
avro,null,26,0,0,0,0.018,SUCCESS
avro,null,26,0,0,0,0.01,SUCCESS
avro,null,34,0,0,0,0.007,SUCCESS
avro,null,3,0,0,0,0.029,SUCCESS
avro,null,4,0,0,0,0.017,SUCCESS
avro,null,2,0,0,0,0.001,SUCCESS
avro,null,17,0,0,1,0.069,SUCCESS
avro,null,8,0,0,0,0.013,SUCCESS
avro,null,6,0,0,0,0.009,SUCCESS
avro,null,3,0,0,0,0.007,SUCCESS
avro,null,11,0,0,0,0.054,SUCCESS
avro,null,48,0,0,0,0.1,SUCCESS
avro,null,16,0,0,0,0.017,SUCCESS
avro,null,16,0,0,0,0.023,SUCCESS
avro,null,1,0,0,0,0.001,SUCCESS
avro,null,4,0,0,0,0.015,SUCCESS
avro,null,3,0,0,0,0.001,SUCCESS
avro,null,1,0,0,0,0.446,SUCCESS
avro,null,32,0,0,0,0.044,SUCCESS
avro,null,4,0,0,0,0.002,SUCCESS
avro,null,39,0,0,0,0.063,SUCCESS
avro,null,2,0,0,0,0.001,SUCCESS
avro,null,13,0,0,0,0.011,SUCCESS
avro,null,4,0,0,0,0.001,SUCCESS
avro,null,14,0,0,0,0.01,SUCCESS
avro,null,2,0,0,0,0.001,SUCCESS
avro,null,3,0,0,0,0.001,SUCCESS
avro,null,4,0,0,0,0.009,SUCCESS
avro,null,35,0,0,0,0.047,SUCCESS
avro,null,192,0,0,0,0.113,SUCCESS
avro,null,1,0,0,0,0.001,SUCCESS
avro,null,15,0,0,0,0.011,SUCCESS
avro,null,376,0,0,0,0.111,SUCCESS
avro,null,1,0,0,0,0.001,SUCCESS
avro,null,10,0,0,0,0.002,SUCCESS
avro,null,9,0,0,0,0.02,SUCCESS
avro,null,1,0,0,0,0.004,SUCCESS
avro,null,816,0,0,0,0.718,SUCCESS
avro,null,17,0,0,0,0.006,SUCCESS
avro,null,5,0,0,0,0.016,SUCCESS
avro,null,17,0,0,0,0.012,SUCCESS
avro,null,1,0,0,0,0.005,SUCCESS
avro,null,52,0,0,0,4.39,SUCCESS
avro,null,1,0,0,0,0.001,SUCCESS
avro,null,2,0,0,0,0.007,SUCCESS
avro,null,4,0,0,0,0.016,SUCCESS
avro,null,10,0,0,0,3.637,SUCCESS
avro,null,1,0,0,0,0.007,SUCCESS
avro,null,1,0,0,0,0.001,SUCCESS
avro,null,2,0,0,0,0.002,SUCCESS
avro,null,2,0,0,0,0.002,SUCCESS
avro,null,1,0,0,0,0.014,SUCCESS
avro,null,4,0,0,0,0.002,SUCCESS
avro,null,1,0,0,0,0.004,SUCCESS
avro,null,2,0,0,0,0.001,SUCCESS
avro,null,972,0,0,0,0.138,SUCCESS
avro,null,74,0,0,0,0.074,SUCCESS
avro,null,29,0,0,0,0.008,SUCCESS
avro,null,33,0,0,0,0.009,SUCCESS
avro,null,3,0,0,0,0.0,SUCCESS
avro,null,26,0,0,0,0.047,SUCCESS
avro,null,26,0,0,0,0.029,SUCCESS
avro,null,34,0,0,0,0.021,SUCCESS
avro,null,35,0,0,0,0.1,SUCCESS
avro,null,12,0,0,0,1.95,SUCCESS
avro,null,4,0,0,0,0.014,SUCCESS
avro,null,1,0,0,0,0.046,SUCCESS
avro,null,10,0,0,0,0.024,SUCCESS
avro,null,972,0,0,0,0.581,SUCCESS
avro,null,8,0,0,0,0.001,SUCCESS
avro,null,3,0,0,0,0.066,SUCCESS
avro,null,2,0,0,0,0.004,SUCCESS
avro,null,2,0,0,0,0.012,SUCCESS
avro,null,4,0,0,0,0.02,SUCCESS
avro,null,39,0,0,0,0.08,SUCCESS
avro,null,1,0,0,0,0.001,SUCCESS
avro,null,2,0,0,0,0.008,SUCCESS
avro,null,16,0,0,0,0.019,SUCCESS
avro,null,1,0,0,0,0.002,SUCCESS
avro,null,74,0,0,0,0.151,SUCCESS
avro,null,1,0,0,0,0.046,SUCCESS
avro,null,2,0,0,0,0.001,SUCCESS
avro,null,1,0,0,0,0.001,SUCCESS
avro,null,9,0,0,0,0.005,SUCCESS
avro,null,192,0,0,0,0.143,SUCCESS
avro,null,17,0,0,0,0.001,SUCCESS
avro,null,3,0,0,0,0.001,SUCCESS
avro,null,17,0,0,0,0.017,SUCCESS
avro,null,4,0,0,0,0.012,SUCCESS
avro,null,5,0,0,0,0.831,SUCCESS
avro,null,1,0,0,0,0.007,SUCCESS
avro,null,11,0,0,0,0.017,SUCCESS
avro,null,4,0,0,0,0.001,SUCCESS
avro,null,14,0,0,0,0.002,SUCCESS
avro,null,376,0,0,0,0.07,SUCCESS
avro,null,2,0,0,0,0.001,SUCCESS
avro,null,1,0,0,0,0.005,SUCCESS
avro,null,17,0,0,1,0.139,SUCCESS
avro,null,1,0,0,0,0.013,SUCCESS
avro,null,2,0,0,0,0.015,SUCCESS
avro,null,15,0,0,0,0.068,SUCCESS
avro,null,20,0,0,0,0.044,SUCCESS
avro,null,3,0,0,0,0.007,SUCCESS
avro,null,6,0,0,0,0.011,SUCCESS
avro,null,5,0,0,0,0.001,SUCCESS
avro,null,4,0,0,0,0.013,SUCCESS
avro,null,3,0,0,0,0.001,SUCCESS
avro,null,13,0,0,0,0.016,SUCCESS
avro,null,2,0,0,0,0.009,SUCCESS
avro,null,52,0,0,0,5.373,SUCCESS
avro,null,16,0,0,0,0.027,SUCCESS
avro,null,48,0,0,0,0.082,SUCCESS
avro,null,33,0,0,0,0.012,SUCCESS
avro,null,3,0,0,0,0.001,SUCCESS
avro,null,4,0,0,0,0.0,SUCCESS
avro,null,4,0,0,0,0.004,SUCCESS
avro,null,2,0,0,0,0.001,SUCCESS
avro,null,816,0,0,0,0.852,SUCCESS
avro,null,1,0,0,0,0.001,SUCCESS
avro,null,1,0,0,0,0.002,SUCCESS
avro,null,32,0,0,0,0.001,SUCCESS
avro,null,1,0,0,0,0.523,SUCCESS
avro,null,1,0,0,0,0.001,SUCCESS
avro,null,1,0,0,0,0.001,SUCCESS
avro,null,3,0,0,0,0.007,SUCCESS
avro,null,50,0,0,0,0.025,SUCCESS
avro,null,5,0,0,0,0.003,SUCCESS
avro,null,29,0,0,0,0.014,SUCCESS
avro,null,10,0,0,0,3.8,SUCCESS
avro,null,84,0,0,0,0.016,SUCCESS
avro,null,3,0,0,0,0.029,SUCCESS
avro,null,816,0,0,0,1.22,SUCCESS
avro,null,20,0,0,0,0.056,SUCCESS
avro,null,2,0,0,0,0.007,SUCCESS
avro,null,972,0,0,0,0.226,SUCCESS
avro,null,1,0,0,0,0.001,SUCCESS
avro,null,1,0,0,0,0.001,SUCCESS
avro,null,4,0,0,0,0.001,SUCCESS
avro,null,5,0,0,0,0.012,SUCCESS
avro,null,4,0,0,0,0.046,SUCCESS
avro,null,1,0,0,0,0.0,SUCCESS
avro,null,2,0,0,0,0.035,SUCCESS
avro,null,3,0,0,0,0.019,SUCCESS
avro,null,13,0,0,0,0.007,SUCCESS
avro,null,3,0,0,0,0.014,SUCCESS
avro,null,50,0,0,0,0.068,SUCCESS
avro,null,16,0,0,0,0.024,SUCCESS
avro,null,74,0,0,0,0.142,SUCCESS
avro,null,1,0,0,0,0.001,SUCCESS
avro,null,1,0,0,0,0.001,SUCCESS
avro,null,2,0,0,0,0.005,SUCCESS
avro,null,1,0,0,0,0.025,SUCCESS
avro,null,52,0,0,0,4.113,SUCCESS
avro,null,6,0,0,0,0.008,SUCCESS
avro,null,16,0,0,0,0.011,SUCCESS
avro,null,10,0,0,0,3.77,SUCCESS
avro,null,48,0,0,0,0.05,SUCCESS
avro,null,17,0,0,1,0.063,SUCCESS
avro,null,8,0,0,0,0.015,SUCCESS
avro,null,1,0,0,0,0.008,SUCCESS
avro,null,12,0,0,0,1.572,SUCCESS
avro,null,10,0,0,0,0.003,SUCCESS
avro,null,32,0,0,0,0.018,SUCCESS
avro,null,376,0,0,0,0.047,SUCCESS
avro,null,11,0,0,0,0.011,SUCCESS
avro,null,15,0,0,0,0.022,SUCCESS
avro,null,1,0,0,0,0.001,SUCCESS
avro,null,1,0,0,0,0.003,SUCCESS
avro,null,2,0,0,0,0.001,SUCCESS
avro,null,26,0,0,0,0.01,SUCCESS
avro,null,26,0,0,0,0.006,SUCCESS
avro,null,34,0,0,0,0.005,SUCCESS
avro,null,4,0,0,0,0.001,SUCCESS
avro,null,5,0,0,0,0.98,SUCCESS
avro,null,29,0,0,0,0.005,SUCCESS
avro,null,17,0,0,0,0.008,SUCCESS
avro,null,4,0,0,0,0.001,SUCCESS
avro,null,14,0,0,0,0.002,SUCCESS
avro,null,84,0,0,0,0.012,SUCCESS
avro,null,3,0,0,0,0.0,SUCCESS
avro,null,1,0,0,0,0.001,SUCCESS
avro,null,35,0,0,0,0.033,SUCCESS
avro,null,4,0,0,0,0.016,SUCCESS
avro,null,33,0,0,0,0.012,SUCCESS
avro,null,3,0,0,0,0.038,SUCCESS
avro,null,1,0,0,0,0.376,SUCCESS
avro,null,192,0,0,0,0.067,SUCCESS
avro,null,1,0,0,0,0.001,SUCCESS
avro,null,9,0,0,0,0.012,SUCCESS
avro,null,1,0,0,0,0.024,SUCCESS
avro,null,3,0,0,0,0.002,SUCCESS
avro,null,2,0,0,0,0.002,SUCCESS
avro,null,39,0,0,0,0.049,SUCCESS
avro,null,4,0,0,0,0.001,SUCCESS
avro,null,2,0,0,0,0.002,SUCCESS
avro,null,2,0,0,0,0.005,SUCCESS
avro,null,5,0,0,0,0.002,SUCCESS
avro,null,4,0,0,0,0.004,SUCCESS
avro,null,2,0,0,0,0.003,SUCCESS
avro,null,17,0,0,0,0.028,SUCCESS
avro,null,5,0,0,0,0.526,SUCCESS
avro,null,1,0,0,0,1.2,SUCCESS
avro,null,19,0,0,0,0.493,SUCCESS
avro,null,38,0,0,0,9.122,SUCCESS
avro,null,2,0,0,0,0.522,SUCCESS
avro,null,2,0,0,0,0.702,SUCCESS
avro,null,5,0,0,0,2.572,SUCCESS
avro,null,2,0,0,0,1.194,SUCCESS
avro,null,2,0,0,0,0.492,SUCCESS
avro,null,2,0,0,0,0.366,SUCCESS
avro,null,7,0,0,0,0.763,SUCCESS
avro,null,1,0,0,0,0.463,SUCCESS
avro,null,14,0,0,0,1.13,SUCCESS
avro,null,14,0,0,0,1.504,SUCCESS
avro,null,2,0,0,0,0.581,SUCCESS
avro,null,2,0,0,0,0.499,SUCCESS
avro,null,7,0,0,0,0.657,SUCCESS
avro,null,58,0,0,0,8.861,SUCCESS
avro,null,9,0,0,0,0.73,SUCCESS
avro,null,2,0,0,0,0.458,SUCCESS
avro,null,8,0,0,0,0.642,SUCCESS
avro,null,2,0,0,0,0.626,SUCCESS
avro,null,7,0,0,0,0.583,SUCCESS
avro,null,1,0,0,0,0.467,SUCCESS
avro,null,1,0,0,0,0.659,SUCCESS
avro,null,9,0,0,0,0.764,SUCCESS
avro,null,10,0,0,3,0.528,SUCCESS
avro,null,2,0,0,0,0.573,SUCCESS
avro,null,7,0,0,0,0.608,SUCCESS
avro,null,1,0,0,0,0.512,SUCCESS
avro,null,6,0,0,0,0.481,SUCCESS
avro,null,14,0,0,0,1.169,SUCCESS
avro,null,3,0,0,0,0.009,SUCCESS
avro,null,3,0,0,0,0.037,SUCCESS
avro,null,20,0,0,0,4.47,SUCCESS
avro,null,11,0,0,0,0.738,SUCCESS
avro,null,2,0,0,0,1.195,SUCCESS
avro,null,6,0,0,0,0.045,SUCCESS
avro,null,14,0,0,0,0.564,SUCCESS
avro,null,1,0,0,0,0.615,SUCCESS
avro,null,3,0,0,0,0.94,SUCCESS
avro,null,16,0,0,0,2.64,SUCCESS
avro,null,2,0,0,0,1.173,SUCCESS
avro,null,14,0,0,0,3.464,SUCCESS
avro,null,14,0,0,0,6.754,SUCCESS
avro,null,5,0,0,0,4.322,SUCCESS
avro,null,11,0,0,1,27.703,SUCCESS
avro,null,5,0,0,0,4.699,SUCCESS
avro,null,5,0,0,0,4.301,SUCCESS
avro,null,1,0,0,0,7.962,SUCCESS
avro,null,1,0,0,0,0.522,SUCCESS
avro,null,8,0,0,0,1.477,SUCCESS
avro,null,24,0,0,0,2.99,SUCCESS
avro,null,1,0,0,0,0.033,SUCCESS
avro,null,22,0,0,0,0.061,SUCCESS
avro,null,1,0,0,0,0.012,SUCCESS
avro,null,1,0,0,0,4.882,SUCCESS
avro,null,7,0,0,0,2.279,SUCCESS
avro,null,1,0,0,0,0.577,SUCCESS
avro,null,5,0,0,0,0.211,SUCCESS
avro,null,1,0,0,0,3.081,SUCCESS
avro,null,1,0,0,0,0.558,SUCCESS
avro,null,1,0,0,0,3.406,SUCCESS
avro,null,1,0,0,0,0.58,SUCCESS
avro,null,1,0,0,0,1.132,SUCCESS
avro,null,1,0,0,0,0.491,SUCCESS
avro,null,1,0,0,0,3.003,SUCCESS
avro,null,2,0,0,0,4.329,SUCCESS
avro,null,2,0,0,0,9.324,SUCCESS
avro,null,9,0,0,0,0.812,SUCCESS
avro,null,3,0,0,0,1.609,SUCCESS
avro,null,3,0,0,0,1.549,SUCCESS
avro,null,1,0,0,0,1.205,SUCCESS
avro,null,4,0,0,0,7.611,SUCCESS
avro,null,7,0,0,0,10.079,SUCCESS
avro,null,1,0,0,0,0.978,SUCCESS
avro,null,1,0,0,0,0.017,SUCCESS
avro,null,3,0,0,0,0.028,SUCCESS
avro,null,4,0,0,0,6.978,SUCCESS
avro,null,1,0,0,0,3.78,SUCCESS
avro,null,1,0,0,0,3.403,SUCCESS
avro,null,2,0,0,0,4.702,SUCCESS
avro,null,7,0,0,0,1.133,SUCCESS
avro,null,8,0,0,0,1.737,SUCCESS
avro,null,5,0,0,0,5.342,SUCCESS
avro,null,6,0,0,0,0.972,SUCCESS
avro,null,11,0,0,0,1.143,SUCCESS
avro,null,1,0,0,0,3.249,SUCCESS
avro,null,1,0,0,0,2.92,SUCCESS
avro,null,2,0,0,0,1.256,SUCCESS
avro,null,1,0,0,0,1.096,SUCCESS
avro,null,1,0,0,0,0.757,SUCCESS
avro,null,1,0,0,0,0.778,SUCCESS
avro,null,1,0,0,0,4.343,SUCCESS
avro,null,16,0,0,0,0.73,SUCCESS
avro,null,1,0,0,0,0.458,SUCCESS
avro,null,1,0,0,0,4.516,SUCCESS
avro,null,2,0,0,0,0.966,SUCCESS
avro,null,1,0,0,0,4.308,SUCCESS
avro,null,3,0,0,0,2.217,SUCCESS
avro,null,8,0,0,0,1.672,SUCCESS
avro,null,1,0,0,0,0.168,SUCCESS
avro,null,2,0,0,0,1.317,SUCCESS
avro,null,2,0,0,0,0.119,SUCCESS
avro,null,7,0,0,0,1.852,SUCCESS
avro,null,2,0,0,0,1.32,SUCCESS
avro,null,8,0,0,0,2.685,SUCCESS
avro,null,1,0,0,0,5.53,SUCCESS
avro,null,5,0,0,0,1.864,SUCCESS
avro,null,1,0,0,0,1.775,SUCCESS
avro,null,1,0,0,0,2.202,SUCCESS
avro,null,1,0,0,0,0.881,SUCCESS
avro,null,8,0,0,0,3.003,SUCCESS
avro,null,21,0,0,0,1.262,SUCCESS
avro,null,1,0,0,0,0.663,SUCCESS
avro,null,8,0,0,0,0.111,SUCCESS
avro,null,8,0,0,0,0.015,SUCCESS
avro,null,7,0,0,0,0.55,SUCCESS
avro,null,2,0,0,0,0.412,SUCCESS
avro,null,12,0,0,0,1.609,SUCCESS
avro,null,2,0,0,0,0.671,SUCCESS
avro,null,1,0,0,0,0.41,SUCCESS
avro,null,3,0,0,0,0.348,SUCCESS
avro,null,2,0,0,0,0.413,SUCCESS
avro,null,1,0,0,0,0.392,SUCCESS
avro,null,6,0,0,0,0.412,SUCCESS
avro,null,3,0,0,0,0.415,SUCCESS
Sum: 305.7230000000001
--------------------Execution: 8 -----------------------------------
avro,null,6,0,0,0,0.092,SUCCESS
avro,null,1,0,0,0,0.05,SUCCESS
avro,null,2,0,0,0,0.025,SUCCESS
avro,null,9,0,0,0,0.053,SUCCESS
avro,null,1,0,0,0,0.051,SUCCESS
avro,null,1,0,0,0,0.001,SUCCESS
avro,null,3,0,0,0,0.005,SUCCESS
avro,null,13,0,0,0,0.03,SUCCESS
avro,null,4,0,0,0,0.007,SUCCESS
avro,null,14,0,0,0,0.01,SUCCESS
avro,null,1,0,0,0,0.013,SUCCESS
avro,null,17,0,0,1,0.175,SUCCESS
avro,null,10,0,0,0,5.332,SUCCESS
avro,null,50,0,0,0,0.046,SUCCESS
avro,null,3,0,0,0,0.001,SUCCESS
avro,null,2,0,0,0,0.001,SUCCESS
avro,null,20,0,0,0,0.067,SUCCESS
avro,null,26,0,0,0,0.021,SUCCESS
avro,null,26,0,0,0,0.011,SUCCESS
avro,null,34,0,0,0,0.016,SUCCESS
avro,null,17,0,0,0,0.026,SUCCESS
avro,null,3,0,0,0,0.002,SUCCESS
avro,null,1,0,0,0,0.003,SUCCESS
avro,null,1,0,0,0,0.001,SUCCESS
avro,null,17,0,0,0,0.066,SUCCESS
avro,null,972,0,0,0,0.482,SUCCESS
avro,null,1,0,0,0,0.001,SUCCESS
avro,null,2,0,0,0,0.001,SUCCESS
avro,null,4,0,0,0,0.001,SUCCESS
avro,null,29,0,0,0,0.002,SUCCESS
avro,null,2,0,0,0,0.003,SUCCESS
avro,null,35,0,0,0,0.048,SUCCESS
avro,null,5,0,0,0,1.586,SUCCESS
avro,null,33,0,0,0,0.017,SUCCESS
avro,null,1,0,0,0,0.005,SUCCESS
avro,null,1,0,0,0,0.0,SUCCESS
avro,null,2,0,0,0,0.005,SUCCESS
avro,null,4,0,0,0,0.005,SUCCESS
avro,null,15,0,0,0,0.026,SUCCESS
avro,null,2,0,0,0,0.003,SUCCESS
avro,null,12,0,0,0,2.4,SUCCESS
avro,null,1,0,0,0,0.001,SUCCESS
avro,null,4,0,0,0,0.011,SUCCESS
avro,null,1,0,0,0,0.484,SUCCESS
avro,null,10,0,0,0,0.013,SUCCESS
avro,null,52,0,0,0,5.448,SUCCESS
avro,null,16,0,0,0,0.017,SUCCESS
avro,null,32,0,0,0,0.019,SUCCESS
avro,null,2,0,0,0,0.012,SUCCESS
avro,null,48,0,0,0,0.096,SUCCESS
avro,null,11,0,0,0,0.018,SUCCESS
avro,null,816,0,0,0,0.869,SUCCESS
avro,null,8,0,0,0,0.001,SUCCESS
avro,null,4,0,0,0,0.004,SUCCESS
avro,null,3,0,0,0,0.004,SUCCESS
avro,null,192,0,0,0,0.096,SUCCESS
avro,null,1,0,0,0,0.001,SUCCESS
avro,null,84,0,0,0,0.018,SUCCESS
avro,null,1,0,0,0,0.015,SUCCESS
avro,null,376,0,0,0,0.145,SUCCESS
avro,null,16,0,0,0,0.011,SUCCESS
avro,null,4,0,0,0,0.008,SUCCESS
avro,null,2,0,0,0,0.003,SUCCESS
avro,null,74,0,0,0,0.177,SUCCESS
avro,null,3,0,0,0,0.033,SUCCESS
avro,null,5,0,0,0,0.007,SUCCESS
avro,null,4,0,0,0,0.003,SUCCESS
avro,null,5,0,0,0,0.009,SUCCESS
avro,null,3,0,0,0,0.005,SUCCESS
avro,null,39,0,0,0,0.149,SUCCESS
avro,null,84,0,0,0,0.114,SUCCESS
avro,null,5,0,0,0,0.043,SUCCESS
avro,null,2,0,0,0,0.016,SUCCESS
avro,null,1,0,0,0,0.001,SUCCESS
avro,null,6,0,0,0,0.016,SUCCESS
avro,null,3,0,0,0,0.043,SUCCESS
avro,null,5,0,0,0,0.971,SUCCESS
avro,null,1,0,0,0,0.048,SUCCESS
avro,null,52,0,0,0,4.839,SUCCESS
avro,null,4,0,0,0,0.001,SUCCESS
avro,null,14,0,0,0,0.003,SUCCESS
avro,null,17,0,0,0,0.014,SUCCESS
avro,null,1,0,0,0,0.0,SUCCESS
avro,null,4,0,0,0,0.004,SUCCESS
avro,null,32,0,0,0,0.034,SUCCESS
avro,null,3,0,0,0,0.003,SUCCESS
avro,null,2,0,0,0,0.073,SUCCESS
avro,null,15,0,0,0,0.033,SUCCESS
avro,null,2,0,0,0,0.014,SUCCESS
avro,null,8,0,0,0,0.015,SUCCESS
avro,null,3,0,0,0,0.002,SUCCESS
avro,null,2,0,0,0,0.006,SUCCESS
avro,null,376,0,0,0,0.093,SUCCESS
avro,null,48,0,0,0,0.081,SUCCESS
avro,null,1,0,0,0,0.001,SUCCESS
avro,null,74,0,0,0,0.133,SUCCESS
avro,null,16,0,0,0,0.016,SUCCESS
avro,null,4,0,0,0,0.016,SUCCESS
avro,null,9,0,0,0,0.172,SUCCESS
avro,null,10,0,0,0,4.965,SUCCESS
avro,null,20,0,0,0,0.02,SUCCESS
avro,null,17,0,0,1,0.061,SUCCESS
avro,null,13,0,0,0,0.02,SUCCESS
avro,null,16,0,0,0,0.016,SUCCESS
avro,null,816,0,0,0,0.737,SUCCESS
avro,null,3,0,0,0,0.001,SUCCESS
avro,null,1,0,0,0,0.44,SUCCESS
avro,null,192,0,0,0,0.129,SUCCESS
avro,null,11,0,0,0,0.033,SUCCESS
avro,null,33,0,0,0,0.019,SUCCESS
avro,null,2,0,0,0,0.009,SUCCESS
avro,null,17,0,0,0,0.058,SUCCESS
avro,null,2,0,0,0,0.001,SUCCESS
avro,null,1,0,0,0,0.001,SUCCESS
avro,null,39,0,0,0,0.072,SUCCESS
avro,null,1,0,0,0,0.001,SUCCESS
avro,null,3,0,0,0,0.001,SUCCESS
avro,null,1,0,0,0,0.001,SUCCESS
avro,null,2,0,0,0,0.002,SUCCESS
avro,null,35,0,0,0,0.056,SUCCESS
avro,null,4,0,0,0,0.013,SUCCESS
avro,null,4,0,0,0,0.013,SUCCESS
avro,null,972,0,0,0,0.285,SUCCESS
avro,null,29,0,0,0,0.003,SUCCESS
avro,null,1,0,0,0,0.002,SUCCESS
avro,null,10,0,0,0,0.003,SUCCESS
avro,null,4,0,0,0,0.007,SUCCESS
avro,null,50,0,0,0,0.025,SUCCESS
avro,null,12,0,0,0,2.279,SUCCESS
avro,null,3,0,0,0,0.027,SUCCESS
avro,null,1,0,0,0,0.001,SUCCESS
avro,null,1,0,0,0,0.02,SUCCESS
avro,null,26,0,0,0,0.014,SUCCESS
avro,null,26,0,0,0,0.011,SUCCESS
avro,null,34,0,0,0,0.043,SUCCESS
avro,null,1,0,0,0,0.001,SUCCESS
avro,null,2,0,0,0,0.001,SUCCESS
avro,null,1,0,0,0,0.0,SUCCESS
avro,null,5,0,0,0,0.001,SUCCESS
avro,null,4,0,0,0,0.001,SUCCESS
avro,null,1,0,0,0,0.015,SUCCESS
avro,null,10,0,0,0,4.932,SUCCESS
avro,null,12,0,0,0,1.446,SUCCESS
avro,null,52,0,0,0,3.285,SUCCESS
avro,null,5,0,0,0,0.012,SUCCESS
avro,null,1,0,0,0,0.017,SUCCESS
avro,null,1,0,0,0,0.009,SUCCESS
avro,null,17,0,0,1,0.104,SUCCESS
avro,null,6,0,0,0,0.009,SUCCESS
avro,null,16,0,0,0,0.014,SUCCESS
avro,null,17,0,0,0,0.055,SUCCESS
avro,null,1,0,0,0,0.001,SUCCESS
avro,null,4,0,0,0,0.011,SUCCESS
avro,null,2,0,0,0,0.006,SUCCESS
avro,null,1,0,0,0,0.001,SUCCESS
avro,null,9,0,0,0,0.015,SUCCESS
avro,null,4,0,0,0,0.006,SUCCESS
avro,null,4,0,0,0,0.02,SUCCESS
avro,null,1,0,0,0,0.001,SUCCESS
avro,null,20,0,0,0,0.034,SUCCESS
avro,null,2,0,0,0,0.013,SUCCESS
avro,null,48,0,0,0,0.056,SUCCESS
avro,null,32,0,0,0,0.007,SUCCESS
avro,null,74,0,0,0,0.128,SUCCESS
avro,null,3,0,0,0,0.005,SUCCESS
avro,null,4,0,0,0,0.001,SUCCESS
avro,null,14,0,0,0,0.004,SUCCESS
avro,null,1,0,0,0,0.007,SUCCESS
avro,null,3,0,0,0,0.001,SUCCESS
avro,null,4,0,0,0,0.022,SUCCESS
avro,null,26,0,0,0,0.019,SUCCESS
avro,null,26,0,0,0,0.009,SUCCESS
avro,null,34,0,0,0,0.002,SUCCESS
avro,null,1,0,0,0,0.001,SUCCESS
avro,null,2,0,0,0,0.009,SUCCESS
avro,null,192,0,0,0,0.132,SUCCESS
avro,null,50,0,0,0,0.048,SUCCESS
avro,null,1,0,0,0,0.037,SUCCESS
avro,null,84,0,0,0,0.023,SUCCESS
avro,null,2,0,0,0,0.002,SUCCESS
avro,null,3,0,0,0,0.001,SUCCESS
avro,null,972,0,0,0,0.477,SUCCESS
avro,null,33,0,0,0,0.001,SUCCESS
avro,null,11,0,0,0,0.022,SUCCESS
avro,null,3,0,0,0,0.001,SUCCESS
avro,null,39,0,0,0,0.054,SUCCESS
avro,null,2,0,0,0,0.003,SUCCESS
avro,null,16,0,0,0,0.014,SUCCESS
avro,null,816,0,0,0,0.808,SUCCESS
avro,null,2,0,0,0,0.0,SUCCESS
avro,null,2,0,0,0,0.009,SUCCESS
avro,null,3,0,0,0,0.001,SUCCESS
avro,null,4,0,0,0,0.0,SUCCESS
avro,null,10,0,0,0,0.001,SUCCESS
avro,null,1,0,0,0,0.369,SUCCESS
avro,null,35,0,0,0,0.047,SUCCESS
avro,null,1,0,0,0,0.002,SUCCESS
avro,null,29,0,0,0,0.015,SUCCESS
avro,null,15,0,0,0,0.024,SUCCESS
avro,null,8,0,0,0,0.007,SUCCESS
avro,null,5,0,0,0,0.003,SUCCESS
avro,null,5,0,0,0,1.617,SUCCESS
avro,null,376,0,0,0,0.043,SUCCESS
avro,null,13,0,0,0,0.003,SUCCESS
avro,null,2,0,0,0,0.008,SUCCESS
avro,null,1,0,0,0,0.0,SUCCESS
avro,null,3,0,0,0,0.026,SUCCESS
avro,null,17,0,0,0,0.009,SUCCESS
avro,null,1,0,0,0,0.015,SUCCESS
avro,null,4,0,0,0,0.003,SUCCESS
avro,null,2,0,0,0,0.487,SUCCESS
avro,null,38,0,0,0,10.052,SUCCESS
avro,null,2,0,0,0,0.645,SUCCESS
avro,null,1,0,0,0,1.607,SUCCESS
avro,null,5,0,0,0,0.448,SUCCESS
avro,null,19,0,0,0,0.557,SUCCESS
avro,null,5,0,0,0,2.373,SUCCESS
avro,null,2,0,0,0,1.766,SUCCESS
avro,null,2,0,0,0,0.646,SUCCESS
avro,null,2,0,0,0,0.345,SUCCESS
avro,null,2,0,0,0,0.484,SUCCESS
avro,null,3,0,0,0,0.027,SUCCESS
avro,null,14,0,0,0,1.085,SUCCESS
avro,null,2,0,0,0,0.522,SUCCESS
avro,null,7,0,0,0,0.926,SUCCESS
avro,null,14,0,0,0,1.17,SUCCESS
avro,null,14,0,0,0,0.488,SUCCESS
avro,null,11,0,0,0,0.602,SUCCESS
avro,null,58,0,0,0,9.725,SUCCESS
avro,null,9,0,0,0,0.759,SUCCESS
avro,null,1,0,0,0,0.506,SUCCESS
avro,null,1,0,0,0,0.695,SUCCESS
avro,null,7,0,0,0,0.684,SUCCESS
avro,null,2,0,0,0,0.538,SUCCESS
avro,null,14,0,0,0,1.403,SUCCESS
avro,null,1,0,0,0,0.58,SUCCESS
avro,null,1,0,0,0,0.577,SUCCESS
avro,null,8,0,0,0,0.621,SUCCESS
avro,null,2,0,0,0,0.458,SUCCESS
avro,null,2,0,0,0,0.622,SUCCESS
avro,null,20,0,0,0,4.255,SUCCESS
avro,null,9,0,0,0,0.518,SUCCESS
avro,null,6,0,0,0,0.016,SUCCESS
avro,null,3,0,0,0,0.019,SUCCESS
avro,null,1,0,0,0,0.605,SUCCESS
avro,null,7,0,0,0,0.642,SUCCESS
avro,null,10,0,0,3,0.56,SUCCESS
avro,null,6,0,0,0,0.43,SUCCESS
avro,null,2,0,0,0,0.737,SUCCESS
avro,null,7,0,0,0,0.579,SUCCESS
avro,null,14,0,0,0,3.695,SUCCESS
avro,null,2,0,0,0,1.151,SUCCESS
avro,null,3,0,0,0,0.803,SUCCESS
avro,null,16,0,0,0,3.102,SUCCESS
avro,null,11,0,0,1,27.685,SUCCESS
avro,null,5,0,0,0,4.31,SUCCESS
avro,null,14,0,0,0,6.252,SUCCESS
avro,null,5,0,0,0,4.469,SUCCESS
avro,null,1,0,0,0,0.439,SUCCESS
avro,null,5,0,0,0,4.93,SUCCESS
avro,null,1,0,0,0,7.024,SUCCESS
avro,null,8,0,0,0,1.437,SUCCESS
avro,null,22,0,0,0,0.06,SUCCESS
avro,null,24,0,0,0,2.782,SUCCESS
avro,null,1,0,0,0,0.016,SUCCESS
avro,null,1,0,0,0,0.044,SUCCESS
avro,null,3,0,0,0,2.233,SUCCESS
avro,null,1,0,0,0,0.023,SUCCESS
avro,null,1,0,0,0,0.569,SUCCESS
avro,null,2,0,0,0,4.238,SUCCESS
avro,null,1,0,0,0,0.458,SUCCESS
avro,null,1,0,0,0,1.754,SUCCESS
avro,null,4,0,0,0,8.537,SUCCESS
avro,null,8,0,0,0,2.579,SUCCESS
avro,null,1,0,0,0,3.154,SUCCESS
avro,null,1,0,0,0,4.294,SUCCESS
avro,null,1,0,0,0,0.944,SUCCESS
avro,null,1,0,0,0,3.175,SUCCESS
avro,null,1,0,0,0,3.128,SUCCESS
avro,null,4,0,0,0,6.498,SUCCESS
avro,null,2,0,0,0,2.232,SUCCESS
avro,null,7,0,0,0,1.31,SUCCESS
avro,null,5,0,0,0,0.17,SUCCESS
avro,null,1,0,0,0,0.539,SUCCESS
avro,null,1,0,0,0,0.991,SUCCESS
avro,null,1,0,0,0,2.0,SUCCESS
avro,null,1,0,0,0,3.093,SUCCESS
avro,null,2,0,0,0,7.929,SUCCESS
avro,null,3,0,0,0,1.46,SUCCESS
avro,null,1,0,0,0,0.659,SUCCESS
avro,null,2,0,0,0,4.666,SUCCESS
avro,null,6,0,0,0,1.07,SUCCESS
avro,null,5,0,0,0,5.412,SUCCESS
avro,null,9,0,0,0,0.672,SUCCESS
avro,null,1,0,0,0,3.115,SUCCESS
avro,null,1,0,0,0,0.364,SUCCESS
avro,null,7,0,0,0,1.53,SUCCESS
avro,null,3,0,0,0,0.026,SUCCESS
avro,null,11,0,0,0,1.175,SUCCESS
avro,null,7,0,0,0,9.785,SUCCESS
avro,null,1,0,0,0,3.271,SUCCESS
avro,null,1,0,0,0,2.789,SUCCESS
avro,null,1,0,0,0,4.071,SUCCESS
avro,null,1,0,0,0,0.602,SUCCESS
avro,null,16,0,0,0,0.91,SUCCESS
avro,null,1,0,0,0,0.272,SUCCESS
avro,null,1,0,0,0,4.136,SUCCESS
avro,null,1,0,0,0,4.175,SUCCESS
avro,null,2,0,0,0,0.802,SUCCESS
avro,null,7,0,0,0,1.835,SUCCESS
avro,null,1,0,0,0,2.028,SUCCESS
avro,null,1,0,0,0,5.088,SUCCESS
avro,null,1,0,0,0,0.46,SUCCESS
avro,null,1,0,0,0,0.175,SUCCESS
avro,null,8,0,0,0,1.37,SUCCESS
avro,null,21,0,0,0,1.309,SUCCESS
avro,null,1,0,0,0,2.078,SUCCESS
avro,null,2,0,0,0,1.356,SUCCESS
avro,null,8,0,0,0,3.043,SUCCESS
avro,null,2,0,0,0,1.379,SUCCESS
avro,null,1,0,0,0,0.926,SUCCESS
avro,null,5,0,0,0,1.819,SUCCESS
avro,null,8,0,0,0,0.102,SUCCESS
avro,null,8,0,0,0,3.461,SUCCESS
avro,null,3,0,0,0,3.145,SUCCESS
avro,null,2,0,0,0,0.095,SUCCESS
avro,null,8,0,0,0,0.023,SUCCESS
avro,null,7,0,0,0,0.768,SUCCESS
avro,null,2,0,0,0,0.496,SUCCESS
avro,null,2,0,0,0,0.6,SUCCESS
avro,null,12,0,0,0,1.766,SUCCESS
avro,null,1,0,0,0,0.517,SUCCESS
avro,null,3,0,0,0,0.462,SUCCESS
avro,null,2,0,0,0,0.52,SUCCESS
avro,null,1,0,0,0,0.503,SUCCESS
avro,null,6,0,0,0,0.52,SUCCESS
avro,null,3,0,0,0,0.517,SUCCESS
Sum: 313.7960000000001
--------------------Execution: 9 -----------------------------------
avro,null,9,0,0,0,0.058,SUCCESS
avro,null,52,0,0,0,3.895,SUCCESS
avro,null,1,0,0,0,0.006,SUCCESS
avro,null,35,0,0,0,0.025,SUCCESS
avro,null,26,0,0,0,0.013,SUCCESS
avro,null,26,0,0,0,0.01,SUCCESS
avro,null,34,0,0,0,0.002,SUCCESS
avro,null,29,0,0,0,0.015,SUCCESS
avro,null,10,0,0,0,0.011,SUCCESS
avro,null,16,0,0,0,0.021,SUCCESS
avro,null,17,0,0,1,0.078,SUCCESS
avro,null,3,0,0,0,0.005,SUCCESS
avro,null,50,0,0,0,0.029,SUCCESS
avro,null,1,0,0,0,0.001,SUCCESS
avro,null,39,0,0,0,0.06,SUCCESS
avro,null,32,0,0,0,0.024,SUCCESS
avro,null,1,0,0,0,0.001,SUCCESS
avro,null,17,0,0,0,0.007,SUCCESS
avro,null,33,0,0,0,0.012,SUCCESS
avro,null,16,0,0,0,0.009,SUCCESS
avro,null,5,0,0,0,1.382,SUCCESS
avro,null,4,0,0,0,0.018,SUCCESS
avro,null,3,0,0,0,0.002,SUCCESS
avro,null,4,0,0,0,0.01,SUCCESS
avro,null,2,0,0,0,0.002,SUCCESS
avro,null,4,0,0,0,0.002,SUCCESS
avro,null,972,0,0,0,0.577,SUCCESS
avro,null,74,0,0,0,0.39,SUCCESS
avro,null,5,0,0,0,0.012,SUCCESS
avro,null,84,0,0,0,0.047,SUCCESS
avro,null,2,0,0,0,0.014,SUCCESS
avro,null,1,0,0,0,0.001,SUCCESS
avro,null,4,0,0,0,0.001,SUCCESS
avro,null,1,0,0,0,0.0,SUCCESS
avro,null,4,0,0,0,0.001,SUCCESS
avro,null,1,0,0,0,0.003,SUCCESS
avro,null,1,0,0,0,0.001,SUCCESS
avro,null,1,0,0,0,0.06,SUCCESS
avro,null,11,0,0,0,0.019,SUCCESS
avro,null,5,0,0,0,0.018,SUCCESS
avro,null,48,0,0,0,0.157,SUCCESS
avro,null,2,0,0,0,0.001,SUCCESS
avro,null,4,0,0,0,0.008,SUCCESS
avro,null,14,0,0,0,0.002,SUCCESS
avro,null,1,0,0,0,0.001,SUCCESS
avro,null,17,0,0,0,0.044,SUCCESS
avro,null,1,0,0,0,0.004,SUCCESS
avro,null,376,0,0,0,0.097,SUCCESS
avro,null,6,0,0,0,0.002,SUCCESS
avro,null,3,0,0,0,0.028,SUCCESS
avro,null,1,0,0,0,0.373,SUCCESS
avro,null,2,0,0,0,0.005,SUCCESS
avro,null,816,0,0,0,0.577,SUCCESS
avro,null,12,0,0,0,1.237,SUCCESS
avro,null,192,0,0,0,0.052,SUCCESS
avro,null,10,0,0,0,4.215,SUCCESS
avro,null,3,0,0,0,0.002,SUCCESS
avro,null,15,0,0,0,0.036,SUCCESS
avro,null,1,0,0,0,0.014,SUCCESS
avro,null,2,0,0,0,0.001,SUCCESS
avro,null,20,0,0,0,0.033,SUCCESS
avro,null,3,0,0,0,0.001,SUCCESS
avro,null,2,0,0,0,0.007,SUCCESS
avro,null,1,0,0,0,0.002,SUCCESS
avro,null,13,0,0,0,0.006,SUCCESS
avro,null,4,0,0,0,0.015,SUCCESS
avro,null,2,0,0,0,0.0,SUCCESS
avro,null,3,0,0,0,0.014,SUCCESS
avro,null,8,0,0,0,0.001,SUCCESS
avro,null,2,0,0,0,0.0,SUCCESS
avro,null,5,0,0,0,0.039,SUCCESS
avro,null,5,0,0,0,0.036,SUCCESS
avro,null,32,0,0,0,0.073,SUCCESS
avro,null,48,0,0,0,0.071,SUCCESS
avro,null,1,0,0,0,0.002,SUCCESS
avro,null,17,0,0,0,0.091,SUCCESS
avro,null,1,0,0,0,0.006,SUCCESS
avro,null,12,0,0,0,1.307,SUCCESS
avro,null,2,0,0,0,0.028,SUCCESS
avro,null,4,0,0,0,0.009,SUCCESS
avro,null,2,0,0,0,0.007,SUCCESS
avro,null,4,0,0,0,0.003,SUCCESS
avro,null,6,0,0,0,0.008,SUCCESS
avro,null,84,0,0,0,0.023,SUCCESS
avro,null,1,0,0,0,0.005,SUCCESS
avro,null,8,0,0,0,0.009,SUCCESS
avro,null,74,0,0,0,0.102,SUCCESS
avro,null,11,0,0,0,0.074,SUCCESS
avro,null,29,0,0,0,0.012,SUCCESS
avro,null,2,0,0,0,0.004,SUCCESS
avro,null,52,0,0,0,4.54,SUCCESS
avro,null,1,0,0,0,0.324,SUCCESS
avro,null,10,0,0,0,3.877,SUCCESS
avro,null,26,0,0,0,0.01,SUCCESS
avro,null,26,0,0,0,0.006,SUCCESS
avro,null,34,0,0,0,0.002,SUCCESS
avro,null,192,0,0,0,0.071,SUCCESS
avro,null,4,0,0,0,0.007,SUCCESS
avro,null,2,0,0,0,0.0,SUCCESS
avro,null,2,0,0,0,0.007,SUCCESS
avro,null,13,0,0,0,0.006,SUCCESS
avro,null,376,0,0,0,0.066,SUCCESS
avro,null,33,0,0,0,0.004,SUCCESS
avro,null,35,0,0,0,0.03,SUCCESS
avro,null,3,0,0,0,0.001,SUCCESS
avro,null,17,0,0,0,0.011,SUCCESS
avro,null,16,0,0,0,0.012,SUCCESS
avro,null,1,0,0,0,0.004,SUCCESS
avro,null,972,0,0,0,0.219,SUCCESS
avro,null,3,0,0,0,0.001,SUCCESS
avro,null,1,0,0,0,0.001,SUCCESS
avro,null,3,0,0,0,0.001,SUCCESS
avro,null,17,0,0,1,0.076,SUCCESS
avro,null,39,0,0,0,0.131,SUCCESS
avro,null,1,0,0,0,0.001,SUCCESS
avro,null,9,0,0,0,0.011,SUCCESS
avro,null,1,0,0,0,0.021,SUCCESS
avro,null,2,0,0,0,0.006,SUCCESS
avro,null,1,0,0,0,0.02,SUCCESS
avro,null,5,0,0,0,1.196,SUCCESS
avro,null,3,0,0,0,0.002,SUCCESS
avro,null,1,0,0,0,0.001,SUCCESS
avro,null,4,0,0,0,0.004,SUCCESS
avro,null,816,0,0,0,0.486,SUCCESS
avro,null,10,0,0,0,0.001,SUCCESS
avro,null,15,0,0,0,0.025,SUCCESS
avro,null,4,0,0,0,0.007,SUCCESS
avro,null,3,0,0,0,0.01,SUCCESS
avro,null,50,0,0,0,0.07,SUCCESS
avro,null,2,0,0,0,0.001,SUCCESS
avro,null,2,0,0,0,0.002,SUCCESS
avro,null,4,0,0,0,0.001,SUCCESS
avro,null,3,0,0,0,0.035,SUCCESS
avro,null,20,0,0,0,0.036,SUCCESS
avro,null,1,0,0,0,0.001,SUCCESS
avro,null,16,0,0,0,0.021,SUCCESS
avro,null,1,0,0,0,0.005,SUCCESS
avro,null,1,0,0,0,0.002,SUCCESS
avro,null,4,0,0,0,0.002,SUCCESS
avro,null,14,0,0,0,0.0,SUCCESS
avro,null,26,0,0,0,0.029,SUCCESS
avro,null,26,0,0,0,0.021,SUCCESS
avro,null,34,0,0,0,0.013,SUCCESS
avro,null,3,0,0,0,0.114,SUCCESS
avro,null,4,0,0,0,0.003,SUCCESS
avro,null,14,0,0,0,0.004,SUCCESS
avro,null,8,0,0,0,0.003,SUCCESS
avro,null,3,0,0,0,0.002,SUCCESS
avro,null,2,0,0,0,0.108,SUCCESS
avro,null,972,0,0,0,0.505,SUCCESS
avro,null,6,0,0,0,0.001,SUCCESS
avro,null,1,0,0,0,0.003,SUCCESS
avro,null,35,0,0,0,0.045,SUCCESS
avro,null,2,0,0,0,0.009,SUCCESS
avro,null,1,0,0,0,0.002,SUCCESS
avro,null,2,0,0,0,0.004,SUCCESS
avro,null,16,0,0,0,0.014,SUCCESS
avro,null,16,0,0,0,0.019,SUCCESS
avro,null,1,0,0,0,0.001,SUCCESS
avro,null,3,0,0,0,0.0,SUCCESS
avro,null,12,0,0,0,1.512,SUCCESS
avro,null,4,0,0,0,0.003,SUCCESS
avro,null,5,0,0,0,0.003,SUCCESS
avro,null,15,0,0,0,0.02,SUCCESS
avro,null,10,0,0,0,0.011,SUCCESS
avro,null,2,0,0,0,0.003,SUCCESS
avro,null,32,0,0,0,0.018,SUCCESS
avro,null,1,0,0,0,0.0,SUCCESS
avro,null,17,0,0,0,0.01,SUCCESS
avro,null,4,0,0,0,0.008,SUCCESS
avro,null,39,0,0,0,0.036,SUCCESS
avro,null,74,0,0,0,0.078,SUCCESS
avro,null,9,0,0,0,0.006,SUCCESS
avro,null,1,0,0,0,0.031,SUCCESS
avro,null,10,0,0,0,4.308,SUCCESS
avro,null,5,0,0,0,0.002,SUCCESS
avro,null,50,0,0,0,0.024,SUCCESS
avro,null,17,0,0,0,0.07,SUCCESS
avro,null,4,0,0,0,0.004,SUCCESS
avro,null,3,0,0,0,0.026,SUCCESS
avro,null,2,0,0,0,0.002,SUCCESS
avro,null,1,0,0,0,0.037,SUCCESS
avro,null,29,0,0,0,0.023,SUCCESS
avro,null,1,0,0,0,0.334,SUCCESS
avro,null,3,0,0,0,0.001,SUCCESS
avro,null,4,0,0,0,0.014,SUCCESS
avro,null,1,0,0,0,0.04,SUCCESS
avro,null,1,0,0,0,0.0,SUCCESS
avro,null,1,0,0,0,0.001,SUCCESS
avro,null,33,0,0,0,0.024,SUCCESS
avro,null,2,0,0,0,0.025,SUCCESS
avro,null,3,0,0,0,0.003,SUCCESS
avro,null,5,0,0,0,1.013,SUCCESS
avro,null,192,0,0,0,0.086,SUCCESS
avro,null,20,0,0,0,0.031,SUCCESS
avro,null,2,0,0,0,0.001,SUCCESS
avro,null,11,0,0,0,0.022,SUCCESS
avro,null,1,0,0,0,0.002,SUCCESS
avro,null,17,0,0,1,0.062,SUCCESS
avro,null,4,0,0,0,0.005,SUCCESS
avro,null,1,0,0,0,0.007,SUCCESS
avro,null,816,0,0,0,0.614,SUCCESS
avro,null,52,0,0,0,4.425,SUCCESS
avro,null,2,0,0,0,0.002,SUCCESS
avro,null,13,0,0,0,0.014,SUCCESS
avro,null,48,0,0,0,0.055,SUCCESS
avro,null,376,0,0,0,0.033,SUCCESS
avro,null,84,0,0,0,0.002,SUCCESS
avro,null,1,0,0,0,0.0,SUCCESS
avro,null,4,0,0,0,0.003,SUCCESS
avro,null,19,0,0,0,0.467,SUCCESS
avro,null,2,0,0,0,0.524,SUCCESS
avro,null,38,0,0,0,7.258,SUCCESS
avro,null,1,0,0,0,0.969,SUCCESS
avro,null,2,0,0,0,0.456,SUCCESS
avro,null,5,0,0,0,0.459,SUCCESS
avro,null,5,0,0,0,2.139,SUCCESS
avro,null,2,0,0,0,1.01,SUCCESS
avro,null,2,0,0,0,0.359,SUCCESS
avro,null,2,0,0,0,0.329,SUCCESS
avro,null,3,0,0,0,0.031,SUCCESS
avro,null,11,0,0,0,0.576,SUCCESS
avro,null,2,0,0,0,0.375,SUCCESS
avro,null,14,0,0,0,0.405,SUCCESS
avro,null,1,0,0,0,0.402,SUCCESS
avro,null,14,0,0,0,0.96,SUCCESS
avro,null,58,0,0,0,7.202,SUCCESS
avro,null,10,0,0,3,0.434,SUCCESS
avro,null,14,0,0,0,1.118,SUCCESS
avro,null,9,0,0,0,0.446,SUCCESS
avro,null,7,0,0,0,0.535,SUCCESS
avro,null,1,0,0,0,0.44,SUCCESS
avro,null,14,0,0,0,1.313,SUCCESS
avro,null,2,0,0,0,0.628,SUCCESS
avro,null,9,0,0,0,0.931,SUCCESS
avro,null,1,0,0,0,0.655,SUCCESS
avro,null,20,0,0,0,4.05,SUCCESS
avro,null,2,0,0,0,0.624,SUCCESS
avro,null,8,0,0,0,0.626,SUCCESS
avro,null,2,0,0,0,0.456,SUCCESS
avro,null,2,0,0,0,0.601,SUCCESS
avro,null,7,0,0,0,0.527,SUCCESS
avro,null,6,0,0,0,0.014,SUCCESS
avro,null,1,0,0,0,0.387,SUCCESS
avro,null,2,0,0,0,0.433,SUCCESS
avro,null,7,0,0,0,0.521,SUCCESS
avro,null,7,0,0,0,0.531,SUCCESS
avro,null,6,0,0,0,0.412,SUCCESS
avro,null,1,0,0,0,0.524,SUCCESS
avro,null,3,0,0,0,0.011,SUCCESS
avro,null,3,0,0,0,0.89,SUCCESS
avro,null,2,0,0,0,0.947,SUCCESS
avro,null,14,0,0,0,3.007,SUCCESS
avro,null,16,0,0,0,2.352,SUCCESS
avro,null,5,0,0,0,4.49,SUCCESS
avro,null,1,0,0,0,0.415,SUCCESS
avro,null,11,0,0,1,27.748,SUCCESS
avro,null,14,0,0,0,7.011,SUCCESS
avro,null,1,0,0,0,7.244,SUCCESS
avro,null,5,0,0,0,4.292,SUCCESS
avro,null,5,0,0,0,4.187,SUCCESS
avro,null,24,0,0,0,3.238,SUCCESS
avro,null,22,0,0,0,0.06,SUCCESS
avro,null,1,0,0,0,0.052,SUCCESS
avro,null,1,0,0,0,0.016,SUCCESS
avro,null,8,0,0,0,1.369,SUCCESS
avro,null,3,0,0,0,0.062,SUCCESS
avro,null,2,0,0,0,4.16,SUCCESS
avro,null,1,0,0,0,0.547,SUCCESS
avro,null,1,0,0,0,2.709,SUCCESS
avro,null,1,0,0,0,2.898,SUCCESS
avro,null,11,0,0,0,0.976,SUCCESS
avro,null,1,0,0,0,3.043,SUCCESS
avro,null,6,0,0,0,1.016,SUCCESS
avro,null,2,0,0,0,1.154,SUCCESS
avro,null,1,0,0,0,2.431,SUCCESS
avro,null,1,0,0,0,2.991,SUCCESS
avro,null,1,0,0,0,0.558,SUCCESS
avro,null,7,0,0,0,9.899,SUCCESS
avro,null,8,0,0,0,1.544,SUCCESS
avro,null,1,0,0,0,0.763,SUCCESS
avro,null,1,0,0,0,0.876,SUCCESS
avro,null,1,0,0,0,0.926,SUCCESS
avro,null,3,0,0,0,1.233,SUCCESS
avro,null,1,0,0,0,2.831,SUCCESS
avro,null,1,0,0,0,0.347,SUCCESS
avro,null,2,0,0,0,3.75,SUCCESS
avro,null,4,0,0,0,6.151,SUCCESS
avro,null,1,0,0,0,0.015,SUCCESS
avro,null,5,0,0,0,5.097,SUCCESS
avro,null,4,0,0,0,6.074,SUCCESS
avro,null,3,0,0,0,1.406,SUCCESS
avro,null,1,0,0,0,2.618,SUCCESS
avro,null,7,0,0,0,1.327,SUCCESS
avro,null,1,0,0,0,0.882,SUCCESS
avro,null,5,0,0,0,0.178,SUCCESS
avro,null,1,0,0,0,3.992,SUCCESS
avro,null,9,0,0,0,0.736,SUCCESS
avro,null,2,0,0,0,7.071,SUCCESS
avro,null,1,0,0,0,0.341,SUCCESS
avro,null,7,0,0,0,1.079,SUCCESS
avro,null,1,0,0,0,0.377,SUCCESS
avro,null,2,0,0,0,0.718,SUCCESS
avro,null,16,0,0,0,0.643,SUCCESS
avro,null,1,0,0,0,0.217,SUCCESS
avro,null,1,0,0,0,3.976,SUCCESS
avro,null,1,0,0,0,0.556,SUCCESS
avro,null,1,0,0,0,4.0,SUCCESS
avro,null,1,0,0,0,3.805,SUCCESS
avro,null,5,0,0,0,1.46,SUCCESS
avro,null,1,0,0,0,0.127,SUCCESS
avro,null,1,0,0,0,0.425,SUCCESS
avro,null,2,0,0,0,1.113,SUCCESS
avro,null,3,0,0,0,1.615,SUCCESS
avro,null,1,0,0,0,0.709,SUCCESS
avro,null,8,0,0,0,0.077,SUCCESS
avro,null,8,0,0,0,2.558,SUCCESS
avro,null,2,0,0,0,0.069,SUCCESS
avro,null,1,0,0,0,4.113,SUCCESS
avro,null,2,0,0,0,1.103,SUCCESS
avro,null,21,0,0,0,1.126,SUCCESS
avro,null,7,0,0,0,1.405,SUCCESS
avro,null,1,0,0,0,1.519,SUCCESS
avro,null,8,0,0,0,2.336,SUCCESS
avro,null,1,0,0,0,2.0,SUCCESS
avro,null,8,0,0,0,1.206,SUCCESS
avro,null,8,0,0,0,0.015,SUCCESS
avro,null,7,0,0,0,0.475,SUCCESS
avro,null,2,0,0,0,0.389,SUCCESS
avro,null,2,0,0,0,0.504,SUCCESS
avro,null,12,0,0,0,1.245,SUCCESS
avro,null,1,0,0,0,0.379,SUCCESS
avro,null,3,0,0,0,0.323,SUCCESS
avro,null,2,0,0,0,0.373,SUCCESS
avro,null,6,0,0,0,0.382,SUCCESS
avro,null,1,0,0,0,0.366,SUCCESS
avro,null,3,0,0,0,0.377,SUCCESS
Sum: 272.2320000000002
--------------------Execution: 10 -----------------------------------
avro,null,52,0,0,0,4.289,SUCCESS
avro,null,35,0,0,0,0.039,SUCCESS
avro,null,3,0,0,0,0.083,SUCCESS
avro,null,3,0,0,0,0.004,SUCCESS
avro,null,376,0,0,0,0.106,SUCCESS
avro,null,1,0,0,0,0.001,SUCCESS
avro,null,16,0,0,0,0.007,SUCCESS
avro,null,1,0,0,0,0.007,SUCCESS
avro,null,13,0,0,0,0.017,SUCCESS
avro,null,1,0,0,0,0.001,SUCCESS
avro,null,4,0,0,0,0.019,SUCCESS
avro,null,1,0,0,0,0.011,SUCCESS
avro,null,74,0,0,0,0.154,SUCCESS
avro,null,33,0,0,0,0.019,SUCCESS
avro,null,972,0,0,0,0.571,SUCCESS
avro,null,9,0,0,0,0.001,SUCCESS
avro,null,4,0,0,0,0.001,SUCCESS
avro,null,4,0,0,0,0.0,SUCCESS
avro,null,17,0,0,1,0.071,SUCCESS
avro,null,1,0,0,0,0.011,SUCCESS
avro,null,48,0,0,0,0.067,SUCCESS
avro,null,4,0,0,0,0.003,SUCCESS
avro,null,15,0,0,0,0.029,SUCCESS
avro,null,3,0,0,0,0.002,SUCCESS
avro,null,26,0,0,0,0.021,SUCCESS
avro,null,26,0,0,0,0.002,SUCCESS
avro,null,34,0,0,0,0.01,SUCCESS
avro,null,11,0,0,0,0.02,SUCCESS
avro,null,816,0,0,0,0.782,SUCCESS
avro,null,1,0,0,0,0.001,SUCCESS
avro,null,84,0,0,0,0.017,SUCCESS
avro,null,20,0,0,0,0.029,SUCCESS
avro,null,6,0,0,0,0.004,SUCCESS
avro,null,1,0,0,0,0.004,SUCCESS
avro,null,1,0,0,0,0.43,SUCCESS
avro,null,2,0,0,0,0.001,SUCCESS
avro,null,1,0,0,0,0.005,SUCCESS
avro,null,10,0,0,0,4.108,SUCCESS
avro,null,1,0,0,0,0.014,SUCCESS
avro,null,17,0,0,0,0.051,SUCCESS
avro,null,192,0,0,0,0.05,SUCCESS
avro,null,3,0,0,0,0.001,SUCCESS
avro,null,32,0,0,0,0.013,SUCCESS
avro,null,2,0,0,0,0.003,SUCCESS
avro,null,10,0,0,0,0.004,SUCCESS
avro,null,2,0,0,0,0.004,SUCCESS
avro,null,2,0,0,0,0.005,SUCCESS
avro,null,4,0,0,0,0.001,SUCCESS
avro,null,3,0,0,0,0.002,SUCCESS
avro,null,16,0,0,0,0.008,SUCCESS
avro,null,39,0,0,0,0.066,SUCCESS
avro,null,1,0,0,0,0.004,SUCCESS
avro,null,50,0,0,0,0.017,SUCCESS
avro,null,5,0,0,0,1.113,SUCCESS
avro,null,17,0,0,0,0.008,SUCCESS
avro,null,2,0,0,0,0.001,SUCCESS
avro,null,29,0,0,0,0.009,SUCCESS
avro,null,5,0,0,0,0.001,SUCCESS
avro,null,1,0,0,0,0.001,SUCCESS
avro,null,12,0,0,0,1.441,SUCCESS
avro,null,8,0,0,0,0.005,SUCCESS
avro,null,2,0,0,0,0.001,SUCCESS
avro,null,2,0,0,0,0.001,SUCCESS
avro,null,4,0,0,0,0.001,SUCCESS
avro,null,14,0,0,0,0.001,SUCCESS
avro,null,4,0,0,0,0.003,SUCCESS
avro,null,2,0,0,0,0.003,SUCCESS
avro,null,1,0,0,0,0.001,SUCCESS
avro,null,3,0,0,0,0.002,SUCCESS
avro,null,5,0,0,0,0.001,SUCCESS
avro,null,16,0,0,0,0.033,SUCCESS
avro,null,1,0,0,0,0.005,SUCCESS
avro,null,4,0,0,0,0.047,SUCCESS
avro,null,15,0,0,0,0.098,SUCCESS
avro,null,52,0,0,0,4.81,SUCCESS
avro,null,1,0,0,0,0.016,SUCCESS
avro,null,16,0,0,0,0.014,SUCCESS
avro,null,3,0,0,0,0.007,SUCCESS
avro,null,5,0,0,0,0.003,SUCCESS
avro,null,1,0,0,0,0.0,SUCCESS
avro,null,6,0,0,0,0.001,SUCCESS
avro,null,12,0,0,0,1.302,SUCCESS
avro,null,1,0,0,0,0.005,SUCCESS
avro,null,1,0,0,0,0.001,SUCCESS
avro,null,972,0,0,0,0.333,SUCCESS
avro,null,2,0,0,0,0.001,SUCCESS
avro,null,29,0,0,0,0.018,SUCCESS
avro,null,816,0,0,0,0.862,SUCCESS
avro,null,3,0,0,0,0.006,SUCCESS
avro,null,2,0,0,0,0.001,SUCCESS
avro,null,2,0,0,0,0.046,SUCCESS
avro,null,74,0,0,0,0.148,SUCCESS
avro,null,3,0,0,0,0.0,SUCCESS
avro,null,4,0,0,0,0.002,SUCCESS
avro,null,2,0,0,0,0.001,SUCCESS
avro,null,2,0,0,0,0.001,SUCCESS
avro,null,4,0,0,0,0.023,SUCCESS
avro,null,39,0,0,0,0.099,SUCCESS
avro,null,10,0,0,0,4.266,SUCCESS
avro,null,9,0,0,0,0.008,SUCCESS
avro,null,2,0,0,0,0.0,SUCCESS
avro,null,192,0,0,0,0.065,SUCCESS
avro,null,3,0,0,0,0.032,SUCCESS
avro,null,4,0,0,0,0.015,SUCCESS
avro,null,48,0,0,0,0.055,SUCCESS
avro,null,8,0,0,0,0.01,SUCCESS
avro,null,4,0,0,0,0.001,SUCCESS
avro,null,1,0,0,0,0.411,SUCCESS
avro,null,1,0,0,0,0.014,SUCCESS
avro,null,35,0,0,0,0.058,SUCCESS
avro,null,5,0,0,0,0.002,SUCCESS
avro,null,84,0,0,0,0.004,SUCCESS
avro,null,2,0,0,0,0.001,SUCCESS
avro,null,2,0,0,0,0.001,SUCCESS
avro,null,17,0,0,1,0.115,SUCCESS
avro,null,1,0,0,0,0.001,SUCCESS
avro,null,1,0,0,0,0.002,SUCCESS
avro,null,3,0,0,0,0.001,SUCCESS
avro,null,1,0,0,0,0.003,SUCCESS
avro,null,1,0,0,0,0.002,SUCCESS
avro,null,376,0,0,0,0.082,SUCCESS
avro,null,33,0,0,0,0.01,SUCCESS
avro,null,17,0,0,0,0.055,SUCCESS
avro,null,26,0,0,0,0.013,SUCCESS
avro,null,26,0,0,0,0.015,SUCCESS
avro,null,34,0,0,0,0.001,SUCCESS
avro,null,10,0,0,0,0.001,SUCCESS
avro,null,17,0,0,0,0.016,SUCCESS
avro,null,50,0,0,0,0.028,SUCCESS
avro,null,3,0,0,0,0.002,SUCCESS
avro,null,11,0,0,0,0.008,SUCCESS
avro,null,1,0,0,0,0.008,SUCCESS
avro,null,1,0,0,0,0.002,SUCCESS
avro,null,13,0,0,0,0.009,SUCCESS
avro,null,20,0,0,0,0.028,SUCCESS
avro,null,4,0,0,0,0.001,SUCCESS
avro,null,14,0,0,0,0.002,SUCCESS
avro,null,32,0,0,0,0.015,SUCCESS
avro,null,4,0,0,0,0.002,SUCCESS
avro,null,5,0,0,0,1.458,SUCCESS
avro,null,2,0,0,0,0.117,SUCCESS
avro,null,1,0,0,0,0.009,SUCCESS
avro,null,17,0,0,0,0.115,SUCCESS
avro,null,12,0,0,0,2.056,SUCCESS
avro,null,1,0,0,0,0.025,SUCCESS
avro,null,2,0,0,0,0.024,SUCCESS
avro,null,2,0,0,0,0.009,SUCCESS
avro,null,33,0,0,0,0.017,SUCCESS
avro,null,1,0,0,0,0.001,SUCCESS
avro,null,2,0,0,0,0.026,SUCCESS
avro,null,192,0,0,0,0.177,SUCCESS
avro,null,1,0,0,0,0.0,SUCCESS
avro,null,4,0,0,0,0.001,SUCCESS
avro,null,14,0,0,0,0.0,SUCCESS
avro,null,1,0,0,0,0.001,SUCCESS
avro,null,3,0,0,0,0.041,SUCCESS
avro,null,20,0,0,0,0.031,SUCCESS
avro,null,1,0,0,0,0.283,SUCCESS
avro,null,15,0,0,0,0.051,SUCCESS
avro,null,16,0,0,0,0.022,SUCCESS
avro,null,35,0,0,0,0.043,SUCCESS
avro,null,2,0,0,0,0.006,SUCCESS
avro,null,3,0,0,0,0.001,SUCCESS
avro,null,13,0,0,0,0.038,SUCCESS
avro,null,48,0,0,0,0.069,SUCCESS
avro,null,1,0,0,0,0.002,SUCCESS
avro,null,6,0,0,0,0.005,SUCCESS
avro,null,3,0,0,0,0.001,SUCCESS
avro,null,4,0,0,0,0.008,SUCCESS
avro,null,8,0,0,0,0.007,SUCCESS
avro,null,9,0,0,0,0.009,SUCCESS
avro,null,32,0,0,0,0.022,SUCCESS
avro,null,84,0,0,0,0.032,SUCCESS
avro,null,3,0,0,0,0.018,SUCCESS
avro,null,10,0,0,0,4.312,SUCCESS
avro,null,4,0,0,0,0.014,SUCCESS
avro,null,1,0,0,0,0.009,SUCCESS
avro,null,972,0,0,0,0.217,SUCCESS
avro,null,1,0,0,0,0.002,SUCCESS
avro,null,2,0,0,0,0.001,SUCCESS
avro,null,74,0,0,0,0.109,SUCCESS
avro,null,1,0,0,0,0.002,SUCCESS
avro,null,5,0,0,0,0.017,SUCCESS
avro,null,29,0,0,0,0.01,SUCCESS
avro,null,376,0,0,0,0.061,SUCCESS
avro,null,26,0,0,0,0.049,SUCCESS
avro,null,26,0,0,0,0.001,SUCCESS
avro,null,34,0,0,0,0.004,SUCCESS
avro,null,16,0,0,0,0.002,SUCCESS
avro,null,17,0,0,0,0.001,SUCCESS
avro,null,52,0,0,0,3.094,SUCCESS
avro,null,4,0,0,0,0.001,SUCCESS
avro,null,11,0,0,0,0.014,SUCCESS
avro,null,4,0,0,0,0.001,SUCCESS
avro,null,4,0,0,0,0.003,SUCCESS
avro,null,816,0,0,0,0.684,SUCCESS
avro,null,39,0,0,0,0.043,SUCCESS
avro,null,1,0,0,0,0.011,SUCCESS
avro,null,4,0,0,0,0.005,SUCCESS
avro,null,10,0,0,0,0.004,SUCCESS
avro,null,3,0,0,0,0.001,SUCCESS
avro,null,1,0,0,0,0.002,SUCCESS
avro,null,2,0,0,0,0.001,SUCCESS
avro,null,17,0,0,1,0.051,SUCCESS
avro,null,5,0,0,0,0.003,SUCCESS
avro,null,50,0,0,0,0.02,SUCCESS
avro,null,5,0,0,0,1.353,SUCCESS
avro,null,3,0,0,0,0.001,SUCCESS
avro,null,2,0,0,0,0.004,SUCCESS
avro,null,1,0,0,0,0.001,SUCCESS
avro,null,5,0,0,0,0.508,SUCCESS
avro,null,2,0,0,0,0.544,SUCCESS
avro,null,19,0,0,0,0.584,SUCCESS
avro,null,2,0,0,0,0.425,SUCCESS
avro,null,1,0,0,0,1.181,SUCCESS
avro,null,38,0,0,0,9.106,SUCCESS
avro,null,2,0,0,0,2.609,SUCCESS
avro,null,2,0,0,0,0.701,SUCCESS
avro,null,5,0,0,0,0.917,SUCCESS
avro,null,2,0,0,0,0.404,SUCCESS
avro,null,7,0,0,0,0.959,SUCCESS
avro,null,1,0,0,0,0.543,SUCCESS
avro,null,1,0,0,0,0.547,SUCCESS
avro,null,7,0,0,0,0.718,SUCCESS
avro,null,2,0,0,0,0.488,SUCCESS
avro,null,3,0,0,0,0.026,SUCCESS
avro,null,2,0,0,0,0.45,SUCCESS
avro,null,9,0,0,0,0.765,SUCCESS
avro,null,1,0,0,0,0.54,SUCCESS
avro,null,20,0,0,0,4.277,SUCCESS
avro,null,6,0,0,0,0.015,SUCCESS
avro,null,8,0,0,0,0.619,SUCCESS
avro,null,14,0,0,0,0.507,SUCCESS
avro,null,11,0,0,0,0.548,SUCCESS
avro,null,7,0,0,0,0.66,SUCCESS
avro,null,2,0,0,0,0.413,SUCCESS
avro,null,14,0,0,0,1.099,SUCCESS
avro,null,1,0,0,0,0.621,SUCCESS
avro,null,58,0,0,0,8.564,SUCCESS
avro,null,2,0,0,0,0.54,SUCCESS
avro,null,3,0,0,0,0.015,SUCCESS
avro,null,2,0,0,0,0.592,SUCCESS
avro,null,6,0,0,0,0.519,SUCCESS
avro,null,7,0,0,0,0.647,SUCCESS
avro,null,14,0,0,0,1.098,SUCCESS
avro,null,9,0,0,0,0.589,SUCCESS
avro,null,1,0,0,0,0.481,SUCCESS
avro,null,2,0,0,0,0.562,SUCCESS
avro,null,10,0,0,3,0.554,SUCCESS
avro,null,14,0,0,0,1.346,SUCCESS
avro,null,2,0,0,0,1.121,SUCCESS
avro,null,16,0,0,0,2.541,SUCCESS
avro,null,3,0,0,0,0.721,SUCCESS
avro,null,14,0,0,0,3.846,SUCCESS
avro,null,14,0,0,0,6.108,SUCCESS
avro,null,5,0,0,0,4.309,SUCCESS
avro,null,5,0,0,0,4.668,SUCCESS
avro,null,11,0,0,1,27.65,SUCCESS
avro,null,1,0,0,0,0.449,SUCCESS
avro,null,1,0,0,0,6.981,SUCCESS
avro,null,5,0,0,0,4.276,SUCCESS
avro,null,22,0,0,0,0.076,SUCCESS
avro,null,1,0,0,0,0.016,SUCCESS
avro,null,8,0,0,0,1.477,SUCCESS
avro,null,24,0,0,0,2.514,SUCCESS
avro,null,1,0,0,0,0.037,SUCCESS
avro,null,1,0,0,0,4.372,SUCCESS
avro,null,9,0,0,0,0.761,SUCCESS
avro,null,5,0,0,0,5.373,SUCCESS
avro,null,1,0,0,0,2.774,SUCCESS
avro,null,1,0,0,0,1.054,SUCCESS
avro,null,1,0,0,0,1.075,SUCCESS
avro,null,2,0,0,0,4.191,SUCCESS
avro,null,1,0,0,0,3.197,SUCCESS
avro,null,11,0,0,0,1.199,SUCCESS
avro,null,4,0,0,0,6.454,SUCCESS
avro,null,1,0,0,0,0.455,SUCCESS
avro,null,1,0,0,0,3.05,SUCCESS
avro,null,1,0,0,0,3.151,SUCCESS
avro,null,1,0,0,0,0.738,SUCCESS
avro,null,5,0,0,0,0.123,SUCCESS
avro,null,3,0,0,0,0.026,SUCCESS
avro,null,1,0,0,0,0.964,SUCCESS
avro,null,1,0,0,0,3.046,SUCCESS
avro,null,7,0,0,0,1.742,SUCCESS
avro,null,7,0,0,0,1.046,SUCCESS
avro,null,8,0,0,0,1.795,SUCCESS
avro,null,1,0,0,0,0.014,SUCCESS
avro,null,4,0,0,0,6.529,SUCCESS
avro,null,2,0,0,0,7.269,SUCCESS
avro,null,1,0,0,0,3.169,SUCCESS
avro,null,7,0,0,0,10.214,SUCCESS
avro,null,6,0,0,0,1.134,SUCCESS
avro,null,1,0,0,0,0.522,SUCCESS
avro,null,1,0,0,0,0.981,SUCCESS
avro,null,3,0,0,0,1.725,SUCCESS
avro,null,1,0,0,0,0.44,SUCCESS
avro,null,2,0,0,0,4.306,SUCCESS
avro,null,3,0,0,0,1.425,SUCCESS
avro,null,1,0,0,0,2.927,SUCCESS
avro,null,1,0,0,0,0.352,SUCCESS
avro,null,2,0,0,0,1.34,SUCCESS
avro,null,1,0,0,0,0.282,SUCCESS
avro,null,2,0,0,0,0.726,SUCCESS
avro,null,16,0,0,0,0.724,SUCCESS
avro,null,1,0,0,0,0.605,SUCCESS
avro,null,1,0,0,0,4.044,SUCCESS
avro,null,1,0,0,0,4.27,SUCCESS
avro,null,1,0,0,0,4.098,SUCCESS
avro,null,1,0,0,0,0.777,SUCCESS
avro,null,8,0,0,0,1.312,SUCCESS
avro,null,21,0,0,0,1.094,SUCCESS
avro,null,8,0,0,0,0.093,SUCCESS
avro,null,1,0,0,0,5.114,SUCCESS
avro,null,1,0,0,0,0.562,SUCCESS
avro,null,2,0,0,0,0.084,SUCCESS
avro,null,1,0,0,0,2.034,SUCCESS
avro,null,1,0,0,0,0.139,SUCCESS
avro,null,2,0,0,0,1.203,SUCCESS
avro,null,3,0,0,0,1.853,SUCCESS
avro,null,1,0,0,0,1.565,SUCCESS
avro,null,5,0,0,0,1.571,SUCCESS
avro,null,8,0,0,0,2.506,SUCCESS
avro,null,7,0,0,0,1.697,SUCCESS
avro,null,2,0,0,0,1.248,SUCCESS
avro,null,8,0,0,0,2.638,SUCCESS
avro,null,8,0,0,0,0.013,SUCCESS
avro,null,7,0,0,0,0.58,SUCCESS
avro,null,2,0,0,0,0.388,SUCCESS
avro,null,2,0,0,0,0.638,SUCCESS
avro,null,12,0,0,0,1.575,SUCCESS
avro,null,1,0,0,0,0.391,SUCCESS
avro,null,3,0,0,0,0.355,SUCCESS
avro,null,2,0,0,0,0.39,SUCCESS
avro,null,6,0,0,0,0.395,SUCCESS
avro,null,1,0,0,0,0.376,SUCCESS
avro,null,3,0,0,0,0.391,SUCCESS
Sum: 289.5989999999999
