Project,Class Path,Tests Run,Failures,Errors,Skipped,Time Elapsed (sec),Status
--------------------Execution: 1 -----------------------------------
javamop_kornakapi,null,39707,12,404,0,24.96,FAILURE
javamop_kornakapi,org.plista.kornakapi.RegressionTest0,N/A,N/A,1,N/A,3.73,ERROR
javamop_kornakapi,org.plista.kornakapi.RegressionTest0,N/A,N/A,1,N/A,0.016,ERROR
javamop_kornakapi,org.plista.kornakapi.RegressionTest0,N/A,N/A,1,N/A,0.016,ERROR
javamop_kornakapi,org.plista.kornakapi.RegressionTest0,N/A,N/A,1,N/A,0.016,ERROR
javamop_kornakapi,org.plista.kornakapi.RegressionTest0,N/A,N/A,1,N/A,0.014,ERROR
javamop_kornakapi,org.plista.kornakapi.RegressionTest0,N/A,N/A,1,N/A,0.016,ERROR
javamop_kornakapi,org.plista.kornakapi.RegressionTest0,N/A,N/A,1,N/A,0.012,ERROR
javamop_kornakapi,org.plista.kornakapi.RegressionTest0,N/A,N/A,1,N/A,0.014,ERROR
javamop_kornakapi,org.plista.kornakapi.RegressionTest0,N/A,N/A,1,N/A,0.012,ERROR
javamop_kornakapi,org.plista.kornakapi.RegressionTest0,N/A,N/A,1,N/A,0.012,ERROR
javamop_kornakapi,org.plista.kornakapi.RegressionTest0,N/A,N/A,1,N/A,0.012,ERROR
javamop_kornakapi,org.plista.kornakapi.RegressionTest0,N/A,N/A,1,N/A,0.01,ERROR
javamop_kornakapi,org.plista.kornakapi.RegressionTest0,N/A,N/A,1,N/A,0.133,ERROR
javamop_kornakapi,org.plista.kornakapi.RegressionTest0,N/A,N/A,1,N/A,0.012,ERROR
javamop_kornakapi,org.plista.kornakapi.RegressionTest0,N/A,N/A,1,N/A,0.01,ERROR
javamop_kornakapi,org.plista.kornakapi.RegressionTest0,N/A,N/A,1,N/A,0.012,ERROR
javamop_kornakapi,org.plista.kornakapi.RegressionTest0,N/A,N/A,1,N/A,0.013,ERROR
javamop_kornakapi,org.plista.kornakapi.RegressionTest0,N/A,N/A,1,N/A,0.006,ERROR
javamop_kornakapi,org.plista.kornakapi.RegressionTest0,N/A,N/A,1,N/A,0.004,ERROR
javamop_kornakapi,org.plista.kornakapi.RegressionTest0,N/A,N/A,1,N/A,0.012,ERROR
javamop_kornakapi,org.plista.kornakapi.RegressionTest0,N/A,N/A,1,N/A,0.014,ERROR
javamop_kornakapi,org.plista.kornakapi.RegressionTest0,N/A,N/A,1,N/A,0.012,ERROR
javamop_kornakapi,org.plista.kornakapi.RegressionTest1,N/A,N/A,1,N/A,0.01,ERROR
javamop_kornakapi,org.plista.kornakapi.RegressionTest1,N/A,N/A,1,N/A,0.001,ERROR
javamop_kornakapi,org.plista.kornakapi.RegressionTest1,N/A,N/A,1,N/A,0.001,ERROR
javamop_kornakapi,org.plista.kornakapi.RegressionTest1,N/A,N/A,1,N/A,0.0,ERROR
javamop_kornakapi,org.plista.kornakapi.RegressionTest1,N/A,N/A,1,N/A,0.012,ERROR
javamop_kornakapi,org.plista.kornakapi.RegressionTest1,N/A,N/A,1,N/A,0.003,ERROR
javamop_kornakapi,org.plista.kornakapi.RegressionTest1,N/A,N/A,1,N/A,0.012,ERROR
javamop_kornakapi,org.plista.kornakapi.RegressionTest1,N/A,N/A,1,N/A,0.0,ERROR
javamop_kornakapi,org.plista.kornakapi.RegressionTest1,N/A,N/A,1,N/A,0.007,ERROR
javamop_kornakapi,org.plista.kornakapi.RegressionTest1,N/A,N/A,1,N/A,0.012,ERROR
javamop_kornakapi,org.plista.kornakapi.RegressionTest1,N/A,N/A,1,N/A,0.011,ERROR
javamop_kornakapi,org.plista.kornakapi.RegressionTest1,N/A,N/A,1,N/A,0.01,ERROR
javamop_kornakapi,org.plista.kornakapi.RegressionTest1,N/A,N/A,1,N/A,0.012,ERROR
javamop_kornakapi,org.plista.kornakapi.RegressionTest1,N/A,N/A,1,N/A,0.009,ERROR
javamop_kornakapi,org.plista.kornakapi.RegressionTest1,N/A,N/A,1,N/A,0.01,ERROR
javamop_kornakapi,org.plista.kornakapi.RegressionTest1,N/A,N/A,1,N/A,0.013,ERROR
javamop_kornakapi,org.plista.kornakapi.RegressionTest1,N/A,N/A,1,N/A,0.01,ERROR
javamop_kornakapi,org.plista.kornakapi.RegressionTest1,N/A,N/A,1,N/A,0.002,ERROR
javamop_kornakapi,org.plista.kornakapi.RegressionTest2,N/A,N/A,1,N/A,0.01,ERROR
javamop_kornakapi,org.plista.kornakapi.RegressionTest2,N/A,N/A,1,N/A,0.0,ERROR
javamop_kornakapi,org.plista.kornakapi.RegressionTest2,N/A,N/A,1,N/A,0.013,ERROR
javamop_kornakapi,org.plista.kornakapi.RegressionTest2,N/A,N/A,1,N/A,0.013,ERROR
javamop_kornakapi,org.plista.kornakapi.RegressionTest2,N/A,N/A,1,N/A,0.012,ERROR
javamop_kornakapi,org.plista.kornakapi.RegressionTest2,N/A,N/A,1,N/A,0.011,ERROR
javamop_kornakapi,org.plista.kornakapi.RegressionTest2,N/A,N/A,1,N/A,0.011,ERROR
javamop_kornakapi,org.plista.kornakapi.RegressionTest2,N/A,N/A,1,N/A,0.011,ERROR
javamop_kornakapi,org.plista.kornakapi.RegressionTest2,N/A,N/A,1,N/A,0.0,ERROR
javamop_kornakapi,org.plista.kornakapi.RegressionTest2,N/A,N/A,1,N/A,0.001,ERROR
javamop_kornakapi,org.plista.kornakapi.RegressionTest2,N/A,N/A,1,N/A,0.008,ERROR
javamop_kornakapi,org.plista.kornakapi.RegressionTest2,N/A,N/A,1,N/A,0.012,ERROR
javamop_kornakapi,org.plista.kornakapi.RegressionTest2,N/A,N/A,1,N/A,0.0,ERROR
javamop_kornakapi,org.plista.kornakapi.RegressionTest2,N/A,N/A,1,N/A,0.012,ERROR
javamop_kornakapi,org.plista.kornakapi.RegressionTest2,N/A,N/A,1,N/A,0.011,ERROR
javamop_kornakapi,org.plista.kornakapi.RegressionTest2,N/A,N/A,1,N/A,0.001,ERROR
javamop_kornakapi,org.plista.kornakapi.RegressionTest3,N/A,N/A,1,N/A,0.01,ERROR
javamop_kornakapi,org.plista.kornakapi.RegressionTest3,N/A,N/A,1,N/A,0.01,ERROR
javamop_kornakapi,org.plista.kornakapi.RegressionTest3,N/A,N/A,1,N/A,0.0,ERROR
javamop_kornakapi,org.plista.kornakapi.RegressionTest3,N/A,N/A,1,N/A,0.01,ERROR
javamop_kornakapi,org.plista.kornakapi.RegressionTest3,N/A,N/A,1,N/A,0.0,ERROR
javamop_kornakapi,org.plista.kornakapi.RegressionTest3,N/A,N/A,1,N/A,0.009,ERROR
javamop_kornakapi,org.plista.kornakapi.RegressionTest3,N/A,N/A,1,N/A,0.008,ERROR
javamop_kornakapi,org.plista.kornakapi.RegressionTest3,N/A,N/A,1,N/A,0.005,ERROR
javamop_kornakapi,org.plista.kornakapi.RegressionTest3,N/A,N/A,1,N/A,0.012,ERROR
javamop_kornakapi,org.plista.kornakapi.RegressionTest3,N/A,N/A,1,N/A,0.01,ERROR
javamop_kornakapi,org.plista.kornakapi.RegressionTest3,N/A,N/A,1,N/A,0.01,ERROR
javamop_kornakapi,org.plista.kornakapi.RegressionTest3,N/A,N/A,1,N/A,0.009,ERROR
javamop_kornakapi,org.plista.kornakapi.RegressionTest3,N/A,N/A,1,N/A,0.009,ERROR
javamop_kornakapi,org.plista.kornakapi.RegressionTest4,N/A,N/A,1,N/A,0.008,ERROR
javamop_kornakapi,org.plista.kornakapi.RegressionTest4,N/A,N/A,1,N/A,0.037,ERROR
javamop_kornakapi,org.plista.kornakapi.RegressionTest4,N/A,N/A,1,N/A,0.0,ERROR
javamop_kornakapi,org.plista.kornakapi.RegressionTest4,N/A,N/A,1,N/A,0.007,ERROR
javamop_kornakapi,org.plista.kornakapi.RegressionTest4,N/A,N/A,1,N/A,0.01,ERROR
javamop_kornakapi,org.plista.kornakapi.RegressionTest4,N/A,N/A,1,N/A,0.008,ERROR
javamop_kornakapi,org.plista.kornakapi.RegressionTest4,N/A,N/A,1,N/A,0.007,ERROR
javamop_kornakapi,org.plista.kornakapi.RegressionTest5,N/A,N/A,1,N/A,0.007,ERROR
javamop_kornakapi,org.plista.kornakapi.RegressionTest5,N/A,N/A,1,N/A,0.007,ERROR
javamop_kornakapi,org.plista.kornakapi.RegressionTest5,N/A,N/A,1,N/A,0.006,ERROR
javamop_kornakapi,org.plista.kornakapi.RegressionTest5,N/A,N/A,1,N/A,0.006,ERROR
javamop_kornakapi,org.plista.kornakapi.RegressionTest5,N/A,N/A,1,N/A,0.007,ERROR
javamop_kornakapi,org.plista.kornakapi.RegressionTest5,N/A,N/A,1,N/A,0.006,ERROR
javamop_kornakapi,org.plista.kornakapi.RegressionTest5,N/A,N/A,1,N/A,0.008,ERROR
javamop_kornakapi,org.plista.kornakapi.RegressionTest5,N/A,N/A,1,N/A,0.005,ERROR
javamop_kornakapi,org.plista.kornakapi.RegressionTest5,N/A,N/A,1,N/A,0.01,ERROR
javamop_kornakapi,org.plista.kornakapi.RegressionTest5,N/A,N/A,1,N/A,0.0,ERROR
javamop_kornakapi,org.plista.kornakapi.RegressionTest6,N/A,N/A,1,N/A,0.007,ERROR
javamop_kornakapi,org.plista.kornakapi.RegressionTest6,N/A,N/A,1,N/A,0.006,ERROR
javamop_kornakapi,org.plista.kornakapi.RegressionTest6,N/A,N/A,1,N/A,0.008,ERROR
javamop_kornakapi,org.plista.kornakapi.RegressionTest6,N/A,N/A,1,N/A,0.007,ERROR
javamop_kornakapi,org.plista.kornakapi.RegressionTest6,N/A,N/A,1,N/A,0.001,ERROR
javamop_kornakapi,org.plista.kornakapi.RegressionTest6,N/A,N/A,1,N/A,0.008,ERROR
javamop_kornakapi,org.plista.kornakapi.RegressionTest6,N/A,N/A,1,N/A,0.008,ERROR
javamop_kornakapi,org.plista.kornakapi.RegressionTest7,N/A,N/A,1,N/A,0.0,ERROR
javamop_kornakapi,org.plista.kornakapi.RegressionTest7,N/A,N/A,1,N/A,0.007,ERROR
javamop_kornakapi,org.plista.kornakapi.RegressionTest7,N/A,N/A,1,N/A,0.006,ERROR
javamop_kornakapi,org.plista.kornakapi.RegressionTest7,N/A,N/A,1,N/A,0.006,ERROR
javamop_kornakapi,org.plista.kornakapi.RegressionTest7,N/A,N/A,1,N/A,0.006,ERROR
javamop_kornakapi,org.plista.kornakapi.RegressionTest7,N/A,N/A,1,N/A,0.007,ERROR
javamop_kornakapi,org.plista.kornakapi.RegressionTest7,N/A,N/A,1,N/A,0.007,ERROR
javamop_kornakapi,org.plista.kornakapi.RegressionTest7,N/A,N/A,1,N/A,0.001,ERROR
javamop_kornakapi,org.plista.kornakapi.RegressionTest8,N/A,N/A,1,N/A,0.001,ERROR
javamop_kornakapi,org.plista.kornakapi.RegressionTest8,N/A,N/A,1,N/A,0.008,ERROR
javamop_kornakapi,org.plista.kornakapi.RegressionTest8,N/A,N/A,1,N/A,0.007,ERROR
javamop_kornakapi,org.plista.kornakapi.RegressionTest8,N/A,N/A,1,N/A,0.006,ERROR
javamop_kornakapi,org.plista.kornakapi.RegressionTest8,N/A,N/A,1,N/A,0.006,ERROR
javamop_kornakapi,org.plista.kornakapi.RegressionTest8,N/A,N/A,1,N/A,0.007,ERROR
javamop_kornakapi,org.plista.kornakapi.RegressionTest8,N/A,N/A,1,N/A,0.006,ERROR
javamop_kornakapi,org.plista.kornakapi.RegressionTest8,N/A,N/A,1,N/A,0.006,ERROR
javamop_kornakapi,org.plista.kornakapi.RegressionTest8,N/A,N/A,1,N/A,0.001,ERROR
javamop_kornakapi,org.plista.kornakapi.RegressionTest8,N/A,N/A,1,N/A,0.006,ERROR
javamop_kornakapi,org.plista.kornakapi.RegressionTest8,N/A,N/A,1,N/A,0.007,ERROR
javamop_kornakapi,org.plista.kornakapi.RegressionTest9,N/A,N/A,1,N/A,0.001,ERROR
javamop_kornakapi,org.plista.kornakapi.RegressionTest9,N/A,N/A,1,N/A,0.0,ERROR
javamop_kornakapi,org.plista.kornakapi.RegressionTest9,N/A,N/A,1,N/A,0.0,ERROR
javamop_kornakapi,org.plista.kornakapi.RegressionTest9,N/A,N/A,1,N/A,0.006,ERROR
javamop_kornakapi,org.plista.kornakapi.RegressionTest9,N/A,N/A,1,N/A,0.006,ERROR
javamop_kornakapi,org.plista.kornakapi.RegressionTest9,N/A,N/A,1,N/A,0.007,ERROR
javamop_kornakapi,org.plista.kornakapi.RegressionTest9,N/A,N/A,1,N/A,0.006,ERROR
javamop_kornakapi,org.plista.kornakapi.RegressionTest9,N/A,N/A,1,N/A,0.006,ERROR
javamop_kornakapi,org.plista.kornakapi.RegressionTest9,N/A,N/A,1,N/A,0.007,ERROR
javamop_kornakapi,org.plista.kornakapi.RegressionTest10,N/A,N/A,1,N/A,0.006,ERROR
javamop_kornakapi,org.plista.kornakapi.RegressionTest10,N/A,N/A,1,N/A,0.006,ERROR
javamop_kornakapi,org.plista.kornakapi.RegressionTest10,N/A,N/A,1,N/A,0.006,ERROR
javamop_kornakapi,org.plista.kornakapi.RegressionTest10,N/A,N/A,1,N/A,0.005,ERROR
javamop_kornakapi,org.plista.kornakapi.RegressionTest10,N/A,N/A,1,N/A,0.006,ERROR
javamop_kornakapi,org.plista.kornakapi.RegressionTest10,N/A,N/A,1,N/A,0.006,ERROR
javamop_kornakapi,org.plista.kornakapi.RegressionTest10,N/A,N/A,1,N/A,0.006,ERROR
javamop_kornakapi,org.plista.kornakapi.RegressionTest10,N/A,N/A,1,N/A,0.001,ERROR
javamop_kornakapi,org.plista.kornakapi.RegressionTest10,N/A,N/A,1,N/A,0.006,ERROR
javamop_kornakapi,org.plista.kornakapi.RegressionTest11,N/A,N/A,1,N/A,0.007,ERROR
javamop_kornakapi,org.plista.kornakapi.RegressionTest11,N/A,N/A,1,N/A,0.001,ERROR
javamop_kornakapi,org.plista.kornakapi.RegressionTest11,N/A,N/A,1,N/A,0.006,ERROR
javamop_kornakapi,org.plista.kornakapi.RegressionTest11,N/A,N/A,1,N/A,0.007,ERROR
javamop_kornakapi,org.plista.kornakapi.RegressionTest11,N/A,N/A,1,N/A,0.007,ERROR
javamop_kornakapi,org.plista.kornakapi.RegressionTest12,N/A,N/A,1,N/A,0.001,ERROR
javamop_kornakapi,org.plista.kornakapi.RegressionTest12,N/A,N/A,1,N/A,0.006,ERROR
javamop_kornakapi,org.plista.kornakapi.RegressionTest12,N/A,N/A,1,N/A,0.008,ERROR
javamop_kornakapi,org.plista.kornakapi.RegressionTest12,N/A,N/A,1,N/A,0.007,ERROR
javamop_kornakapi,org.plista.kornakapi.RegressionTest12,N/A,N/A,1,N/A,0.007,ERROR
javamop_kornakapi,org.plista.kornakapi.RegressionTest13,N/A,N/A,1,N/A,0.007,ERROR
javamop_kornakapi,org.plista.kornakapi.RegressionTest13,N/A,N/A,1,N/A,0.007,ERROR
javamop_kornakapi,org.plista.kornakapi.RegressionTest13,N/A,N/A,1,N/A,0.007,ERROR
javamop_kornakapi,org.plista.kornakapi.RegressionTest13,N/A,N/A,1,N/A,0.001,ERROR
javamop_kornakapi,org.plista.kornakapi.RegressionTest13,N/A,N/A,1,N/A,0.008,ERROR
javamop_kornakapi,org.plista.kornakapi.RegressionTest13,N/A,N/A,1,N/A,0.006,ERROR
javamop_kornakapi,org.plista.kornakapi.RegressionTest14,N/A,N/A,1,N/A,0.007,ERROR
javamop_kornakapi,org.plista.kornakapi.RegressionTest14,N/A,N/A,1,N/A,0.007,ERROR
javamop_kornakapi,org.plista.kornakapi.RegressionTest14,N/A,N/A,1,N/A,0.007,ERROR
javamop_kornakapi,org.plista.kornakapi.RegressionTest14,N/A,N/A,1,N/A,0.006,ERROR
javamop_kornakapi,org.plista.kornakapi.RegressionTest14,N/A,N/A,1,N/A,0.008,ERROR
javamop_kornakapi,org.plista.kornakapi.RegressionTest14,N/A,N/A,1,N/A,0.006,ERROR
javamop_kornakapi,org.plista.kornakapi.RegressionTest15,N/A,N/A,1,N/A,0.001,ERROR
javamop_kornakapi,org.plista.kornakapi.RegressionTest15,N/A,N/A,1,N/A,0.008,ERROR
javamop_kornakapi,org.plista.kornakapi.RegressionTest15,N/A,N/A,1,N/A,0.008,ERROR
javamop_kornakapi,org.plista.kornakapi.RegressionTest15,N/A,N/A,1,N/A,0.006,ERROR
javamop_kornakapi,org.plista.kornakapi.RegressionTest15,N/A,N/A,1,N/A,0.006,ERROR
javamop_kornakapi,org.plista.kornakapi.RegressionTest15,N/A,N/A,1,N/A,0.007,ERROR
javamop_kornakapi,org.plista.kornakapi.RegressionTest15,N/A,N/A,1,N/A,0.006,ERROR
javamop_kornakapi,org.plista.kornakapi.RegressionTest15,N/A,N/A,1,N/A,0.006,ERROR
javamop_kornakapi,org.plista.kornakapi.RegressionTest16,N/A,N/A,1,N/A,0.008,ERROR
javamop_kornakapi,org.plista.kornakapi.RegressionTest16,N/A,N/A,1,N/A,0.007,ERROR
javamop_kornakapi,org.plista.kornakapi.RegressionTest16,N/A,N/A,1,N/A,0.006,ERROR
javamop_kornakapi,org.plista.kornakapi.RegressionTest16,N/A,N/A,1,N/A,0.0,ERROR
javamop_kornakapi,org.plista.kornakapi.RegressionTest16,N/A,N/A,1,N/A,0.0,ERROR
javamop_kornakapi,org.plista.kornakapi.RegressionTest16,N/A,N/A,1,N/A,0.006,ERROR
javamop_kornakapi,org.plista.kornakapi.RegressionTest16,N/A,N/A,1,N/A,0.001,ERROR
javamop_kornakapi,org.plista.kornakapi.RegressionTest16,N/A,N/A,1,N/A,0.006,ERROR
javamop_kornakapi,org.plista.kornakapi.RegressionTest17,N/A,N/A,1,N/A,0.007,ERROR
javamop_kornakapi,org.plista.kornakapi.RegressionTest17,N/A,N/A,1,N/A,0.006,ERROR
javamop_kornakapi,org.plista.kornakapi.RegressionTest17,N/A,N/A,1,N/A,0.001,ERROR
javamop_kornakapi,org.plista.kornakapi.RegressionTest17,N/A,N/A,1,N/A,0.007,ERROR
javamop_kornakapi,org.plista.kornakapi.RegressionTest17,N/A,N/A,1,N/A,0.001,ERROR
javamop_kornakapi,org.plista.kornakapi.RegressionTest17,N/A,N/A,1,N/A,0.006,ERROR
javamop_kornakapi,org.plista.kornakapi.RegressionTest17,N/A,N/A,1,N/A,0.008,ERROR
javamop_kornakapi,org.plista.kornakapi.RegressionTest18,N/A,N/A,1,N/A,0.007,ERROR
javamop_kornakapi,org.plista.kornakapi.RegressionTest18,N/A,N/A,1,N/A,0.007,ERROR
javamop_kornakapi,org.plista.kornakapi.RegressionTest18,N/A,N/A,1,N/A,0.001,ERROR
javamop_kornakapi,org.plista.kornakapi.RegressionTest18,N/A,N/A,1,N/A,0.007,ERROR
javamop_kornakapi,org.plista.kornakapi.RegressionTest19,N/A,N/A,1,N/A,0.007,ERROR
javamop_kornakapi,org.plista.kornakapi.RegressionTest19,N/A,N/A,1,N/A,0.006,ERROR
javamop_kornakapi,org.plista.kornakapi.RegressionTest19,N/A,N/A,1,N/A,0.001,ERROR
javamop_kornakapi,org.plista.kornakapi.RegressionTest19,N/A,N/A,1,N/A,0.007,ERROR
javamop_kornakapi,org.plista.kornakapi.RegressionTest19,N/A,N/A,1,N/A,0.007,ERROR
javamop_kornakapi,org.plista.kornakapi.RegressionTest19,N/A,N/A,1,N/A,0.007,ERROR
javamop_kornakapi,org.plista.kornakapi.RegressionTest19,N/A,N/A,1,N/A,0.008,ERROR
javamop_kornakapi,org.plista.kornakapi.RegressionTest19,N/A,N/A,1,N/A,0.007,ERROR
javamop_kornakapi,org.plista.kornakapi.RegressionTest19,N/A,N/A,1,N/A,0.007,ERROR
javamop_kornakapi,org.plista.kornakapi.RegressionTest20,N/A,N/A,1,N/A,0.008,ERROR
javamop_kornakapi,org.plista.kornakapi.RegressionTest20,N/A,N/A,1,N/A,0.001,ERROR
javamop_kornakapi,org.plista.kornakapi.RegressionTest20,N/A,N/A,1,N/A,0.006,ERROR
javamop_kornakapi,org.plista.kornakapi.RegressionTest20,N/A,N/A,1,N/A,0.0,ERROR
javamop_kornakapi,org.plista.kornakapi.RegressionTest21,N/A,N/A,1,N/A,0.001,ERROR
javamop_kornakapi,org.plista.kornakapi.RegressionTest21,N/A,N/A,1,N/A,0.008,ERROR
javamop_kornakapi,org.plista.kornakapi.RegressionTest21,N/A,N/A,1,N/A,0.008,ERROR
javamop_kornakapi,org.plista.kornakapi.RegressionTest21,N/A,N/A,1,N/A,0.008,ERROR
javamop_kornakapi,org.plista.kornakapi.RegressionTest21,N/A,N/A,1,N/A,0.006,ERROR
javamop_kornakapi,org.plista.kornakapi.RegressionTest21,N/A,N/A,1,N/A,0.007,ERROR
javamop_kornakapi,org.plista.kornakapi.RegressionTest21,N/A,N/A,1,N/A,0.006,ERROR
javamop_kornakapi,org.plista.kornakapi.RegressionTest21,N/A,N/A,1,N/A,0.008,ERROR
javamop_kornakapi,org.plista.kornakapi.RegressionTest22,N/A,N/A,1,N/A,0.001,ERROR
javamop_kornakapi,org.plista.kornakapi.RegressionTest22,N/A,N/A,1,N/A,0.006,ERROR
javamop_kornakapi,org.plista.kornakapi.RegressionTest22,N/A,N/A,1,N/A,0.007,ERROR
javamop_kornakapi,org.plista.kornakapi.RegressionTest22,N/A,N/A,1,N/A,0.007,ERROR
javamop_kornakapi,org.plista.kornakapi.RegressionTest23,N/A,N/A,1,N/A,0.0,ERROR
javamop_kornakapi,org.plista.kornakapi.RegressionTest23,N/A,N/A,1,N/A,0.007,ERROR
javamop_kornakapi,org.plista.kornakapi.RegressionTest23,N/A,N/A,1,N/A,0.001,ERROR
javamop_kornakapi,org.plista.kornakapi.RegressionTest23,N/A,N/A,1,N/A,0.01,ERROR
javamop_kornakapi,org.plista.kornakapi.RegressionTest23,N/A,N/A,1,N/A,0.007,ERROR
javamop_kornakapi,org.plista.kornakapi.RegressionTest23,N/A,N/A,1,N/A,0.007,ERROR
javamop_kornakapi,org.plista.kornakapi.RegressionTest24,N/A,N/A,1,N/A,0.0,ERROR
javamop_kornakapi,org.plista.kornakapi.RegressionTest24,N/A,N/A,1,N/A,0.007,ERROR
javamop_kornakapi,org.plista.kornakapi.RegressionTest24,N/A,N/A,1,N/A,0.007,ERROR
javamop_kornakapi,org.plista.kornakapi.RegressionTest24,N/A,N/A,1,N/A,0.006,ERROR
javamop_kornakapi,org.plista.kornakapi.RegressionTest25,N/A,N/A,1,N/A,0.006,ERROR
javamop_kornakapi,org.plista.kornakapi.RegressionTest25,N/A,N/A,1,N/A,0.001,ERROR
javamop_kornakapi,org.plista.kornakapi.RegressionTest25,N/A,N/A,1,N/A,0.006,ERROR
javamop_kornakapi,org.plista.kornakapi.RegressionTest25,N/A,N/A,1,N/A,0.0,ERROR
javamop_kornakapi,org.plista.kornakapi.RegressionTest25,N/A,N/A,1,N/A,0.006,ERROR
javamop_kornakapi,org.plista.kornakapi.RegressionTest25,N/A,N/A,1,N/A,0.006,ERROR
javamop_kornakapi,org.plista.kornakapi.RegressionTest25,N/A,N/A,1,N/A,0.007,ERROR
javamop_kornakapi,org.plista.kornakapi.RegressionTest25,N/A,N/A,1,N/A,0.006,ERROR
javamop_kornakapi,org.plista.kornakapi.RegressionTest25,N/A,N/A,1,N/A,0.008,ERROR
javamop_kornakapi,org.plista.kornakapi.RegressionTest26,N/A,N/A,1,N/A,0.007,ERROR
javamop_kornakapi,org.plista.kornakapi.RegressionTest26,N/A,N/A,1,N/A,0.006,ERROR
javamop_kornakapi,org.plista.kornakapi.RegressionTest26,N/A,N/A,1,N/A,0.007,ERROR
javamop_kornakapi,org.plista.kornakapi.RegressionTest26,N/A,N/A,1,N/A,0.0,ERROR
javamop_kornakapi,org.plista.kornakapi.RegressionTest26,N/A,N/A,1,N/A,0.288,ERROR
javamop_kornakapi,org.plista.kornakapi.RegressionTest26,N/A,N/A,1,N/A,0.0,ERROR
javamop_kornakapi,org.plista.kornakapi.RegressionTest26,N/A,N/A,1,N/A,0.007,ERROR
javamop_kornakapi,org.plista.kornakapi.RegressionTest27,N/A,N/A,1,N/A,0.006,ERROR
javamop_kornakapi,org.plista.kornakapi.RegressionTest27,N/A,N/A,1,N/A,0.006,ERROR
javamop_kornakapi,org.plista.kornakapi.RegressionTest27,N/A,N/A,1,N/A,0.006,ERROR
javamop_kornakapi,org.plista.kornakapi.RegressionTest27,N/A,N/A,1,N/A,0.007,ERROR
javamop_kornakapi,org.plista.kornakapi.RegressionTest27,N/A,N/A,1,N/A,0.007,ERROR
javamop_kornakapi,org.plista.kornakapi.RegressionTest28,N/A,N/A,1,N/A,0.006,ERROR
javamop_kornakapi,org.plista.kornakapi.RegressionTest28,N/A,N/A,1,N/A,0.005,ERROR
javamop_kornakapi,org.plista.kornakapi.RegressionTest28,N/A,N/A,1,N/A,0.005,ERROR
javamop_kornakapi,org.plista.kornakapi.RegressionTest29,N/A,N/A,1,N/A,0.005,ERROR
javamop_kornakapi,org.plista.kornakapi.RegressionTest29,N/A,N/A,1,N/A,0.006,ERROR
javamop_kornakapi,org.plista.kornakapi.RegressionTest29,N/A,N/A,1,N/A,0.006,ERROR
javamop_kornakapi,org.plista.kornakapi.RegressionTest29,N/A,N/A,1,N/A,0.005,ERROR
javamop_kornakapi,org.plista.kornakapi.RegressionTest29,N/A,N/A,1,N/A,0.006,ERROR
javamop_kornakapi,org.plista.kornakapi.RegressionTest29,N/A,N/A,1,N/A,0.006,ERROR
javamop_kornakapi,org.plista.kornakapi.RegressionTest29,N/A,N/A,1,N/A,0.005,ERROR
javamop_kornakapi,org.plista.kornakapi.RegressionTest30,N/A,N/A,1,N/A,0.006,ERROR
javamop_kornakapi,org.plista.kornakapi.RegressionTest30,N/A,N/A,1,N/A,0.001,ERROR
javamop_kornakapi,org.plista.kornakapi.RegressionTest30,N/A,N/A,1,N/A,0.006,ERROR
javamop_kornakapi,org.plista.kornakapi.RegressionTest31,N/A,N/A,1,N/A,0.0,ERROR
javamop_kornakapi,org.plista.kornakapi.RegressionTest31,N/A,N/A,1,N/A,0.0,ERROR
javamop_kornakapi,org.plista.kornakapi.RegressionTest31,N/A,N/A,1,N/A,0.0,ERROR
javamop_kornakapi,org.plista.kornakapi.RegressionTest32,N/A,N/A,1,N/A,0.005,ERROR
javamop_kornakapi,org.plista.kornakapi.RegressionTest33,N/A,N/A,1,N/A,0.005,ERROR
javamop_kornakapi,org.plista.kornakapi.RegressionTest33,N/A,N/A,1,N/A,0.006,ERROR
javamop_kornakapi,org.plista.kornakapi.RegressionTest33,N/A,N/A,1,N/A,0.005,ERROR
javamop_kornakapi,org.plista.kornakapi.RegressionTest33,N/A,N/A,1,N/A,0.0,ERROR
javamop_kornakapi,org.plista.kornakapi.RegressionTest33,N/A,N/A,1,N/A,0.006,ERROR
javamop_kornakapi,org.plista.kornakapi.RegressionTest33,N/A,N/A,1,N/A,0.005,ERROR
javamop_kornakapi,org.plista.kornakapi.RegressionTest34,N/A,N/A,1,N/A,0.006,ERROR
javamop_kornakapi,org.plista.kornakapi.RegressionTest34,N/A,N/A,1,N/A,0.005,ERROR
javamop_kornakapi,org.plista.kornakapi.RegressionTest34,N/A,N/A,1,N/A,0.005,ERROR
javamop_kornakapi,org.plista.kornakapi.RegressionTest34,N/A,N/A,1,N/A,0.005,ERROR
javamop_kornakapi,org.plista.kornakapi.RegressionTest35,N/A,N/A,1,N/A,0.006,ERROR
javamop_kornakapi,org.plista.kornakapi.RegressionTest35,N/A,N/A,1,N/A,0.005,ERROR
javamop_kornakapi,org.plista.kornakapi.RegressionTest35,N/A,N/A,1,N/A,0.005,ERROR
javamop_kornakapi,org.plista.kornakapi.RegressionTest35,N/A,N/A,1,N/A,0.008,ERROR
javamop_kornakapi,org.plista.kornakapi.RegressionTest36,N/A,N/A,1,N/A,0.006,ERROR
javamop_kornakapi,org.plista.kornakapi.RegressionTest37,N/A,N/A,1,N/A,0.005,ERROR
javamop_kornakapi,org.plista.kornakapi.RegressionTest37,N/A,N/A,1,N/A,0.005,ERROR
javamop_kornakapi,org.plista.kornakapi.RegressionTest37,N/A,N/A,1,N/A,0.005,ERROR
javamop_kornakapi,org.plista.kornakapi.RegressionTest37,N/A,N/A,1,N/A,0.007,ERROR
javamop_kornakapi,org.plista.kornakapi.RegressionTest38,N/A,N/A,1,N/A,0.005,ERROR
javamop_kornakapi,org.plista.kornakapi.RegressionTest38,N/A,N/A,1,N/A,0.005,ERROR
javamop_kornakapi,org.plista.kornakapi.RegressionTest39,N/A,N/A,1,N/A,0.0,ERROR
javamop_kornakapi,org.plista.kornakapi.RegressionTest39,N/A,N/A,1,N/A,0.005,ERROR
javamop_kornakapi,org.plista.kornakapi.RegressionTest40,N/A,N/A,1,N/A,0.005,ERROR
javamop_kornakapi,org.plista.kornakapi.RegressionTest40,N/A,N/A,1,N/A,0.005,ERROR
javamop_kornakapi,org.plista.kornakapi.RegressionTest40,N/A,N/A,1,N/A,0.005,ERROR
javamop_kornakapi,org.plista.kornakapi.RegressionTest40,N/A,N/A,1,N/A,0.005,ERROR
javamop_kornakapi,org.plista.kornakapi.RegressionTest40,N/A,N/A,1,N/A,0.005,ERROR
javamop_kornakapi,org.plista.kornakapi.RegressionTest40,N/A,N/A,1,N/A,0.005,ERROR
javamop_kornakapi,org.plista.kornakapi.RegressionTest40,N/A,N/A,1,N/A,0.005,ERROR
javamop_kornakapi,org.plista.kornakapi.RegressionTest41,N/A,N/A,1,N/A,0.0,ERROR
javamop_kornakapi,org.plista.kornakapi.RegressionTest41,N/A,N/A,1,N/A,0.005,ERROR
javamop_kornakapi,org.plista.kornakapi.RegressionTest42,N/A,N/A,1,N/A,0.005,ERROR
javamop_kornakapi,org.plista.kornakapi.RegressionTest42,N/A,N/A,1,N/A,0.005,ERROR
javamop_kornakapi,org.plista.kornakapi.RegressionTest42,N/A,N/A,1,N/A,0.005,ERROR
javamop_kornakapi,org.plista.kornakapi.RegressionTest42,N/A,N/A,1,N/A,0.005,ERROR
javamop_kornakapi,org.plista.kornakapi.RegressionTest42,N/A,N/A,1,N/A,0.005,ERROR
javamop_kornakapi,org.plista.kornakapi.RegressionTest42,N/A,N/A,1,N/A,0.005,ERROR
javamop_kornakapi,org.plista.kornakapi.RegressionTest43,N/A,N/A,1,N/A,0.005,ERROR
javamop_kornakapi,org.plista.kornakapi.RegressionTest43,N/A,N/A,1,N/A,0.005,ERROR
javamop_kornakapi,org.plista.kornakapi.RegressionTest43,N/A,N/A,1,N/A,0.005,ERROR
javamop_kornakapi,org.plista.kornakapi.RegressionTest44,N/A,N/A,1,N/A,0.005,ERROR
javamop_kornakapi,org.plista.kornakapi.RegressionTest44,N/A,N/A,1,N/A,0.005,ERROR
javamop_kornakapi,org.plista.kornakapi.RegressionTest44,N/A,N/A,1,N/A,0.005,ERROR
javamop_kornakapi,org.plista.kornakapi.RegressionTest45,N/A,N/A,1,N/A,0.0,ERROR
javamop_kornakapi,org.plista.kornakapi.RegressionTest45,N/A,N/A,1,N/A,0.004,ERROR
javamop_kornakapi,org.plista.kornakapi.RegressionTest45,N/A,N/A,1,N/A,0.005,ERROR
javamop_kornakapi,org.plista.kornakapi.RegressionTest45,N/A,N/A,1,N/A,0.0,ERROR
javamop_kornakapi,org.plista.kornakapi.RegressionTest45,N/A,N/A,1,N/A,0.005,ERROR
javamop_kornakapi,org.plista.kornakapi.RegressionTest45,N/A,N/A,1,N/A,0.0,ERROR
javamop_kornakapi,org.plista.kornakapi.RegressionTest46,N/A,N/A,1,N/A,0.005,ERROR
javamop_kornakapi,org.plista.kornakapi.RegressionTest46,N/A,N/A,1,N/A,0.001,ERROR
javamop_kornakapi,org.plista.kornakapi.RegressionTest46,N/A,N/A,1,N/A,0.0,ERROR
javamop_kornakapi,org.plista.kornakapi.RegressionTest46,N/A,N/A,1,N/A,0.004,ERROR
javamop_kornakapi,org.plista.kornakapi.RegressionTest47,N/A,N/A,1,N/A,0.005,ERROR
javamop_kornakapi,org.plista.kornakapi.RegressionTest47,N/A,N/A,1,N/A,0.001,ERROR
javamop_kornakapi,org.plista.kornakapi.RegressionTest48,N/A,N/A,1,N/A,0.007,ERROR
javamop_kornakapi,org.plista.kornakapi.RegressionTest48,N/A,N/A,1,N/A,0.006,ERROR
javamop_kornakapi,org.plista.kornakapi.RegressionTest48,N/A,N/A,1,N/A,0.005,ERROR
javamop_kornakapi,org.plista.kornakapi.RegressionTest49,N/A,N/A,1,N/A,0.0,ERROR
javamop_kornakapi,org.plista.kornakapi.RegressionTest49,N/A,N/A,1,N/A,0.005,ERROR
javamop_kornakapi,org.plista.kornakapi.RegressionTest49,N/A,N/A,1,N/A,0.0,ERROR
javamop_kornakapi,org.plista.kornakapi.RegressionTest49,N/A,N/A,1,N/A,0.007,ERROR
javamop_kornakapi,org.plista.kornakapi.RegressionTest49,N/A,N/A,1,N/A,0.0,ERROR
javamop_kornakapi,org.plista.kornakapi.RegressionTest49,N/A,N/A,1,N/A,0.0,ERROR
javamop_kornakapi,org.plista.kornakapi.RegressionTest50,N/A,N/A,1,N/A,0.006,ERROR
javamop_kornakapi,org.plista.kornakapi.RegressionTest50,N/A,N/A,1,N/A,0.006,ERROR
javamop_kornakapi,org.plista.kornakapi.RegressionTest50,N/A,N/A,1,N/A,0.001,ERROR
javamop_kornakapi,org.plista.kornakapi.RegressionTest50,N/A,N/A,1,N/A,0.0,ERROR
javamop_kornakapi,org.plista.kornakapi.RegressionTest51,N/A,N/A,1,N/A,0.005,ERROR
javamop_kornakapi,org.plista.kornakapi.RegressionTest51,N/A,N/A,1,N/A,0.005,ERROR
javamop_kornakapi,org.plista.kornakapi.RegressionTest51,N/A,N/A,1,N/A,0.005,ERROR
javamop_kornakapi,org.plista.kornakapi.RegressionTest52,N/A,N/A,1,N/A,0.005,ERROR
javamop_kornakapi,org.plista.kornakapi.RegressionTest52,N/A,N/A,1,N/A,0.006,ERROR
javamop_kornakapi,org.plista.kornakapi.RegressionTest52,N/A,N/A,1,N/A,0.005,ERROR
javamop_kornakapi,org.plista.kornakapi.RegressionTest52,N/A,N/A,1,N/A,0.005,ERROR
javamop_kornakapi,org.plista.kornakapi.RegressionTest54,N/A,N/A,1,N/A,0.005,ERROR
javamop_kornakapi,org.plista.kornakapi.RegressionTest54,N/A,N/A,1,N/A,0.005,ERROR
javamop_kornakapi,org.plista.kornakapi.RegressionTest54,N/A,N/A,1,N/A,0.005,ERROR
javamop_kornakapi,org.plista.kornakapi.RegressionTest54,N/A,N/A,1,N/A,0.006,ERROR
javamop_kornakapi,org.plista.kornakapi.RegressionTest54,N/A,N/A,1,N/A,0.001,ERROR
javamop_kornakapi,org.plista.kornakapi.RegressionTest54,N/A,N/A,1,N/A,0.001,ERROR
javamop_kornakapi,org.plista.kornakapi.RegressionTest55,N/A,N/A,1,N/A,0.0,ERROR
javamop_kornakapi,org.plista.kornakapi.RegressionTest55,N/A,N/A,1,N/A,0.006,ERROR
javamop_kornakapi,org.plista.kornakapi.RegressionTest55,N/A,N/A,1,N/A,0.005,ERROR
javamop_kornakapi,org.plista.kornakapi.RegressionTest55,N/A,N/A,1,N/A,0.005,ERROR
javamop_kornakapi,org.plista.kornakapi.RegressionTest56,N/A,N/A,1,N/A,0.005,ERROR
javamop_kornakapi,org.plista.kornakapi.RegressionTest56,N/A,N/A,1,N/A,0.0,ERROR
javamop_kornakapi,org.plista.kornakapi.RegressionTest56,N/A,N/A,1,N/A,0.004,ERROR
javamop_kornakapi,org.plista.kornakapi.RegressionTest57,N/A,N/A,1,N/A,0.005,ERROR
javamop_kornakapi,org.plista.kornakapi.RegressionTest57,N/A,N/A,1,N/A,0.005,ERROR
javamop_kornakapi,org.plista.kornakapi.RegressionTest57,N/A,N/A,1,N/A,0.001,ERROR
javamop_kornakapi,org.plista.kornakapi.RegressionTest58,N/A,N/A,1,N/A,0.005,ERROR
javamop_kornakapi,org.plista.kornakapi.RegressionTest58,N/A,N/A,1,N/A,0.005,ERROR
javamop_kornakapi,org.plista.kornakapi.RegressionTest58,N/A,N/A,1,N/A,0.0,ERROR
javamop_kornakapi,org.plista.kornakapi.RegressionTest58,N/A,N/A,1,N/A,0.0,ERROR
javamop_kornakapi,org.plista.kornakapi.RegressionTest59,N/A,N/A,1,N/A,0.005,ERROR
javamop_kornakapi,org.plista.kornakapi.RegressionTest59,N/A,N/A,1,N/A,0.005,ERROR
javamop_kornakapi,org.plista.kornakapi.RegressionTest59,N/A,N/A,1,N/A,0.005,ERROR
javamop_kornakapi,org.plista.kornakapi.RegressionTest59,N/A,N/A,1,N/A,0.005,ERROR
javamop_kornakapi,org.plista.kornakapi.RegressionTest61,N/A,N/A,1,N/A,0.005,ERROR
javamop_kornakapi,org.plista.kornakapi.RegressionTest61,N/A,N/A,1,N/A,0.005,ERROR
javamop_kornakapi,org.plista.kornakapi.RegressionTest61,N/A,N/A,1,N/A,0.005,ERROR
javamop_kornakapi,org.plista.kornakapi.RegressionTest61,N/A,N/A,1,N/A,0.005,ERROR
javamop_kornakapi,org.plista.kornakapi.RegressionTest61,N/A,N/A,1,N/A,0.005,ERROR
javamop_kornakapi,org.plista.kornakapi.RegressionTest61,N/A,N/A,1,N/A,0.001,ERROR
javamop_kornakapi,org.plista.kornakapi.RegressionTest62,N/A,N/A,1,N/A,0.005,ERROR
javamop_kornakapi,org.plista.kornakapi.RegressionTest62,N/A,N/A,1,N/A,0.005,ERROR
javamop_kornakapi,org.plista.kornakapi.RegressionTest62,N/A,N/A,1,N/A,0.004,ERROR
javamop_kornakapi,org.plista.kornakapi.RegressionTest62,N/A,N/A,1,N/A,0.005,ERROR
javamop_kornakapi,org.plista.kornakapi.RegressionTest63,N/A,N/A,1,N/A,0.005,ERROR
javamop_kornakapi,org.plista.kornakapi.RegressionTest63,N/A,N/A,1,N/A,0.006,ERROR
javamop_kornakapi,org.plista.kornakapi.RegressionTest63,N/A,N/A,1,N/A,0.004,ERROR
javamop_kornakapi,org.plista.kornakapi.RegressionTest63,N/A,N/A,1,N/A,0.005,ERROR
javamop_kornakapi,org.plista.kornakapi.RegressionTest64,N/A,N/A,1,N/A,0.004,ERROR
javamop_kornakapi,org.plista.kornakapi.RegressionTest64,N/A,N/A,1,N/A,0.005,ERROR
javamop_kornakapi,org.plista.kornakapi.RegressionTest65,N/A,N/A,1,N/A,0.005,ERROR
javamop_kornakapi,org.plista.kornakapi.RegressionTest65,N/A,N/A,1,N/A,0.005,ERROR
javamop_kornakapi,org.plista.kornakapi.RegressionTest66,N/A,N/A,1,N/A,0.001,ERROR
javamop_kornakapi,org.plista.kornakapi.RegressionTest66,N/A,N/A,1,N/A,0.0,ERROR
javamop_kornakapi,org.plista.kornakapi.RegressionTest66,N/A,N/A,1,N/A,0.001,ERROR
javamop_kornakapi,org.plista.kornakapi.RegressionTest67,N/A,N/A,1,N/A,0.005,ERROR
javamop_kornakapi,org.plista.kornakapi.RegressionTest68,N/A,N/A,1,N/A,0.005,ERROR
javamop_kornakapi,org.plista.kornakapi.RegressionTest68,N/A,N/A,1,N/A,0.004,ERROR
javamop_kornakapi,org.plista.kornakapi.RegressionTest68,N/A,N/A,1,N/A,0.001,ERROR
javamop_kornakapi,org.plista.kornakapi.RegressionTest68,N/A,N/A,1,N/A,0.005,ERROR
javamop_kornakapi,org.plista.kornakapi.RegressionTest68,N/A,N/A,1,N/A,0.004,ERROR
javamop_kornakapi,org.plista.kornakapi.RegressionTest69,N/A,N/A,1,N/A,0.0,ERROR
javamop_kornakapi,org.plista.kornakapi.RegressionTest69,N/A,N/A,1,N/A,0.005,ERROR
javamop_kornakapi,org.plista.kornakapi.RegressionTest70,N/A,N/A,1,N/A,0.005,ERROR
javamop_kornakapi,org.plista.kornakapi.RegressionTest70,N/A,N/A,1,N/A,0.005,ERROR
javamop_kornakapi,org.plista.kornakapi.RegressionTest70,N/A,N/A,1,N/A,0.004,ERROR
javamop_kornakapi,org.plista.kornakapi.RegressionTest71,N/A,N/A,1,N/A,0.005,ERROR
javamop_kornakapi,org.plista.kornakapi.RegressionTest71,N/A,N/A,1,N/A,0.004,ERROR
javamop_kornakapi,org.plista.kornakapi.RegressionTest72,N/A,N/A,1,N/A,0.005,ERROR
javamop_kornakapi,org.plista.kornakapi.RegressionTest72,N/A,N/A,1,N/A,0.0,ERROR
javamop_kornakapi,org.plista.kornakapi.RegressionTest72,N/A,N/A,1,N/A,0.005,ERROR
javamop_kornakapi,org.plista.kornakapi.RegressionTest72,N/A,N/A,1,N/A,0.005,ERROR
javamop_kornakapi,org.plista.kornakapi.RegressionTest73,N/A,N/A,1,N/A,0.005,ERROR
javamop_kornakapi,org.plista.kornakapi.RegressionTest73,N/A,N/A,1,N/A,0.0,ERROR
javamop_kornakapi,org.plista.kornakapi.RegressionTest74,N/A,N/A,1,N/A,0.005,ERROR
javamop_kornakapi,org.plista.kornakapi.RegressionTest74,N/A,N/A,1,N/A,0.0,ERROR
javamop_kornakapi,org.plista.kornakapi.RegressionTest74,N/A,N/A,1,N/A,0.004,ERROR
javamop_kornakapi,org.plista.kornakapi.RegressionTest74,N/A,N/A,1,N/A,0.0,ERROR
javamop_kornakapi,org.plista.kornakapi.RegressionTest74,N/A,N/A,1,N/A,0.005,ERROR
javamop_kornakapi,org.plista.kornakapi.RegressionTest75,N/A,N/A,1,N/A,0.0,ERROR
javamop_kornakapi,org.plista.kornakapi.RegressionTest75,N/A,N/A,1,N/A,0.0,ERROR
javamop_kornakapi,org.plista.kornakapi.RegressionTest76,N/A,N/A,1,N/A,0.005,ERROR
javamop_kornakapi,org.plista.kornakapi.RegressionTest76,N/A,N/A,1,N/A,0.004,ERROR
javamop_kornakapi,org.plista.kornakapi.RegressionTest76,N/A,N/A,1,N/A,0.005,ERROR
javamop_kornakapi,org.plista.kornakapi.RegressionTest77,N/A,N/A,1,N/A,0.005,ERROR
javamop_kornakapi,org.plista.kornakapi.RegressionTest78,N/A,N/A,1,N/A,0.005,ERROR
javamop_kornakapi,null,2,0,2,0,0.001,FAILURE
Sum: 31.350000000000065
--------------------Execution: 2 -----------------------------------
javamop_kornakapi,null,39707,12,404,0,23.0,FAILURE
javamop_kornakapi,org.plista.kornakapi.RegressionTest0,N/A,N/A,1,N/A,3.44,ERROR
javamop_kornakapi,org.plista.kornakapi.RegressionTest0,N/A,N/A,1,N/A,0.026,ERROR
javamop_kornakapi,org.plista.kornakapi.RegressionTest0,N/A,N/A,1,N/A,0.019,ERROR
javamop_kornakapi,org.plista.kornakapi.RegressionTest0,N/A,N/A,1,N/A,0.015,ERROR
javamop_kornakapi,org.plista.kornakapi.RegressionTest0,N/A,N/A,1,N/A,0.015,ERROR
javamop_kornakapi,org.plista.kornakapi.RegressionTest0,N/A,N/A,1,N/A,0.012,ERROR
javamop_kornakapi,org.plista.kornakapi.RegressionTest0,N/A,N/A,1,N/A,0.012,ERROR
javamop_kornakapi,org.plista.kornakapi.RegressionTest0,N/A,N/A,1,N/A,0.013,ERROR
javamop_kornakapi,org.plista.kornakapi.RegressionTest0,N/A,N/A,1,N/A,0.012,ERROR
javamop_kornakapi,org.plista.kornakapi.RegressionTest0,N/A,N/A,1,N/A,0.011,ERROR
javamop_kornakapi,org.plista.kornakapi.RegressionTest0,N/A,N/A,1,N/A,0.011,ERROR
javamop_kornakapi,org.plista.kornakapi.RegressionTest0,N/A,N/A,1,N/A,0.012,ERROR
javamop_kornakapi,org.plista.kornakapi.RegressionTest0,N/A,N/A,1,N/A,0.125,ERROR
javamop_kornakapi,org.plista.kornakapi.RegressionTest0,N/A,N/A,1,N/A,0.01,ERROR
javamop_kornakapi,org.plista.kornakapi.RegressionTest0,N/A,N/A,1,N/A,0.014,ERROR
javamop_kornakapi,org.plista.kornakapi.RegressionTest0,N/A,N/A,1,N/A,0.031,ERROR
javamop_kornakapi,org.plista.kornakapi.RegressionTest0,N/A,N/A,1,N/A,0.018,ERROR
javamop_kornakapi,org.plista.kornakapi.RegressionTest0,N/A,N/A,1,N/A,0.005,ERROR
javamop_kornakapi,org.plista.kornakapi.RegressionTest0,N/A,N/A,1,N/A,0.013,ERROR
javamop_kornakapi,org.plista.kornakapi.RegressionTest0,N/A,N/A,1,N/A,0.011,ERROR
javamop_kornakapi,org.plista.kornakapi.RegressionTest0,N/A,N/A,1,N/A,0.018,ERROR
javamop_kornakapi,org.plista.kornakapi.RegressionTest0,N/A,N/A,1,N/A,0.014,ERROR
javamop_kornakapi,org.plista.kornakapi.RegressionTest1,N/A,N/A,1,N/A,0.014,ERROR
javamop_kornakapi,org.plista.kornakapi.RegressionTest1,N/A,N/A,1,N/A,0.001,ERROR
javamop_kornakapi,org.plista.kornakapi.RegressionTest1,N/A,N/A,1,N/A,0.001,ERROR
javamop_kornakapi,org.plista.kornakapi.RegressionTest1,N/A,N/A,1,N/A,0.0,ERROR
javamop_kornakapi,org.plista.kornakapi.RegressionTest1,N/A,N/A,1,N/A,0.013,ERROR
javamop_kornakapi,org.plista.kornakapi.RegressionTest1,N/A,N/A,1,N/A,0.013,ERROR
javamop_kornakapi,org.plista.kornakapi.RegressionTest1,N/A,N/A,1,N/A,0.0,ERROR
javamop_kornakapi,org.plista.kornakapi.RegressionTest1,N/A,N/A,1,N/A,0.002,ERROR
javamop_kornakapi,org.plista.kornakapi.RegressionTest1,N/A,N/A,1,N/A,0.006,ERROR
javamop_kornakapi,org.plista.kornakapi.RegressionTest1,N/A,N/A,1,N/A,0.011,ERROR
javamop_kornakapi,org.plista.kornakapi.RegressionTest1,N/A,N/A,1,N/A,0.012,ERROR
javamop_kornakapi,org.plista.kornakapi.RegressionTest1,N/A,N/A,1,N/A,0.009,ERROR
javamop_kornakapi,org.plista.kornakapi.RegressionTest1,N/A,N/A,1,N/A,0.013,ERROR
javamop_kornakapi,org.plista.kornakapi.RegressionTest1,N/A,N/A,1,N/A,0.0,ERROR
javamop_kornakapi,org.plista.kornakapi.RegressionTest1,N/A,N/A,1,N/A,0.014,ERROR
javamop_kornakapi,org.plista.kornakapi.RegressionTest1,N/A,N/A,1,N/A,0.015,ERROR
javamop_kornakapi,org.plista.kornakapi.RegressionTest1,N/A,N/A,1,N/A,0.012,ERROR
javamop_kornakapi,org.plista.kornakapi.RegressionTest1,N/A,N/A,1,N/A,0.001,ERROR
javamop_kornakapi,org.plista.kornakapi.RegressionTest2,N/A,N/A,1,N/A,0.013,ERROR
javamop_kornakapi,org.plista.kornakapi.RegressionTest2,N/A,N/A,1,N/A,0.001,ERROR
javamop_kornakapi,org.plista.kornakapi.RegressionTest2,N/A,N/A,1,N/A,0.01,ERROR
javamop_kornakapi,org.plista.kornakapi.RegressionTest2,N/A,N/A,1,N/A,0.012,ERROR
javamop_kornakapi,org.plista.kornakapi.RegressionTest2,N/A,N/A,1,N/A,0.011,ERROR
javamop_kornakapi,org.plista.kornakapi.RegressionTest2,N/A,N/A,1,N/A,0.012,ERROR
javamop_kornakapi,org.plista.kornakapi.RegressionTest2,N/A,N/A,1,N/A,0.038,ERROR
javamop_kornakapi,org.plista.kornakapi.RegressionTest2,N/A,N/A,1,N/A,0.01,ERROR
javamop_kornakapi,org.plista.kornakapi.RegressionTest2,N/A,N/A,1,N/A,0.0,ERROR
javamop_kornakapi,org.plista.kornakapi.RegressionTest2,N/A,N/A,1,N/A,0.0,ERROR
javamop_kornakapi,org.plista.kornakapi.RegressionTest2,N/A,N/A,1,N/A,0.005,ERROR
javamop_kornakapi,org.plista.kornakapi.RegressionTest2,N/A,N/A,1,N/A,0.01,ERROR
javamop_kornakapi,org.plista.kornakapi.RegressionTest2,N/A,N/A,1,N/A,0.001,ERROR
javamop_kornakapi,org.plista.kornakapi.RegressionTest2,N/A,N/A,1,N/A,0.009,ERROR
javamop_kornakapi,org.plista.kornakapi.RegressionTest2,N/A,N/A,1,N/A,0.008,ERROR
javamop_kornakapi,org.plista.kornakapi.RegressionTest2,N/A,N/A,1,N/A,0.0,ERROR
javamop_kornakapi,org.plista.kornakapi.RegressionTest3,N/A,N/A,1,N/A,0.007,ERROR
javamop_kornakapi,org.plista.kornakapi.RegressionTest3,N/A,N/A,1,N/A,0.008,ERROR
javamop_kornakapi,org.plista.kornakapi.RegressionTest3,N/A,N/A,1,N/A,0.001,ERROR
javamop_kornakapi,org.plista.kornakapi.RegressionTest3,N/A,N/A,1,N/A,0.009,ERROR
javamop_kornakapi,org.plista.kornakapi.RegressionTest3,N/A,N/A,1,N/A,0.0,ERROR
javamop_kornakapi,org.plista.kornakapi.RegressionTest3,N/A,N/A,1,N/A,0.002,ERROR
javamop_kornakapi,org.plista.kornakapi.RegressionTest3,N/A,N/A,1,N/A,0.007,ERROR
javamop_kornakapi,org.plista.kornakapi.RegressionTest3,N/A,N/A,1,N/A,0.007,ERROR
javamop_kornakapi,org.plista.kornakapi.RegressionTest3,N/A,N/A,1,N/A,0.007,ERROR
javamop_kornakapi,org.plista.kornakapi.RegressionTest3,N/A,N/A,1,N/A,0.008,ERROR
javamop_kornakapi,org.plista.kornakapi.RegressionTest3,N/A,N/A,1,N/A,0.007,ERROR
javamop_kornakapi,org.plista.kornakapi.RegressionTest3,N/A,N/A,1,N/A,0.006,ERROR
javamop_kornakapi,org.plista.kornakapi.RegressionTest3,N/A,N/A,1,N/A,0.01,ERROR
javamop_kornakapi,org.plista.kornakapi.RegressionTest4,N/A,N/A,1,N/A,0.009,ERROR
javamop_kornakapi,org.plista.kornakapi.RegressionTest4,N/A,N/A,1,N/A,0.007,ERROR
javamop_kornakapi,org.plista.kornakapi.RegressionTest4,N/A,N/A,1,N/A,0.009,ERROR
javamop_kornakapi,org.plista.kornakapi.RegressionTest4,N/A,N/A,1,N/A,0.008,ERROR
javamop_kornakapi,org.plista.kornakapi.RegressionTest4,N/A,N/A,1,N/A,0.007,ERROR
javamop_kornakapi,org.plista.kornakapi.RegressionTest4,N/A,N/A,1,N/A,0.008,ERROR
javamop_kornakapi,org.plista.kornakapi.RegressionTest4,N/A,N/A,1,N/A,0.007,ERROR
javamop_kornakapi,org.plista.kornakapi.RegressionTest5,N/A,N/A,1,N/A,0.008,ERROR
javamop_kornakapi,org.plista.kornakapi.RegressionTest5,N/A,N/A,1,N/A,0.007,ERROR
javamop_kornakapi,org.plista.kornakapi.RegressionTest5,N/A,N/A,1,N/A,0.009,ERROR
javamop_kornakapi,org.plista.kornakapi.RegressionTest5,N/A,N/A,1,N/A,0.008,ERROR
javamop_kornakapi,org.plista.kornakapi.RegressionTest5,N/A,N/A,1,N/A,0.007,ERROR
javamop_kornakapi,org.plista.kornakapi.RegressionTest5,N/A,N/A,1,N/A,0.01,ERROR
javamop_kornakapi,org.plista.kornakapi.RegressionTest5,N/A,N/A,1,N/A,0.007,ERROR
javamop_kornakapi,org.plista.kornakapi.RegressionTest5,N/A,N/A,1,N/A,0.009,ERROR
javamop_kornakapi,org.plista.kornakapi.RegressionTest5,N/A,N/A,1,N/A,0.008,ERROR
javamop_kornakapi,org.plista.kornakapi.RegressionTest5,N/A,N/A,1,N/A,0.001,ERROR
javamop_kornakapi,org.plista.kornakapi.RegressionTest6,N/A,N/A,1,N/A,0.006,ERROR
javamop_kornakapi,org.plista.kornakapi.RegressionTest6,N/A,N/A,1,N/A,0.006,ERROR
javamop_kornakapi,org.plista.kornakapi.RegressionTest6,N/A,N/A,1,N/A,0.006,ERROR
javamop_kornakapi,org.plista.kornakapi.RegressionTest6,N/A,N/A,1,N/A,0.009,ERROR
javamop_kornakapi,org.plista.kornakapi.RegressionTest6,N/A,N/A,1,N/A,0.0,ERROR
javamop_kornakapi,org.plista.kornakapi.RegressionTest6,N/A,N/A,1,N/A,0.007,ERROR
javamop_kornakapi,org.plista.kornakapi.RegressionTest6,N/A,N/A,1,N/A,0.007,ERROR
javamop_kornakapi,org.plista.kornakapi.RegressionTest7,N/A,N/A,1,N/A,0.0,ERROR
javamop_kornakapi,org.plista.kornakapi.RegressionTest7,N/A,N/A,1,N/A,0.008,ERROR
javamop_kornakapi,org.plista.kornakapi.RegressionTest7,N/A,N/A,1,N/A,0.007,ERROR
javamop_kornakapi,org.plista.kornakapi.RegressionTest7,N/A,N/A,1,N/A,0.006,ERROR
javamop_kornakapi,org.plista.kornakapi.RegressionTest7,N/A,N/A,1,N/A,0.006,ERROR
javamop_kornakapi,org.plista.kornakapi.RegressionTest7,N/A,N/A,1,N/A,0.018,ERROR
javamop_kornakapi,org.plista.kornakapi.RegressionTest7,N/A,N/A,1,N/A,0.006,ERROR
javamop_kornakapi,org.plista.kornakapi.RegressionTest7,N/A,N/A,1,N/A,0.0,ERROR
javamop_kornakapi,org.plista.kornakapi.RegressionTest8,N/A,N/A,1,N/A,0.0,ERROR
javamop_kornakapi,org.plista.kornakapi.RegressionTest8,N/A,N/A,1,N/A,0.007,ERROR
javamop_kornakapi,org.plista.kornakapi.RegressionTest8,N/A,N/A,1,N/A,0.005,ERROR
javamop_kornakapi,org.plista.kornakapi.RegressionTest8,N/A,N/A,1,N/A,0.007,ERROR
javamop_kornakapi,org.plista.kornakapi.RegressionTest8,N/A,N/A,1,N/A,0.006,ERROR
javamop_kornakapi,org.plista.kornakapi.RegressionTest8,N/A,N/A,1,N/A,0.007,ERROR
javamop_kornakapi,org.plista.kornakapi.RegressionTest8,N/A,N/A,1,N/A,0.005,ERROR
javamop_kornakapi,org.plista.kornakapi.RegressionTest8,N/A,N/A,1,N/A,0.006,ERROR
javamop_kornakapi,org.plista.kornakapi.RegressionTest8,N/A,N/A,1,N/A,0.0,ERROR
javamop_kornakapi,org.plista.kornakapi.RegressionTest8,N/A,N/A,1,N/A,0.007,ERROR
javamop_kornakapi,org.plista.kornakapi.RegressionTest8,N/A,N/A,1,N/A,0.007,ERROR
javamop_kornakapi,org.plista.kornakapi.RegressionTest9,N/A,N/A,1,N/A,0.0,ERROR
javamop_kornakapi,org.plista.kornakapi.RegressionTest9,N/A,N/A,1,N/A,0.001,ERROR
javamop_kornakapi,org.plista.kornakapi.RegressionTest9,N/A,N/A,1,N/A,0.0,ERROR
javamop_kornakapi,org.plista.kornakapi.RegressionTest9,N/A,N/A,1,N/A,0.001,ERROR
javamop_kornakapi,org.plista.kornakapi.RegressionTest9,N/A,N/A,1,N/A,0.006,ERROR
javamop_kornakapi,org.plista.kornakapi.RegressionTest9,N/A,N/A,1,N/A,0.007,ERROR
javamop_kornakapi,org.plista.kornakapi.RegressionTest9,N/A,N/A,1,N/A,0.006,ERROR
javamop_kornakapi,org.plista.kornakapi.RegressionTest9,N/A,N/A,1,N/A,0.006,ERROR
javamop_kornakapi,org.plista.kornakapi.RegressionTest9,N/A,N/A,1,N/A,0.007,ERROR
javamop_kornakapi,org.plista.kornakapi.RegressionTest10,N/A,N/A,1,N/A,0.007,ERROR
javamop_kornakapi,org.plista.kornakapi.RegressionTest10,N/A,N/A,1,N/A,0.006,ERROR
javamop_kornakapi,org.plista.kornakapi.RegressionTest10,N/A,N/A,1,N/A,0.005,ERROR
javamop_kornakapi,org.plista.kornakapi.RegressionTest10,N/A,N/A,1,N/A,0.005,ERROR
javamop_kornakapi,org.plista.kornakapi.RegressionTest10,N/A,N/A,1,N/A,0.006,ERROR
javamop_kornakapi,org.plista.kornakapi.RegressionTest10,N/A,N/A,1,N/A,0.005,ERROR
javamop_kornakapi,org.plista.kornakapi.RegressionTest10,N/A,N/A,1,N/A,0.006,ERROR
javamop_kornakapi,org.plista.kornakapi.RegressionTest10,N/A,N/A,1,N/A,0.001,ERROR
javamop_kornakapi,org.plista.kornakapi.RegressionTest10,N/A,N/A,1,N/A,0.006,ERROR
javamop_kornakapi,org.plista.kornakapi.RegressionTest11,N/A,N/A,1,N/A,0.006,ERROR
javamop_kornakapi,org.plista.kornakapi.RegressionTest11,N/A,N/A,1,N/A,0.001,ERROR
javamop_kornakapi,org.plista.kornakapi.RegressionTest11,N/A,N/A,1,N/A,0.006,ERROR
javamop_kornakapi,org.plista.kornakapi.RegressionTest11,N/A,N/A,1,N/A,0.008,ERROR
javamop_kornakapi,org.plista.kornakapi.RegressionTest11,N/A,N/A,1,N/A,0.007,ERROR
javamop_kornakapi,org.plista.kornakapi.RegressionTest12,N/A,N/A,1,N/A,0.001,ERROR
javamop_kornakapi,org.plista.kornakapi.RegressionTest12,N/A,N/A,1,N/A,0.007,ERROR
javamop_kornakapi,org.plista.kornakapi.RegressionTest12,N/A,N/A,1,N/A,0.007,ERROR
javamop_kornakapi,org.plista.kornakapi.RegressionTest12,N/A,N/A,1,N/A,0.006,ERROR
javamop_kornakapi,org.plista.kornakapi.RegressionTest12,N/A,N/A,1,N/A,0.009,ERROR
javamop_kornakapi,org.plista.kornakapi.RegressionTest13,N/A,N/A,1,N/A,0.006,ERROR
javamop_kornakapi,org.plista.kornakapi.RegressionTest13,N/A,N/A,1,N/A,0.008,ERROR
javamop_kornakapi,org.plista.kornakapi.RegressionTest13,N/A,N/A,1,N/A,0.006,ERROR
javamop_kornakapi,org.plista.kornakapi.RegressionTest13,N/A,N/A,1,N/A,0.0,ERROR
javamop_kornakapi,org.plista.kornakapi.RegressionTest13,N/A,N/A,1,N/A,0.008,ERROR
javamop_kornakapi,org.plista.kornakapi.RegressionTest13,N/A,N/A,1,N/A,0.006,ERROR
javamop_kornakapi,org.plista.kornakapi.RegressionTest14,N/A,N/A,1,N/A,0.006,ERROR
javamop_kornakapi,org.plista.kornakapi.RegressionTest14,N/A,N/A,1,N/A,0.008,ERROR
javamop_kornakapi,org.plista.kornakapi.RegressionTest14,N/A,N/A,1,N/A,0.006,ERROR
javamop_kornakapi,org.plista.kornakapi.RegressionTest14,N/A,N/A,1,N/A,0.007,ERROR
javamop_kornakapi,org.plista.kornakapi.RegressionTest14,N/A,N/A,1,N/A,0.007,ERROR
javamop_kornakapi,org.plista.kornakapi.RegressionTest14,N/A,N/A,1,N/A,0.006,ERROR
javamop_kornakapi,org.plista.kornakapi.RegressionTest15,N/A,N/A,1,N/A,0.0,ERROR
javamop_kornakapi,org.plista.kornakapi.RegressionTest15,N/A,N/A,1,N/A,0.007,ERROR
javamop_kornakapi,org.plista.kornakapi.RegressionTest15,N/A,N/A,1,N/A,0.008,ERROR
javamop_kornakapi,org.plista.kornakapi.RegressionTest15,N/A,N/A,1,N/A,0.007,ERROR
javamop_kornakapi,org.plista.kornakapi.RegressionTest15,N/A,N/A,1,N/A,0.006,ERROR
javamop_kornakapi,org.plista.kornakapi.RegressionTest15,N/A,N/A,1,N/A,0.007,ERROR
javamop_kornakapi,org.plista.kornakapi.RegressionTest15,N/A,N/A,1,N/A,0.007,ERROR
javamop_kornakapi,org.plista.kornakapi.RegressionTest15,N/A,N/A,1,N/A,0.006,ERROR
javamop_kornakapi,org.plista.kornakapi.RegressionTest16,N/A,N/A,1,N/A,0.006,ERROR
javamop_kornakapi,org.plista.kornakapi.RegressionTest16,N/A,N/A,1,N/A,0.005,ERROR
javamop_kornakapi,org.plista.kornakapi.RegressionTest16,N/A,N/A,1,N/A,0.005,ERROR
javamop_kornakapi,org.plista.kornakapi.RegressionTest16,N/A,N/A,1,N/A,0.001,ERROR
javamop_kornakapi,org.plista.kornakapi.RegressionTest16,N/A,N/A,1,N/A,0.0,ERROR
javamop_kornakapi,org.plista.kornakapi.RegressionTest16,N/A,N/A,1,N/A,0.006,ERROR
javamop_kornakapi,org.plista.kornakapi.RegressionTest16,N/A,N/A,1,N/A,0.001,ERROR
javamop_kornakapi,org.plista.kornakapi.RegressionTest16,N/A,N/A,1,N/A,0.008,ERROR
javamop_kornakapi,org.plista.kornakapi.RegressionTest17,N/A,N/A,1,N/A,0.006,ERROR
javamop_kornakapi,org.plista.kornakapi.RegressionTest17,N/A,N/A,1,N/A,0.008,ERROR
javamop_kornakapi,org.plista.kornakapi.RegressionTest17,N/A,N/A,1,N/A,0.0,ERROR
javamop_kornakapi,org.plista.kornakapi.RegressionTest17,N/A,N/A,1,N/A,0.007,ERROR
javamop_kornakapi,org.plista.kornakapi.RegressionTest17,N/A,N/A,1,N/A,0.001,ERROR
javamop_kornakapi,org.plista.kornakapi.RegressionTest17,N/A,N/A,1,N/A,0.006,ERROR
javamop_kornakapi,org.plista.kornakapi.RegressionTest17,N/A,N/A,1,N/A,0.008,ERROR
javamop_kornakapi,org.plista.kornakapi.RegressionTest18,N/A,N/A,1,N/A,0.006,ERROR
javamop_kornakapi,org.plista.kornakapi.RegressionTest18,N/A,N/A,1,N/A,0.007,ERROR
javamop_kornakapi,org.plista.kornakapi.RegressionTest18,N/A,N/A,1,N/A,0.0,ERROR
javamop_kornakapi,org.plista.kornakapi.RegressionTest18,N/A,N/A,1,N/A,0.007,ERROR
javamop_kornakapi,org.plista.kornakapi.RegressionTest19,N/A,N/A,1,N/A,0.006,ERROR
javamop_kornakapi,org.plista.kornakapi.RegressionTest19,N/A,N/A,1,N/A,0.006,ERROR
javamop_kornakapi,org.plista.kornakapi.RegressionTest19,N/A,N/A,1,N/A,0.0,ERROR
javamop_kornakapi,org.plista.kornakapi.RegressionTest19,N/A,N/A,1,N/A,0.008,ERROR
javamop_kornakapi,org.plista.kornakapi.RegressionTest19,N/A,N/A,1,N/A,0.008,ERROR
javamop_kornakapi,org.plista.kornakapi.RegressionTest19,N/A,N/A,1,N/A,0.008,ERROR
javamop_kornakapi,org.plista.kornakapi.RegressionTest19,N/A,N/A,1,N/A,0.007,ERROR
javamop_kornakapi,org.plista.kornakapi.RegressionTest19,N/A,N/A,1,N/A,0.007,ERROR
javamop_kornakapi,org.plista.kornakapi.RegressionTest19,N/A,N/A,1,N/A,0.007,ERROR
javamop_kornakapi,org.plista.kornakapi.RegressionTest20,N/A,N/A,1,N/A,0.007,ERROR
javamop_kornakapi,org.plista.kornakapi.RegressionTest20,N/A,N/A,1,N/A,0.001,ERROR
javamop_kornakapi,org.plista.kornakapi.RegressionTest20,N/A,N/A,1,N/A,0.006,ERROR
javamop_kornakapi,org.plista.kornakapi.RegressionTest20,N/A,N/A,1,N/A,0.0,ERROR
javamop_kornakapi,org.plista.kornakapi.RegressionTest21,N/A,N/A,1,N/A,0.001,ERROR
javamop_kornakapi,org.plista.kornakapi.RegressionTest21,N/A,N/A,1,N/A,0.007,ERROR
javamop_kornakapi,org.plista.kornakapi.RegressionTest21,N/A,N/A,1,N/A,0.006,ERROR
javamop_kornakapi,org.plista.kornakapi.RegressionTest21,N/A,N/A,1,N/A,0.008,ERROR
javamop_kornakapi,org.plista.kornakapi.RegressionTest21,N/A,N/A,1,N/A,0.006,ERROR
javamop_kornakapi,org.plista.kornakapi.RegressionTest21,N/A,N/A,1,N/A,0.007,ERROR
javamop_kornakapi,org.plista.kornakapi.RegressionTest21,N/A,N/A,1,N/A,0.007,ERROR
javamop_kornakapi,org.plista.kornakapi.RegressionTest21,N/A,N/A,1,N/A,0.006,ERROR
javamop_kornakapi,org.plista.kornakapi.RegressionTest22,N/A,N/A,1,N/A,0.001,ERROR
javamop_kornakapi,org.plista.kornakapi.RegressionTest22,N/A,N/A,1,N/A,0.008,ERROR
javamop_kornakapi,org.plista.kornakapi.RegressionTest22,N/A,N/A,1,N/A,0.007,ERROR
javamop_kornakapi,org.plista.kornakapi.RegressionTest22,N/A,N/A,1,N/A,0.006,ERROR
javamop_kornakapi,org.plista.kornakapi.RegressionTest23,N/A,N/A,1,N/A,0.0,ERROR
javamop_kornakapi,org.plista.kornakapi.RegressionTest23,N/A,N/A,1,N/A,0.007,ERROR
javamop_kornakapi,org.plista.kornakapi.RegressionTest23,N/A,N/A,1,N/A,0.0,ERROR
javamop_kornakapi,org.plista.kornakapi.RegressionTest23,N/A,N/A,1,N/A,0.008,ERROR
javamop_kornakapi,org.plista.kornakapi.RegressionTest23,N/A,N/A,1,N/A,0.006,ERROR
javamop_kornakapi,org.plista.kornakapi.RegressionTest23,N/A,N/A,1,N/A,0.005,ERROR
javamop_kornakapi,org.plista.kornakapi.RegressionTest24,N/A,N/A,1,N/A,0.001,ERROR
javamop_kornakapi,org.plista.kornakapi.RegressionTest24,N/A,N/A,1,N/A,0.005,ERROR
javamop_kornakapi,org.plista.kornakapi.RegressionTest24,N/A,N/A,1,N/A,0.005,ERROR
javamop_kornakapi,org.plista.kornakapi.RegressionTest24,N/A,N/A,1,N/A,0.006,ERROR
javamop_kornakapi,org.plista.kornakapi.RegressionTest25,N/A,N/A,1,N/A,0.007,ERROR
javamop_kornakapi,org.plista.kornakapi.RegressionTest25,N/A,N/A,1,N/A,0.001,ERROR
javamop_kornakapi,org.plista.kornakapi.RegressionTest25,N/A,N/A,1,N/A,0.005,ERROR
javamop_kornakapi,org.plista.kornakapi.RegressionTest25,N/A,N/A,1,N/A,0.001,ERROR
javamop_kornakapi,org.plista.kornakapi.RegressionTest25,N/A,N/A,1,N/A,0.005,ERROR
javamop_kornakapi,org.plista.kornakapi.RegressionTest25,N/A,N/A,1,N/A,0.005,ERROR
javamop_kornakapi,org.plista.kornakapi.RegressionTest25,N/A,N/A,1,N/A,0.005,ERROR
javamop_kornakapi,org.plista.kornakapi.RegressionTest25,N/A,N/A,1,N/A,0.005,ERROR
javamop_kornakapi,org.plista.kornakapi.RegressionTest25,N/A,N/A,1,N/A,0.006,ERROR
javamop_kornakapi,org.plista.kornakapi.RegressionTest26,N/A,N/A,1,N/A,0.005,ERROR
javamop_kornakapi,org.plista.kornakapi.RegressionTest26,N/A,N/A,1,N/A,0.005,ERROR
javamop_kornakapi,org.plista.kornakapi.RegressionTest26,N/A,N/A,1,N/A,0.005,ERROR
javamop_kornakapi,org.plista.kornakapi.RegressionTest26,N/A,N/A,1,N/A,0.0,ERROR
javamop_kornakapi,org.plista.kornakapi.RegressionTest26,N/A,N/A,1,N/A,0.005,ERROR
javamop_kornakapi,org.plista.kornakapi.RegressionTest26,N/A,N/A,1,N/A,0.005,ERROR
javamop_kornakapi,org.plista.kornakapi.RegressionTest26,N/A,N/A,1,N/A,0.006,ERROR
javamop_kornakapi,org.plista.kornakapi.RegressionTest27,N/A,N/A,1,N/A,0.006,ERROR
javamop_kornakapi,org.plista.kornakapi.RegressionTest27,N/A,N/A,1,N/A,0.008,ERROR
javamop_kornakapi,org.plista.kornakapi.RegressionTest27,N/A,N/A,1,N/A,0.008,ERROR
javamop_kornakapi,org.plista.kornakapi.RegressionTest27,N/A,N/A,1,N/A,0.007,ERROR
javamop_kornakapi,org.plista.kornakapi.RegressionTest27,N/A,N/A,1,N/A,0.006,ERROR
javamop_kornakapi,org.plista.kornakapi.RegressionTest28,N/A,N/A,1,N/A,0.005,ERROR
javamop_kornakapi,org.plista.kornakapi.RegressionTest28,N/A,N/A,1,N/A,0.006,ERROR
javamop_kornakapi,org.plista.kornakapi.RegressionTest28,N/A,N/A,1,N/A,0.005,ERROR
javamop_kornakapi,org.plista.kornakapi.RegressionTest29,N/A,N/A,1,N/A,0.005,ERROR
javamop_kornakapi,org.plista.kornakapi.RegressionTest29,N/A,N/A,1,N/A,0.005,ERROR
javamop_kornakapi,org.plista.kornakapi.RegressionTest29,N/A,N/A,1,N/A,0.006,ERROR
javamop_kornakapi,org.plista.kornakapi.RegressionTest29,N/A,N/A,1,N/A,0.005,ERROR
javamop_kornakapi,org.plista.kornakapi.RegressionTest29,N/A,N/A,1,N/A,0.005,ERROR
javamop_kornakapi,org.plista.kornakapi.RegressionTest29,N/A,N/A,1,N/A,0.005,ERROR
javamop_kornakapi,org.plista.kornakapi.RegressionTest29,N/A,N/A,1,N/A,0.006,ERROR
javamop_kornakapi,org.plista.kornakapi.RegressionTest30,N/A,N/A,1,N/A,0.005,ERROR
javamop_kornakapi,org.plista.kornakapi.RegressionTest30,N/A,N/A,1,N/A,0.0,ERROR
javamop_kornakapi,org.plista.kornakapi.RegressionTest30,N/A,N/A,1,N/A,0.005,ERROR
javamop_kornakapi,org.plista.kornakapi.RegressionTest31,N/A,N/A,1,N/A,0.001,ERROR
javamop_kornakapi,org.plista.kornakapi.RegressionTest31,N/A,N/A,1,N/A,0.001,ERROR
javamop_kornakapi,org.plista.kornakapi.RegressionTest31,N/A,N/A,1,N/A,0.0,ERROR
javamop_kornakapi,org.plista.kornakapi.RegressionTest32,N/A,N/A,1,N/A,0.005,ERROR
javamop_kornakapi,org.plista.kornakapi.RegressionTest33,N/A,N/A,1,N/A,0.0,ERROR
javamop_kornakapi,org.plista.kornakapi.RegressionTest33,N/A,N/A,1,N/A,0.005,ERROR
javamop_kornakapi,org.plista.kornakapi.RegressionTest33,N/A,N/A,1,N/A,0.005,ERROR
javamop_kornakapi,org.plista.kornakapi.RegressionTest33,N/A,N/A,1,N/A,0.0,ERROR
javamop_kornakapi,org.plista.kornakapi.RegressionTest33,N/A,N/A,1,N/A,0.005,ERROR
javamop_kornakapi,org.plista.kornakapi.RegressionTest33,N/A,N/A,1,N/A,0.005,ERROR
javamop_kornakapi,org.plista.kornakapi.RegressionTest34,N/A,N/A,1,N/A,0.005,ERROR
javamop_kornakapi,org.plista.kornakapi.RegressionTest34,N/A,N/A,1,N/A,0.005,ERROR
javamop_kornakapi,org.plista.kornakapi.RegressionTest34,N/A,N/A,1,N/A,0.005,ERROR
javamop_kornakapi,org.plista.kornakapi.RegressionTest34,N/A,N/A,1,N/A,0.005,ERROR
javamop_kornakapi,org.plista.kornakapi.RegressionTest35,N/A,N/A,1,N/A,0.005,ERROR
javamop_kornakapi,org.plista.kornakapi.RegressionTest35,N/A,N/A,1,N/A,0.006,ERROR
javamop_kornakapi,org.plista.kornakapi.RegressionTest35,N/A,N/A,1,N/A,0.005,ERROR
javamop_kornakapi,org.plista.kornakapi.RegressionTest35,N/A,N/A,1,N/A,0.005,ERROR
javamop_kornakapi,org.plista.kornakapi.RegressionTest36,N/A,N/A,1,N/A,0.005,ERROR
javamop_kornakapi,org.plista.kornakapi.RegressionTest37,N/A,N/A,1,N/A,0.005,ERROR
javamop_kornakapi,org.plista.kornakapi.RegressionTest37,N/A,N/A,1,N/A,0.005,ERROR
javamop_kornakapi,org.plista.kornakapi.RegressionTest37,N/A,N/A,1,N/A,0.005,ERROR
javamop_kornakapi,org.plista.kornakapi.RegressionTest37,N/A,N/A,1,N/A,0.005,ERROR
javamop_kornakapi,org.plista.kornakapi.RegressionTest38,N/A,N/A,1,N/A,0.004,ERROR
javamop_kornakapi,org.plista.kornakapi.RegressionTest38,N/A,N/A,1,N/A,0.004,ERROR
javamop_kornakapi,org.plista.kornakapi.RegressionTest39,N/A,N/A,1,N/A,0.0,ERROR
javamop_kornakapi,org.plista.kornakapi.RegressionTest39,N/A,N/A,1,N/A,0.004,ERROR
javamop_kornakapi,org.plista.kornakapi.RegressionTest40,N/A,N/A,1,N/A,0.004,ERROR
javamop_kornakapi,org.plista.kornakapi.RegressionTest40,N/A,N/A,1,N/A,0.004,ERROR
javamop_kornakapi,org.plista.kornakapi.RegressionTest40,N/A,N/A,1,N/A,0.004,ERROR
javamop_kornakapi,org.plista.kornakapi.RegressionTest40,N/A,N/A,1,N/A,0.005,ERROR
javamop_kornakapi,org.plista.kornakapi.RegressionTest40,N/A,N/A,1,N/A,0.005,ERROR
javamop_kornakapi,org.plista.kornakapi.RegressionTest40,N/A,N/A,1,N/A,0.005,ERROR
javamop_kornakapi,org.plista.kornakapi.RegressionTest40,N/A,N/A,1,N/A,0.005,ERROR
javamop_kornakapi,org.plista.kornakapi.RegressionTest41,N/A,N/A,1,N/A,0.0,ERROR
javamop_kornakapi,org.plista.kornakapi.RegressionTest41,N/A,N/A,1,N/A,0.004,ERROR
javamop_kornakapi,org.plista.kornakapi.RegressionTest42,N/A,N/A,1,N/A,0.004,ERROR
javamop_kornakapi,org.plista.kornakapi.RegressionTest42,N/A,N/A,1,N/A,0.004,ERROR
javamop_kornakapi,org.plista.kornakapi.RegressionTest42,N/A,N/A,1,N/A,0.005,ERROR
javamop_kornakapi,org.plista.kornakapi.RegressionTest42,N/A,N/A,1,N/A,0.005,ERROR
javamop_kornakapi,org.plista.kornakapi.RegressionTest42,N/A,N/A,1,N/A,0.005,ERROR
javamop_kornakapi,org.plista.kornakapi.RegressionTest42,N/A,N/A,1,N/A,0.005,ERROR
javamop_kornakapi,org.plista.kornakapi.RegressionTest43,N/A,N/A,1,N/A,0.004,ERROR
javamop_kornakapi,org.plista.kornakapi.RegressionTest43,N/A,N/A,1,N/A,0.005,ERROR
javamop_kornakapi,org.plista.kornakapi.RegressionTest43,N/A,N/A,1,N/A,0.005,ERROR
javamop_kornakapi,org.plista.kornakapi.RegressionTest44,N/A,N/A,1,N/A,0.005,ERROR
javamop_kornakapi,org.plista.kornakapi.RegressionTest44,N/A,N/A,1,N/A,0.004,ERROR
javamop_kornakapi,org.plista.kornakapi.RegressionTest44,N/A,N/A,1,N/A,0.004,ERROR
javamop_kornakapi,org.plista.kornakapi.RegressionTest45,N/A,N/A,1,N/A,0.001,ERROR
javamop_kornakapi,org.plista.kornakapi.RegressionTest45,N/A,N/A,1,N/A,0.004,ERROR
javamop_kornakapi,org.plista.kornakapi.RegressionTest45,N/A,N/A,1,N/A,0.004,ERROR
javamop_kornakapi,org.plista.kornakapi.RegressionTest45,N/A,N/A,1,N/A,0.0,ERROR
javamop_kornakapi,org.plista.kornakapi.RegressionTest45,N/A,N/A,1,N/A,0.004,ERROR
javamop_kornakapi,org.plista.kornakapi.RegressionTest45,N/A,N/A,1,N/A,0.001,ERROR
javamop_kornakapi,org.plista.kornakapi.RegressionTest46,N/A,N/A,1,N/A,0.005,ERROR
javamop_kornakapi,org.plista.kornakapi.RegressionTest46,N/A,N/A,1,N/A,0.0,ERROR
javamop_kornakapi,org.plista.kornakapi.RegressionTest46,N/A,N/A,1,N/A,0.001,ERROR
javamop_kornakapi,org.plista.kornakapi.RegressionTest46,N/A,N/A,1,N/A,0.006,ERROR
javamop_kornakapi,org.plista.kornakapi.RegressionTest47,N/A,N/A,1,N/A,0.005,ERROR
javamop_kornakapi,org.plista.kornakapi.RegressionTest47,N/A,N/A,1,N/A,0.0,ERROR
javamop_kornakapi,org.plista.kornakapi.RegressionTest48,N/A,N/A,1,N/A,0.004,ERROR
javamop_kornakapi,org.plista.kornakapi.RegressionTest48,N/A,N/A,1,N/A,0.005,ERROR
javamop_kornakapi,org.plista.kornakapi.RegressionTest48,N/A,N/A,1,N/A,0.004,ERROR
javamop_kornakapi,org.plista.kornakapi.RegressionTest49,N/A,N/A,1,N/A,0.001,ERROR
javamop_kornakapi,org.plista.kornakapi.RegressionTest49,N/A,N/A,1,N/A,0.006,ERROR
javamop_kornakapi,org.plista.kornakapi.RegressionTest49,N/A,N/A,1,N/A,0.0,ERROR
javamop_kornakapi,org.plista.kornakapi.RegressionTest49,N/A,N/A,1,N/A,0.006,ERROR
javamop_kornakapi,org.plista.kornakapi.RegressionTest49,N/A,N/A,1,N/A,0.001,ERROR
javamop_kornakapi,org.plista.kornakapi.RegressionTest49,N/A,N/A,1,N/A,0.0,ERROR
javamop_kornakapi,org.plista.kornakapi.RegressionTest50,N/A,N/A,1,N/A,0.005,ERROR
javamop_kornakapi,org.plista.kornakapi.RegressionTest50,N/A,N/A,1,N/A,0.005,ERROR
javamop_kornakapi,org.plista.kornakapi.RegressionTest50,N/A,N/A,1,N/A,0.0,ERROR
javamop_kornakapi,org.plista.kornakapi.RegressionTest50,N/A,N/A,1,N/A,0.001,ERROR
javamop_kornakapi,org.plista.kornakapi.RegressionTest51,N/A,N/A,1,N/A,0.005,ERROR
javamop_kornakapi,org.plista.kornakapi.RegressionTest51,N/A,N/A,1,N/A,0.004,ERROR
javamop_kornakapi,org.plista.kornakapi.RegressionTest51,N/A,N/A,1,N/A,0.005,ERROR
javamop_kornakapi,org.plista.kornakapi.RegressionTest52,N/A,N/A,1,N/A,0.004,ERROR
javamop_kornakapi,org.plista.kornakapi.RegressionTest52,N/A,N/A,1,N/A,0.005,ERROR
javamop_kornakapi,org.plista.kornakapi.RegressionTest52,N/A,N/A,1,N/A,0.004,ERROR
javamop_kornakapi,org.plista.kornakapi.RegressionTest52,N/A,N/A,1,N/A,0.005,ERROR
javamop_kornakapi,org.plista.kornakapi.RegressionTest54,N/A,N/A,1,N/A,0.005,ERROR
javamop_kornakapi,org.plista.kornakapi.RegressionTest54,N/A,N/A,1,N/A,0.005,ERROR
javamop_kornakapi,org.plista.kornakapi.RegressionTest54,N/A,N/A,1,N/A,0.005,ERROR
javamop_kornakapi,org.plista.kornakapi.RegressionTest54,N/A,N/A,1,N/A,0.005,ERROR
javamop_kornakapi,org.plista.kornakapi.RegressionTest54,N/A,N/A,1,N/A,0.001,ERROR
javamop_kornakapi,org.plista.kornakapi.RegressionTest54,N/A,N/A,1,N/A,0.001,ERROR
javamop_kornakapi,org.plista.kornakapi.RegressionTest55,N/A,N/A,1,N/A,0.0,ERROR
javamop_kornakapi,org.plista.kornakapi.RegressionTest55,N/A,N/A,1,N/A,0.007,ERROR
javamop_kornakapi,org.plista.kornakapi.RegressionTest55,N/A,N/A,1,N/A,0.005,ERROR
javamop_kornakapi,org.plista.kornakapi.RegressionTest55,N/A,N/A,1,N/A,0.005,ERROR
javamop_kornakapi,org.plista.kornakapi.RegressionTest56,N/A,N/A,1,N/A,0.004,ERROR
javamop_kornakapi,org.plista.kornakapi.RegressionTest56,N/A,N/A,1,N/A,0.001,ERROR
javamop_kornakapi,org.plista.kornakapi.RegressionTest56,N/A,N/A,1,N/A,0.005,ERROR
javamop_kornakapi,org.plista.kornakapi.RegressionTest57,N/A,N/A,1,N/A,0.005,ERROR
javamop_kornakapi,org.plista.kornakapi.RegressionTest57,N/A,N/A,1,N/A,0.005,ERROR
javamop_kornakapi,org.plista.kornakapi.RegressionTest57,N/A,N/A,1,N/A,0.0,ERROR
javamop_kornakapi,org.plista.kornakapi.RegressionTest58,N/A,N/A,1,N/A,0.004,ERROR
javamop_kornakapi,org.plista.kornakapi.RegressionTest58,N/A,N/A,1,N/A,0.005,ERROR
javamop_kornakapi,org.plista.kornakapi.RegressionTest58,N/A,N/A,1,N/A,0.0,ERROR
javamop_kornakapi,org.plista.kornakapi.RegressionTest58,N/A,N/A,1,N/A,0.001,ERROR
javamop_kornakapi,org.plista.kornakapi.RegressionTest59,N/A,N/A,1,N/A,0.004,ERROR
javamop_kornakapi,org.plista.kornakapi.RegressionTest59,N/A,N/A,1,N/A,0.005,ERROR
javamop_kornakapi,org.plista.kornakapi.RegressionTest59,N/A,N/A,1,N/A,0.004,ERROR
javamop_kornakapi,org.plista.kornakapi.RegressionTest59,N/A,N/A,1,N/A,0.004,ERROR
javamop_kornakapi,org.plista.kornakapi.RegressionTest61,N/A,N/A,1,N/A,0.005,ERROR
javamop_kornakapi,org.plista.kornakapi.RegressionTest61,N/A,N/A,1,N/A,0.004,ERROR
javamop_kornakapi,org.plista.kornakapi.RegressionTest61,N/A,N/A,1,N/A,0.004,ERROR
javamop_kornakapi,org.plista.kornakapi.RegressionTest61,N/A,N/A,1,N/A,0.005,ERROR
javamop_kornakapi,org.plista.kornakapi.RegressionTest61,N/A,N/A,1,N/A,0.005,ERROR
javamop_kornakapi,org.plista.kornakapi.RegressionTest61,N/A,N/A,1,N/A,0.0,ERROR
javamop_kornakapi,org.plista.kornakapi.RegressionTest62,N/A,N/A,1,N/A,0.005,ERROR
javamop_kornakapi,org.plista.kornakapi.RegressionTest62,N/A,N/A,1,N/A,0.005,ERROR
javamop_kornakapi,org.plista.kornakapi.RegressionTest62,N/A,N/A,1,N/A,0.004,ERROR
javamop_kornakapi,org.plista.kornakapi.RegressionTest62,N/A,N/A,1,N/A,0.004,ERROR
javamop_kornakapi,org.plista.kornakapi.RegressionTest63,N/A,N/A,1,N/A,0.005,ERROR
javamop_kornakapi,org.plista.kornakapi.RegressionTest63,N/A,N/A,1,N/A,0.005,ERROR
javamop_kornakapi,org.plista.kornakapi.RegressionTest63,N/A,N/A,1,N/A,0.005,ERROR
javamop_kornakapi,org.plista.kornakapi.RegressionTest63,N/A,N/A,1,N/A,0.005,ERROR
javamop_kornakapi,org.plista.kornakapi.RegressionTest64,N/A,N/A,1,N/A,0.004,ERROR
javamop_kornakapi,org.plista.kornakapi.RegressionTest64,N/A,N/A,1,N/A,0.005,ERROR
javamop_kornakapi,org.plista.kornakapi.RegressionTest65,N/A,N/A,1,N/A,0.005,ERROR
javamop_kornakapi,org.plista.kornakapi.RegressionTest65,N/A,N/A,1,N/A,0.005,ERROR
javamop_kornakapi,org.plista.kornakapi.RegressionTest66,N/A,N/A,1,N/A,0.0,ERROR
javamop_kornakapi,org.plista.kornakapi.RegressionTest66,N/A,N/A,1,N/A,0.001,ERROR
javamop_kornakapi,org.plista.kornakapi.RegressionTest66,N/A,N/A,1,N/A,0.005,ERROR
javamop_kornakapi,org.plista.kornakapi.RegressionTest67,N/A,N/A,1,N/A,0.005,ERROR
javamop_kornakapi,org.plista.kornakapi.RegressionTest68,N/A,N/A,1,N/A,0.004,ERROR
javamop_kornakapi,org.plista.kornakapi.RegressionTest68,N/A,N/A,1,N/A,0.005,ERROR
javamop_kornakapi,org.plista.kornakapi.RegressionTest68,N/A,N/A,1,N/A,0.0,ERROR
javamop_kornakapi,org.plista.kornakapi.RegressionTest68,N/A,N/A,1,N/A,0.005,ERROR
javamop_kornakapi,org.plista.kornakapi.RegressionTest68,N/A,N/A,1,N/A,0.005,ERROR
javamop_kornakapi,org.plista.kornakapi.RegressionTest69,N/A,N/A,1,N/A,0.001,ERROR
javamop_kornakapi,org.plista.kornakapi.RegressionTest69,N/A,N/A,1,N/A,0.005,ERROR
javamop_kornakapi,org.plista.kornakapi.RegressionTest70,N/A,N/A,1,N/A,0.004,ERROR
javamop_kornakapi,org.plista.kornakapi.RegressionTest70,N/A,N/A,1,N/A,0.004,ERROR
javamop_kornakapi,org.plista.kornakapi.RegressionTest70,N/A,N/A,1,N/A,0.005,ERROR
javamop_kornakapi,org.plista.kornakapi.RegressionTest71,N/A,N/A,1,N/A,0.005,ERROR
javamop_kornakapi,org.plista.kornakapi.RegressionTest71,N/A,N/A,1,N/A,0.004,ERROR
javamop_kornakapi,org.plista.kornakapi.RegressionTest72,N/A,N/A,1,N/A,0.005,ERROR
javamop_kornakapi,org.plista.kornakapi.RegressionTest72,N/A,N/A,1,N/A,0.0,ERROR
javamop_kornakapi,org.plista.kornakapi.RegressionTest72,N/A,N/A,1,N/A,0.005,ERROR
javamop_kornakapi,org.plista.kornakapi.RegressionTest72,N/A,N/A,1,N/A,0.005,ERROR
javamop_kornakapi,org.plista.kornakapi.RegressionTest73,N/A,N/A,1,N/A,0.005,ERROR
javamop_kornakapi,org.plista.kornakapi.RegressionTest73,N/A,N/A,1,N/A,0.0,ERROR
javamop_kornakapi,org.plista.kornakapi.RegressionTest74,N/A,N/A,1,N/A,0.005,ERROR
javamop_kornakapi,org.plista.kornakapi.RegressionTest74,N/A,N/A,1,N/A,0.0,ERROR
javamop_kornakapi,org.plista.kornakapi.RegressionTest74,N/A,N/A,1,N/A,0.005,ERROR
javamop_kornakapi,org.plista.kornakapi.RegressionTest74,N/A,N/A,1,N/A,0.001,ERROR
javamop_kornakapi,org.plista.kornakapi.RegressionTest74,N/A,N/A,1,N/A,0.004,ERROR
javamop_kornakapi,org.plista.kornakapi.RegressionTest75,N/A,N/A,1,N/A,0.0,ERROR
javamop_kornakapi,org.plista.kornakapi.RegressionTest75,N/A,N/A,1,N/A,0.0,ERROR
javamop_kornakapi,org.plista.kornakapi.RegressionTest76,N/A,N/A,1,N/A,0.005,ERROR
javamop_kornakapi,org.plista.kornakapi.RegressionTest76,N/A,N/A,1,N/A,0.005,ERROR
javamop_kornakapi,org.plista.kornakapi.RegressionTest76,N/A,N/A,1,N/A,0.005,ERROR
javamop_kornakapi,org.plista.kornakapi.RegressionTest77,N/A,N/A,1,N/A,0.005,ERROR
javamop_kornakapi,org.plista.kornakapi.RegressionTest78,N/A,N/A,1,N/A,0.005,ERROR
javamop_kornakapi,null,2,0,2,0,0.0,FAILURE
Sum: 28.774000000000058
--------------------Execution: 3 -----------------------------------
javamop_kornakapi,null,39707,12,404,0,22.95,FAILURE
javamop_kornakapi,org.plista.kornakapi.RegressionTest0,N/A,N/A,1,N/A,3.627,ERROR
javamop_kornakapi,org.plista.kornakapi.RegressionTest0,N/A,N/A,1,N/A,0.025,ERROR
javamop_kornakapi,org.plista.kornakapi.RegressionTest0,N/A,N/A,1,N/A,0.018,ERROR
javamop_kornakapi,org.plista.kornakapi.RegressionTest0,N/A,N/A,1,N/A,0.015,ERROR
javamop_kornakapi,org.plista.kornakapi.RegressionTest0,N/A,N/A,1,N/A,0.011,ERROR
javamop_kornakapi,org.plista.kornakapi.RegressionTest0,N/A,N/A,1,N/A,0.012,ERROR
javamop_kornakapi,org.plista.kornakapi.RegressionTest0,N/A,N/A,1,N/A,0.012,ERROR
javamop_kornakapi,org.plista.kornakapi.RegressionTest0,N/A,N/A,1,N/A,0.012,ERROR
javamop_kornakapi,org.plista.kornakapi.RegressionTest0,N/A,N/A,1,N/A,0.011,ERROR
javamop_kornakapi,org.plista.kornakapi.RegressionTest0,N/A,N/A,1,N/A,0.011,ERROR
javamop_kornakapi,org.plista.kornakapi.RegressionTest0,N/A,N/A,1,N/A,0.01,ERROR
javamop_kornakapi,org.plista.kornakapi.RegressionTest0,N/A,N/A,1,N/A,0.008,ERROR
javamop_kornakapi,org.plista.kornakapi.RegressionTest0,N/A,N/A,1,N/A,0.123,ERROR
javamop_kornakapi,org.plista.kornakapi.RegressionTest0,N/A,N/A,1,N/A,0.011,ERROR
javamop_kornakapi,org.plista.kornakapi.RegressionTest0,N/A,N/A,1,N/A,0.008,ERROR
javamop_kornakapi,org.plista.kornakapi.RegressionTest0,N/A,N/A,1,N/A,0.009,ERROR
javamop_kornakapi,org.plista.kornakapi.RegressionTest0,N/A,N/A,1,N/A,0.011,ERROR
javamop_kornakapi,org.plista.kornakapi.RegressionTest0,N/A,N/A,1,N/A,0.012,ERROR
javamop_kornakapi,org.plista.kornakapi.RegressionTest0,N/A,N/A,1,N/A,0.011,ERROR
javamop_kornakapi,org.plista.kornakapi.RegressionTest0,N/A,N/A,1,N/A,0.007,ERROR
javamop_kornakapi,org.plista.kornakapi.RegressionTest0,N/A,N/A,1,N/A,0.012,ERROR
javamop_kornakapi,org.plista.kornakapi.RegressionTest0,N/A,N/A,1,N/A,0.011,ERROR
javamop_kornakapi,org.plista.kornakapi.RegressionTest1,N/A,N/A,1,N/A,0.013,ERROR
javamop_kornakapi,org.plista.kornakapi.RegressionTest1,N/A,N/A,1,N/A,0.0,ERROR
javamop_kornakapi,org.plista.kornakapi.RegressionTest1,N/A,N/A,1,N/A,0.0,ERROR
javamop_kornakapi,org.plista.kornakapi.RegressionTest1,N/A,N/A,1,N/A,0.001,ERROR
javamop_kornakapi,org.plista.kornakapi.RegressionTest1,N/A,N/A,1,N/A,0.005,ERROR
javamop_kornakapi,org.plista.kornakapi.RegressionTest1,N/A,N/A,1,N/A,0.011,ERROR
javamop_kornakapi,org.plista.kornakapi.RegressionTest1,N/A,N/A,1,N/A,0.005,ERROR
javamop_kornakapi,org.plista.kornakapi.RegressionTest1,N/A,N/A,1,N/A,0.001,ERROR
javamop_kornakapi,org.plista.kornakapi.RegressionTest1,N/A,N/A,1,N/A,0.01,ERROR
javamop_kornakapi,org.plista.kornakapi.RegressionTest1,N/A,N/A,1,N/A,0.01,ERROR
javamop_kornakapi,org.plista.kornakapi.RegressionTest1,N/A,N/A,1,N/A,0.009,ERROR
javamop_kornakapi,org.plista.kornakapi.RegressionTest1,N/A,N/A,1,N/A,0.01,ERROR
javamop_kornakapi,org.plista.kornakapi.RegressionTest1,N/A,N/A,1,N/A,0.012,ERROR
javamop_kornakapi,org.plista.kornakapi.RegressionTest1,N/A,N/A,1,N/A,0.008,ERROR
javamop_kornakapi,org.plista.kornakapi.RegressionTest1,N/A,N/A,1,N/A,0.009,ERROR
javamop_kornakapi,org.plista.kornakapi.RegressionTest1,N/A,N/A,1,N/A,0.013,ERROR
javamop_kornakapi,org.plista.kornakapi.RegressionTest1,N/A,N/A,1,N/A,0.01,ERROR
javamop_kornakapi,org.plista.kornakapi.RegressionTest1,N/A,N/A,1,N/A,0.0,ERROR
javamop_kornakapi,org.plista.kornakapi.RegressionTest2,N/A,N/A,1,N/A,0.006,ERROR
javamop_kornakapi,org.plista.kornakapi.RegressionTest2,N/A,N/A,1,N/A,0.001,ERROR
javamop_kornakapi,org.plista.kornakapi.RegressionTest2,N/A,N/A,1,N/A,0.011,ERROR
javamop_kornakapi,org.plista.kornakapi.RegressionTest2,N/A,N/A,1,N/A,0.015,ERROR
javamop_kornakapi,org.plista.kornakapi.RegressionTest2,N/A,N/A,1,N/A,0.023,ERROR
javamop_kornakapi,org.plista.kornakapi.RegressionTest2,N/A,N/A,1,N/A,0.009,ERROR
javamop_kornakapi,org.plista.kornakapi.RegressionTest2,N/A,N/A,1,N/A,0.01,ERROR
javamop_kornakapi,org.plista.kornakapi.RegressionTest2,N/A,N/A,1,N/A,0.01,ERROR
javamop_kornakapi,org.plista.kornakapi.RegressionTest2,N/A,N/A,1,N/A,0.001,ERROR
javamop_kornakapi,org.plista.kornakapi.RegressionTest2,N/A,N/A,1,N/A,0.001,ERROR
javamop_kornakapi,org.plista.kornakapi.RegressionTest2,N/A,N/A,1,N/A,0.009,ERROR
javamop_kornakapi,org.plista.kornakapi.RegressionTest2,N/A,N/A,1,N/A,0.01,ERROR
javamop_kornakapi,org.plista.kornakapi.RegressionTest2,N/A,N/A,1,N/A,0.0,ERROR
javamop_kornakapi,org.plista.kornakapi.RegressionTest2,N/A,N/A,1,N/A,0.009,ERROR
javamop_kornakapi,org.plista.kornakapi.RegressionTest2,N/A,N/A,1,N/A,0.005,ERROR
javamop_kornakapi,org.plista.kornakapi.RegressionTest2,N/A,N/A,1,N/A,0.0,ERROR
javamop_kornakapi,org.plista.kornakapi.RegressionTest3,N/A,N/A,1,N/A,0.008,ERROR
javamop_kornakapi,org.plista.kornakapi.RegressionTest3,N/A,N/A,1,N/A,0.008,ERROR
javamop_kornakapi,org.plista.kornakapi.RegressionTest3,N/A,N/A,1,N/A,0.002,ERROR
javamop_kornakapi,org.plista.kornakapi.RegressionTest3,N/A,N/A,1,N/A,0.012,ERROR
javamop_kornakapi,org.plista.kornakapi.RegressionTest3,N/A,N/A,1,N/A,0.0,ERROR
javamop_kornakapi,org.plista.kornakapi.RegressionTest3,N/A,N/A,1,N/A,0.007,ERROR
javamop_kornakapi,org.plista.kornakapi.RegressionTest3,N/A,N/A,1,N/A,0.008,ERROR
javamop_kornakapi,org.plista.kornakapi.RegressionTest3,N/A,N/A,1,N/A,0.008,ERROR
javamop_kornakapi,org.plista.kornakapi.RegressionTest3,N/A,N/A,1,N/A,0.008,ERROR
javamop_kornakapi,org.plista.kornakapi.RegressionTest3,N/A,N/A,1,N/A,0.007,ERROR
javamop_kornakapi,org.plista.kornakapi.RegressionTest3,N/A,N/A,1,N/A,0.007,ERROR
javamop_kornakapi,org.plista.kornakapi.RegressionTest3,N/A,N/A,1,N/A,0.007,ERROR
javamop_kornakapi,org.plista.kornakapi.RegressionTest3,N/A,N/A,1,N/A,0.006,ERROR
javamop_kornakapi,org.plista.kornakapi.RegressionTest4,N/A,N/A,1,N/A,0.006,ERROR
javamop_kornakapi,org.plista.kornakapi.RegressionTest4,N/A,N/A,1,N/A,0.025,ERROR
javamop_kornakapi,org.plista.kornakapi.RegressionTest4,N/A,N/A,1,N/A,0.004,ERROR
javamop_kornakapi,org.plista.kornakapi.RegressionTest4,N/A,N/A,1,N/A,0.007,ERROR
javamop_kornakapi,org.plista.kornakapi.RegressionTest4,N/A,N/A,1,N/A,0.007,ERROR
javamop_kornakapi,org.plista.kornakapi.RegressionTest4,N/A,N/A,1,N/A,0.007,ERROR
javamop_kornakapi,org.plista.kornakapi.RegressionTest4,N/A,N/A,1,N/A,0.009,ERROR
javamop_kornakapi,org.plista.kornakapi.RegressionTest5,N/A,N/A,1,N/A,0.007,ERROR
javamop_kornakapi,org.plista.kornakapi.RegressionTest5,N/A,N/A,1,N/A,0.007,ERROR
javamop_kornakapi,org.plista.kornakapi.RegressionTest5,N/A,N/A,1,N/A,0.007,ERROR
javamop_kornakapi,org.plista.kornakapi.RegressionTest5,N/A,N/A,1,N/A,0.006,ERROR
javamop_kornakapi,org.plista.kornakapi.RegressionTest5,N/A,N/A,1,N/A,0.007,ERROR
javamop_kornakapi,org.plista.kornakapi.RegressionTest5,N/A,N/A,1,N/A,0.009,ERROR
javamop_kornakapi,org.plista.kornakapi.RegressionTest5,N/A,N/A,1,N/A,0.014,ERROR
javamop_kornakapi,org.plista.kornakapi.RegressionTest5,N/A,N/A,1,N/A,0.007,ERROR
javamop_kornakapi,org.plista.kornakapi.RegressionTest5,N/A,N/A,1,N/A,0.017,ERROR
javamop_kornakapi,org.plista.kornakapi.RegressionTest5,N/A,N/A,1,N/A,0.0,ERROR
javamop_kornakapi,org.plista.kornakapi.RegressionTest6,N/A,N/A,1,N/A,0.007,ERROR
javamop_kornakapi,org.plista.kornakapi.RegressionTest6,N/A,N/A,1,N/A,0.006,ERROR
javamop_kornakapi,org.plista.kornakapi.RegressionTest6,N/A,N/A,1,N/A,0.007,ERROR
javamop_kornakapi,org.plista.kornakapi.RegressionTest6,N/A,N/A,1,N/A,0.008,ERROR
javamop_kornakapi,org.plista.kornakapi.RegressionTest6,N/A,N/A,1,N/A,0.001,ERROR
javamop_kornakapi,org.plista.kornakapi.RegressionTest6,N/A,N/A,1,N/A,0.005,ERROR
javamop_kornakapi,org.plista.kornakapi.RegressionTest6,N/A,N/A,1,N/A,0.007,ERROR
javamop_kornakapi,org.plista.kornakapi.RegressionTest7,N/A,N/A,1,N/A,0.001,ERROR
javamop_kornakapi,org.plista.kornakapi.RegressionTest7,N/A,N/A,1,N/A,0.006,ERROR
javamop_kornakapi,org.plista.kornakapi.RegressionTest7,N/A,N/A,1,N/A,0.006,ERROR
javamop_kornakapi,org.plista.kornakapi.RegressionTest7,N/A,N/A,1,N/A,0.006,ERROR
javamop_kornakapi,org.plista.kornakapi.RegressionTest7,N/A,N/A,1,N/A,0.007,ERROR
javamop_kornakapi,org.plista.kornakapi.RegressionTest7,N/A,N/A,1,N/A,0.007,ERROR
javamop_kornakapi,org.plista.kornakapi.RegressionTest7,N/A,N/A,1,N/A,0.009,ERROR
javamop_kornakapi,org.plista.kornakapi.RegressionTest7,N/A,N/A,1,N/A,0.001,ERROR
javamop_kornakapi,org.plista.kornakapi.RegressionTest8,N/A,N/A,1,N/A,0.001,ERROR
javamop_kornakapi,org.plista.kornakapi.RegressionTest8,N/A,N/A,1,N/A,0.007,ERROR
javamop_kornakapi,org.plista.kornakapi.RegressionTest8,N/A,N/A,1,N/A,0.007,ERROR
javamop_kornakapi,org.plista.kornakapi.RegressionTest8,N/A,N/A,1,N/A,0.006,ERROR
javamop_kornakapi,org.plista.kornakapi.RegressionTest8,N/A,N/A,1,N/A,0.006,ERROR
javamop_kornakapi,org.plista.kornakapi.RegressionTest8,N/A,N/A,1,N/A,0.005,ERROR
javamop_kornakapi,org.plista.kornakapi.RegressionTest8,N/A,N/A,1,N/A,0.006,ERROR
javamop_kornakapi,org.plista.kornakapi.RegressionTest8,N/A,N/A,1,N/A,0.006,ERROR
javamop_kornakapi,org.plista.kornakapi.RegressionTest8,N/A,N/A,1,N/A,0.0,ERROR
javamop_kornakapi,org.plista.kornakapi.RegressionTest8,N/A,N/A,1,N/A,0.006,ERROR
javamop_kornakapi,org.plista.kornakapi.RegressionTest8,N/A,N/A,1,N/A,0.008,ERROR
javamop_kornakapi,org.plista.kornakapi.RegressionTest9,N/A,N/A,1,N/A,0.001,ERROR
javamop_kornakapi,org.plista.kornakapi.RegressionTest9,N/A,N/A,1,N/A,0.001,ERROR
javamop_kornakapi,org.plista.kornakapi.RegressionTest9,N/A,N/A,1,N/A,0.001,ERROR
javamop_kornakapi,org.plista.kornakapi.RegressionTest9,N/A,N/A,1,N/A,0.007,ERROR
javamop_kornakapi,org.plista.kornakapi.RegressionTest9,N/A,N/A,1,N/A,0.006,ERROR
javamop_kornakapi,org.plista.kornakapi.RegressionTest9,N/A,N/A,1,N/A,0.006,ERROR
javamop_kornakapi,org.plista.kornakapi.RegressionTest9,N/A,N/A,1,N/A,0.006,ERROR
javamop_kornakapi,org.plista.kornakapi.RegressionTest9,N/A,N/A,1,N/A,0.005,ERROR
javamop_kornakapi,org.plista.kornakapi.RegressionTest9,N/A,N/A,1,N/A,0.007,ERROR
javamop_kornakapi,org.plista.kornakapi.RegressionTest10,N/A,N/A,1,N/A,0.006,ERROR
javamop_kornakapi,org.plista.kornakapi.RegressionTest10,N/A,N/A,1,N/A,0.007,ERROR
javamop_kornakapi,org.plista.kornakapi.RegressionTest10,N/A,N/A,1,N/A,0.006,ERROR
javamop_kornakapi,org.plista.kornakapi.RegressionTest10,N/A,N/A,1,N/A,0.006,ERROR
javamop_kornakapi,org.plista.kornakapi.RegressionTest10,N/A,N/A,1,N/A,0.016,ERROR
javamop_kornakapi,org.plista.kornakapi.RegressionTest10,N/A,N/A,1,N/A,0.005,ERROR
javamop_kornakapi,org.plista.kornakapi.RegressionTest10,N/A,N/A,1,N/A,0.006,ERROR
javamop_kornakapi,org.plista.kornakapi.RegressionTest10,N/A,N/A,1,N/A,0.001,ERROR
javamop_kornakapi,org.plista.kornakapi.RegressionTest10,N/A,N/A,1,N/A,0.006,ERROR
javamop_kornakapi,org.plista.kornakapi.RegressionTest11,N/A,N/A,1,N/A,0.008,ERROR
javamop_kornakapi,org.plista.kornakapi.RegressionTest11,N/A,N/A,1,N/A,0.001,ERROR
javamop_kornakapi,org.plista.kornakapi.RegressionTest11,N/A,N/A,1,N/A,0.006,ERROR
javamop_kornakapi,org.plista.kornakapi.RegressionTest11,N/A,N/A,1,N/A,0.007,ERROR
javamop_kornakapi,org.plista.kornakapi.RegressionTest11,N/A,N/A,1,N/A,0.007,ERROR
javamop_kornakapi,org.plista.kornakapi.RegressionTest12,N/A,N/A,1,N/A,0.0,ERROR
javamop_kornakapi,org.plista.kornakapi.RegressionTest12,N/A,N/A,1,N/A,0.007,ERROR
javamop_kornakapi,org.plista.kornakapi.RegressionTest12,N/A,N/A,1,N/A,0.007,ERROR
javamop_kornakapi,org.plista.kornakapi.RegressionTest12,N/A,N/A,1,N/A,0.006,ERROR
javamop_kornakapi,org.plista.kornakapi.RegressionTest12,N/A,N/A,1,N/A,0.007,ERROR
javamop_kornakapi,org.plista.kornakapi.RegressionTest13,N/A,N/A,1,N/A,0.008,ERROR
javamop_kornakapi,org.plista.kornakapi.RegressionTest13,N/A,N/A,1,N/A,0.007,ERROR
javamop_kornakapi,org.plista.kornakapi.RegressionTest13,N/A,N/A,1,N/A,0.007,ERROR
javamop_kornakapi,org.plista.kornakapi.RegressionTest13,N/A,N/A,1,N/A,0.0,ERROR
javamop_kornakapi,org.plista.kornakapi.RegressionTest13,N/A,N/A,1,N/A,0.007,ERROR
javamop_kornakapi,org.plista.kornakapi.RegressionTest13,N/A,N/A,1,N/A,0.006,ERROR
javamop_kornakapi,org.plista.kornakapi.RegressionTest14,N/A,N/A,1,N/A,0.006,ERROR
javamop_kornakapi,org.plista.kornakapi.RegressionTest14,N/A,N/A,1,N/A,0.006,ERROR
javamop_kornakapi,org.plista.kornakapi.RegressionTest14,N/A,N/A,1,N/A,0.006,ERROR
javamop_kornakapi,org.plista.kornakapi.RegressionTest14,N/A,N/A,1,N/A,0.007,ERROR
javamop_kornakapi,org.plista.kornakapi.RegressionTest14,N/A,N/A,1,N/A,0.007,ERROR
javamop_kornakapi,org.plista.kornakapi.RegressionTest14,N/A,N/A,1,N/A,0.008,ERROR
javamop_kornakapi,org.plista.kornakapi.RegressionTest15,N/A,N/A,1,N/A,0.001,ERROR
javamop_kornakapi,org.plista.kornakapi.RegressionTest15,N/A,N/A,1,N/A,0.005,ERROR
javamop_kornakapi,org.plista.kornakapi.RegressionTest15,N/A,N/A,1,N/A,0.007,ERROR
javamop_kornakapi,org.plista.kornakapi.RegressionTest15,N/A,N/A,1,N/A,0.008,ERROR
javamop_kornakapi,org.plista.kornakapi.RegressionTest15,N/A,N/A,1,N/A,0.006,ERROR
javamop_kornakapi,org.plista.kornakapi.RegressionTest15,N/A,N/A,1,N/A,0.007,ERROR
javamop_kornakapi,org.plista.kornakapi.RegressionTest15,N/A,N/A,1,N/A,0.007,ERROR
javamop_kornakapi,org.plista.kornakapi.RegressionTest15,N/A,N/A,1,N/A,0.006,ERROR
javamop_kornakapi,org.plista.kornakapi.RegressionTest16,N/A,N/A,1,N/A,0.006,ERROR
javamop_kornakapi,org.plista.kornakapi.RegressionTest16,N/A,N/A,1,N/A,0.007,ERROR
javamop_kornakapi,org.plista.kornakapi.RegressionTest16,N/A,N/A,1,N/A,0.007,ERROR
javamop_kornakapi,org.plista.kornakapi.RegressionTest16,N/A,N/A,1,N/A,0.001,ERROR
javamop_kornakapi,org.plista.kornakapi.RegressionTest16,N/A,N/A,1,N/A,0.0,ERROR
javamop_kornakapi,org.plista.kornakapi.RegressionTest16,N/A,N/A,1,N/A,0.008,ERROR
javamop_kornakapi,org.plista.kornakapi.RegressionTest16,N/A,N/A,1,N/A,0.001,ERROR
javamop_kornakapi,org.plista.kornakapi.RegressionTest16,N/A,N/A,1,N/A,0.007,ERROR
javamop_kornakapi,org.plista.kornakapi.RegressionTest17,N/A,N/A,1,N/A,0.009,ERROR
javamop_kornakapi,org.plista.kornakapi.RegressionTest17,N/A,N/A,1,N/A,0.006,ERROR
javamop_kornakapi,org.plista.kornakapi.RegressionTest17,N/A,N/A,1,N/A,0.001,ERROR
javamop_kornakapi,org.plista.kornakapi.RegressionTest17,N/A,N/A,1,N/A,0.006,ERROR
javamop_kornakapi,org.plista.kornakapi.RegressionTest17,N/A,N/A,1,N/A,0.0,ERROR
javamop_kornakapi,org.plista.kornakapi.RegressionTest17,N/A,N/A,1,N/A,0.007,ERROR
javamop_kornakapi,org.plista.kornakapi.RegressionTest17,N/A,N/A,1,N/A,0.009,ERROR
javamop_kornakapi,org.plista.kornakapi.RegressionTest18,N/A,N/A,1,N/A,0.008,ERROR
javamop_kornakapi,org.plista.kornakapi.RegressionTest18,N/A,N/A,1,N/A,0.008,ERROR
javamop_kornakapi,org.plista.kornakapi.RegressionTest18,N/A,N/A,1,N/A,0.0,ERROR
javamop_kornakapi,org.plista.kornakapi.RegressionTest18,N/A,N/A,1,N/A,0.007,ERROR
javamop_kornakapi,org.plista.kornakapi.RegressionTest19,N/A,N/A,1,N/A,0.007,ERROR
javamop_kornakapi,org.plista.kornakapi.RegressionTest19,N/A,N/A,1,N/A,0.007,ERROR
javamop_kornakapi,org.plista.kornakapi.RegressionTest19,N/A,N/A,1,N/A,0.0,ERROR
javamop_kornakapi,org.plista.kornakapi.RegressionTest19,N/A,N/A,1,N/A,0.006,ERROR
javamop_kornakapi,org.plista.kornakapi.RegressionTest19,N/A,N/A,1,N/A,0.007,ERROR
javamop_kornakapi,org.plista.kornakapi.RegressionTest19,N/A,N/A,1,N/A,0.007,ERROR
javamop_kornakapi,org.plista.kornakapi.RegressionTest19,N/A,N/A,1,N/A,0.008,ERROR
javamop_kornakapi,org.plista.kornakapi.RegressionTest19,N/A,N/A,1,N/A,0.007,ERROR
javamop_kornakapi,org.plista.kornakapi.RegressionTest19,N/A,N/A,1,N/A,0.006,ERROR
javamop_kornakapi,org.plista.kornakapi.RegressionTest20,N/A,N/A,1,N/A,0.006,ERROR
javamop_kornakapi,org.plista.kornakapi.RegressionTest20,N/A,N/A,1,N/A,0.001,ERROR
javamop_kornakapi,org.plista.kornakapi.RegressionTest20,N/A,N/A,1,N/A,0.007,ERROR
javamop_kornakapi,org.plista.kornakapi.RegressionTest20,N/A,N/A,1,N/A,0.0,ERROR
javamop_kornakapi,org.plista.kornakapi.RegressionTest21,N/A,N/A,1,N/A,0.001,ERROR
javamop_kornakapi,org.plista.kornakapi.RegressionTest21,N/A,N/A,1,N/A,0.008,ERROR
javamop_kornakapi,org.plista.kornakapi.RegressionTest21,N/A,N/A,1,N/A,0.007,ERROR
javamop_kornakapi,org.plista.kornakapi.RegressionTest21,N/A,N/A,1,N/A,0.008,ERROR
javamop_kornakapi,org.plista.kornakapi.RegressionTest21,N/A,N/A,1,N/A,0.008,ERROR
javamop_kornakapi,org.plista.kornakapi.RegressionTest21,N/A,N/A,1,N/A,0.006,ERROR
javamop_kornakapi,org.plista.kornakapi.RegressionTest21,N/A,N/A,1,N/A,0.008,ERROR
javamop_kornakapi,org.plista.kornakapi.RegressionTest21,N/A,N/A,1,N/A,0.007,ERROR
javamop_kornakapi,org.plista.kornakapi.RegressionTest22,N/A,N/A,1,N/A,0.0,ERROR
javamop_kornakapi,org.plista.kornakapi.RegressionTest22,N/A,N/A,1,N/A,0.008,ERROR
javamop_kornakapi,org.plista.kornakapi.RegressionTest22,N/A,N/A,1,N/A,0.006,ERROR
javamop_kornakapi,org.plista.kornakapi.RegressionTest22,N/A,N/A,1,N/A,0.006,ERROR
javamop_kornakapi,org.plista.kornakapi.RegressionTest23,N/A,N/A,1,N/A,0.001,ERROR
javamop_kornakapi,org.plista.kornakapi.RegressionTest23,N/A,N/A,1,N/A,0.007,ERROR
javamop_kornakapi,org.plista.kornakapi.RegressionTest23,N/A,N/A,1,N/A,0.001,ERROR
javamop_kornakapi,org.plista.kornakapi.RegressionTest23,N/A,N/A,1,N/A,0.007,ERROR
javamop_kornakapi,org.plista.kornakapi.RegressionTest23,N/A,N/A,1,N/A,0.007,ERROR
javamop_kornakapi,org.plista.kornakapi.RegressionTest23,N/A,N/A,1,N/A,0.007,ERROR
javamop_kornakapi,org.plista.kornakapi.RegressionTest24,N/A,N/A,1,N/A,0.001,ERROR
javamop_kornakapi,org.plista.kornakapi.RegressionTest24,N/A,N/A,1,N/A,0.008,ERROR
javamop_kornakapi,org.plista.kornakapi.RegressionTest24,N/A,N/A,1,N/A,0.007,ERROR
javamop_kornakapi,org.plista.kornakapi.RegressionTest24,N/A,N/A,1,N/A,0.006,ERROR
javamop_kornakapi,org.plista.kornakapi.RegressionTest25,N/A,N/A,1,N/A,0.007,ERROR
javamop_kornakapi,org.plista.kornakapi.RegressionTest25,N/A,N/A,1,N/A,0.001,ERROR
javamop_kornakapi,org.plista.kornakapi.RegressionTest25,N/A,N/A,1,N/A,0.007,ERROR
javamop_kornakapi,org.plista.kornakapi.RegressionTest25,N/A,N/A,1,N/A,0.001,ERROR
javamop_kornakapi,org.plista.kornakapi.RegressionTest25,N/A,N/A,1,N/A,0.006,ERROR
javamop_kornakapi,org.plista.kornakapi.RegressionTest25,N/A,N/A,1,N/A,0.006,ERROR
javamop_kornakapi,org.plista.kornakapi.RegressionTest25,N/A,N/A,1,N/A,0.006,ERROR
javamop_kornakapi,org.plista.kornakapi.RegressionTest25,N/A,N/A,1,N/A,0.008,ERROR
javamop_kornakapi,org.plista.kornakapi.RegressionTest25,N/A,N/A,1,N/A,0.007,ERROR
javamop_kornakapi,org.plista.kornakapi.RegressionTest26,N/A,N/A,1,N/A,0.007,ERROR
javamop_kornakapi,org.plista.kornakapi.RegressionTest26,N/A,N/A,1,N/A,0.006,ERROR
javamop_kornakapi,org.plista.kornakapi.RegressionTest26,N/A,N/A,1,N/A,0.007,ERROR
javamop_kornakapi,org.plista.kornakapi.RegressionTest26,N/A,N/A,1,N/A,0.001,ERROR
javamop_kornakapi,org.plista.kornakapi.RegressionTest26,N/A,N/A,1,N/A,0.169,ERROR
javamop_kornakapi,org.plista.kornakapi.RegressionTest26,N/A,N/A,1,N/A,0.001,ERROR
javamop_kornakapi,org.plista.kornakapi.RegressionTest26,N/A,N/A,1,N/A,0.006,ERROR
javamop_kornakapi,org.plista.kornakapi.RegressionTest27,N/A,N/A,1,N/A,0.006,ERROR
javamop_kornakapi,org.plista.kornakapi.RegressionTest27,N/A,N/A,1,N/A,0.006,ERROR
javamop_kornakapi,org.plista.kornakapi.RegressionTest27,N/A,N/A,1,N/A,0.006,ERROR
javamop_kornakapi,org.plista.kornakapi.RegressionTest27,N/A,N/A,1,N/A,0.006,ERROR
javamop_kornakapi,org.plista.kornakapi.RegressionTest27,N/A,N/A,1,N/A,0.006,ERROR
javamop_kornakapi,org.plista.kornakapi.RegressionTest28,N/A,N/A,1,N/A,0.006,ERROR
javamop_kornakapi,org.plista.kornakapi.RegressionTest28,N/A,N/A,1,N/A,0.006,ERROR
javamop_kornakapi,org.plista.kornakapi.RegressionTest28,N/A,N/A,1,N/A,0.006,ERROR
javamop_kornakapi,org.plista.kornakapi.RegressionTest29,N/A,N/A,1,N/A,0.006,ERROR
javamop_kornakapi,org.plista.kornakapi.RegressionTest29,N/A,N/A,1,N/A,0.006,ERROR
javamop_kornakapi,org.plista.kornakapi.RegressionTest29,N/A,N/A,1,N/A,0.006,ERROR
javamop_kornakapi,org.plista.kornakapi.RegressionTest29,N/A,N/A,1,N/A,0.008,ERROR
javamop_kornakapi,org.plista.kornakapi.RegressionTest29,N/A,N/A,1,N/A,0.006,ERROR
javamop_kornakapi,org.plista.kornakapi.RegressionTest29,N/A,N/A,1,N/A,0.006,ERROR
javamop_kornakapi,org.plista.kornakapi.RegressionTest29,N/A,N/A,1,N/A,0.005,ERROR
javamop_kornakapi,org.plista.kornakapi.RegressionTest30,N/A,N/A,1,N/A,0.005,ERROR
javamop_kornakapi,org.plista.kornakapi.RegressionTest30,N/A,N/A,1,N/A,0.0,ERROR
javamop_kornakapi,org.plista.kornakapi.RegressionTest30,N/A,N/A,1,N/A,0.005,ERROR
javamop_kornakapi,org.plista.kornakapi.RegressionTest31,N/A,N/A,1,N/A,0.001,ERROR
javamop_kornakapi,org.plista.kornakapi.RegressionTest31,N/A,N/A,1,N/A,0.0,ERROR
javamop_kornakapi,org.plista.kornakapi.RegressionTest31,N/A,N/A,1,N/A,0.0,ERROR
javamop_kornakapi,org.plista.kornakapi.RegressionTest32,N/A,N/A,1,N/A,0.006,ERROR
javamop_kornakapi,org.plista.kornakapi.RegressionTest33,N/A,N/A,1,N/A,0.005,ERROR
javamop_kornakapi,org.plista.kornakapi.RegressionTest33,N/A,N/A,1,N/A,0.005,ERROR
javamop_kornakapi,org.plista.kornakapi.RegressionTest33,N/A,N/A,1,N/A,0.006,ERROR
javamop_kornakapi,org.plista.kornakapi.RegressionTest33,N/A,N/A,1,N/A,0.001,ERROR
javamop_kornakapi,org.plista.kornakapi.RegressionTest33,N/A,N/A,1,N/A,0.006,ERROR
javamop_kornakapi,org.plista.kornakapi.RegressionTest33,N/A,N/A,1,N/A,0.005,ERROR
javamop_kornakapi,org.plista.kornakapi.RegressionTest34,N/A,N/A,1,N/A,0.005,ERROR
javamop_kornakapi,org.plista.kornakapi.RegressionTest34,N/A,N/A,1,N/A,0.005,ERROR
javamop_kornakapi,org.plista.kornakapi.RegressionTest34,N/A,N/A,1,N/A,0.007,ERROR
javamop_kornakapi,org.plista.kornakapi.RegressionTest34,N/A,N/A,1,N/A,0.006,ERROR
javamop_kornakapi,org.plista.kornakapi.RegressionTest35,N/A,N/A,1,N/A,0.005,ERROR
javamop_kornakapi,org.plista.kornakapi.RegressionTest35,N/A,N/A,1,N/A,0.006,ERROR
javamop_kornakapi,org.plista.kornakapi.RegressionTest35,N/A,N/A,1,N/A,0.006,ERROR
javamop_kornakapi,org.plista.kornakapi.RegressionTest35,N/A,N/A,1,N/A,0.006,ERROR
javamop_kornakapi,org.plista.kornakapi.RegressionTest36,N/A,N/A,1,N/A,0.005,ERROR
javamop_kornakapi,org.plista.kornakapi.RegressionTest37,N/A,N/A,1,N/A,0.005,ERROR
javamop_kornakapi,org.plista.kornakapi.RegressionTest37,N/A,N/A,1,N/A,0.005,ERROR
javamop_kornakapi,org.plista.kornakapi.RegressionTest37,N/A,N/A,1,N/A,0.005,ERROR
javamop_kornakapi,org.plista.kornakapi.RegressionTest37,N/A,N/A,1,N/A,0.005,ERROR
javamop_kornakapi,org.plista.kornakapi.RegressionTest38,N/A,N/A,1,N/A,0.005,ERROR
javamop_kornakapi,org.plista.kornakapi.RegressionTest38,N/A,N/A,1,N/A,0.005,ERROR
javamop_kornakapi,org.plista.kornakapi.RegressionTest39,N/A,N/A,1,N/A,0.0,ERROR
javamop_kornakapi,org.plista.kornakapi.RegressionTest39,N/A,N/A,1,N/A,0.005,ERROR
javamop_kornakapi,org.plista.kornakapi.RegressionTest40,N/A,N/A,1,N/A,0.005,ERROR
javamop_kornakapi,org.plista.kornakapi.RegressionTest40,N/A,N/A,1,N/A,0.005,ERROR
javamop_kornakapi,org.plista.kornakapi.RegressionTest40,N/A,N/A,1,N/A,0.005,ERROR
javamop_kornakapi,org.plista.kornakapi.RegressionTest40,N/A,N/A,1,N/A,0.005,ERROR
javamop_kornakapi,org.plista.kornakapi.RegressionTest40,N/A,N/A,1,N/A,0.005,ERROR
javamop_kornakapi,org.plista.kornakapi.RegressionTest40,N/A,N/A,1,N/A,0.005,ERROR
javamop_kornakapi,org.plista.kornakapi.RegressionTest40,N/A,N/A,1,N/A,0.005,ERROR
javamop_kornakapi,org.plista.kornakapi.RegressionTest41,N/A,N/A,1,N/A,0.001,ERROR
javamop_kornakapi,org.plista.kornakapi.RegressionTest41,N/A,N/A,1,N/A,0.005,ERROR
javamop_kornakapi,org.plista.kornakapi.RegressionTest42,N/A,N/A,1,N/A,0.005,ERROR
javamop_kornakapi,org.plista.kornakapi.RegressionTest42,N/A,N/A,1,N/A,0.005,ERROR
javamop_kornakapi,org.plista.kornakapi.RegressionTest42,N/A,N/A,1,N/A,0.005,ERROR
javamop_kornakapi,org.plista.kornakapi.RegressionTest42,N/A,N/A,1,N/A,0.005,ERROR
javamop_kornakapi,org.plista.kornakapi.RegressionTest42,N/A,N/A,1,N/A,0.004,ERROR
javamop_kornakapi,org.plista.kornakapi.RegressionTest42,N/A,N/A,1,N/A,0.005,ERROR
javamop_kornakapi,org.plista.kornakapi.RegressionTest43,N/A,N/A,1,N/A,0.005,ERROR
javamop_kornakapi,org.plista.kornakapi.RegressionTest43,N/A,N/A,1,N/A,0.005,ERROR
javamop_kornakapi,org.plista.kornakapi.RegressionTest43,N/A,N/A,1,N/A,0.004,ERROR
javamop_kornakapi,org.plista.kornakapi.RegressionTest44,N/A,N/A,1,N/A,0.005,ERROR
javamop_kornakapi,org.plista.kornakapi.RegressionTest44,N/A,N/A,1,N/A,0.005,ERROR
javamop_kornakapi,org.plista.kornakapi.RegressionTest44,N/A,N/A,1,N/A,0.005,ERROR
javamop_kornakapi,org.plista.kornakapi.RegressionTest45,N/A,N/A,1,N/A,0.0,ERROR
javamop_kornakapi,org.plista.kornakapi.RegressionTest45,N/A,N/A,1,N/A,0.005,ERROR
javamop_kornakapi,org.plista.kornakapi.RegressionTest45,N/A,N/A,1,N/A,0.005,ERROR
javamop_kornakapi,org.plista.kornakapi.RegressionTest45,N/A,N/A,1,N/A,0.0,ERROR
javamop_kornakapi,org.plista.kornakapi.RegressionTest45,N/A,N/A,1,N/A,0.005,ERROR
javamop_kornakapi,org.plista.kornakapi.RegressionTest45,N/A,N/A,1,N/A,0.0,ERROR
javamop_kornakapi,org.plista.kornakapi.RegressionTest46,N/A,N/A,1,N/A,0.005,ERROR
javamop_kornakapi,org.plista.kornakapi.RegressionTest46,N/A,N/A,1,N/A,0.001,ERROR
javamop_kornakapi,org.plista.kornakapi.RegressionTest46,N/A,N/A,1,N/A,0.0,ERROR
javamop_kornakapi,org.plista.kornakapi.RegressionTest46,N/A,N/A,1,N/A,0.005,ERROR
javamop_kornakapi,org.plista.kornakapi.RegressionTest47,N/A,N/A,1,N/A,0.005,ERROR
javamop_kornakapi,org.plista.kornakapi.RegressionTest47,N/A,N/A,1,N/A,0.001,ERROR
javamop_kornakapi,org.plista.kornakapi.RegressionTest48,N/A,N/A,1,N/A,0.007,ERROR
javamop_kornakapi,org.plista.kornakapi.RegressionTest48,N/A,N/A,1,N/A,0.006,ERROR
javamop_kornakapi,org.plista.kornakapi.RegressionTest48,N/A,N/A,1,N/A,0.005,ERROR
javamop_kornakapi,org.plista.kornakapi.RegressionTest49,N/A,N/A,1,N/A,0.001,ERROR
javamop_kornakapi,org.plista.kornakapi.RegressionTest49,N/A,N/A,1,N/A,0.005,ERROR
javamop_kornakapi,org.plista.kornakapi.RegressionTest49,N/A,N/A,1,N/A,0.0,ERROR
javamop_kornakapi,org.plista.kornakapi.RegressionTest49,N/A,N/A,1,N/A,0.006,ERROR
javamop_kornakapi,org.plista.kornakapi.RegressionTest49,N/A,N/A,1,N/A,0.001,ERROR
javamop_kornakapi,org.plista.kornakapi.RegressionTest49,N/A,N/A,1,N/A,0.0,ERROR
javamop_kornakapi,org.plista.kornakapi.RegressionTest50,N/A,N/A,1,N/A,0.006,ERROR
javamop_kornakapi,org.plista.kornakapi.RegressionTest50,N/A,N/A,1,N/A,0.005,ERROR
javamop_kornakapi,org.plista.kornakapi.RegressionTest50,N/A,N/A,1,N/A,0.0,ERROR
javamop_kornakapi,org.plista.kornakapi.RegressionTest50,N/A,N/A,1,N/A,0.001,ERROR
javamop_kornakapi,org.plista.kornakapi.RegressionTest51,N/A,N/A,1,N/A,0.005,ERROR
javamop_kornakapi,org.plista.kornakapi.RegressionTest51,N/A,N/A,1,N/A,0.005,ERROR
javamop_kornakapi,org.plista.kornakapi.RegressionTest51,N/A,N/A,1,N/A,0.004,ERROR
javamop_kornakapi,org.plista.kornakapi.RegressionTest52,N/A,N/A,1,N/A,0.005,ERROR
javamop_kornakapi,org.plista.kornakapi.RegressionTest52,N/A,N/A,1,N/A,0.005,ERROR
javamop_kornakapi,org.plista.kornakapi.RegressionTest52,N/A,N/A,1,N/A,0.005,ERROR
javamop_kornakapi,org.plista.kornakapi.RegressionTest52,N/A,N/A,1,N/A,0.005,ERROR
javamop_kornakapi,org.plista.kornakapi.RegressionTest54,N/A,N/A,1,N/A,0.006,ERROR
javamop_kornakapi,org.plista.kornakapi.RegressionTest54,N/A,N/A,1,N/A,0.005,ERROR
javamop_kornakapi,org.plista.kornakapi.RegressionTest54,N/A,N/A,1,N/A,0.005,ERROR
javamop_kornakapi,org.plista.kornakapi.RegressionTest54,N/A,N/A,1,N/A,0.005,ERROR
javamop_kornakapi,org.plista.kornakapi.RegressionTest54,N/A,N/A,1,N/A,0.001,ERROR
javamop_kornakapi,org.plista.kornakapi.RegressionTest54,N/A,N/A,1,N/A,0.0,ERROR
javamop_kornakapi,org.plista.kornakapi.RegressionTest55,N/A,N/A,1,N/A,0.0,ERROR
javamop_kornakapi,org.plista.kornakapi.RegressionTest55,N/A,N/A,1,N/A,0.005,ERROR
javamop_kornakapi,org.plista.kornakapi.RegressionTest55,N/A,N/A,1,N/A,0.005,ERROR
javamop_kornakapi,org.plista.kornakapi.RegressionTest55,N/A,N/A,1,N/A,0.006,ERROR
javamop_kornakapi,org.plista.kornakapi.RegressionTest56,N/A,N/A,1,N/A,0.005,ERROR
javamop_kornakapi,org.plista.kornakapi.RegressionTest56,N/A,N/A,1,N/A,0.0,ERROR
javamop_kornakapi,org.plista.kornakapi.RegressionTest56,N/A,N/A,1,N/A,0.005,ERROR
javamop_kornakapi,org.plista.kornakapi.RegressionTest57,N/A,N/A,1,N/A,0.005,ERROR
javamop_kornakapi,org.plista.kornakapi.RegressionTest57,N/A,N/A,1,N/A,0.005,ERROR
javamop_kornakapi,org.plista.kornakapi.RegressionTest57,N/A,N/A,1,N/A,0.001,ERROR
javamop_kornakapi,org.plista.kornakapi.RegressionTest58,N/A,N/A,1,N/A,0.005,ERROR
javamop_kornakapi,org.plista.kornakapi.RegressionTest58,N/A,N/A,1,N/A,0.005,ERROR
javamop_kornakapi,org.plista.kornakapi.RegressionTest58,N/A,N/A,1,N/A,0.0,ERROR
javamop_kornakapi,org.plista.kornakapi.RegressionTest58,N/A,N/A,1,N/A,0.001,ERROR
javamop_kornakapi,org.plista.kornakapi.RegressionTest59,N/A,N/A,1,N/A,0.005,ERROR
javamop_kornakapi,org.plista.kornakapi.RegressionTest59,N/A,N/A,1,N/A,0.005,ERROR
javamop_kornakapi,org.plista.kornakapi.RegressionTest59,N/A,N/A,1,N/A,0.005,ERROR
javamop_kornakapi,org.plista.kornakapi.RegressionTest59,N/A,N/A,1,N/A,0.006,ERROR
javamop_kornakapi,org.plista.kornakapi.RegressionTest61,N/A,N/A,1,N/A,0.005,ERROR
javamop_kornakapi,org.plista.kornakapi.RegressionTest61,N/A,N/A,1,N/A,0.005,ERROR
javamop_kornakapi,org.plista.kornakapi.RegressionTest61,N/A,N/A,1,N/A,0.005,ERROR
javamop_kornakapi,org.plista.kornakapi.RegressionTest61,N/A,N/A,1,N/A,0.005,ERROR
javamop_kornakapi,org.plista.kornakapi.RegressionTest61,N/A,N/A,1,N/A,0.005,ERROR
javamop_kornakapi,org.plista.kornakapi.RegressionTest61,N/A,N/A,1,N/A,0.0,ERROR
javamop_kornakapi,org.plista.kornakapi.RegressionTest62,N/A,N/A,1,N/A,0.004,ERROR
javamop_kornakapi,org.plista.kornakapi.RegressionTest62,N/A,N/A,1,N/A,0.005,ERROR
javamop_kornakapi,org.plista.kornakapi.RegressionTest62,N/A,N/A,1,N/A,0.005,ERROR
javamop_kornakapi,org.plista.kornakapi.RegressionTest62,N/A,N/A,1,N/A,0.005,ERROR
javamop_kornakapi,org.plista.kornakapi.RegressionTest63,N/A,N/A,1,N/A,0.005,ERROR
javamop_kornakapi,org.plista.kornakapi.RegressionTest63,N/A,N/A,1,N/A,0.006,ERROR
javamop_kornakapi,org.plista.kornakapi.RegressionTest63,N/A,N/A,1,N/A,0.004,ERROR
javamop_kornakapi,org.plista.kornakapi.RegressionTest63,N/A,N/A,1,N/A,0.006,ERROR
javamop_kornakapi,org.plista.kornakapi.RegressionTest64,N/A,N/A,1,N/A,0.005,ERROR
javamop_kornakapi,org.plista.kornakapi.RegressionTest64,N/A,N/A,1,N/A,0.005,ERROR
javamop_kornakapi,org.plista.kornakapi.RegressionTest65,N/A,N/A,1,N/A,0.005,ERROR
javamop_kornakapi,org.plista.kornakapi.RegressionTest65,N/A,N/A,1,N/A,0.005,ERROR
javamop_kornakapi,org.plista.kornakapi.RegressionTest66,N/A,N/A,1,N/A,0.0,ERROR
javamop_kornakapi,org.plista.kornakapi.RegressionTest66,N/A,N/A,1,N/A,0.0,ERROR
javamop_kornakapi,org.plista.kornakapi.RegressionTest66,N/A,N/A,1,N/A,0.005,ERROR
javamop_kornakapi,org.plista.kornakapi.RegressionTest67,N/A,N/A,1,N/A,0.004,ERROR
javamop_kornakapi,org.plista.kornakapi.RegressionTest68,N/A,N/A,1,N/A,0.001,ERROR
javamop_kornakapi,org.plista.kornakapi.RegressionTest68,N/A,N/A,1,N/A,0.005,ERROR
javamop_kornakapi,org.plista.kornakapi.RegressionTest68,N/A,N/A,1,N/A,0.0,ERROR
javamop_kornakapi,org.plista.kornakapi.RegressionTest68,N/A,N/A,1,N/A,0.005,ERROR
javamop_kornakapi,org.plista.kornakapi.RegressionTest68,N/A,N/A,1,N/A,0.005,ERROR
javamop_kornakapi,org.plista.kornakapi.RegressionTest69,N/A,N/A,1,N/A,0.0,ERROR
javamop_kornakapi,org.plista.kornakapi.RegressionTest69,N/A,N/A,1,N/A,0.005,ERROR
javamop_kornakapi,org.plista.kornakapi.RegressionTest70,N/A,N/A,1,N/A,0.005,ERROR
javamop_kornakapi,org.plista.kornakapi.RegressionTest70,N/A,N/A,1,N/A,0.005,ERROR
javamop_kornakapi,org.plista.kornakapi.RegressionTest70,N/A,N/A,1,N/A,0.005,ERROR
javamop_kornakapi,org.plista.kornakapi.RegressionTest71,N/A,N/A,1,N/A,0.005,ERROR
javamop_kornakapi,org.plista.kornakapi.RegressionTest71,N/A,N/A,1,N/A,0.005,ERROR
javamop_kornakapi,org.plista.kornakapi.RegressionTest72,N/A,N/A,1,N/A,0.005,ERROR
javamop_kornakapi,org.plista.kornakapi.RegressionTest72,N/A,N/A,1,N/A,0.001,ERROR
javamop_kornakapi,org.plista.kornakapi.RegressionTest72,N/A,N/A,1,N/A,0.004,ERROR
javamop_kornakapi,org.plista.kornakapi.RegressionTest72,N/A,N/A,1,N/A,0.005,ERROR
javamop_kornakapi,org.plista.kornakapi.RegressionTest73,N/A,N/A,1,N/A,0.005,ERROR
javamop_kornakapi,org.plista.kornakapi.RegressionTest73,N/A,N/A,1,N/A,0.0,ERROR
javamop_kornakapi,org.plista.kornakapi.RegressionTest74,N/A,N/A,1,N/A,0.005,ERROR
javamop_kornakapi,org.plista.kornakapi.RegressionTest74,N/A,N/A,1,N/A,0.0,ERROR
javamop_kornakapi,org.plista.kornakapi.RegressionTest74,N/A,N/A,1,N/A,0.006,ERROR
javamop_kornakapi,org.plista.kornakapi.RegressionTest74,N/A,N/A,1,N/A,0.001,ERROR
javamop_kornakapi,org.plista.kornakapi.RegressionTest74,N/A,N/A,1,N/A,0.005,ERROR
javamop_kornakapi,org.plista.kornakapi.RegressionTest75,N/A,N/A,1,N/A,0.001,ERROR
javamop_kornakapi,org.plista.kornakapi.RegressionTest75,N/A,N/A,1,N/A,0.0,ERROR
javamop_kornakapi,org.plista.kornakapi.RegressionTest76,N/A,N/A,1,N/A,0.004,ERROR
javamop_kornakapi,org.plista.kornakapi.RegressionTest76,N/A,N/A,1,N/A,0.005,ERROR
javamop_kornakapi,org.plista.kornakapi.RegressionTest76,N/A,N/A,1,N/A,0.005,ERROR
javamop_kornakapi,org.plista.kornakapi.RegressionTest77,N/A,N/A,1,N/A,0.005,ERROR
javamop_kornakapi,org.plista.kornakapi.RegressionTest78,N/A,N/A,1,N/A,0.005,ERROR
javamop_kornakapi,null,2,0,2,0,0.0,FAILURE
Sum: 29.098000000000052
--------------------Execution: 4 -----------------------------------
javamop_kornakapi,null,39707,12,404,0,24.34,FAILURE
javamop_kornakapi,org.plista.kornakapi.RegressionTest0,N/A,N/A,1,N/A,3.596,ERROR
javamop_kornakapi,org.plista.kornakapi.RegressionTest0,N/A,N/A,1,N/A,0.022,ERROR
javamop_kornakapi,org.plista.kornakapi.RegressionTest0,N/A,N/A,1,N/A,0.02,ERROR
javamop_kornakapi,org.plista.kornakapi.RegressionTest0,N/A,N/A,1,N/A,0.019,ERROR
javamop_kornakapi,org.plista.kornakapi.RegressionTest0,N/A,N/A,1,N/A,0.027,ERROR
javamop_kornakapi,org.plista.kornakapi.RegressionTest0,N/A,N/A,1,N/A,0.02,ERROR
javamop_kornakapi,org.plista.kornakapi.RegressionTest0,N/A,N/A,1,N/A,0.007,ERROR
javamop_kornakapi,org.plista.kornakapi.RegressionTest0,N/A,N/A,1,N/A,0.018,ERROR
javamop_kornakapi,org.plista.kornakapi.RegressionTest0,N/A,N/A,1,N/A,0.018,ERROR
javamop_kornakapi,org.plista.kornakapi.RegressionTest0,N/A,N/A,1,N/A,0.016,ERROR
javamop_kornakapi,org.plista.kornakapi.RegressionTest0,N/A,N/A,1,N/A,0.017,ERROR
javamop_kornakapi,org.plista.kornakapi.RegressionTest0,N/A,N/A,1,N/A,0.018,ERROR
javamop_kornakapi,org.plista.kornakapi.RegressionTest0,N/A,N/A,1,N/A,0.137,ERROR
javamop_kornakapi,org.plista.kornakapi.RegressionTest0,N/A,N/A,1,N/A,0.014,ERROR
javamop_kornakapi,org.plista.kornakapi.RegressionTest0,N/A,N/A,1,N/A,0.009,ERROR
javamop_kornakapi,org.plista.kornakapi.RegressionTest0,N/A,N/A,1,N/A,0.015,ERROR
javamop_kornakapi,org.plista.kornakapi.RegressionTest0,N/A,N/A,1,N/A,0.016,ERROR
javamop_kornakapi,org.plista.kornakapi.RegressionTest0,N/A,N/A,1,N/A,0.0,ERROR
javamop_kornakapi,org.plista.kornakapi.RegressionTest0,N/A,N/A,1,N/A,0.016,ERROR
javamop_kornakapi,org.plista.kornakapi.RegressionTest0,N/A,N/A,1,N/A,0.015,ERROR
javamop_kornakapi,org.plista.kornakapi.RegressionTest0,N/A,N/A,1,N/A,0.016,ERROR
javamop_kornakapi,org.plista.kornakapi.RegressionTest0,N/A,N/A,1,N/A,0.011,ERROR
javamop_kornakapi,org.plista.kornakapi.RegressionTest1,N/A,N/A,1,N/A,0.015,ERROR
javamop_kornakapi,org.plista.kornakapi.RegressionTest1,N/A,N/A,1,N/A,0.001,ERROR
javamop_kornakapi,org.plista.kornakapi.RegressionTest1,N/A,N/A,1,N/A,0.0,ERROR
javamop_kornakapi,org.plista.kornakapi.RegressionTest1,N/A,N/A,1,N/A,0.0,ERROR
javamop_kornakapi,org.plista.kornakapi.RegressionTest1,N/A,N/A,1,N/A,0.005,ERROR
javamop_kornakapi,org.plista.kornakapi.RegressionTest1,N/A,N/A,1,N/A,0.013,ERROR
javamop_kornakapi,org.plista.kornakapi.RegressionTest1,N/A,N/A,1,N/A,0.013,ERROR
javamop_kornakapi,org.plista.kornakapi.RegressionTest1,N/A,N/A,1,N/A,0.001,ERROR
javamop_kornakapi,org.plista.kornakapi.RegressionTest1,N/A,N/A,1,N/A,0.018,ERROR
javamop_kornakapi,org.plista.kornakapi.RegressionTest1,N/A,N/A,1,N/A,0.01,ERROR
javamop_kornakapi,org.plista.kornakapi.RegressionTest1,N/A,N/A,1,N/A,0.01,ERROR
javamop_kornakapi,org.plista.kornakapi.RegressionTest1,N/A,N/A,1,N/A,0.01,ERROR
javamop_kornakapi,org.plista.kornakapi.RegressionTest1,N/A,N/A,1,N/A,0.011,ERROR
javamop_kornakapi,org.plista.kornakapi.RegressionTest1,N/A,N/A,1,N/A,0.012,ERROR
javamop_kornakapi,org.plista.kornakapi.RegressionTest1,N/A,N/A,1,N/A,0.01,ERROR
javamop_kornakapi,org.plista.kornakapi.RegressionTest1,N/A,N/A,1,N/A,0.011,ERROR
javamop_kornakapi,org.plista.kornakapi.RegressionTest1,N/A,N/A,1,N/A,0.012,ERROR
javamop_kornakapi,org.plista.kornakapi.RegressionTest1,N/A,N/A,1,N/A,0.0,ERROR
javamop_kornakapi,org.plista.kornakapi.RegressionTest2,N/A,N/A,1,N/A,0.022,ERROR
javamop_kornakapi,org.plista.kornakapi.RegressionTest2,N/A,N/A,1,N/A,0.001,ERROR
javamop_kornakapi,org.plista.kornakapi.RegressionTest2,N/A,N/A,1,N/A,0.016,ERROR
javamop_kornakapi,org.plista.kornakapi.RegressionTest2,N/A,N/A,1,N/A,0.011,ERROR
javamop_kornakapi,org.plista.kornakapi.RegressionTest2,N/A,N/A,1,N/A,0.011,ERROR
javamop_kornakapi,org.plista.kornakapi.RegressionTest2,N/A,N/A,1,N/A,0.009,ERROR
javamop_kornakapi,org.plista.kornakapi.RegressionTest2,N/A,N/A,1,N/A,0.01,ERROR
javamop_kornakapi,org.plista.kornakapi.RegressionTest2,N/A,N/A,1,N/A,0.01,ERROR
javamop_kornakapi,org.plista.kornakapi.RegressionTest2,N/A,N/A,1,N/A,0.0,ERROR
javamop_kornakapi,org.plista.kornakapi.RegressionTest2,N/A,N/A,1,N/A,0.001,ERROR
javamop_kornakapi,org.plista.kornakapi.RegressionTest2,N/A,N/A,1,N/A,0.011,ERROR
javamop_kornakapi,org.plista.kornakapi.RegressionTest2,N/A,N/A,1,N/A,0.011,ERROR
javamop_kornakapi,org.plista.kornakapi.RegressionTest2,N/A,N/A,1,N/A,0.0,ERROR
javamop_kornakapi,org.plista.kornakapi.RegressionTest2,N/A,N/A,1,N/A,0.012,ERROR
javamop_kornakapi,org.plista.kornakapi.RegressionTest2,N/A,N/A,1,N/A,0.009,ERROR
javamop_kornakapi,org.plista.kornakapi.RegressionTest2,N/A,N/A,1,N/A,0.001,ERROR
javamop_kornakapi,org.plista.kornakapi.RegressionTest3,N/A,N/A,1,N/A,0.008,ERROR
javamop_kornakapi,org.plista.kornakapi.RegressionTest3,N/A,N/A,1,N/A,0.008,ERROR
javamop_kornakapi,org.plista.kornakapi.RegressionTest3,N/A,N/A,1,N/A,0.001,ERROR
javamop_kornakapi,org.plista.kornakapi.RegressionTest3,N/A,N/A,1,N/A,0.008,ERROR
javamop_kornakapi,org.plista.kornakapi.RegressionTest3,N/A,N/A,1,N/A,0.0,ERROR
javamop_kornakapi,org.plista.kornakapi.RegressionTest3,N/A,N/A,1,N/A,0.008,ERROR
javamop_kornakapi,org.plista.kornakapi.RegressionTest3,N/A,N/A,1,N/A,0.008,ERROR
javamop_kornakapi,org.plista.kornakapi.RegressionTest3,N/A,N/A,1,N/A,0.007,ERROR
javamop_kornakapi,org.plista.kornakapi.RegressionTest3,N/A,N/A,1,N/A,0.007,ERROR
javamop_kornakapi,org.plista.kornakapi.RegressionTest3,N/A,N/A,1,N/A,0.008,ERROR
javamop_kornakapi,org.plista.kornakapi.RegressionTest3,N/A,N/A,1,N/A,0.031,ERROR
javamop_kornakapi,org.plista.kornakapi.RegressionTest3,N/A,N/A,1,N/A,0.004,ERROR
javamop_kornakapi,org.plista.kornakapi.RegressionTest3,N/A,N/A,1,N/A,0.009,ERROR
javamop_kornakapi,org.plista.kornakapi.RegressionTest4,N/A,N/A,1,N/A,0.008,ERROR
javamop_kornakapi,org.plista.kornakapi.RegressionTest4,N/A,N/A,1,N/A,0.008,ERROR
javamop_kornakapi,org.plista.kornakapi.RegressionTest4,N/A,N/A,1,N/A,0.007,ERROR
javamop_kornakapi,org.plista.kornakapi.RegressionTest4,N/A,N/A,1,N/A,0.006,ERROR
javamop_kornakapi,org.plista.kornakapi.RegressionTest4,N/A,N/A,1,N/A,0.006,ERROR
javamop_kornakapi,org.plista.kornakapi.RegressionTest4,N/A,N/A,1,N/A,0.01,ERROR
javamop_kornakapi,org.plista.kornakapi.RegressionTest4,N/A,N/A,1,N/A,0.007,ERROR
javamop_kornakapi,org.plista.kornakapi.RegressionTest5,N/A,N/A,1,N/A,0.009,ERROR
javamop_kornakapi,org.plista.kornakapi.RegressionTest5,N/A,N/A,1,N/A,0.008,ERROR
javamop_kornakapi,org.plista.kornakapi.RegressionTest5,N/A,N/A,1,N/A,0.007,ERROR
javamop_kornakapi,org.plista.kornakapi.RegressionTest5,N/A,N/A,1,N/A,0.006,ERROR
javamop_kornakapi,org.plista.kornakapi.RegressionTest5,N/A,N/A,1,N/A,0.01,ERROR
javamop_kornakapi,org.plista.kornakapi.RegressionTest5,N/A,N/A,1,N/A,0.009,ERROR
javamop_kornakapi,org.plista.kornakapi.RegressionTest5,N/A,N/A,1,N/A,0.009,ERROR
javamop_kornakapi,org.plista.kornakapi.RegressionTest5,N/A,N/A,1,N/A,0.006,ERROR
javamop_kornakapi,org.plista.kornakapi.RegressionTest5,N/A,N/A,1,N/A,0.006,ERROR
javamop_kornakapi,org.plista.kornakapi.RegressionTest5,N/A,N/A,1,N/A,0.0,ERROR
javamop_kornakapi,org.plista.kornakapi.RegressionTest6,N/A,N/A,1,N/A,0.009,ERROR
javamop_kornakapi,org.plista.kornakapi.RegressionTest6,N/A,N/A,1,N/A,0.007,ERROR
javamop_kornakapi,org.plista.kornakapi.RegressionTest6,N/A,N/A,1,N/A,0.009,ERROR
javamop_kornakapi,org.plista.kornakapi.RegressionTest6,N/A,N/A,1,N/A,0.008,ERROR
javamop_kornakapi,org.plista.kornakapi.RegressionTest6,N/A,N/A,1,N/A,0.001,ERROR
javamop_kornakapi,org.plista.kornakapi.RegressionTest6,N/A,N/A,1,N/A,0.006,ERROR
javamop_kornakapi,org.plista.kornakapi.RegressionTest6,N/A,N/A,1,N/A,0.007,ERROR
javamop_kornakapi,org.plista.kornakapi.RegressionTest7,N/A,N/A,1,N/A,0.0,ERROR
javamop_kornakapi,org.plista.kornakapi.RegressionTest7,N/A,N/A,1,N/A,0.007,ERROR
javamop_kornakapi,org.plista.kornakapi.RegressionTest7,N/A,N/A,1,N/A,0.008,ERROR
javamop_kornakapi,org.plista.kornakapi.RegressionTest7,N/A,N/A,1,N/A,0.006,ERROR
javamop_kornakapi,org.plista.kornakapi.RegressionTest7,N/A,N/A,1,N/A,0.008,ERROR
javamop_kornakapi,org.plista.kornakapi.RegressionTest7,N/A,N/A,1,N/A,0.006,ERROR
javamop_kornakapi,org.plista.kornakapi.RegressionTest7,N/A,N/A,1,N/A,0.006,ERROR
javamop_kornakapi,org.plista.kornakapi.RegressionTest7,N/A,N/A,1,N/A,0.0,ERROR
javamop_kornakapi,org.plista.kornakapi.RegressionTest8,N/A,N/A,1,N/A,0.001,ERROR
javamop_kornakapi,org.plista.kornakapi.RegressionTest8,N/A,N/A,1,N/A,0.006,ERROR
javamop_kornakapi,org.plista.kornakapi.RegressionTest8,N/A,N/A,1,N/A,0.006,ERROR
javamop_kornakapi,org.plista.kornakapi.RegressionTest8,N/A,N/A,1,N/A,0.006,ERROR
javamop_kornakapi,org.plista.kornakapi.RegressionTest8,N/A,N/A,1,N/A,0.006,ERROR
javamop_kornakapi,org.plista.kornakapi.RegressionTest8,N/A,N/A,1,N/A,0.005,ERROR
javamop_kornakapi,org.plista.kornakapi.RegressionTest8,N/A,N/A,1,N/A,0.007,ERROR
javamop_kornakapi,org.plista.kornakapi.RegressionTest8,N/A,N/A,1,N/A,0.006,ERROR
javamop_kornakapi,org.plista.kornakapi.RegressionTest8,N/A,N/A,1,N/A,0.0,ERROR
javamop_kornakapi,org.plista.kornakapi.RegressionTest8,N/A,N/A,1,N/A,0.007,ERROR
javamop_kornakapi,org.plista.kornakapi.RegressionTest8,N/A,N/A,1,N/A,0.007,ERROR
javamop_kornakapi,org.plista.kornakapi.RegressionTest9,N/A,N/A,1,N/A,0.001,ERROR
javamop_kornakapi,org.plista.kornakapi.RegressionTest9,N/A,N/A,1,N/A,0.0,ERROR
javamop_kornakapi,org.plista.kornakapi.RegressionTest9,N/A,N/A,1,N/A,0.0,ERROR
javamop_kornakapi,org.plista.kornakapi.RegressionTest9,N/A,N/A,1,N/A,0.009,ERROR
javamop_kornakapi,org.plista.kornakapi.RegressionTest9,N/A,N/A,1,N/A,0.007,ERROR
javamop_kornakapi,org.plista.kornakapi.RegressionTest9,N/A,N/A,1,N/A,0.006,ERROR
javamop_kornakapi,org.plista.kornakapi.RegressionTest9,N/A,N/A,1,N/A,0.005,ERROR
javamop_kornakapi,org.plista.kornakapi.RegressionTest9,N/A,N/A,1,N/A,0.006,ERROR
javamop_kornakapi,org.plista.kornakapi.RegressionTest9,N/A,N/A,1,N/A,0.006,ERROR
javamop_kornakapi,org.plista.kornakapi.RegressionTest10,N/A,N/A,1,N/A,0.007,ERROR
javamop_kornakapi,org.plista.kornakapi.RegressionTest10,N/A,N/A,1,N/A,0.006,ERROR
javamop_kornakapi,org.plista.kornakapi.RegressionTest10,N/A,N/A,1,N/A,0.006,ERROR
javamop_kornakapi,org.plista.kornakapi.RegressionTest10,N/A,N/A,1,N/A,0.005,ERROR
javamop_kornakapi,org.plista.kornakapi.RegressionTest10,N/A,N/A,1,N/A,0.005,ERROR
javamop_kornakapi,org.plista.kornakapi.RegressionTest10,N/A,N/A,1,N/A,0.006,ERROR
javamop_kornakapi,org.plista.kornakapi.RegressionTest10,N/A,N/A,1,N/A,0.014,ERROR
javamop_kornakapi,org.plista.kornakapi.RegressionTest10,N/A,N/A,1,N/A,0.0,ERROR
javamop_kornakapi,org.plista.kornakapi.RegressionTest10,N/A,N/A,1,N/A,0.007,ERROR
javamop_kornakapi,org.plista.kornakapi.RegressionTest11,N/A,N/A,1,N/A,0.006,ERROR
javamop_kornakapi,org.plista.kornakapi.RegressionTest11,N/A,N/A,1,N/A,0.001,ERROR
javamop_kornakapi,org.plista.kornakapi.RegressionTest11,N/A,N/A,1,N/A,0.006,ERROR
javamop_kornakapi,org.plista.kornakapi.RegressionTest11,N/A,N/A,1,N/A,0.007,ERROR
javamop_kornakapi,org.plista.kornakapi.RegressionTest11,N/A,N/A,1,N/A,0.006,ERROR
javamop_kornakapi,org.plista.kornakapi.RegressionTest12,N/A,N/A,1,N/A,0.001,ERROR
javamop_kornakapi,org.plista.kornakapi.RegressionTest12,N/A,N/A,1,N/A,0.005,ERROR
javamop_kornakapi,org.plista.kornakapi.RegressionTest12,N/A,N/A,1,N/A,0.007,ERROR
javamop_kornakapi,org.plista.kornakapi.RegressionTest12,N/A,N/A,1,N/A,0.006,ERROR
javamop_kornakapi,org.plista.kornakapi.RegressionTest12,N/A,N/A,1,N/A,0.006,ERROR
javamop_kornakapi,org.plista.kornakapi.RegressionTest13,N/A,N/A,1,N/A,0.005,ERROR
javamop_kornakapi,org.plista.kornakapi.RegressionTest13,N/A,N/A,1,N/A,0.006,ERROR
javamop_kornakapi,org.plista.kornakapi.RegressionTest13,N/A,N/A,1,N/A,0.006,ERROR
javamop_kornakapi,org.plista.kornakapi.RegressionTest13,N/A,N/A,1,N/A,0.0,ERROR
javamop_kornakapi,org.plista.kornakapi.RegressionTest13,N/A,N/A,1,N/A,0.005,ERROR
javamop_kornakapi,org.plista.kornakapi.RegressionTest13,N/A,N/A,1,N/A,0.005,ERROR
javamop_kornakapi,org.plista.kornakapi.RegressionTest14,N/A,N/A,1,N/A,0.006,ERROR
javamop_kornakapi,org.plista.kornakapi.RegressionTest14,N/A,N/A,1,N/A,0.006,ERROR
javamop_kornakapi,org.plista.kornakapi.RegressionTest14,N/A,N/A,1,N/A,0.009,ERROR
javamop_kornakapi,org.plista.kornakapi.RegressionTest14,N/A,N/A,1,N/A,0.007,ERROR
javamop_kornakapi,org.plista.kornakapi.RegressionTest14,N/A,N/A,1,N/A,0.008,ERROR
javamop_kornakapi,org.plista.kornakapi.RegressionTest14,N/A,N/A,1,N/A,0.009,ERROR
javamop_kornakapi,org.plista.kornakapi.RegressionTest15,N/A,N/A,1,N/A,0.0,ERROR
javamop_kornakapi,org.plista.kornakapi.RegressionTest15,N/A,N/A,1,N/A,0.008,ERROR
javamop_kornakapi,org.plista.kornakapi.RegressionTest15,N/A,N/A,1,N/A,0.006,ERROR
javamop_kornakapi,org.plista.kornakapi.RegressionTest15,N/A,N/A,1,N/A,0.009,ERROR
javamop_kornakapi,org.plista.kornakapi.RegressionTest15,N/A,N/A,1,N/A,0.007,ERROR
javamop_kornakapi,org.plista.kornakapi.RegressionTest15,N/A,N/A,1,N/A,0.008,ERROR
javamop_kornakapi,org.plista.kornakapi.RegressionTest15,N/A,N/A,1,N/A,0.006,ERROR
javamop_kornakapi,org.plista.kornakapi.RegressionTest15,N/A,N/A,1,N/A,0.006,ERROR
javamop_kornakapi,org.plista.kornakapi.RegressionTest16,N/A,N/A,1,N/A,0.006,ERROR
javamop_kornakapi,org.plista.kornakapi.RegressionTest16,N/A,N/A,1,N/A,0.007,ERROR
javamop_kornakapi,org.plista.kornakapi.RegressionTest16,N/A,N/A,1,N/A,0.008,ERROR
javamop_kornakapi,org.plista.kornakapi.RegressionTest16,N/A,N/A,1,N/A,0.001,ERROR
javamop_kornakapi,org.plista.kornakapi.RegressionTest16,N/A,N/A,1,N/A,0.001,ERROR
javamop_kornakapi,org.plista.kornakapi.RegressionTest16,N/A,N/A,1,N/A,0.006,ERROR
javamop_kornakapi,org.plista.kornakapi.RegressionTest16,N/A,N/A,1,N/A,0.0,ERROR
javamop_kornakapi,org.plista.kornakapi.RegressionTest16,N/A,N/A,1,N/A,0.008,ERROR
javamop_kornakapi,org.plista.kornakapi.RegressionTest17,N/A,N/A,1,N/A,0.006,ERROR
javamop_kornakapi,org.plista.kornakapi.RegressionTest17,N/A,N/A,1,N/A,0.006,ERROR
javamop_kornakapi,org.plista.kornakapi.RegressionTest17,N/A,N/A,1,N/A,0.001,ERROR
javamop_kornakapi,org.plista.kornakapi.RegressionTest17,N/A,N/A,1,N/A,0.007,ERROR
javamop_kornakapi,org.plista.kornakapi.RegressionTest17,N/A,N/A,1,N/A,0.001,ERROR
javamop_kornakapi,org.plista.kornakapi.RegressionTest17,N/A,N/A,1,N/A,0.008,ERROR
javamop_kornakapi,org.plista.kornakapi.RegressionTest17,N/A,N/A,1,N/A,0.006,ERROR
javamop_kornakapi,org.plista.kornakapi.RegressionTest18,N/A,N/A,1,N/A,0.006,ERROR
javamop_kornakapi,org.plista.kornakapi.RegressionTest18,N/A,N/A,1,N/A,0.007,ERROR
javamop_kornakapi,org.plista.kornakapi.RegressionTest18,N/A,N/A,1,N/A,0.0,ERROR
javamop_kornakapi,org.plista.kornakapi.RegressionTest18,N/A,N/A,1,N/A,0.005,ERROR
javamop_kornakapi,org.plista.kornakapi.RegressionTest19,N/A,N/A,1,N/A,0.006,ERROR
javamop_kornakapi,org.plista.kornakapi.RegressionTest19,N/A,N/A,1,N/A,0.007,ERROR
javamop_kornakapi,org.plista.kornakapi.RegressionTest19,N/A,N/A,1,N/A,0.0,ERROR
javamop_kornakapi,org.plista.kornakapi.RegressionTest19,N/A,N/A,1,N/A,0.007,ERROR
javamop_kornakapi,org.plista.kornakapi.RegressionTest19,N/A,N/A,1,N/A,0.008,ERROR
javamop_kornakapi,org.plista.kornakapi.RegressionTest19,N/A,N/A,1,N/A,0.007,ERROR
javamop_kornakapi,org.plista.kornakapi.RegressionTest19,N/A,N/A,1,N/A,0.007,ERROR
javamop_kornakapi,org.plista.kornakapi.RegressionTest19,N/A,N/A,1,N/A,0.009,ERROR
javamop_kornakapi,org.plista.kornakapi.RegressionTest19,N/A,N/A,1,N/A,0.007,ERROR
javamop_kornakapi,org.plista.kornakapi.RegressionTest20,N/A,N/A,1,N/A,0.007,ERROR
javamop_kornakapi,org.plista.kornakapi.RegressionTest20,N/A,N/A,1,N/A,0.0,ERROR
javamop_kornakapi,org.plista.kornakapi.RegressionTest20,N/A,N/A,1,N/A,0.007,ERROR
javamop_kornakapi,org.plista.kornakapi.RegressionTest20,N/A,N/A,1,N/A,0.001,ERROR
javamop_kornakapi,org.plista.kornakapi.RegressionTest21,N/A,N/A,1,N/A,0.001,ERROR
javamop_kornakapi,org.plista.kornakapi.RegressionTest21,N/A,N/A,1,N/A,0.008,ERROR
javamop_kornakapi,org.plista.kornakapi.RegressionTest21,N/A,N/A,1,N/A,0.006,ERROR
javamop_kornakapi,org.plista.kornakapi.RegressionTest21,N/A,N/A,1,N/A,0.007,ERROR
javamop_kornakapi,org.plista.kornakapi.RegressionTest21,N/A,N/A,1,N/A,0.006,ERROR
javamop_kornakapi,org.plista.kornakapi.RegressionTest21,N/A,N/A,1,N/A,0.006,ERROR
javamop_kornakapi,org.plista.kornakapi.RegressionTest21,N/A,N/A,1,N/A,0.006,ERROR
javamop_kornakapi,org.plista.kornakapi.RegressionTest21,N/A,N/A,1,N/A,0.007,ERROR
javamop_kornakapi,org.plista.kornakapi.RegressionTest22,N/A,N/A,1,N/A,0.0,ERROR
javamop_kornakapi,org.plista.kornakapi.RegressionTest22,N/A,N/A,1,N/A,0.008,ERROR
javamop_kornakapi,org.plista.kornakapi.RegressionTest22,N/A,N/A,1,N/A,0.007,ERROR
javamop_kornakapi,org.plista.kornakapi.RegressionTest22,N/A,N/A,1,N/A,0.009,ERROR
javamop_kornakapi,org.plista.kornakapi.RegressionTest23,N/A,N/A,1,N/A,0.001,ERROR
javamop_kornakapi,org.plista.kornakapi.RegressionTest23,N/A,N/A,1,N/A,0.008,ERROR
javamop_kornakapi,org.plista.kornakapi.RegressionTest23,N/A,N/A,1,N/A,0.0,ERROR
javamop_kornakapi,org.plista.kornakapi.RegressionTest23,N/A,N/A,1,N/A,0.008,ERROR
javamop_kornakapi,org.plista.kornakapi.RegressionTest23,N/A,N/A,1,N/A,0.007,ERROR
javamop_kornakapi,org.plista.kornakapi.RegressionTest23,N/A,N/A,1,N/A,0.007,ERROR
javamop_kornakapi,org.plista.kornakapi.RegressionTest24,N/A,N/A,1,N/A,0.001,ERROR
javamop_kornakapi,org.plista.kornakapi.RegressionTest24,N/A,N/A,1,N/A,0.008,ERROR
javamop_kornakapi,org.plista.kornakapi.RegressionTest24,N/A,N/A,1,N/A,0.007,ERROR
javamop_kornakapi,org.plista.kornakapi.RegressionTest24,N/A,N/A,1,N/A,0.006,ERROR
javamop_kornakapi,org.plista.kornakapi.RegressionTest25,N/A,N/A,1,N/A,0.007,ERROR
javamop_kornakapi,org.plista.kornakapi.RegressionTest25,N/A,N/A,1,N/A,0.001,ERROR
javamop_kornakapi,org.plista.kornakapi.RegressionTest25,N/A,N/A,1,N/A,0.006,ERROR
javamop_kornakapi,org.plista.kornakapi.RegressionTest25,N/A,N/A,1,N/A,0.001,ERROR
javamop_kornakapi,org.plista.kornakapi.RegressionTest25,N/A,N/A,1,N/A,0.007,ERROR
javamop_kornakapi,org.plista.kornakapi.RegressionTest25,N/A,N/A,1,N/A,0.007,ERROR
javamop_kornakapi,org.plista.kornakapi.RegressionTest25,N/A,N/A,1,N/A,0.007,ERROR
javamop_kornakapi,org.plista.kornakapi.RegressionTest25,N/A,N/A,1,N/A,0.008,ERROR
javamop_kornakapi,org.plista.kornakapi.RegressionTest25,N/A,N/A,1,N/A,0.008,ERROR
javamop_kornakapi,org.plista.kornakapi.RegressionTest26,N/A,N/A,1,N/A,0.0,ERROR
javamop_kornakapi,org.plista.kornakapi.RegressionTest26,N/A,N/A,1,N/A,0.007,ERROR
javamop_kornakapi,org.plista.kornakapi.RegressionTest26,N/A,N/A,1,N/A,0.007,ERROR
javamop_kornakapi,org.plista.kornakapi.RegressionTest26,N/A,N/A,1,N/A,0.001,ERROR
javamop_kornakapi,org.plista.kornakapi.RegressionTest26,N/A,N/A,1,N/A,0.006,ERROR
javamop_kornakapi,org.plista.kornakapi.RegressionTest26,N/A,N/A,1,N/A,0.006,ERROR
javamop_kornakapi,org.plista.kornakapi.RegressionTest26,N/A,N/A,1,N/A,0.007,ERROR
javamop_kornakapi,org.plista.kornakapi.RegressionTest27,N/A,N/A,1,N/A,0.006,ERROR
javamop_kornakapi,org.plista.kornakapi.RegressionTest27,N/A,N/A,1,N/A,0.006,ERROR
javamop_kornakapi,org.plista.kornakapi.RegressionTest27,N/A,N/A,1,N/A,0.006,ERROR
javamop_kornakapi,org.plista.kornakapi.RegressionTest27,N/A,N/A,1,N/A,0.007,ERROR
javamop_kornakapi,org.plista.kornakapi.RegressionTest27,N/A,N/A,1,N/A,0.008,ERROR
javamop_kornakapi,org.plista.kornakapi.RegressionTest28,N/A,N/A,1,N/A,0.007,ERROR
javamop_kornakapi,org.plista.kornakapi.RegressionTest28,N/A,N/A,1,N/A,0.008,ERROR
javamop_kornakapi,org.plista.kornakapi.RegressionTest28,N/A,N/A,1,N/A,0.008,ERROR
javamop_kornakapi,org.plista.kornakapi.RegressionTest29,N/A,N/A,1,N/A,0.006,ERROR
javamop_kornakapi,org.plista.kornakapi.RegressionTest29,N/A,N/A,1,N/A,0.007,ERROR
javamop_kornakapi,org.plista.kornakapi.RegressionTest29,N/A,N/A,1,N/A,0.008,ERROR
javamop_kornakapi,org.plista.kornakapi.RegressionTest29,N/A,N/A,1,N/A,0.008,ERROR
javamop_kornakapi,org.plista.kornakapi.RegressionTest29,N/A,N/A,1,N/A,0.006,ERROR
javamop_kornakapi,org.plista.kornakapi.RegressionTest29,N/A,N/A,1,N/A,0.007,ERROR
javamop_kornakapi,org.plista.kornakapi.RegressionTest29,N/A,N/A,1,N/A,0.008,ERROR
javamop_kornakapi,org.plista.kornakapi.RegressionTest30,N/A,N/A,1,N/A,0.006,ERROR
javamop_kornakapi,org.plista.kornakapi.RegressionTest30,N/A,N/A,1,N/A,0.0,ERROR
javamop_kornakapi,org.plista.kornakapi.RegressionTest30,N/A,N/A,1,N/A,0.006,ERROR
javamop_kornakapi,org.plista.kornakapi.RegressionTest31,N/A,N/A,1,N/A,0.001,ERROR
javamop_kornakapi,org.plista.kornakapi.RegressionTest31,N/A,N/A,1,N/A,0.0,ERROR
javamop_kornakapi,org.plista.kornakapi.RegressionTest31,N/A,N/A,1,N/A,0.0,ERROR
javamop_kornakapi,org.plista.kornakapi.RegressionTest32,N/A,N/A,1,N/A,0.008,ERROR
javamop_kornakapi,org.plista.kornakapi.RegressionTest33,N/A,N/A,1,N/A,0.008,ERROR
javamop_kornakapi,org.plista.kornakapi.RegressionTest33,N/A,N/A,1,N/A,0.006,ERROR
javamop_kornakapi,org.plista.kornakapi.RegressionTest33,N/A,N/A,1,N/A,0.007,ERROR
javamop_kornakapi,org.plista.kornakapi.RegressionTest33,N/A,N/A,1,N/A,0.0,ERROR
javamop_kornakapi,org.plista.kornakapi.RegressionTest33,N/A,N/A,1,N/A,0.007,ERROR
javamop_kornakapi,org.plista.kornakapi.RegressionTest33,N/A,N/A,1,N/A,0.007,ERROR
javamop_kornakapi,org.plista.kornakapi.RegressionTest34,N/A,N/A,1,N/A,0.006,ERROR
javamop_kornakapi,org.plista.kornakapi.RegressionTest34,N/A,N/A,1,N/A,0.007,ERROR
javamop_kornakapi,org.plista.kornakapi.RegressionTest34,N/A,N/A,1,N/A,0.007,ERROR
javamop_kornakapi,org.plista.kornakapi.RegressionTest34,N/A,N/A,1,N/A,0.007,ERROR
javamop_kornakapi,org.plista.kornakapi.RegressionTest35,N/A,N/A,1,N/A,0.007,ERROR
javamop_kornakapi,org.plista.kornakapi.RegressionTest35,N/A,N/A,1,N/A,0.007,ERROR
javamop_kornakapi,org.plista.kornakapi.RegressionTest35,N/A,N/A,1,N/A,0.008,ERROR
javamop_kornakapi,org.plista.kornakapi.RegressionTest35,N/A,N/A,1,N/A,0.007,ERROR
javamop_kornakapi,org.plista.kornakapi.RegressionTest36,N/A,N/A,1,N/A,0.005,ERROR
javamop_kornakapi,org.plista.kornakapi.RegressionTest37,N/A,N/A,1,N/A,0.007,ERROR
javamop_kornakapi,org.plista.kornakapi.RegressionTest37,N/A,N/A,1,N/A,0.006,ERROR
javamop_kornakapi,org.plista.kornakapi.RegressionTest37,N/A,N/A,1,N/A,0.005,ERROR
javamop_kornakapi,org.plista.kornakapi.RegressionTest37,N/A,N/A,1,N/A,0.006,ERROR
javamop_kornakapi,org.plista.kornakapi.RegressionTest38,N/A,N/A,1,N/A,0.007,ERROR
javamop_kornakapi,org.plista.kornakapi.RegressionTest38,N/A,N/A,1,N/A,0.005,ERROR
javamop_kornakapi,org.plista.kornakapi.RegressionTest39,N/A,N/A,1,N/A,0.0,ERROR
javamop_kornakapi,org.plista.kornakapi.RegressionTest39,N/A,N/A,1,N/A,0.006,ERROR
javamop_kornakapi,org.plista.kornakapi.RegressionTest40,N/A,N/A,1,N/A,0.006,ERROR
javamop_kornakapi,org.plista.kornakapi.RegressionTest40,N/A,N/A,1,N/A,0.005,ERROR
javamop_kornakapi,org.plista.kornakapi.RegressionTest40,N/A,N/A,1,N/A,0.006,ERROR
javamop_kornakapi,org.plista.kornakapi.RegressionTest40,N/A,N/A,1,N/A,0.006,ERROR
javamop_kornakapi,org.plista.kornakapi.RegressionTest40,N/A,N/A,1,N/A,0.006,ERROR
javamop_kornakapi,org.plista.kornakapi.RegressionTest40,N/A,N/A,1,N/A,0.005,ERROR
javamop_kornakapi,org.plista.kornakapi.RegressionTest40,N/A,N/A,1,N/A,0.009,ERROR
javamop_kornakapi,org.plista.kornakapi.RegressionTest41,N/A,N/A,1,N/A,0.001,ERROR
javamop_kornakapi,org.plista.kornakapi.RegressionTest41,N/A,N/A,1,N/A,0.006,ERROR
javamop_kornakapi,org.plista.kornakapi.RegressionTest42,N/A,N/A,1,N/A,0.007,ERROR
javamop_kornakapi,org.plista.kornakapi.RegressionTest42,N/A,N/A,1,N/A,0.005,ERROR
javamop_kornakapi,org.plista.kornakapi.RegressionTest42,N/A,N/A,1,N/A,0.006,ERROR
javamop_kornakapi,org.plista.kornakapi.RegressionTest42,N/A,N/A,1,N/A,0.006,ERROR
javamop_kornakapi,org.plista.kornakapi.RegressionTest42,N/A,N/A,1,N/A,0.005,ERROR
javamop_kornakapi,org.plista.kornakapi.RegressionTest42,N/A,N/A,1,N/A,0.005,ERROR
javamop_kornakapi,org.plista.kornakapi.RegressionTest43,N/A,N/A,1,N/A,0.005,ERROR
javamop_kornakapi,org.plista.kornakapi.RegressionTest43,N/A,N/A,1,N/A,0.006,ERROR
javamop_kornakapi,org.plista.kornakapi.RegressionTest43,N/A,N/A,1,N/A,0.006,ERROR
javamop_kornakapi,org.plista.kornakapi.RegressionTest44,N/A,N/A,1,N/A,0.005,ERROR
javamop_kornakapi,org.plista.kornakapi.RegressionTest44,N/A,N/A,1,N/A,0.006,ERROR
javamop_kornakapi,org.plista.kornakapi.RegressionTest44,N/A,N/A,1,N/A,0.006,ERROR
javamop_kornakapi,org.plista.kornakapi.RegressionTest45,N/A,N/A,1,N/A,0.0,ERROR
javamop_kornakapi,org.plista.kornakapi.RegressionTest45,N/A,N/A,1,N/A,0.007,ERROR
javamop_kornakapi,org.plista.kornakapi.RegressionTest45,N/A,N/A,1,N/A,0.005,ERROR
javamop_kornakapi,org.plista.kornakapi.RegressionTest45,N/A,N/A,1,N/A,0.0,ERROR
javamop_kornakapi,org.plista.kornakapi.RegressionTest45,N/A,N/A,1,N/A,0.007,ERROR
javamop_kornakapi,org.plista.kornakapi.RegressionTest45,N/A,N/A,1,N/A,0.0,ERROR
javamop_kornakapi,org.plista.kornakapi.RegressionTest46,N/A,N/A,1,N/A,0.005,ERROR
javamop_kornakapi,org.plista.kornakapi.RegressionTest46,N/A,N/A,1,N/A,0.0,ERROR
javamop_kornakapi,org.plista.kornakapi.RegressionTest46,N/A,N/A,1,N/A,0.0,ERROR
javamop_kornakapi,org.plista.kornakapi.RegressionTest46,N/A,N/A,1,N/A,0.008,ERROR
javamop_kornakapi,org.plista.kornakapi.RegressionTest47,N/A,N/A,1,N/A,0.006,ERROR
javamop_kornakapi,org.plista.kornakapi.RegressionTest47,N/A,N/A,1,N/A,0.0,ERROR
javamop_kornakapi,org.plista.kornakapi.RegressionTest48,N/A,N/A,1,N/A,0.005,ERROR
javamop_kornakapi,org.plista.kornakapi.RegressionTest48,N/A,N/A,1,N/A,0.007,ERROR
javamop_kornakapi,org.plista.kornakapi.RegressionTest48,N/A,N/A,1,N/A,0.005,ERROR
javamop_kornakapi,org.plista.kornakapi.RegressionTest49,N/A,N/A,1,N/A,0.0,ERROR
javamop_kornakapi,org.plista.kornakapi.RegressionTest49,N/A,N/A,1,N/A,0.007,ERROR
javamop_kornakapi,org.plista.kornakapi.RegressionTest49,N/A,N/A,1,N/A,0.001,ERROR
javamop_kornakapi,org.plista.kornakapi.RegressionTest49,N/A,N/A,1,N/A,0.007,ERROR
javamop_kornakapi,org.plista.kornakapi.RegressionTest49,N/A,N/A,1,N/A,0.0,ERROR
javamop_kornakapi,org.plista.kornakapi.RegressionTest49,N/A,N/A,1,N/A,0.0,ERROR
javamop_kornakapi,org.plista.kornakapi.RegressionTest50,N/A,N/A,1,N/A,0.01,ERROR
javamop_kornakapi,org.plista.kornakapi.RegressionTest50,N/A,N/A,1,N/A,0.01,ERROR
javamop_kornakapi,org.plista.kornakapi.RegressionTest50,N/A,N/A,1,N/A,0.001,ERROR
javamop_kornakapi,org.plista.kornakapi.RegressionTest50,N/A,N/A,1,N/A,0.001,ERROR
javamop_kornakapi,org.plista.kornakapi.RegressionTest51,N/A,N/A,1,N/A,0.01,ERROR
javamop_kornakapi,org.plista.kornakapi.RegressionTest51,N/A,N/A,1,N/A,0.007,ERROR
javamop_kornakapi,org.plista.kornakapi.RegressionTest51,N/A,N/A,1,N/A,0.008,ERROR
javamop_kornakapi,org.plista.kornakapi.RegressionTest52,N/A,N/A,1,N/A,0.007,ERROR
javamop_kornakapi,org.plista.kornakapi.RegressionTest52,N/A,N/A,1,N/A,0.007,ERROR
javamop_kornakapi,org.plista.kornakapi.RegressionTest52,N/A,N/A,1,N/A,0.009,ERROR
javamop_kornakapi,org.plista.kornakapi.RegressionTest52,N/A,N/A,1,N/A,0.01,ERROR
javamop_kornakapi,org.plista.kornakapi.RegressionTest54,N/A,N/A,1,N/A,0.006,ERROR
javamop_kornakapi,org.plista.kornakapi.RegressionTest54,N/A,N/A,1,N/A,0.007,ERROR
javamop_kornakapi,org.plista.kornakapi.RegressionTest54,N/A,N/A,1,N/A,0.007,ERROR
javamop_kornakapi,org.plista.kornakapi.RegressionTest54,N/A,N/A,1,N/A,0.008,ERROR
javamop_kornakapi,org.plista.kornakapi.RegressionTest54,N/A,N/A,1,N/A,0.0,ERROR
javamop_kornakapi,org.plista.kornakapi.RegressionTest54,N/A,N/A,1,N/A,0.001,ERROR
javamop_kornakapi,org.plista.kornakapi.RegressionTest55,N/A,N/A,1,N/A,0.0,ERROR
javamop_kornakapi,org.plista.kornakapi.RegressionTest55,N/A,N/A,1,N/A,0.006,ERROR
javamop_kornakapi,org.plista.kornakapi.RegressionTest55,N/A,N/A,1,N/A,0.007,ERROR
javamop_kornakapi,org.plista.kornakapi.RegressionTest55,N/A,N/A,1,N/A,0.007,ERROR
javamop_kornakapi,org.plista.kornakapi.RegressionTest56,N/A,N/A,1,N/A,0.007,ERROR
javamop_kornakapi,org.plista.kornakapi.RegressionTest56,N/A,N/A,1,N/A,0.0,ERROR
javamop_kornakapi,org.plista.kornakapi.RegressionTest56,N/A,N/A,1,N/A,0.006,ERROR
javamop_kornakapi,org.plista.kornakapi.RegressionTest57,N/A,N/A,1,N/A,0.006,ERROR
javamop_kornakapi,org.plista.kornakapi.RegressionTest57,N/A,N/A,1,N/A,0.007,ERROR
javamop_kornakapi,org.plista.kornakapi.RegressionTest57,N/A,N/A,1,N/A,0.0,ERROR
javamop_kornakapi,org.plista.kornakapi.RegressionTest58,N/A,N/A,1,N/A,0.006,ERROR
javamop_kornakapi,org.plista.kornakapi.RegressionTest58,N/A,N/A,1,N/A,0.007,ERROR
javamop_kornakapi,org.plista.kornakapi.RegressionTest58,N/A,N/A,1,N/A,0.0,ERROR
javamop_kornakapi,org.plista.kornakapi.RegressionTest58,N/A,N/A,1,N/A,0.0,ERROR
javamop_kornakapi,org.plista.kornakapi.RegressionTest59,N/A,N/A,1,N/A,0.005,ERROR
javamop_kornakapi,org.plista.kornakapi.RegressionTest59,N/A,N/A,1,N/A,0.006,ERROR
javamop_kornakapi,org.plista.kornakapi.RegressionTest59,N/A,N/A,1,N/A,0.006,ERROR
javamop_kornakapi,org.plista.kornakapi.RegressionTest59,N/A,N/A,1,N/A,0.006,ERROR
javamop_kornakapi,org.plista.kornakapi.RegressionTest61,N/A,N/A,1,N/A,0.006,ERROR
javamop_kornakapi,org.plista.kornakapi.RegressionTest61,N/A,N/A,1,N/A,0.007,ERROR
javamop_kornakapi,org.plista.kornakapi.RegressionTest61,N/A,N/A,1,N/A,0.006,ERROR
javamop_kornakapi,org.plista.kornakapi.RegressionTest61,N/A,N/A,1,N/A,0.007,ERROR
javamop_kornakapi,org.plista.kornakapi.RegressionTest61,N/A,N/A,1,N/A,0.006,ERROR
javamop_kornakapi,org.plista.kornakapi.RegressionTest61,N/A,N/A,1,N/A,0.0,ERROR
javamop_kornakapi,org.plista.kornakapi.RegressionTest62,N/A,N/A,1,N/A,0.006,ERROR
javamop_kornakapi,org.plista.kornakapi.RegressionTest62,N/A,N/A,1,N/A,0.005,ERROR
javamop_kornakapi,org.plista.kornakapi.RegressionTest62,N/A,N/A,1,N/A,0.062,ERROR
javamop_kornakapi,org.plista.kornakapi.RegressionTest62,N/A,N/A,1,N/A,0.0,ERROR
javamop_kornakapi,org.plista.kornakapi.RegressionTest63,N/A,N/A,1,N/A,0.008,ERROR
javamop_kornakapi,org.plista.kornakapi.RegressionTest63,N/A,N/A,1,N/A,0.006,ERROR
javamop_kornakapi,org.plista.kornakapi.RegressionTest63,N/A,N/A,1,N/A,0.006,ERROR
javamop_kornakapi,org.plista.kornakapi.RegressionTest63,N/A,N/A,1,N/A,0.005,ERROR
javamop_kornakapi,org.plista.kornakapi.RegressionTest64,N/A,N/A,1,N/A,0.006,ERROR
javamop_kornakapi,org.plista.kornakapi.RegressionTest64,N/A,N/A,1,N/A,0.005,ERROR
javamop_kornakapi,org.plista.kornakapi.RegressionTest65,N/A,N/A,1,N/A,0.006,ERROR
javamop_kornakapi,org.plista.kornakapi.RegressionTest65,N/A,N/A,1,N/A,0.005,ERROR
javamop_kornakapi,org.plista.kornakapi.RegressionTest66,N/A,N/A,1,N/A,0.0,ERROR
javamop_kornakapi,org.plista.kornakapi.RegressionTest66,N/A,N/A,1,N/A,0.0,ERROR
javamop_kornakapi,org.plista.kornakapi.RegressionTest66,N/A,N/A,1,N/A,0.006,ERROR
javamop_kornakapi,org.plista.kornakapi.RegressionTest67,N/A,N/A,1,N/A,0.006,ERROR
javamop_kornakapi,org.plista.kornakapi.RegressionTest68,N/A,N/A,1,N/A,0.005,ERROR
javamop_kornakapi,org.plista.kornakapi.RegressionTest68,N/A,N/A,1,N/A,0.005,ERROR
javamop_kornakapi,org.plista.kornakapi.RegressionTest68,N/A,N/A,1,N/A,0.001,ERROR
javamop_kornakapi,org.plista.kornakapi.RegressionTest68,N/A,N/A,1,N/A,0.006,ERROR
javamop_kornakapi,org.plista.kornakapi.RegressionTest68,N/A,N/A,1,N/A,0.005,ERROR
javamop_kornakapi,org.plista.kornakapi.RegressionTest69,N/A,N/A,1,N/A,0.0,ERROR
javamop_kornakapi,org.plista.kornakapi.RegressionTest69,N/A,N/A,1,N/A,0.007,ERROR
javamop_kornakapi,org.plista.kornakapi.RegressionTest70,N/A,N/A,1,N/A,0.006,ERROR
javamop_kornakapi,org.plista.kornakapi.RegressionTest70,N/A,N/A,1,N/A,0.005,ERROR
javamop_kornakapi,org.plista.kornakapi.RegressionTest70,N/A,N/A,1,N/A,0.006,ERROR
javamop_kornakapi,org.plista.kornakapi.RegressionTest71,N/A,N/A,1,N/A,0.005,ERROR
javamop_kornakapi,org.plista.kornakapi.RegressionTest71,N/A,N/A,1,N/A,0.005,ERROR
javamop_kornakapi,org.plista.kornakapi.RegressionTest72,N/A,N/A,1,N/A,0.005,ERROR
javamop_kornakapi,org.plista.kornakapi.RegressionTest72,N/A,N/A,1,N/A,0.0,ERROR
javamop_kornakapi,org.plista.kornakapi.RegressionTest72,N/A,N/A,1,N/A,0.005,ERROR
javamop_kornakapi,org.plista.kornakapi.RegressionTest72,N/A,N/A,1,N/A,0.005,ERROR
javamop_kornakapi,org.plista.kornakapi.RegressionTest73,N/A,N/A,1,N/A,0.005,ERROR
javamop_kornakapi,org.plista.kornakapi.RegressionTest73,N/A,N/A,1,N/A,0.0,ERROR
javamop_kornakapi,org.plista.kornakapi.RegressionTest74,N/A,N/A,1,N/A,0.006,ERROR
javamop_kornakapi,org.plista.kornakapi.RegressionTest74,N/A,N/A,1,N/A,0.0,ERROR
javamop_kornakapi,org.plista.kornakapi.RegressionTest74,N/A,N/A,1,N/A,0.005,ERROR
javamop_kornakapi,org.plista.kornakapi.RegressionTest74,N/A,N/A,1,N/A,0.001,ERROR
javamop_kornakapi,org.plista.kornakapi.RegressionTest74,N/A,N/A,1,N/A,0.008,ERROR
javamop_kornakapi,org.plista.kornakapi.RegressionTest75,N/A,N/A,1,N/A,0.001,ERROR
javamop_kornakapi,org.plista.kornakapi.RegressionTest75,N/A,N/A,1,N/A,0.0,ERROR
javamop_kornakapi,org.plista.kornakapi.RegressionTest76,N/A,N/A,1,N/A,0.005,ERROR
javamop_kornakapi,org.plista.kornakapi.RegressionTest76,N/A,N/A,1,N/A,0.005,ERROR
javamop_kornakapi,org.plista.kornakapi.RegressionTest76,N/A,N/A,1,N/A,0.006,ERROR
javamop_kornakapi,org.plista.kornakapi.RegressionTest77,N/A,N/A,1,N/A,0.006,ERROR
javamop_kornakapi,org.plista.kornakapi.RegressionTest78,N/A,N/A,1,N/A,0.006,ERROR
javamop_kornakapi,null,2,0,2,0,0.001,FAILURE
Sum: 30.62400000000011
--------------------Execution: 5 -----------------------------------
javamop_kornakapi,null,39707,12,404,0,23.51,FAILURE
javamop_kornakapi,org.plista.kornakapi.RegressionTest0,N/A,N/A,1,N/A,3.607,ERROR
javamop_kornakapi,org.plista.kornakapi.RegressionTest0,N/A,N/A,1,N/A,0.022,ERROR
javamop_kornakapi,org.plista.kornakapi.RegressionTest0,N/A,N/A,1,N/A,0.012,ERROR
javamop_kornakapi,org.plista.kornakapi.RegressionTest0,N/A,N/A,1,N/A,0.012,ERROR
javamop_kornakapi,org.plista.kornakapi.RegressionTest0,N/A,N/A,1,N/A,0.013,ERROR
javamop_kornakapi,org.plista.kornakapi.RegressionTest0,N/A,N/A,1,N/A,0.011,ERROR
javamop_kornakapi,org.plista.kornakapi.RegressionTest0,N/A,N/A,1,N/A,0.011,ERROR
javamop_kornakapi,org.plista.kornakapi.RegressionTest0,N/A,N/A,1,N/A,0.019,ERROR
javamop_kornakapi,org.plista.kornakapi.RegressionTest0,N/A,N/A,1,N/A,0.013,ERROR
javamop_kornakapi,org.plista.kornakapi.RegressionTest0,N/A,N/A,1,N/A,0.014,ERROR
javamop_kornakapi,org.plista.kornakapi.RegressionTest0,N/A,N/A,1,N/A,0.012,ERROR
javamop_kornakapi,org.plista.kornakapi.RegressionTest0,N/A,N/A,1,N/A,0.012,ERROR
javamop_kornakapi,org.plista.kornakapi.RegressionTest0,N/A,N/A,1,N/A,0.118,ERROR
javamop_kornakapi,org.plista.kornakapi.RegressionTest0,N/A,N/A,1,N/A,0.009,ERROR
javamop_kornakapi,org.plista.kornakapi.RegressionTest0,N/A,N/A,1,N/A,0.011,ERROR
javamop_kornakapi,org.plista.kornakapi.RegressionTest0,N/A,N/A,1,N/A,0.01,ERROR
javamop_kornakapi,org.plista.kornakapi.RegressionTest0,N/A,N/A,1,N/A,0.01,ERROR
javamop_kornakapi,org.plista.kornakapi.RegressionTest0,N/A,N/A,1,N/A,0.01,ERROR
javamop_kornakapi,org.plista.kornakapi.RegressionTest0,N/A,N/A,1,N/A,0.009,ERROR
javamop_kornakapi,org.plista.kornakapi.RegressionTest0,N/A,N/A,1,N/A,0.012,ERROR
javamop_kornakapi,org.plista.kornakapi.RegressionTest0,N/A,N/A,1,N/A,0.01,ERROR
javamop_kornakapi,org.plista.kornakapi.RegressionTest0,N/A,N/A,1,N/A,0.008,ERROR
javamop_kornakapi,org.plista.kornakapi.RegressionTest1,N/A,N/A,1,N/A,0.009,ERROR
javamop_kornakapi,org.plista.kornakapi.RegressionTest1,N/A,N/A,1,N/A,0.001,ERROR
javamop_kornakapi,org.plista.kornakapi.RegressionTest1,N/A,N/A,1,N/A,0.001,ERROR
javamop_kornakapi,org.plista.kornakapi.RegressionTest1,N/A,N/A,1,N/A,0.0,ERROR
javamop_kornakapi,org.plista.kornakapi.RegressionTest1,N/A,N/A,1,N/A,0.006,ERROR
javamop_kornakapi,org.plista.kornakapi.RegressionTest1,N/A,N/A,1,N/A,0.009,ERROR
javamop_kornakapi,org.plista.kornakapi.RegressionTest1,N/A,N/A,1,N/A,0.001,ERROR
javamop_kornakapi,org.plista.kornakapi.RegressionTest1,N/A,N/A,1,N/A,0.0,ERROR
javamop_kornakapi,org.plista.kornakapi.RegressionTest1,N/A,N/A,1,N/A,0.011,ERROR
javamop_kornakapi,org.plista.kornakapi.RegressionTest1,N/A,N/A,1,N/A,0.029,ERROR
javamop_kornakapi,org.plista.kornakapi.RegressionTest1,N/A,N/A,1,N/A,0.0,ERROR
javamop_kornakapi,org.plista.kornakapi.RegressionTest1,N/A,N/A,1,N/A,0.012,ERROR
javamop_kornakapi,org.plista.kornakapi.RegressionTest1,N/A,N/A,1,N/A,0.012,ERROR
javamop_kornakapi,org.plista.kornakapi.RegressionTest1,N/A,N/A,1,N/A,0.013,ERROR
javamop_kornakapi,org.plista.kornakapi.RegressionTest1,N/A,N/A,1,N/A,0.013,ERROR
javamop_kornakapi,org.plista.kornakapi.RegressionTest1,N/A,N/A,1,N/A,0.012,ERROR
javamop_kornakapi,org.plista.kornakapi.RegressionTest1,N/A,N/A,1,N/A,0.011,ERROR
javamop_kornakapi,org.plista.kornakapi.RegressionTest1,N/A,N/A,1,N/A,0.0,ERROR
javamop_kornakapi,org.plista.kornakapi.RegressionTest2,N/A,N/A,1,N/A,0.01,ERROR
javamop_kornakapi,org.plista.kornakapi.RegressionTest2,N/A,N/A,1,N/A,0.001,ERROR
javamop_kornakapi,org.plista.kornakapi.RegressionTest2,N/A,N/A,1,N/A,0.014,ERROR
javamop_kornakapi,org.plista.kornakapi.RegressionTest2,N/A,N/A,1,N/A,0.012,ERROR
javamop_kornakapi,org.plista.kornakapi.RegressionTest2,N/A,N/A,1,N/A,0.009,ERROR
javamop_kornakapi,org.plista.kornakapi.RegressionTest2,N/A,N/A,1,N/A,0.01,ERROR
javamop_kornakapi,org.plista.kornakapi.RegressionTest2,N/A,N/A,1,N/A,0.011,ERROR
javamop_kornakapi,org.plista.kornakapi.RegressionTest2,N/A,N/A,1,N/A,0.01,ERROR
javamop_kornakapi,org.plista.kornakapi.RegressionTest2,N/A,N/A,1,N/A,0.0,ERROR
javamop_kornakapi,org.plista.kornakapi.RegressionTest2,N/A,N/A,1,N/A,0.001,ERROR
javamop_kornakapi,org.plista.kornakapi.RegressionTest2,N/A,N/A,1,N/A,0.01,ERROR
javamop_kornakapi,org.plista.kornakapi.RegressionTest2,N/A,N/A,1,N/A,0.01,ERROR
javamop_kornakapi,org.plista.kornakapi.RegressionTest2,N/A,N/A,1,N/A,0.001,ERROR
javamop_kornakapi,org.plista.kornakapi.RegressionTest2,N/A,N/A,1,N/A,0.009,ERROR
javamop_kornakapi,org.plista.kornakapi.RegressionTest2,N/A,N/A,1,N/A,0.011,ERROR
javamop_kornakapi,org.plista.kornakapi.RegressionTest2,N/A,N/A,1,N/A,0.001,ERROR
javamop_kornakapi,org.plista.kornakapi.RegressionTest3,N/A,N/A,1,N/A,0.009,ERROR
javamop_kornakapi,org.plista.kornakapi.RegressionTest3,N/A,N/A,1,N/A,0.006,ERROR
javamop_kornakapi,org.plista.kornakapi.RegressionTest3,N/A,N/A,1,N/A,0.001,ERROR
javamop_kornakapi,org.plista.kornakapi.RegressionTest3,N/A,N/A,1,N/A,0.01,ERROR
javamop_kornakapi,org.plista.kornakapi.RegressionTest3,N/A,N/A,1,N/A,0.001,ERROR
javamop_kornakapi,org.plista.kornakapi.RegressionTest3,N/A,N/A,1,N/A,0.009,ERROR
javamop_kornakapi,org.plista.kornakapi.RegressionTest3,N/A,N/A,1,N/A,0.006,ERROR
javamop_kornakapi,org.plista.kornakapi.RegressionTest3,N/A,N/A,1,N/A,0.008,ERROR
javamop_kornakapi,org.plista.kornakapi.RegressionTest3,N/A,N/A,1,N/A,0.007,ERROR
javamop_kornakapi,org.plista.kornakapi.RegressionTest3,N/A,N/A,1,N/A,0.008,ERROR
javamop_kornakapi,org.plista.kornakapi.RegressionTest3,N/A,N/A,1,N/A,0.008,ERROR
javamop_kornakapi,org.plista.kornakapi.RegressionTest3,N/A,N/A,1,N/A,0.007,ERROR
javamop_kornakapi,org.plista.kornakapi.RegressionTest3,N/A,N/A,1,N/A,0.029,ERROR
javamop_kornakapi,org.plista.kornakapi.RegressionTest4,N/A,N/A,1,N/A,0.005,ERROR
javamop_kornakapi,org.plista.kornakapi.RegressionTest4,N/A,N/A,1,N/A,0.006,ERROR
javamop_kornakapi,org.plista.kornakapi.RegressionTest4,N/A,N/A,1,N/A,0.008,ERROR
javamop_kornakapi,org.plista.kornakapi.RegressionTest4,N/A,N/A,1,N/A,0.007,ERROR
javamop_kornakapi,org.plista.kornakapi.RegressionTest4,N/A,N/A,1,N/A,0.008,ERROR
javamop_kornakapi,org.plista.kornakapi.RegressionTest4,N/A,N/A,1,N/A,0.006,ERROR
javamop_kornakapi,org.plista.kornakapi.RegressionTest4,N/A,N/A,1,N/A,0.007,ERROR
javamop_kornakapi,org.plista.kornakapi.RegressionTest5,N/A,N/A,1,N/A,0.007,ERROR
javamop_kornakapi,org.plista.kornakapi.RegressionTest5,N/A,N/A,1,N/A,0.006,ERROR
javamop_kornakapi,org.plista.kornakapi.RegressionTest5,N/A,N/A,1,N/A,0.007,ERROR
javamop_kornakapi,org.plista.kornakapi.RegressionTest5,N/A,N/A,1,N/A,0.007,ERROR
javamop_kornakapi,org.plista.kornakapi.RegressionTest5,N/A,N/A,1,N/A,0.007,ERROR
javamop_kornakapi,org.plista.kornakapi.RegressionTest5,N/A,N/A,1,N/A,0.006,ERROR
javamop_kornakapi,org.plista.kornakapi.RegressionTest5,N/A,N/A,1,N/A,0.01,ERROR
javamop_kornakapi,org.plista.kornakapi.RegressionTest5,N/A,N/A,1,N/A,0.007,ERROR
javamop_kornakapi,org.plista.kornakapi.RegressionTest5,N/A,N/A,1,N/A,0.01,ERROR
javamop_kornakapi,org.plista.kornakapi.RegressionTest5,N/A,N/A,1,N/A,0.001,ERROR
javamop_kornakapi,org.plista.kornakapi.RegressionTest6,N/A,N/A,1,N/A,0.009,ERROR
javamop_kornakapi,org.plista.kornakapi.RegressionTest6,N/A,N/A,1,N/A,0.008,ERROR
javamop_kornakapi,org.plista.kornakapi.RegressionTest6,N/A,N/A,1,N/A,0.01,ERROR
javamop_kornakapi,org.plista.kornakapi.RegressionTest6,N/A,N/A,1,N/A,0.012,ERROR
javamop_kornakapi,org.plista.kornakapi.RegressionTest6,N/A,N/A,1,N/A,0.001,ERROR
javamop_kornakapi,org.plista.kornakapi.RegressionTest6,N/A,N/A,1,N/A,0.009,ERROR
javamop_kornakapi,org.plista.kornakapi.RegressionTest6,N/A,N/A,1,N/A,0.01,ERROR
javamop_kornakapi,org.plista.kornakapi.RegressionTest7,N/A,N/A,1,N/A,0.002,ERROR
javamop_kornakapi,org.plista.kornakapi.RegressionTest7,N/A,N/A,1,N/A,0.014,ERROR
javamop_kornakapi,org.plista.kornakapi.RegressionTest7,N/A,N/A,1,N/A,0.009,ERROR
javamop_kornakapi,org.plista.kornakapi.RegressionTest7,N/A,N/A,1,N/A,0.008,ERROR
javamop_kornakapi,org.plista.kornakapi.RegressionTest7,N/A,N/A,1,N/A,0.008,ERROR
javamop_kornakapi,org.plista.kornakapi.RegressionTest7,N/A,N/A,1,N/A,0.008,ERROR
javamop_kornakapi,org.plista.kornakapi.RegressionTest7,N/A,N/A,1,N/A,0.006,ERROR
javamop_kornakapi,org.plista.kornakapi.RegressionTest7,N/A,N/A,1,N/A,0.001,ERROR
javamop_kornakapi,org.plista.kornakapi.RegressionTest8,N/A,N/A,1,N/A,0.001,ERROR
javamop_kornakapi,org.plista.kornakapi.RegressionTest8,N/A,N/A,1,N/A,0.007,ERROR
javamop_kornakapi,org.plista.kornakapi.RegressionTest8,N/A,N/A,1,N/A,0.006,ERROR
javamop_kornakapi,org.plista.kornakapi.RegressionTest8,N/A,N/A,1,N/A,0.007,ERROR
javamop_kornakapi,org.plista.kornakapi.RegressionTest8,N/A,N/A,1,N/A,0.008,ERROR
javamop_kornakapi,org.plista.kornakapi.RegressionTest8,N/A,N/A,1,N/A,0.006,ERROR
javamop_kornakapi,org.plista.kornakapi.RegressionTest8,N/A,N/A,1,N/A,0.006,ERROR
javamop_kornakapi,org.plista.kornakapi.RegressionTest8,N/A,N/A,1,N/A,0.006,ERROR
javamop_kornakapi,org.plista.kornakapi.RegressionTest8,N/A,N/A,1,N/A,0.001,ERROR
javamop_kornakapi,org.plista.kornakapi.RegressionTest8,N/A,N/A,1,N/A,0.007,ERROR
javamop_kornakapi,org.plista.kornakapi.RegressionTest8,N/A,N/A,1,N/A,0.009,ERROR
javamop_kornakapi,org.plista.kornakapi.RegressionTest9,N/A,N/A,1,N/A,0.0,ERROR
javamop_kornakapi,org.plista.kornakapi.RegressionTest9,N/A,N/A,1,N/A,0.001,ERROR
javamop_kornakapi,org.plista.kornakapi.RegressionTest9,N/A,N/A,1,N/A,0.0,ERROR
javamop_kornakapi,org.plista.kornakapi.RegressionTest9,N/A,N/A,1,N/A,0.006,ERROR
javamop_kornakapi,org.plista.kornakapi.RegressionTest9,N/A,N/A,1,N/A,0.007,ERROR
javamop_kornakapi,org.plista.kornakapi.RegressionTest9,N/A,N/A,1,N/A,0.008,ERROR
javamop_kornakapi,org.plista.kornakapi.RegressionTest9,N/A,N/A,1,N/A,0.007,ERROR
javamop_kornakapi,org.plista.kornakapi.RegressionTest9,N/A,N/A,1,N/A,0.007,ERROR
javamop_kornakapi,org.plista.kornakapi.RegressionTest9,N/A,N/A,1,N/A,0.007,ERROR
javamop_kornakapi,org.plista.kornakapi.RegressionTest10,N/A,N/A,1,N/A,0.007,ERROR
javamop_kornakapi,org.plista.kornakapi.RegressionTest10,N/A,N/A,1,N/A,0.007,ERROR
javamop_kornakapi,org.plista.kornakapi.RegressionTest10,N/A,N/A,1,N/A,0.008,ERROR
javamop_kornakapi,org.plista.kornakapi.RegressionTest10,N/A,N/A,1,N/A,0.007,ERROR
javamop_kornakapi,org.plista.kornakapi.RegressionTest10,N/A,N/A,1,N/A,0.007,ERROR
javamop_kornakapi,org.plista.kornakapi.RegressionTest10,N/A,N/A,1,N/A,0.006,ERROR
javamop_kornakapi,org.plista.kornakapi.RegressionTest10,N/A,N/A,1,N/A,0.006,ERROR
javamop_kornakapi,org.plista.kornakapi.RegressionTest10,N/A,N/A,1,N/A,0.001,ERROR
javamop_kornakapi,org.plista.kornakapi.RegressionTest10,N/A,N/A,1,N/A,0.006,ERROR
javamop_kornakapi,org.plista.kornakapi.RegressionTest11,N/A,N/A,1,N/A,0.008,ERROR
javamop_kornakapi,org.plista.kornakapi.RegressionTest11,N/A,N/A,1,N/A,0.0,ERROR
javamop_kornakapi,org.plista.kornakapi.RegressionTest11,N/A,N/A,1,N/A,0.007,ERROR
javamop_kornakapi,org.plista.kornakapi.RegressionTest11,N/A,N/A,1,N/A,0.007,ERROR
javamop_kornakapi,org.plista.kornakapi.RegressionTest11,N/A,N/A,1,N/A,0.008,ERROR
javamop_kornakapi,org.plista.kornakapi.RegressionTest12,N/A,N/A,1,N/A,0.001,ERROR
javamop_kornakapi,org.plista.kornakapi.RegressionTest12,N/A,N/A,1,N/A,0.007,ERROR
javamop_kornakapi,org.plista.kornakapi.RegressionTest12,N/A,N/A,1,N/A,0.007,ERROR
javamop_kornakapi,org.plista.kornakapi.RegressionTest12,N/A,N/A,1,N/A,0.006,ERROR
javamop_kornakapi,org.plista.kornakapi.RegressionTest12,N/A,N/A,1,N/A,0.007,ERROR
javamop_kornakapi,org.plista.kornakapi.RegressionTest13,N/A,N/A,1,N/A,0.007,ERROR
javamop_kornakapi,org.plista.kornakapi.RegressionTest13,N/A,N/A,1,N/A,0.006,ERROR
javamop_kornakapi,org.plista.kornakapi.RegressionTest13,N/A,N/A,1,N/A,0.008,ERROR
javamop_kornakapi,org.plista.kornakapi.RegressionTest13,N/A,N/A,1,N/A,0.001,ERROR
javamop_kornakapi,org.plista.kornakapi.RegressionTest13,N/A,N/A,1,N/A,0.006,ERROR
javamop_kornakapi,org.plista.kornakapi.RegressionTest13,N/A,N/A,1,N/A,0.007,ERROR
javamop_kornakapi,org.plista.kornakapi.RegressionTest14,N/A,N/A,1,N/A,0.007,ERROR
javamop_kornakapi,org.plista.kornakapi.RegressionTest14,N/A,N/A,1,N/A,0.007,ERROR
javamop_kornakapi,org.plista.kornakapi.RegressionTest14,N/A,N/A,1,N/A,0.007,ERROR
javamop_kornakapi,org.plista.kornakapi.RegressionTest14,N/A,N/A,1,N/A,0.006,ERROR
javamop_kornakapi,org.plista.kornakapi.RegressionTest14,N/A,N/A,1,N/A,0.006,ERROR
javamop_kornakapi,org.plista.kornakapi.RegressionTest14,N/A,N/A,1,N/A,0.006,ERROR
javamop_kornakapi,org.plista.kornakapi.RegressionTest15,N/A,N/A,1,N/A,0.001,ERROR
javamop_kornakapi,org.plista.kornakapi.RegressionTest15,N/A,N/A,1,N/A,0.006,ERROR
javamop_kornakapi,org.plista.kornakapi.RegressionTest15,N/A,N/A,1,N/A,0.007,ERROR
javamop_kornakapi,org.plista.kornakapi.RegressionTest15,N/A,N/A,1,N/A,0.007,ERROR
javamop_kornakapi,org.plista.kornakapi.RegressionTest15,N/A,N/A,1,N/A,0.008,ERROR
javamop_kornakapi,org.plista.kornakapi.RegressionTest15,N/A,N/A,1,N/A,0.008,ERROR
javamop_kornakapi,org.plista.kornakapi.RegressionTest15,N/A,N/A,1,N/A,0.007,ERROR
javamop_kornakapi,org.plista.kornakapi.RegressionTest15,N/A,N/A,1,N/A,0.007,ERROR
javamop_kornakapi,org.plista.kornakapi.RegressionTest16,N/A,N/A,1,N/A,0.007,ERROR
javamop_kornakapi,org.plista.kornakapi.RegressionTest16,N/A,N/A,1,N/A,0.006,ERROR
javamop_kornakapi,org.plista.kornakapi.RegressionTest16,N/A,N/A,1,N/A,0.006,ERROR
javamop_kornakapi,org.plista.kornakapi.RegressionTest16,N/A,N/A,1,N/A,0.001,ERROR
javamop_kornakapi,org.plista.kornakapi.RegressionTest16,N/A,N/A,1,N/A,0.001,ERROR
javamop_kornakapi,org.plista.kornakapi.RegressionTest16,N/A,N/A,1,N/A,0.007,ERROR
javamop_kornakapi,org.plista.kornakapi.RegressionTest16,N/A,N/A,1,N/A,0.001,ERROR
javamop_kornakapi,org.plista.kornakapi.RegressionTest16,N/A,N/A,1,N/A,0.007,ERROR
javamop_kornakapi,org.plista.kornakapi.RegressionTest17,N/A,N/A,1,N/A,0.007,ERROR
javamop_kornakapi,org.plista.kornakapi.RegressionTest17,N/A,N/A,1,N/A,0.007,ERROR
javamop_kornakapi,org.plista.kornakapi.RegressionTest17,N/A,N/A,1,N/A,0.001,ERROR
javamop_kornakapi,org.plista.kornakapi.RegressionTest17,N/A,N/A,1,N/A,0.007,ERROR
javamop_kornakapi,org.plista.kornakapi.RegressionTest17,N/A,N/A,1,N/A,0.001,ERROR
javamop_kornakapi,org.plista.kornakapi.RegressionTest17,N/A,N/A,1,N/A,0.007,ERROR
javamop_kornakapi,org.plista.kornakapi.RegressionTest17,N/A,N/A,1,N/A,0.007,ERROR
javamop_kornakapi,org.plista.kornakapi.RegressionTest18,N/A,N/A,1,N/A,0.007,ERROR
javamop_kornakapi,org.plista.kornakapi.RegressionTest18,N/A,N/A,1,N/A,0.006,ERROR
javamop_kornakapi,org.plista.kornakapi.RegressionTest18,N/A,N/A,1,N/A,0.001,ERROR
javamop_kornakapi,org.plista.kornakapi.RegressionTest18,N/A,N/A,1,N/A,0.006,ERROR
javamop_kornakapi,org.plista.kornakapi.RegressionTest19,N/A,N/A,1,N/A,0.006,ERROR
javamop_kornakapi,org.plista.kornakapi.RegressionTest19,N/A,N/A,1,N/A,0.007,ERROR
javamop_kornakapi,org.plista.kornakapi.RegressionTest19,N/A,N/A,1,N/A,0.0,ERROR
javamop_kornakapi,org.plista.kornakapi.RegressionTest19,N/A,N/A,1,N/A,0.007,ERROR
javamop_kornakapi,org.plista.kornakapi.RegressionTest19,N/A,N/A,1,N/A,0.006,ERROR
javamop_kornakapi,org.plista.kornakapi.RegressionTest19,N/A,N/A,1,N/A,0.007,ERROR
javamop_kornakapi,org.plista.kornakapi.RegressionTest19,N/A,N/A,1,N/A,0.007,ERROR
javamop_kornakapi,org.plista.kornakapi.RegressionTest19,N/A,N/A,1,N/A,0.007,ERROR
javamop_kornakapi,org.plista.kornakapi.RegressionTest19,N/A,N/A,1,N/A,0.007,ERROR
javamop_kornakapi,org.plista.kornakapi.RegressionTest20,N/A,N/A,1,N/A,0.008,ERROR
javamop_kornakapi,org.plista.kornakapi.RegressionTest20,N/A,N/A,1,N/A,0.001,ERROR
javamop_kornakapi,org.plista.kornakapi.RegressionTest20,N/A,N/A,1,N/A,0.007,ERROR
javamop_kornakapi,org.plista.kornakapi.RegressionTest20,N/A,N/A,1,N/A,0.001,ERROR
javamop_kornakapi,org.plista.kornakapi.RegressionTest21,N/A,N/A,1,N/A,0.001,ERROR
javamop_kornakapi,org.plista.kornakapi.RegressionTest21,N/A,N/A,1,N/A,0.008,ERROR
javamop_kornakapi,org.plista.kornakapi.RegressionTest21,N/A,N/A,1,N/A,0.007,ERROR
javamop_kornakapi,org.plista.kornakapi.RegressionTest21,N/A,N/A,1,N/A,0.02,ERROR
javamop_kornakapi,org.plista.kornakapi.RegressionTest21,N/A,N/A,1,N/A,0.009,ERROR
javamop_kornakapi,org.plista.kornakapi.RegressionTest21,N/A,N/A,1,N/A,0.008,ERROR
javamop_kornakapi,org.plista.kornakapi.RegressionTest21,N/A,N/A,1,N/A,0.008,ERROR
javamop_kornakapi,org.plista.kornakapi.RegressionTest21,N/A,N/A,1,N/A,0.007,ERROR
javamop_kornakapi,org.plista.kornakapi.RegressionTest22,N/A,N/A,1,N/A,0.001,ERROR
javamop_kornakapi,org.plista.kornakapi.RegressionTest22,N/A,N/A,1,N/A,0.008,ERROR
javamop_kornakapi,org.plista.kornakapi.RegressionTest22,N/A,N/A,1,N/A,0.009,ERROR
javamop_kornakapi,org.plista.kornakapi.RegressionTest22,N/A,N/A,1,N/A,0.008,ERROR
javamop_kornakapi,org.plista.kornakapi.RegressionTest23,N/A,N/A,1,N/A,0.0,ERROR
javamop_kornakapi,org.plista.kornakapi.RegressionTest23,N/A,N/A,1,N/A,0.008,ERROR
javamop_kornakapi,org.plista.kornakapi.RegressionTest23,N/A,N/A,1,N/A,0.001,ERROR
javamop_kornakapi,org.plista.kornakapi.RegressionTest23,N/A,N/A,1,N/A,0.007,ERROR
javamop_kornakapi,org.plista.kornakapi.RegressionTest23,N/A,N/A,1,N/A,0.007,ERROR
javamop_kornakapi,org.plista.kornakapi.RegressionTest23,N/A,N/A,1,N/A,0.008,ERROR
javamop_kornakapi,org.plista.kornakapi.RegressionTest24,N/A,N/A,1,N/A,0.001,ERROR
javamop_kornakapi,org.plista.kornakapi.RegressionTest24,N/A,N/A,1,N/A,0.007,ERROR
javamop_kornakapi,org.plista.kornakapi.RegressionTest24,N/A,N/A,1,N/A,0.007,ERROR
javamop_kornakapi,org.plista.kornakapi.RegressionTest24,N/A,N/A,1,N/A,0.007,ERROR
javamop_kornakapi,org.plista.kornakapi.RegressionTest25,N/A,N/A,1,N/A,0.007,ERROR
javamop_kornakapi,org.plista.kornakapi.RegressionTest25,N/A,N/A,1,N/A,0.0,ERROR
javamop_kornakapi,org.plista.kornakapi.RegressionTest25,N/A,N/A,1,N/A,0.007,ERROR
javamop_kornakapi,org.plista.kornakapi.RegressionTest25,N/A,N/A,1,N/A,0.001,ERROR
javamop_kornakapi,org.plista.kornakapi.RegressionTest25,N/A,N/A,1,N/A,0.009,ERROR
javamop_kornakapi,org.plista.kornakapi.RegressionTest25,N/A,N/A,1,N/A,0.006,ERROR
javamop_kornakapi,org.plista.kornakapi.RegressionTest25,N/A,N/A,1,N/A,0.008,ERROR
javamop_kornakapi,org.plista.kornakapi.RegressionTest25,N/A,N/A,1,N/A,0.008,ERROR
javamop_kornakapi,org.plista.kornakapi.RegressionTest25,N/A,N/A,1,N/A,0.008,ERROR
javamop_kornakapi,org.plista.kornakapi.RegressionTest26,N/A,N/A,1,N/A,0.007,ERROR
javamop_kornakapi,org.plista.kornakapi.RegressionTest26,N/A,N/A,1,N/A,0.001,ERROR
javamop_kornakapi,org.plista.kornakapi.RegressionTest26,N/A,N/A,1,N/A,0.008,ERROR
javamop_kornakapi,org.plista.kornakapi.RegressionTest26,N/A,N/A,1,N/A,0.0,ERROR
javamop_kornakapi,org.plista.kornakapi.RegressionTest26,N/A,N/A,1,N/A,0.007,ERROR
javamop_kornakapi,org.plista.kornakapi.RegressionTest26,N/A,N/A,1,N/A,0.006,ERROR
javamop_kornakapi,org.plista.kornakapi.RegressionTest26,N/A,N/A,1,N/A,0.007,ERROR
javamop_kornakapi,org.plista.kornakapi.RegressionTest27,N/A,N/A,1,N/A,0.007,ERROR
javamop_kornakapi,org.plista.kornakapi.RegressionTest27,N/A,N/A,1,N/A,0.007,ERROR
javamop_kornakapi,org.plista.kornakapi.RegressionTest27,N/A,N/A,1,N/A,0.005,ERROR
javamop_kornakapi,org.plista.kornakapi.RegressionTest27,N/A,N/A,1,N/A,0.006,ERROR
javamop_kornakapi,org.plista.kornakapi.RegressionTest27,N/A,N/A,1,N/A,0.006,ERROR
javamop_kornakapi,org.plista.kornakapi.RegressionTest28,N/A,N/A,1,N/A,0.006,ERROR
javamop_kornakapi,org.plista.kornakapi.RegressionTest28,N/A,N/A,1,N/A,0.006,ERROR
javamop_kornakapi,org.plista.kornakapi.RegressionTest28,N/A,N/A,1,N/A,0.007,ERROR
javamop_kornakapi,org.plista.kornakapi.RegressionTest29,N/A,N/A,1,N/A,0.006,ERROR
javamop_kornakapi,org.plista.kornakapi.RegressionTest29,N/A,N/A,1,N/A,0.005,ERROR
javamop_kornakapi,org.plista.kornakapi.RegressionTest29,N/A,N/A,1,N/A,0.005,ERROR
javamop_kornakapi,org.plista.kornakapi.RegressionTest29,N/A,N/A,1,N/A,0.007,ERROR
javamop_kornakapi,org.plista.kornakapi.RegressionTest29,N/A,N/A,1,N/A,0.006,ERROR
javamop_kornakapi,org.plista.kornakapi.RegressionTest29,N/A,N/A,1,N/A,0.005,ERROR
javamop_kornakapi,org.plista.kornakapi.RegressionTest29,N/A,N/A,1,N/A,0.006,ERROR
javamop_kornakapi,org.plista.kornakapi.RegressionTest30,N/A,N/A,1,N/A,0.005,ERROR
javamop_kornakapi,org.plista.kornakapi.RegressionTest30,N/A,N/A,1,N/A,0.001,ERROR
javamop_kornakapi,org.plista.kornakapi.RegressionTest30,N/A,N/A,1,N/A,0.006,ERROR
javamop_kornakapi,org.plista.kornakapi.RegressionTest31,N/A,N/A,1,N/A,0.0,ERROR
javamop_kornakapi,org.plista.kornakapi.RegressionTest31,N/A,N/A,1,N/A,0.0,ERROR
javamop_kornakapi,org.plista.kornakapi.RegressionTest31,N/A,N/A,1,N/A,0.0,ERROR
javamop_kornakapi,org.plista.kornakapi.RegressionTest32,N/A,N/A,1,N/A,0.005,ERROR
javamop_kornakapi,org.plista.kornakapi.RegressionTest33,N/A,N/A,1,N/A,0.005,ERROR
javamop_kornakapi,org.plista.kornakapi.RegressionTest33,N/A,N/A,1,N/A,0.006,ERROR
javamop_kornakapi,org.plista.kornakapi.RegressionTest33,N/A,N/A,1,N/A,0.005,ERROR
javamop_kornakapi,org.plista.kornakapi.RegressionTest33,N/A,N/A,1,N/A,0.0,ERROR
javamop_kornakapi,org.plista.kornakapi.RegressionTest33,N/A,N/A,1,N/A,0.007,ERROR
javamop_kornakapi,org.plista.kornakapi.RegressionTest33,N/A,N/A,1,N/A,0.005,ERROR
javamop_kornakapi,org.plista.kornakapi.RegressionTest34,N/A,N/A,1,N/A,0.006,ERROR
javamop_kornakapi,org.plista.kornakapi.RegressionTest34,N/A,N/A,1,N/A,0.005,ERROR
javamop_kornakapi,org.plista.kornakapi.RegressionTest34,N/A,N/A,1,N/A,0.006,ERROR
javamop_kornakapi,org.plista.kornakapi.RegressionTest34,N/A,N/A,1,N/A,0.005,ERROR
javamop_kornakapi,org.plista.kornakapi.RegressionTest35,N/A,N/A,1,N/A,0.006,ERROR
javamop_kornakapi,org.plista.kornakapi.RegressionTest35,N/A,N/A,1,N/A,0.006,ERROR
javamop_kornakapi,org.plista.kornakapi.RegressionTest35,N/A,N/A,1,N/A,0.005,ERROR
javamop_kornakapi,org.plista.kornakapi.RegressionTest35,N/A,N/A,1,N/A,0.005,ERROR
javamop_kornakapi,org.plista.kornakapi.RegressionTest36,N/A,N/A,1,N/A,0.005,ERROR
javamop_kornakapi,org.plista.kornakapi.RegressionTest37,N/A,N/A,1,N/A,0.005,ERROR
javamop_kornakapi,org.plista.kornakapi.RegressionTest37,N/A,N/A,1,N/A,0.005,ERROR
javamop_kornakapi,org.plista.kornakapi.RegressionTest37,N/A,N/A,1,N/A,0.005,ERROR
javamop_kornakapi,org.plista.kornakapi.RegressionTest37,N/A,N/A,1,N/A,0.005,ERROR
javamop_kornakapi,org.plista.kornakapi.RegressionTest38,N/A,N/A,1,N/A,0.005,ERROR
javamop_kornakapi,org.plista.kornakapi.RegressionTest38,N/A,N/A,1,N/A,0.005,ERROR
javamop_kornakapi,org.plista.kornakapi.RegressionTest39,N/A,N/A,1,N/A,0.0,ERROR
javamop_kornakapi,org.plista.kornakapi.RegressionTest39,N/A,N/A,1,N/A,0.005,ERROR
javamop_kornakapi,org.plista.kornakapi.RegressionTest40,N/A,N/A,1,N/A,0.005,ERROR
javamop_kornakapi,org.plista.kornakapi.RegressionTest40,N/A,N/A,1,N/A,0.005,ERROR
javamop_kornakapi,org.plista.kornakapi.RegressionTest40,N/A,N/A,1,N/A,0.005,ERROR
javamop_kornakapi,org.plista.kornakapi.RegressionTest40,N/A,N/A,1,N/A,0.006,ERROR
javamop_kornakapi,org.plista.kornakapi.RegressionTest40,N/A,N/A,1,N/A,0.005,ERROR
javamop_kornakapi,org.plista.kornakapi.RegressionTest40,N/A,N/A,1,N/A,0.005,ERROR
javamop_kornakapi,org.plista.kornakapi.RegressionTest40,N/A,N/A,1,N/A,0.005,ERROR
javamop_kornakapi,org.plista.kornakapi.RegressionTest41,N/A,N/A,1,N/A,0.001,ERROR
javamop_kornakapi,org.plista.kornakapi.RegressionTest41,N/A,N/A,1,N/A,0.005,ERROR
javamop_kornakapi,org.plista.kornakapi.RegressionTest42,N/A,N/A,1,N/A,0.005,ERROR
javamop_kornakapi,org.plista.kornakapi.RegressionTest42,N/A,N/A,1,N/A,0.005,ERROR
javamop_kornakapi,org.plista.kornakapi.RegressionTest42,N/A,N/A,1,N/A,0.005,ERROR
javamop_kornakapi,org.plista.kornakapi.RegressionTest42,N/A,N/A,1,N/A,0.005,ERROR
javamop_kornakapi,org.plista.kornakapi.RegressionTest42,N/A,N/A,1,N/A,0.005,ERROR
javamop_kornakapi,org.plista.kornakapi.RegressionTest42,N/A,N/A,1,N/A,0.005,ERROR
javamop_kornakapi,org.plista.kornakapi.RegressionTest43,N/A,N/A,1,N/A,0.004,ERROR
javamop_kornakapi,org.plista.kornakapi.RegressionTest43,N/A,N/A,1,N/A,0.004,ERROR
javamop_kornakapi,org.plista.kornakapi.RegressionTest43,N/A,N/A,1,N/A,0.005,ERROR
javamop_kornakapi,org.plista.kornakapi.RegressionTest44,N/A,N/A,1,N/A,0.005,ERROR
javamop_kornakapi,org.plista.kornakapi.RegressionTest44,N/A,N/A,1,N/A,0.005,ERROR
javamop_kornakapi,org.plista.kornakapi.RegressionTest44,N/A,N/A,1,N/A,0.004,ERROR
javamop_kornakapi,org.plista.kornakapi.RegressionTest45,N/A,N/A,1,N/A,0.0,ERROR
javamop_kornakapi,org.plista.kornakapi.RegressionTest45,N/A,N/A,1,N/A,0.005,ERROR
javamop_kornakapi,org.plista.kornakapi.RegressionTest45,N/A,N/A,1,N/A,0.004,ERROR
javamop_kornakapi,org.plista.kornakapi.RegressionTest45,N/A,N/A,1,N/A,0.0,ERROR
javamop_kornakapi,org.plista.kornakapi.RegressionTest45,N/A,N/A,1,N/A,0.006,ERROR
javamop_kornakapi,org.plista.kornakapi.RegressionTest45,N/A,N/A,1,N/A,0.0,ERROR
javamop_kornakapi,org.plista.kornakapi.RegressionTest46,N/A,N/A,1,N/A,0.005,ERROR
javamop_kornakapi,org.plista.kornakapi.RegressionTest46,N/A,N/A,1,N/A,0.0,ERROR
javamop_kornakapi,org.plista.kornakapi.RegressionTest46,N/A,N/A,1,N/A,0.001,ERROR
javamop_kornakapi,org.plista.kornakapi.RegressionTest46,N/A,N/A,1,N/A,0.005,ERROR
javamop_kornakapi,org.plista.kornakapi.RegressionTest47,N/A,N/A,1,N/A,0.006,ERROR
javamop_kornakapi,org.plista.kornakapi.RegressionTest47,N/A,N/A,1,N/A,0.0,ERROR
javamop_kornakapi,org.plista.kornakapi.RegressionTest48,N/A,N/A,1,N/A,0.005,ERROR
javamop_kornakapi,org.plista.kornakapi.RegressionTest48,N/A,N/A,1,N/A,0.005,ERROR
javamop_kornakapi,org.plista.kornakapi.RegressionTest48,N/A,N/A,1,N/A,0.005,ERROR
javamop_kornakapi,org.plista.kornakapi.RegressionTest49,N/A,N/A,1,N/A,0.0,ERROR
javamop_kornakapi,org.plista.kornakapi.RegressionTest49,N/A,N/A,1,N/A,0.005,ERROR
javamop_kornakapi,org.plista.kornakapi.RegressionTest49,N/A,N/A,1,N/A,0.0,ERROR
javamop_kornakapi,org.plista.kornakapi.RegressionTest49,N/A,N/A,1,N/A,0.006,ERROR
javamop_kornakapi,org.plista.kornakapi.RegressionTest49,N/A,N/A,1,N/A,0.001,ERROR
javamop_kornakapi,org.plista.kornakapi.RegressionTest49,N/A,N/A,1,N/A,0.001,ERROR
javamop_kornakapi,org.plista.kornakapi.RegressionTest50,N/A,N/A,1,N/A,0.005,ERROR
javamop_kornakapi,org.plista.kornakapi.RegressionTest50,N/A,N/A,1,N/A,0.005,ERROR
javamop_kornakapi,org.plista.kornakapi.RegressionTest50,N/A,N/A,1,N/A,0.0,ERROR
javamop_kornakapi,org.plista.kornakapi.RegressionTest50,N/A,N/A,1,N/A,0.001,ERROR
javamop_kornakapi,org.plista.kornakapi.RegressionTest51,N/A,N/A,1,N/A,0.005,ERROR
javamop_kornakapi,org.plista.kornakapi.RegressionTest51,N/A,N/A,1,N/A,0.005,ERROR
javamop_kornakapi,org.plista.kornakapi.RegressionTest51,N/A,N/A,1,N/A,0.005,ERROR
javamop_kornakapi,org.plista.kornakapi.RegressionTest52,N/A,N/A,1,N/A,0.004,ERROR
javamop_kornakapi,org.plista.kornakapi.RegressionTest52,N/A,N/A,1,N/A,0.004,ERROR
javamop_kornakapi,org.plista.kornakapi.RegressionTest52,N/A,N/A,1,N/A,0.005,ERROR
javamop_kornakapi,org.plista.kornakapi.RegressionTest52,N/A,N/A,1,N/A,0.005,ERROR
javamop_kornakapi,org.plista.kornakapi.RegressionTest54,N/A,N/A,1,N/A,0.005,ERROR
javamop_kornakapi,org.plista.kornakapi.RegressionTest54,N/A,N/A,1,N/A,0.005,ERROR
javamop_kornakapi,org.plista.kornakapi.RegressionTest54,N/A,N/A,1,N/A,0.005,ERROR
javamop_kornakapi,org.plista.kornakapi.RegressionTest54,N/A,N/A,1,N/A,0.006,ERROR
javamop_kornakapi,org.plista.kornakapi.RegressionTest54,N/A,N/A,1,N/A,0.0,ERROR
javamop_kornakapi,org.plista.kornakapi.RegressionTest54,N/A,N/A,1,N/A,0.001,ERROR
javamop_kornakapi,org.plista.kornakapi.RegressionTest55,N/A,N/A,1,N/A,0.001,ERROR
javamop_kornakapi,org.plista.kornakapi.RegressionTest55,N/A,N/A,1,N/A,0.005,ERROR
javamop_kornakapi,org.plista.kornakapi.RegressionTest55,N/A,N/A,1,N/A,0.005,ERROR
javamop_kornakapi,org.plista.kornakapi.RegressionTest55,N/A,N/A,1,N/A,0.005,ERROR
javamop_kornakapi,org.plista.kornakapi.RegressionTest56,N/A,N/A,1,N/A,0.005,ERROR
javamop_kornakapi,org.plista.kornakapi.RegressionTest56,N/A,N/A,1,N/A,0.0,ERROR
javamop_kornakapi,org.plista.kornakapi.RegressionTest56,N/A,N/A,1,N/A,0.004,ERROR
javamop_kornakapi,org.plista.kornakapi.RegressionTest57,N/A,N/A,1,N/A,0.004,ERROR
javamop_kornakapi,org.plista.kornakapi.RegressionTest57,N/A,N/A,1,N/A,0.005,ERROR
javamop_kornakapi,org.plista.kornakapi.RegressionTest57,N/A,N/A,1,N/A,0.0,ERROR
javamop_kornakapi,org.plista.kornakapi.RegressionTest58,N/A,N/A,1,N/A,0.005,ERROR
javamop_kornakapi,org.plista.kornakapi.RegressionTest58,N/A,N/A,1,N/A,0.004,ERROR
javamop_kornakapi,org.plista.kornakapi.RegressionTest58,N/A,N/A,1,N/A,0.001,ERROR
javamop_kornakapi,org.plista.kornakapi.RegressionTest58,N/A,N/A,1,N/A,0.0,ERROR
javamop_kornakapi,org.plista.kornakapi.RegressionTest59,N/A,N/A,1,N/A,0.005,ERROR
javamop_kornakapi,org.plista.kornakapi.RegressionTest59,N/A,N/A,1,N/A,0.005,ERROR
javamop_kornakapi,org.plista.kornakapi.RegressionTest59,N/A,N/A,1,N/A,0.005,ERROR
javamop_kornakapi,org.plista.kornakapi.RegressionTest59,N/A,N/A,1,N/A,0.005,ERROR
javamop_kornakapi,org.plista.kornakapi.RegressionTest61,N/A,N/A,1,N/A,0.006,ERROR
javamop_kornakapi,org.plista.kornakapi.RegressionTest61,N/A,N/A,1,N/A,0.004,ERROR
javamop_kornakapi,org.plista.kornakapi.RegressionTest61,N/A,N/A,1,N/A,0.005,ERROR
javamop_kornakapi,org.plista.kornakapi.RegressionTest61,N/A,N/A,1,N/A,0.005,ERROR
javamop_kornakapi,org.plista.kornakapi.RegressionTest61,N/A,N/A,1,N/A,0.005,ERROR
javamop_kornakapi,org.plista.kornakapi.RegressionTest61,N/A,N/A,1,N/A,0.001,ERROR
javamop_kornakapi,org.plista.kornakapi.RegressionTest62,N/A,N/A,1,N/A,0.005,ERROR
javamop_kornakapi,org.plista.kornakapi.RegressionTest62,N/A,N/A,1,N/A,0.005,ERROR
javamop_kornakapi,org.plista.kornakapi.RegressionTest62,N/A,N/A,1,N/A,0.007,ERROR
javamop_kornakapi,org.plista.kornakapi.RegressionTest62,N/A,N/A,1,N/A,0.005,ERROR
javamop_kornakapi,org.plista.kornakapi.RegressionTest63,N/A,N/A,1,N/A,0.006,ERROR
javamop_kornakapi,org.plista.kornakapi.RegressionTest63,N/A,N/A,1,N/A,0.005,ERROR
javamop_kornakapi,org.plista.kornakapi.RegressionTest63,N/A,N/A,1,N/A,0.005,ERROR
javamop_kornakapi,org.plista.kornakapi.RegressionTest63,N/A,N/A,1,N/A,0.006,ERROR
javamop_kornakapi,org.plista.kornakapi.RegressionTest64,N/A,N/A,1,N/A,0.005,ERROR
javamop_kornakapi,org.plista.kornakapi.RegressionTest64,N/A,N/A,1,N/A,0.005,ERROR
javamop_kornakapi,org.plista.kornakapi.RegressionTest65,N/A,N/A,1,N/A,0.005,ERROR
javamop_kornakapi,org.plista.kornakapi.RegressionTest65,N/A,N/A,1,N/A,0.004,ERROR
javamop_kornakapi,org.plista.kornakapi.RegressionTest66,N/A,N/A,1,N/A,0.001,ERROR
javamop_kornakapi,org.plista.kornakapi.RegressionTest66,N/A,N/A,1,N/A,0.0,ERROR
javamop_kornakapi,org.plista.kornakapi.RegressionTest66,N/A,N/A,1,N/A,0.006,ERROR
javamop_kornakapi,org.plista.kornakapi.RegressionTest67,N/A,N/A,1,N/A,0.005,ERROR
javamop_kornakapi,org.plista.kornakapi.RegressionTest68,N/A,N/A,1,N/A,0.0,ERROR
javamop_kornakapi,org.plista.kornakapi.RegressionTest68,N/A,N/A,1,N/A,0.005,ERROR
javamop_kornakapi,org.plista.kornakapi.RegressionTest68,N/A,N/A,1,N/A,0.0,ERROR
javamop_kornakapi,org.plista.kornakapi.RegressionTest68,N/A,N/A,1,N/A,0.004,ERROR
javamop_kornakapi,org.plista.kornakapi.RegressionTest68,N/A,N/A,1,N/A,0.005,ERROR
javamop_kornakapi,org.plista.kornakapi.RegressionTest69,N/A,N/A,1,N/A,0.0,ERROR
javamop_kornakapi,org.plista.kornakapi.RegressionTest69,N/A,N/A,1,N/A,0.005,ERROR
javamop_kornakapi,org.plista.kornakapi.RegressionTest70,N/A,N/A,1,N/A,0.005,ERROR
javamop_kornakapi,org.plista.kornakapi.RegressionTest70,N/A,N/A,1,N/A,0.005,ERROR
javamop_kornakapi,org.plista.kornakapi.RegressionTest70,N/A,N/A,1,N/A,0.005,ERROR
javamop_kornakapi,org.plista.kornakapi.RegressionTest71,N/A,N/A,1,N/A,0.005,ERROR
javamop_kornakapi,org.plista.kornakapi.RegressionTest71,N/A,N/A,1,N/A,0.005,ERROR
javamop_kornakapi,org.plista.kornakapi.RegressionTest72,N/A,N/A,1,N/A,0.004,ERROR
javamop_kornakapi,org.plista.kornakapi.RegressionTest72,N/A,N/A,1,N/A,0.001,ERROR
javamop_kornakapi,org.plista.kornakapi.RegressionTest72,N/A,N/A,1,N/A,0.004,ERROR
javamop_kornakapi,org.plista.kornakapi.RegressionTest72,N/A,N/A,1,N/A,0.005,ERROR
javamop_kornakapi,org.plista.kornakapi.RegressionTest73,N/A,N/A,1,N/A,0.005,ERROR
javamop_kornakapi,org.plista.kornakapi.RegressionTest73,N/A,N/A,1,N/A,0.0,ERROR
javamop_kornakapi,org.plista.kornakapi.RegressionTest74,N/A,N/A,1,N/A,0.006,ERROR
javamop_kornakapi,org.plista.kornakapi.RegressionTest74,N/A,N/A,1,N/A,0.001,ERROR
javamop_kornakapi,org.plista.kornakapi.RegressionTest74,N/A,N/A,1,N/A,0.005,ERROR
javamop_kornakapi,org.plista.kornakapi.RegressionTest74,N/A,N/A,1,N/A,0.001,ERROR
javamop_kornakapi,org.plista.kornakapi.RegressionTest74,N/A,N/A,1,N/A,0.006,ERROR
javamop_kornakapi,org.plista.kornakapi.RegressionTest75,N/A,N/A,1,N/A,0.0,ERROR
javamop_kornakapi,org.plista.kornakapi.RegressionTest75,N/A,N/A,1,N/A,0.0,ERROR
javamop_kornakapi,org.plista.kornakapi.RegressionTest76,N/A,N/A,1,N/A,0.005,ERROR
javamop_kornakapi,org.plista.kornakapi.RegressionTest76,N/A,N/A,1,N/A,0.005,ERROR
javamop_kornakapi,org.plista.kornakapi.RegressionTest76,N/A,N/A,1,N/A,0.004,ERROR
javamop_kornakapi,org.plista.kornakapi.RegressionTest77,N/A,N/A,1,N/A,0.005,ERROR
javamop_kornakapi,org.plista.kornakapi.RegressionTest78,N/A,N/A,1,N/A,0.004,ERROR
javamop_kornakapi,null,2,0,2,0,0.001,FAILURE
Sum: 29.5350000000001
--------------------Execution: 6 -----------------------------------
javamop_kornakapi,null,39707,12,404,0,24.69,FAILURE
javamop_kornakapi,org.plista.kornakapi.RegressionTest0,N/A,N/A,1,N/A,3.551,ERROR
javamop_kornakapi,org.plista.kornakapi.RegressionTest0,N/A,N/A,1,N/A,0.024,ERROR
javamop_kornakapi,org.plista.kornakapi.RegressionTest0,N/A,N/A,1,N/A,0.014,ERROR
javamop_kornakapi,org.plista.kornakapi.RegressionTest0,N/A,N/A,1,N/A,0.012,ERROR
javamop_kornakapi,org.plista.kornakapi.RegressionTest0,N/A,N/A,1,N/A,0.012,ERROR
javamop_kornakapi,org.plista.kornakapi.RegressionTest0,N/A,N/A,1,N/A,0.012,ERROR
javamop_kornakapi,org.plista.kornakapi.RegressionTest0,N/A,N/A,1,N/A,0.01,ERROR
javamop_kornakapi,org.plista.kornakapi.RegressionTest0,N/A,N/A,1,N/A,0.011,ERROR
javamop_kornakapi,org.plista.kornakapi.RegressionTest0,N/A,N/A,1,N/A,0.011,ERROR
javamop_kornakapi,org.plista.kornakapi.RegressionTest0,N/A,N/A,1,N/A,0.011,ERROR
javamop_kornakapi,org.plista.kornakapi.RegressionTest0,N/A,N/A,1,N/A,0.011,ERROR
javamop_kornakapi,org.plista.kornakapi.RegressionTest0,N/A,N/A,1,N/A,0.011,ERROR
javamop_kornakapi,org.plista.kornakapi.RegressionTest0,N/A,N/A,1,N/A,0.128,ERROR
javamop_kornakapi,org.plista.kornakapi.RegressionTest0,N/A,N/A,1,N/A,0.011,ERROR
javamop_kornakapi,org.plista.kornakapi.RegressionTest0,N/A,N/A,1,N/A,0.011,ERROR
javamop_kornakapi,org.plista.kornakapi.RegressionTest0,N/A,N/A,1,N/A,0.011,ERROR
javamop_kornakapi,org.plista.kornakapi.RegressionTest0,N/A,N/A,1,N/A,0.011,ERROR
javamop_kornakapi,org.plista.kornakapi.RegressionTest0,N/A,N/A,1,N/A,0.001,ERROR
javamop_kornakapi,org.plista.kornakapi.RegressionTest0,N/A,N/A,1,N/A,0.007,ERROR
javamop_kornakapi,org.plista.kornakapi.RegressionTest0,N/A,N/A,1,N/A,0.011,ERROR
javamop_kornakapi,org.plista.kornakapi.RegressionTest0,N/A,N/A,1,N/A,0.01,ERROR
javamop_kornakapi,org.plista.kornakapi.RegressionTest0,N/A,N/A,1,N/A,0.002,ERROR
javamop_kornakapi,org.plista.kornakapi.RegressionTest1,N/A,N/A,1,N/A,0.01,ERROR
javamop_kornakapi,org.plista.kornakapi.RegressionTest1,N/A,N/A,1,N/A,0.0,ERROR
javamop_kornakapi,org.plista.kornakapi.RegressionTest1,N/A,N/A,1,N/A,0.0,ERROR
javamop_kornakapi,org.plista.kornakapi.RegressionTest1,N/A,N/A,1,N/A,0.0,ERROR
javamop_kornakapi,org.plista.kornakapi.RegressionTest1,N/A,N/A,1,N/A,0.018,ERROR
javamop_kornakapi,org.plista.kornakapi.RegressionTest1,N/A,N/A,1,N/A,0.009,ERROR
javamop_kornakapi,org.plista.kornakapi.RegressionTest1,N/A,N/A,1,N/A,0.005,ERROR
javamop_kornakapi,org.plista.kornakapi.RegressionTest1,N/A,N/A,1,N/A,0.0,ERROR
javamop_kornakapi,org.plista.kornakapi.RegressionTest1,N/A,N/A,1,N/A,0.006,ERROR
javamop_kornakapi,org.plista.kornakapi.RegressionTest1,N/A,N/A,1,N/A,0.01,ERROR
javamop_kornakapi,org.plista.kornakapi.RegressionTest1,N/A,N/A,1,N/A,0.01,ERROR
javamop_kornakapi,org.plista.kornakapi.RegressionTest1,N/A,N/A,1,N/A,0.013,ERROR
javamop_kornakapi,org.plista.kornakapi.RegressionTest1,N/A,N/A,1,N/A,0.011,ERROR
javamop_kornakapi,org.plista.kornakapi.RegressionTest1,N/A,N/A,1,N/A,0.011,ERROR
javamop_kornakapi,org.plista.kornakapi.RegressionTest1,N/A,N/A,1,N/A,0.01,ERROR
javamop_kornakapi,org.plista.kornakapi.RegressionTest1,N/A,N/A,1,N/A,0.01,ERROR
javamop_kornakapi,org.plista.kornakapi.RegressionTest1,N/A,N/A,1,N/A,0.009,ERROR
javamop_kornakapi,org.plista.kornakapi.RegressionTest1,N/A,N/A,1,N/A,0.0,ERROR
javamop_kornakapi,org.plista.kornakapi.RegressionTest2,N/A,N/A,1,N/A,0.011,ERROR
javamop_kornakapi,org.plista.kornakapi.RegressionTest2,N/A,N/A,1,N/A,0.001,ERROR
javamop_kornakapi,org.plista.kornakapi.RegressionTest2,N/A,N/A,1,N/A,0.014,ERROR
javamop_kornakapi,org.plista.kornakapi.RegressionTest2,N/A,N/A,1,N/A,0.01,ERROR
javamop_kornakapi,org.plista.kornakapi.RegressionTest2,N/A,N/A,1,N/A,0.009,ERROR
javamop_kornakapi,org.plista.kornakapi.RegressionTest2,N/A,N/A,1,N/A,0.011,ERROR
javamop_kornakapi,org.plista.kornakapi.RegressionTest2,N/A,N/A,1,N/A,0.01,ERROR
javamop_kornakapi,org.plista.kornakapi.RegressionTest2,N/A,N/A,1,N/A,0.011,ERROR
javamop_kornakapi,org.plista.kornakapi.RegressionTest2,N/A,N/A,1,N/A,0.001,ERROR
javamop_kornakapi,org.plista.kornakapi.RegressionTest2,N/A,N/A,1,N/A,0.001,ERROR
javamop_kornakapi,org.plista.kornakapi.RegressionTest2,N/A,N/A,1,N/A,0.009,ERROR
javamop_kornakapi,org.plista.kornakapi.RegressionTest2,N/A,N/A,1,N/A,0.013,ERROR
javamop_kornakapi,org.plista.kornakapi.RegressionTest2,N/A,N/A,1,N/A,0.001,ERROR
javamop_kornakapi,org.plista.kornakapi.RegressionTest2,N/A,N/A,1,N/A,0.008,ERROR
javamop_kornakapi,org.plista.kornakapi.RegressionTest2,N/A,N/A,1,N/A,0.01,ERROR
javamop_kornakapi,org.plista.kornakapi.RegressionTest2,N/A,N/A,1,N/A,0.001,ERROR
javamop_kornakapi,org.plista.kornakapi.RegressionTest3,N/A,N/A,1,N/A,0.008,ERROR
javamop_kornakapi,org.plista.kornakapi.RegressionTest3,N/A,N/A,1,N/A,0.008,ERROR
javamop_kornakapi,org.plista.kornakapi.RegressionTest3,N/A,N/A,1,N/A,0.0,ERROR
javamop_kornakapi,org.plista.kornakapi.RegressionTest3,N/A,N/A,1,N/A,0.01,ERROR
javamop_kornakapi,org.plista.kornakapi.RegressionTest3,N/A,N/A,1,N/A,0.001,ERROR
javamop_kornakapi,org.plista.kornakapi.RegressionTest3,N/A,N/A,1,N/A,0.008,ERROR
javamop_kornakapi,org.plista.kornakapi.RegressionTest3,N/A,N/A,1,N/A,0.007,ERROR
javamop_kornakapi,org.plista.kornakapi.RegressionTest3,N/A,N/A,1,N/A,0.007,ERROR
javamop_kornakapi,org.plista.kornakapi.RegressionTest3,N/A,N/A,1,N/A,0.009,ERROR
javamop_kornakapi,org.plista.kornakapi.RegressionTest3,N/A,N/A,1,N/A,0.007,ERROR
javamop_kornakapi,org.plista.kornakapi.RegressionTest3,N/A,N/A,1,N/A,0.007,ERROR
javamop_kornakapi,org.plista.kornakapi.RegressionTest3,N/A,N/A,1,N/A,0.006,ERROR
javamop_kornakapi,org.plista.kornakapi.RegressionTest3,N/A,N/A,1,N/A,0.007,ERROR
javamop_kornakapi,org.plista.kornakapi.RegressionTest4,N/A,N/A,1,N/A,0.007,ERROR
javamop_kornakapi,org.plista.kornakapi.RegressionTest4,N/A,N/A,1,N/A,0.006,ERROR
javamop_kornakapi,org.plista.kornakapi.RegressionTest4,N/A,N/A,1,N/A,0.008,ERROR
javamop_kornakapi,org.plista.kornakapi.RegressionTest4,N/A,N/A,1,N/A,0.007,ERROR
javamop_kornakapi,org.plista.kornakapi.RegressionTest4,N/A,N/A,1,N/A,0.006,ERROR
javamop_kornakapi,org.plista.kornakapi.RegressionTest4,N/A,N/A,1,N/A,0.007,ERROR
javamop_kornakapi,org.plista.kornakapi.RegressionTest4,N/A,N/A,1,N/A,0.008,ERROR
javamop_kornakapi,org.plista.kornakapi.RegressionTest5,N/A,N/A,1,N/A,0.007,ERROR
javamop_kornakapi,org.plista.kornakapi.RegressionTest5,N/A,N/A,1,N/A,0.007,ERROR
javamop_kornakapi,org.plista.kornakapi.RegressionTest5,N/A,N/A,1,N/A,0.006,ERROR
javamop_kornakapi,org.plista.kornakapi.RegressionTest5,N/A,N/A,1,N/A,0.006,ERROR
javamop_kornakapi,org.plista.kornakapi.RegressionTest5,N/A,N/A,1,N/A,0.008,ERROR
javamop_kornakapi,org.plista.kornakapi.RegressionTest5,N/A,N/A,1,N/A,0.013,ERROR
javamop_kornakapi,org.plista.kornakapi.RegressionTest5,N/A,N/A,1,N/A,0.011,ERROR
javamop_kornakapi,org.plista.kornakapi.RegressionTest5,N/A,N/A,1,N/A,0.009,ERROR
javamop_kornakapi,org.plista.kornakapi.RegressionTest5,N/A,N/A,1,N/A,0.008,ERROR
javamop_kornakapi,org.plista.kornakapi.RegressionTest5,N/A,N/A,1,N/A,0.0,ERROR
javamop_kornakapi,org.plista.kornakapi.RegressionTest6,N/A,N/A,1,N/A,0.006,ERROR
javamop_kornakapi,org.plista.kornakapi.RegressionTest6,N/A,N/A,1,N/A,0.007,ERROR
javamop_kornakapi,org.plista.kornakapi.RegressionTest6,N/A,N/A,1,N/A,0.006,ERROR
javamop_kornakapi,org.plista.kornakapi.RegressionTest6,N/A,N/A,1,N/A,0.008,ERROR
javamop_kornakapi,org.plista.kornakapi.RegressionTest6,N/A,N/A,1,N/A,0.0,ERROR
javamop_kornakapi,org.plista.kornakapi.RegressionTest6,N/A,N/A,1,N/A,0.008,ERROR
javamop_kornakapi,org.plista.kornakapi.RegressionTest6,N/A,N/A,1,N/A,0.01,ERROR
javamop_kornakapi,org.plista.kornakapi.RegressionTest7,N/A,N/A,1,N/A,0.0,ERROR
javamop_kornakapi,org.plista.kornakapi.RegressionTest7,N/A,N/A,1,N/A,0.007,ERROR
javamop_kornakapi,org.plista.kornakapi.RegressionTest7,N/A,N/A,1,N/A,0.007,ERROR
javamop_kornakapi,org.plista.kornakapi.RegressionTest7,N/A,N/A,1,N/A,0.006,ERROR
javamop_kornakapi,org.plista.kornakapi.RegressionTest7,N/A,N/A,1,N/A,0.007,ERROR
javamop_kornakapi,org.plista.kornakapi.RegressionTest7,N/A,N/A,1,N/A,0.005,ERROR
javamop_kornakapi,org.plista.kornakapi.RegressionTest7,N/A,N/A,1,N/A,0.009,ERROR
javamop_kornakapi,org.plista.kornakapi.RegressionTest7,N/A,N/A,1,N/A,0.001,ERROR
javamop_kornakapi,org.plista.kornakapi.RegressionTest8,N/A,N/A,1,N/A,0.0,ERROR
javamop_kornakapi,org.plista.kornakapi.RegressionTest8,N/A,N/A,1,N/A,0.006,ERROR
javamop_kornakapi,org.plista.kornakapi.RegressionTest8,N/A,N/A,1,N/A,0.006,ERROR
javamop_kornakapi,org.plista.kornakapi.RegressionTest8,N/A,N/A,1,N/A,0.006,ERROR
javamop_kornakapi,org.plista.kornakapi.RegressionTest8,N/A,N/A,1,N/A,0.005,ERROR
javamop_kornakapi,org.plista.kornakapi.RegressionTest8,N/A,N/A,1,N/A,0.007,ERROR
javamop_kornakapi,org.plista.kornakapi.RegressionTest8,N/A,N/A,1,N/A,0.005,ERROR
javamop_kornakapi,org.plista.kornakapi.RegressionTest8,N/A,N/A,1,N/A,0.005,ERROR
javamop_kornakapi,org.plista.kornakapi.RegressionTest8,N/A,N/A,1,N/A,0.0,ERROR
javamop_kornakapi,org.plista.kornakapi.RegressionTest8,N/A,N/A,1,N/A,0.006,ERROR
javamop_kornakapi,org.plista.kornakapi.RegressionTest8,N/A,N/A,1,N/A,0.008,ERROR
javamop_kornakapi,org.plista.kornakapi.RegressionTest9,N/A,N/A,1,N/A,0.001,ERROR
javamop_kornakapi,org.plista.kornakapi.RegressionTest9,N/A,N/A,1,N/A,0.0,ERROR
javamop_kornakapi,org.plista.kornakapi.RegressionTest9,N/A,N/A,1,N/A,0.0,ERROR
javamop_kornakapi,org.plista.kornakapi.RegressionTest9,N/A,N/A,1,N/A,0.006,ERROR
javamop_kornakapi,org.plista.kornakapi.RegressionTest9,N/A,N/A,1,N/A,0.0,ERROR
javamop_kornakapi,org.plista.kornakapi.RegressionTest9,N/A,N/A,1,N/A,0.008,ERROR
javamop_kornakapi,org.plista.kornakapi.RegressionTest9,N/A,N/A,1,N/A,0.005,ERROR
javamop_kornakapi,org.plista.kornakapi.RegressionTest9,N/A,N/A,1,N/A,0.006,ERROR
javamop_kornakapi,org.plista.kornakapi.RegressionTest9,N/A,N/A,1,N/A,0.006,ERROR
javamop_kornakapi,org.plista.kornakapi.RegressionTest10,N/A,N/A,1,N/A,0.006,ERROR
javamop_kornakapi,org.plista.kornakapi.RegressionTest10,N/A,N/A,1,N/A,0.006,ERROR
javamop_kornakapi,org.plista.kornakapi.RegressionTest10,N/A,N/A,1,N/A,0.006,ERROR
javamop_kornakapi,org.plista.kornakapi.RegressionTest10,N/A,N/A,1,N/A,0.005,ERROR
javamop_kornakapi,org.plista.kornakapi.RegressionTest10,N/A,N/A,1,N/A,0.006,ERROR
javamop_kornakapi,org.plista.kornakapi.RegressionTest10,N/A,N/A,1,N/A,0.005,ERROR
javamop_kornakapi,org.plista.kornakapi.RegressionTest10,N/A,N/A,1,N/A,0.006,ERROR
javamop_kornakapi,org.plista.kornakapi.RegressionTest10,N/A,N/A,1,N/A,0.0,ERROR
javamop_kornakapi,org.plista.kornakapi.RegressionTest10,N/A,N/A,1,N/A,0.005,ERROR
javamop_kornakapi,org.plista.kornakapi.RegressionTest11,N/A,N/A,1,N/A,0.007,ERROR
javamop_kornakapi,org.plista.kornakapi.RegressionTest11,N/A,N/A,1,N/A,0.001,ERROR
javamop_kornakapi,org.plista.kornakapi.RegressionTest11,N/A,N/A,1,N/A,0.006,ERROR
javamop_kornakapi,org.plista.kornakapi.RegressionTest11,N/A,N/A,1,N/A,0.007,ERROR
javamop_kornakapi,org.plista.kornakapi.RegressionTest11,N/A,N/A,1,N/A,0.007,ERROR
javamop_kornakapi,org.plista.kornakapi.RegressionTest12,N/A,N/A,1,N/A,0.001,ERROR
javamop_kornakapi,org.plista.kornakapi.RegressionTest12,N/A,N/A,1,N/A,0.008,ERROR
javamop_kornakapi,org.plista.kornakapi.RegressionTest12,N/A,N/A,1,N/A,0.007,ERROR
javamop_kornakapi,org.plista.kornakapi.RegressionTest12,N/A,N/A,1,N/A,0.006,ERROR
javamop_kornakapi,org.plista.kornakapi.RegressionTest12,N/A,N/A,1,N/A,0.009,ERROR
javamop_kornakapi,org.plista.kornakapi.RegressionTest13,N/A,N/A,1,N/A,0.007,ERROR
javamop_kornakapi,org.plista.kornakapi.RegressionTest13,N/A,N/A,1,N/A,0.007,ERROR
javamop_kornakapi,org.plista.kornakapi.RegressionTest13,N/A,N/A,1,N/A,0.008,ERROR
javamop_kornakapi,org.plista.kornakapi.RegressionTest13,N/A,N/A,1,N/A,0.0,ERROR
javamop_kornakapi,org.plista.kornakapi.RegressionTest13,N/A,N/A,1,N/A,0.008,ERROR
javamop_kornakapi,org.plista.kornakapi.RegressionTest13,N/A,N/A,1,N/A,0.007,ERROR
javamop_kornakapi,org.plista.kornakapi.RegressionTest14,N/A,N/A,1,N/A,0.006,ERROR
javamop_kornakapi,org.plista.kornakapi.RegressionTest14,N/A,N/A,1,N/A,0.008,ERROR
javamop_kornakapi,org.plista.kornakapi.RegressionTest14,N/A,N/A,1,N/A,0.007,ERROR
javamop_kornakapi,org.plista.kornakapi.RegressionTest14,N/A,N/A,1,N/A,0.007,ERROR
javamop_kornakapi,org.plista.kornakapi.RegressionTest14,N/A,N/A,1,N/A,0.006,ERROR
javamop_kornakapi,org.plista.kornakapi.RegressionTest14,N/A,N/A,1,N/A,0.006,ERROR
javamop_kornakapi,org.plista.kornakapi.RegressionTest15,N/A,N/A,1,N/A,0.001,ERROR
javamop_kornakapi,org.plista.kornakapi.RegressionTest15,N/A,N/A,1,N/A,0.006,ERROR
javamop_kornakapi,org.plista.kornakapi.RegressionTest15,N/A,N/A,1,N/A,0.006,ERROR
javamop_kornakapi,org.plista.kornakapi.RegressionTest15,N/A,N/A,1,N/A,0.007,ERROR
javamop_kornakapi,org.plista.kornakapi.RegressionTest15,N/A,N/A,1,N/A,0.007,ERROR
javamop_kornakapi,org.plista.kornakapi.RegressionTest15,N/A,N/A,1,N/A,0.007,ERROR
javamop_kornakapi,org.plista.kornakapi.RegressionTest15,N/A,N/A,1,N/A,0.006,ERROR
javamop_kornakapi,org.plista.kornakapi.RegressionTest15,N/A,N/A,1,N/A,0.008,ERROR
javamop_kornakapi,org.plista.kornakapi.RegressionTest16,N/A,N/A,1,N/A,0.006,ERROR
javamop_kornakapi,org.plista.kornakapi.RegressionTest16,N/A,N/A,1,N/A,0.006,ERROR
javamop_kornakapi,org.plista.kornakapi.RegressionTest16,N/A,N/A,1,N/A,0.007,ERROR
javamop_kornakapi,org.plista.kornakapi.RegressionTest16,N/A,N/A,1,N/A,0.001,ERROR
javamop_kornakapi,org.plista.kornakapi.RegressionTest16,N/A,N/A,1,N/A,0.001,ERROR
javamop_kornakapi,org.plista.kornakapi.RegressionTest16,N/A,N/A,1,N/A,0.006,ERROR
javamop_kornakapi,org.plista.kornakapi.RegressionTest16,N/A,N/A,1,N/A,0.0,ERROR
javamop_kornakapi,org.plista.kornakapi.RegressionTest16,N/A,N/A,1,N/A,0.006,ERROR
javamop_kornakapi,org.plista.kornakapi.RegressionTest17,N/A,N/A,1,N/A,0.007,ERROR
javamop_kornakapi,org.plista.kornakapi.RegressionTest17,N/A,N/A,1,N/A,0.008,ERROR
javamop_kornakapi,org.plista.kornakapi.RegressionTest17,N/A,N/A,1,N/A,0.0,ERROR
javamop_kornakapi,org.plista.kornakapi.RegressionTest17,N/A,N/A,1,N/A,0.007,ERROR
javamop_kornakapi,org.plista.kornakapi.RegressionTest17,N/A,N/A,1,N/A,0.0,ERROR
javamop_kornakapi,org.plista.kornakapi.RegressionTest17,N/A,N/A,1,N/A,0.006,ERROR
javamop_kornakapi,org.plista.kornakapi.RegressionTest17,N/A,N/A,1,N/A,0.006,ERROR
javamop_kornakapi,org.plista.kornakapi.RegressionTest18,N/A,N/A,1,N/A,0.008,ERROR
javamop_kornakapi,org.plista.kornakapi.RegressionTest18,N/A,N/A,1,N/A,0.008,ERROR
javamop_kornakapi,org.plista.kornakapi.RegressionTest18,N/A,N/A,1,N/A,0.0,ERROR
javamop_kornakapi,org.plista.kornakapi.RegressionTest18,N/A,N/A,1,N/A,0.007,ERROR
javamop_kornakapi,org.plista.kornakapi.RegressionTest19,N/A,N/A,1,N/A,0.006,ERROR
javamop_kornakapi,org.plista.kornakapi.RegressionTest19,N/A,N/A,1,N/A,0.006,ERROR
javamop_kornakapi,org.plista.kornakapi.RegressionTest19,N/A,N/A,1,N/A,0.0,ERROR
javamop_kornakapi,org.plista.kornakapi.RegressionTest19,N/A,N/A,1,N/A,0.007,ERROR
javamop_kornakapi,org.plista.kornakapi.RegressionTest19,N/A,N/A,1,N/A,0.007,ERROR
javamop_kornakapi,org.plista.kornakapi.RegressionTest19,N/A,N/A,1,N/A,0.007,ERROR
javamop_kornakapi,org.plista.kornakapi.RegressionTest19,N/A,N/A,1,N/A,0.006,ERROR
javamop_kornakapi,org.plista.kornakapi.RegressionTest19,N/A,N/A,1,N/A,0.006,ERROR
javamop_kornakapi,org.plista.kornakapi.RegressionTest19,N/A,N/A,1,N/A,0.007,ERROR
javamop_kornakapi,org.plista.kornakapi.RegressionTest20,N/A,N/A,1,N/A,0.008,ERROR
javamop_kornakapi,org.plista.kornakapi.RegressionTest20,N/A,N/A,1,N/A,0.0,ERROR
javamop_kornakapi,org.plista.kornakapi.RegressionTest20,N/A,N/A,1,N/A,0.006,ERROR
javamop_kornakapi,org.plista.kornakapi.RegressionTest20,N/A,N/A,1,N/A,0.0,ERROR
javamop_kornakapi,org.plista.kornakapi.RegressionTest21,N/A,N/A,1,N/A,0.001,ERROR
javamop_kornakapi,org.plista.kornakapi.RegressionTest21,N/A,N/A,1,N/A,0.008,ERROR
javamop_kornakapi,org.plista.kornakapi.RegressionTest21,N/A,N/A,1,N/A,0.008,ERROR
javamop_kornakapi,org.plista.kornakapi.RegressionTest21,N/A,N/A,1,N/A,0.006,ERROR
javamop_kornakapi,org.plista.kornakapi.RegressionTest21,N/A,N/A,1,N/A,0.007,ERROR
javamop_kornakapi,org.plista.kornakapi.RegressionTest21,N/A,N/A,1,N/A,0.007,ERROR
javamop_kornakapi,org.plista.kornakapi.RegressionTest21,N/A,N/A,1,N/A,0.007,ERROR
javamop_kornakapi,org.plista.kornakapi.RegressionTest21,N/A,N/A,1,N/A,0.007,ERROR
javamop_kornakapi,org.plista.kornakapi.RegressionTest22,N/A,N/A,1,N/A,0.001,ERROR
javamop_kornakapi,org.plista.kornakapi.RegressionTest22,N/A,N/A,1,N/A,0.007,ERROR
javamop_kornakapi,org.plista.kornakapi.RegressionTest22,N/A,N/A,1,N/A,0.007,ERROR
javamop_kornakapi,org.plista.kornakapi.RegressionTest22,N/A,N/A,1,N/A,0.006,ERROR
javamop_kornakapi,org.plista.kornakapi.RegressionTest23,N/A,N/A,1,N/A,0.0,ERROR
javamop_kornakapi,org.plista.kornakapi.RegressionTest23,N/A,N/A,1,N/A,0.007,ERROR
javamop_kornakapi,org.plista.kornakapi.RegressionTest23,N/A,N/A,1,N/A,0.0,ERROR
javamop_kornakapi,org.plista.kornakapi.RegressionTest23,N/A,N/A,1,N/A,0.007,ERROR
javamop_kornakapi,org.plista.kornakapi.RegressionTest23,N/A,N/A,1,N/A,0.007,ERROR
javamop_kornakapi,org.plista.kornakapi.RegressionTest23,N/A,N/A,1,N/A,0.009,ERROR
javamop_kornakapi,org.plista.kornakapi.RegressionTest24,N/A,N/A,1,N/A,0.001,ERROR
javamop_kornakapi,org.plista.kornakapi.RegressionTest24,N/A,N/A,1,N/A,0.008,ERROR
javamop_kornakapi,org.plista.kornakapi.RegressionTest24,N/A,N/A,1,N/A,0.007,ERROR
javamop_kornakapi,org.plista.kornakapi.RegressionTest24,N/A,N/A,1,N/A,0.007,ERROR
javamop_kornakapi,org.plista.kornakapi.RegressionTest25,N/A,N/A,1,N/A,0.006,ERROR
javamop_kornakapi,org.plista.kornakapi.RegressionTest25,N/A,N/A,1,N/A,0.0,ERROR
javamop_kornakapi,org.plista.kornakapi.RegressionTest25,N/A,N/A,1,N/A,0.005,ERROR
javamop_kornakapi,org.plista.kornakapi.RegressionTest25,N/A,N/A,1,N/A,0.001,ERROR
javamop_kornakapi,org.plista.kornakapi.RegressionTest25,N/A,N/A,1,N/A,0.005,ERROR
javamop_kornakapi,org.plista.kornakapi.RegressionTest25,N/A,N/A,1,N/A,0.007,ERROR
javamop_kornakapi,org.plista.kornakapi.RegressionTest25,N/A,N/A,1,N/A,0.009,ERROR
javamop_kornakapi,org.plista.kornakapi.RegressionTest25,N/A,N/A,1,N/A,0.006,ERROR
javamop_kornakapi,org.plista.kornakapi.RegressionTest25,N/A,N/A,1,N/A,0.006,ERROR
javamop_kornakapi,org.plista.kornakapi.RegressionTest26,N/A,N/A,1,N/A,0.006,ERROR
javamop_kornakapi,org.plista.kornakapi.RegressionTest26,N/A,N/A,1,N/A,0.006,ERROR
javamop_kornakapi,org.plista.kornakapi.RegressionTest26,N/A,N/A,1,N/A,0.005,ERROR
javamop_kornakapi,org.plista.kornakapi.RegressionTest26,N/A,N/A,1,N/A,0.003,ERROR
javamop_kornakapi,org.plista.kornakapi.RegressionTest26,N/A,N/A,1,N/A,0.009,ERROR
javamop_kornakapi,org.plista.kornakapi.RegressionTest26,N/A,N/A,1,N/A,0.008,ERROR
javamop_kornakapi,org.plista.kornakapi.RegressionTest26,N/A,N/A,1,N/A,0.007,ERROR
javamop_kornakapi,org.plista.kornakapi.RegressionTest27,N/A,N/A,1,N/A,0.008,ERROR
javamop_kornakapi,org.plista.kornakapi.RegressionTest27,N/A,N/A,1,N/A,0.009,ERROR
javamop_kornakapi,org.plista.kornakapi.RegressionTest27,N/A,N/A,1,N/A,0.009,ERROR
javamop_kornakapi,org.plista.kornakapi.RegressionTest27,N/A,N/A,1,N/A,0.008,ERROR
javamop_kornakapi,org.plista.kornakapi.RegressionTest27,N/A,N/A,1,N/A,0.006,ERROR
javamop_kornakapi,org.plista.kornakapi.RegressionTest28,N/A,N/A,1,N/A,0.007,ERROR
javamop_kornakapi,org.plista.kornakapi.RegressionTest28,N/A,N/A,1,N/A,0.007,ERROR
javamop_kornakapi,org.plista.kornakapi.RegressionTest28,N/A,N/A,1,N/A,0.006,ERROR
javamop_kornakapi,org.plista.kornakapi.RegressionTest29,N/A,N/A,1,N/A,0.005,ERROR
javamop_kornakapi,org.plista.kornakapi.RegressionTest29,N/A,N/A,1,N/A,0.006,ERROR
javamop_kornakapi,org.plista.kornakapi.RegressionTest29,N/A,N/A,1,N/A,0.007,ERROR
javamop_kornakapi,org.plista.kornakapi.RegressionTest29,N/A,N/A,1,N/A,0.008,ERROR
javamop_kornakapi,org.plista.kornakapi.RegressionTest29,N/A,N/A,1,N/A,0.006,ERROR
javamop_kornakapi,org.plista.kornakapi.RegressionTest29,N/A,N/A,1,N/A,0.007,ERROR
javamop_kornakapi,org.plista.kornakapi.RegressionTest29,N/A,N/A,1,N/A,0.007,ERROR
javamop_kornakapi,org.plista.kornakapi.RegressionTest30,N/A,N/A,1,N/A,0.007,ERROR
javamop_kornakapi,org.plista.kornakapi.RegressionTest30,N/A,N/A,1,N/A,0.0,ERROR
javamop_kornakapi,org.plista.kornakapi.RegressionTest30,N/A,N/A,1,N/A,0.007,ERROR
javamop_kornakapi,org.plista.kornakapi.RegressionTest31,N/A,N/A,1,N/A,0.0,ERROR
javamop_kornakapi,org.plista.kornakapi.RegressionTest31,N/A,N/A,1,N/A,0.001,ERROR
javamop_kornakapi,org.plista.kornakapi.RegressionTest31,N/A,N/A,1,N/A,0.001,ERROR
javamop_kornakapi,org.plista.kornakapi.RegressionTest32,N/A,N/A,1,N/A,0.007,ERROR
javamop_kornakapi,org.plista.kornakapi.RegressionTest33,N/A,N/A,1,N/A,0.008,ERROR
javamop_kornakapi,org.plista.kornakapi.RegressionTest33,N/A,N/A,1,N/A,0.254,ERROR
javamop_kornakapi,org.plista.kornakapi.RegressionTest33,N/A,N/A,1,N/A,0.0,ERROR
javamop_kornakapi,org.plista.kornakapi.RegressionTest33,N/A,N/A,1,N/A,0.0,ERROR
javamop_kornakapi,org.plista.kornakapi.RegressionTest33,N/A,N/A,1,N/A,0.006,ERROR
javamop_kornakapi,org.plista.kornakapi.RegressionTest33,N/A,N/A,1,N/A,0.005,ERROR
javamop_kornakapi,org.plista.kornakapi.RegressionTest34,N/A,N/A,1,N/A,0.006,ERROR
javamop_kornakapi,org.plista.kornakapi.RegressionTest34,N/A,N/A,1,N/A,0.005,ERROR
javamop_kornakapi,org.plista.kornakapi.RegressionTest34,N/A,N/A,1,N/A,0.006,ERROR
javamop_kornakapi,org.plista.kornakapi.RegressionTest34,N/A,N/A,1,N/A,0.007,ERROR
javamop_kornakapi,org.plista.kornakapi.RegressionTest35,N/A,N/A,1,N/A,0.006,ERROR
javamop_kornakapi,org.plista.kornakapi.RegressionTest35,N/A,N/A,1,N/A,0.006,ERROR
javamop_kornakapi,org.plista.kornakapi.RegressionTest35,N/A,N/A,1,N/A,0.007,ERROR
javamop_kornakapi,org.plista.kornakapi.RegressionTest35,N/A,N/A,1,N/A,0.007,ERROR
javamop_kornakapi,org.plista.kornakapi.RegressionTest36,N/A,N/A,1,N/A,0.005,ERROR
javamop_kornakapi,org.plista.kornakapi.RegressionTest37,N/A,N/A,1,N/A,0.005,ERROR
javamop_kornakapi,org.plista.kornakapi.RegressionTest37,N/A,N/A,1,N/A,0.005,ERROR
javamop_kornakapi,org.plista.kornakapi.RegressionTest37,N/A,N/A,1,N/A,0.005,ERROR
javamop_kornakapi,org.plista.kornakapi.RegressionTest37,N/A,N/A,1,N/A,0.006,ERROR
javamop_kornakapi,org.plista.kornakapi.RegressionTest38,N/A,N/A,1,N/A,0.005,ERROR
javamop_kornakapi,org.plista.kornakapi.RegressionTest38,N/A,N/A,1,N/A,0.006,ERROR
javamop_kornakapi,org.plista.kornakapi.RegressionTest39,N/A,N/A,1,N/A,0.001,ERROR
javamop_kornakapi,org.plista.kornakapi.RegressionTest39,N/A,N/A,1,N/A,0.005,ERROR
javamop_kornakapi,org.plista.kornakapi.RegressionTest40,N/A,N/A,1,N/A,0.005,ERROR
javamop_kornakapi,org.plista.kornakapi.RegressionTest40,N/A,N/A,1,N/A,0.005,ERROR
javamop_kornakapi,org.plista.kornakapi.RegressionTest40,N/A,N/A,1,N/A,0.005,ERROR
javamop_kornakapi,org.plista.kornakapi.RegressionTest40,N/A,N/A,1,N/A,0.005,ERROR
javamop_kornakapi,org.plista.kornakapi.RegressionTest40,N/A,N/A,1,N/A,0.005,ERROR
javamop_kornakapi,org.plista.kornakapi.RegressionTest40,N/A,N/A,1,N/A,0.006,ERROR
javamop_kornakapi,org.plista.kornakapi.RegressionTest40,N/A,N/A,1,N/A,0.005,ERROR
javamop_kornakapi,org.plista.kornakapi.RegressionTest41,N/A,N/A,1,N/A,0.001,ERROR
javamop_kornakapi,org.plista.kornakapi.RegressionTest41,N/A,N/A,1,N/A,0.005,ERROR
javamop_kornakapi,org.plista.kornakapi.RegressionTest42,N/A,N/A,1,N/A,0.005,ERROR
javamop_kornakapi,org.plista.kornakapi.RegressionTest42,N/A,N/A,1,N/A,0.005,ERROR
javamop_kornakapi,org.plista.kornakapi.RegressionTest42,N/A,N/A,1,N/A,0.005,ERROR
javamop_kornakapi,org.plista.kornakapi.RegressionTest42,N/A,N/A,1,N/A,0.005,ERROR
javamop_kornakapi,org.plista.kornakapi.RegressionTest42,N/A,N/A,1,N/A,0.005,ERROR
javamop_kornakapi,org.plista.kornakapi.RegressionTest42,N/A,N/A,1,N/A,0.005,ERROR
javamop_kornakapi,org.plista.kornakapi.RegressionTest43,N/A,N/A,1,N/A,0.005,ERROR
javamop_kornakapi,org.plista.kornakapi.RegressionTest43,N/A,N/A,1,N/A,0.005,ERROR
javamop_kornakapi,org.plista.kornakapi.RegressionTest43,N/A,N/A,1,N/A,0.005,ERROR
javamop_kornakapi,org.plista.kornakapi.RegressionTest44,N/A,N/A,1,N/A,0.005,ERROR
javamop_kornakapi,org.plista.kornakapi.RegressionTest44,N/A,N/A,1,N/A,0.005,ERROR
javamop_kornakapi,org.plista.kornakapi.RegressionTest44,N/A,N/A,1,N/A,0.005,ERROR
javamop_kornakapi,org.plista.kornakapi.RegressionTest45,N/A,N/A,1,N/A,0.001,ERROR
javamop_kornakapi,org.plista.kornakapi.RegressionTest45,N/A,N/A,1,N/A,0.005,ERROR
javamop_kornakapi,org.plista.kornakapi.RegressionTest45,N/A,N/A,1,N/A,0.005,ERROR
javamop_kornakapi,org.plista.kornakapi.RegressionTest45,N/A,N/A,1,N/A,0.0,ERROR
javamop_kornakapi,org.plista.kornakapi.RegressionTest45,N/A,N/A,1,N/A,0.005,ERROR
javamop_kornakapi,org.plista.kornakapi.RegressionTest45,N/A,N/A,1,N/A,0.001,ERROR
javamop_kornakapi,org.plista.kornakapi.RegressionTest46,N/A,N/A,1,N/A,0.005,ERROR
javamop_kornakapi,org.plista.kornakapi.RegressionTest46,N/A,N/A,1,N/A,0.0,ERROR
javamop_kornakapi,org.plista.kornakapi.RegressionTest46,N/A,N/A,1,N/A,0.001,ERROR
javamop_kornakapi,org.plista.kornakapi.RegressionTest46,N/A,N/A,1,N/A,0.005,ERROR
javamop_kornakapi,org.plista.kornakapi.RegressionTest47,N/A,N/A,1,N/A,0.004,ERROR
javamop_kornakapi,org.plista.kornakapi.RegressionTest47,N/A,N/A,1,N/A,0.0,ERROR
javamop_kornakapi,org.plista.kornakapi.RegressionTest48,N/A,N/A,1,N/A,0.005,ERROR
javamop_kornakapi,org.plista.kornakapi.RegressionTest48,N/A,N/A,1,N/A,0.005,ERROR
javamop_kornakapi,org.plista.kornakapi.RegressionTest48,N/A,N/A,1,N/A,0.005,ERROR
javamop_kornakapi,org.plista.kornakapi.RegressionTest49,N/A,N/A,1,N/A,0.001,ERROR
javamop_kornakapi,org.plista.kornakapi.RegressionTest49,N/A,N/A,1,N/A,0.006,ERROR
javamop_kornakapi,org.plista.kornakapi.RegressionTest49,N/A,N/A,1,N/A,0.0,ERROR
javamop_kornakapi,org.plista.kornakapi.RegressionTest49,N/A,N/A,1,N/A,0.005,ERROR
javamop_kornakapi,org.plista.kornakapi.RegressionTest49,N/A,N/A,1,N/A,0.001,ERROR
javamop_kornakapi,org.plista.kornakapi.RegressionTest49,N/A,N/A,1,N/A,0.0,ERROR
javamop_kornakapi,org.plista.kornakapi.RegressionTest50,N/A,N/A,1,N/A,0.005,ERROR
javamop_kornakapi,org.plista.kornakapi.RegressionTest50,N/A,N/A,1,N/A,0.005,ERROR
javamop_kornakapi,org.plista.kornakapi.RegressionTest50,N/A,N/A,1,N/A,0.0,ERROR
javamop_kornakapi,org.plista.kornakapi.RegressionTest50,N/A,N/A,1,N/A,0.001,ERROR
javamop_kornakapi,org.plista.kornakapi.RegressionTest51,N/A,N/A,1,N/A,0.005,ERROR
javamop_kornakapi,org.plista.kornakapi.RegressionTest51,N/A,N/A,1,N/A,0.005,ERROR
javamop_kornakapi,org.plista.kornakapi.RegressionTest51,N/A,N/A,1,N/A,0.005,ERROR
javamop_kornakapi,org.plista.kornakapi.RegressionTest52,N/A,N/A,1,N/A,0.004,ERROR
javamop_kornakapi,org.plista.kornakapi.RegressionTest52,N/A,N/A,1,N/A,0.005,ERROR
javamop_kornakapi,org.plista.kornakapi.RegressionTest52,N/A,N/A,1,N/A,0.005,ERROR
javamop_kornakapi,org.plista.kornakapi.RegressionTest52,N/A,N/A,1,N/A,0.006,ERROR
javamop_kornakapi,org.plista.kornakapi.RegressionTest54,N/A,N/A,1,N/A,0.006,ERROR
javamop_kornakapi,org.plista.kornakapi.RegressionTest54,N/A,N/A,1,N/A,0.007,ERROR
javamop_kornakapi,org.plista.kornakapi.RegressionTest54,N/A,N/A,1,N/A,0.005,ERROR
javamop_kornakapi,org.plista.kornakapi.RegressionTest54,N/A,N/A,1,N/A,0.006,ERROR
javamop_kornakapi,org.plista.kornakapi.RegressionTest54,N/A,N/A,1,N/A,0.0,ERROR
javamop_kornakapi,org.plista.kornakapi.RegressionTest54,N/A,N/A,1,N/A,0.0,ERROR
javamop_kornakapi,org.plista.kornakapi.RegressionTest55,N/A,N/A,1,N/A,0.001,ERROR
javamop_kornakapi,org.plista.kornakapi.RegressionTest55,N/A,N/A,1,N/A,0.005,ERROR
javamop_kornakapi,org.plista.kornakapi.RegressionTest55,N/A,N/A,1,N/A,0.005,ERROR
javamop_kornakapi,org.plista.kornakapi.RegressionTest55,N/A,N/A,1,N/A,0.005,ERROR
javamop_kornakapi,org.plista.kornakapi.RegressionTest56,N/A,N/A,1,N/A,0.005,ERROR
javamop_kornakapi,org.plista.kornakapi.RegressionTest56,N/A,N/A,1,N/A,0.0,ERROR
javamop_kornakapi,org.plista.kornakapi.RegressionTest56,N/A,N/A,1,N/A,0.005,ERROR
javamop_kornakapi,org.plista.kornakapi.RegressionTest57,N/A,N/A,1,N/A,0.005,ERROR
javamop_kornakapi,org.plista.kornakapi.RegressionTest57,N/A,N/A,1,N/A,0.005,ERROR
javamop_kornakapi,org.plista.kornakapi.RegressionTest57,N/A,N/A,1,N/A,0.0,ERROR
javamop_kornakapi,org.plista.kornakapi.RegressionTest58,N/A,N/A,1,N/A,0.004,ERROR
javamop_kornakapi,org.plista.kornakapi.RegressionTest58,N/A,N/A,1,N/A,0.005,ERROR
javamop_kornakapi,org.plista.kornakapi.RegressionTest58,N/A,N/A,1,N/A,0.0,ERROR
javamop_kornakapi,org.plista.kornakapi.RegressionTest58,N/A,N/A,1,N/A,0.0,ERROR
javamop_kornakapi,org.plista.kornakapi.RegressionTest59,N/A,N/A,1,N/A,0.004,ERROR
javamop_kornakapi,org.plista.kornakapi.RegressionTest59,N/A,N/A,1,N/A,0.005,ERROR
javamop_kornakapi,org.plista.kornakapi.RegressionTest59,N/A,N/A,1,N/A,0.005,ERROR
javamop_kornakapi,org.plista.kornakapi.RegressionTest59,N/A,N/A,1,N/A,0.005,ERROR
javamop_kornakapi,org.plista.kornakapi.RegressionTest61,N/A,N/A,1,N/A,0.005,ERROR
javamop_kornakapi,org.plista.kornakapi.RegressionTest61,N/A,N/A,1,N/A,0.004,ERROR
javamop_kornakapi,org.plista.kornakapi.RegressionTest61,N/A,N/A,1,N/A,0.005,ERROR
javamop_kornakapi,org.plista.kornakapi.RegressionTest61,N/A,N/A,1,N/A,0.005,ERROR
javamop_kornakapi,org.plista.kornakapi.RegressionTest61,N/A,N/A,1,N/A,0.005,ERROR
javamop_kornakapi,org.plista.kornakapi.RegressionTest61,N/A,N/A,1,N/A,0.0,ERROR
javamop_kornakapi,org.plista.kornakapi.RegressionTest62,N/A,N/A,1,N/A,0.004,ERROR
javamop_kornakapi,org.plista.kornakapi.RegressionTest62,N/A,N/A,1,N/A,0.005,ERROR
javamop_kornakapi,org.plista.kornakapi.RegressionTest62,N/A,N/A,1,N/A,0.004,ERROR
javamop_kornakapi,org.plista.kornakapi.RegressionTest62,N/A,N/A,1,N/A,0.004,ERROR
javamop_kornakapi,org.plista.kornakapi.RegressionTest63,N/A,N/A,1,N/A,0.004,ERROR
javamop_kornakapi,org.plista.kornakapi.RegressionTest63,N/A,N/A,1,N/A,0.005,ERROR
javamop_kornakapi,org.plista.kornakapi.RegressionTest63,N/A,N/A,1,N/A,0.005,ERROR
javamop_kornakapi,org.plista.kornakapi.RegressionTest63,N/A,N/A,1,N/A,0.005,ERROR
javamop_kornakapi,org.plista.kornakapi.RegressionTest64,N/A,N/A,1,N/A,0.004,ERROR
javamop_kornakapi,org.plista.kornakapi.RegressionTest64,N/A,N/A,1,N/A,0.004,ERROR
javamop_kornakapi,org.plista.kornakapi.RegressionTest65,N/A,N/A,1,N/A,0.004,ERROR
javamop_kornakapi,org.plista.kornakapi.RegressionTest65,N/A,N/A,1,N/A,0.006,ERROR
javamop_kornakapi,org.plista.kornakapi.RegressionTest66,N/A,N/A,1,N/A,0.0,ERROR
javamop_kornakapi,org.plista.kornakapi.RegressionTest66,N/A,N/A,1,N/A,0.001,ERROR
javamop_kornakapi,org.plista.kornakapi.RegressionTest66,N/A,N/A,1,N/A,0.0,ERROR
javamop_kornakapi,org.plista.kornakapi.RegressionTest67,N/A,N/A,1,N/A,0.005,ERROR
javamop_kornakapi,org.plista.kornakapi.RegressionTest68,N/A,N/A,1,N/A,0.005,ERROR
javamop_kornakapi,org.plista.kornakapi.RegressionTest68,N/A,N/A,1,N/A,0.004,ERROR
javamop_kornakapi,org.plista.kornakapi.RegressionTest68,N/A,N/A,1,N/A,0.0,ERROR
javamop_kornakapi,org.plista.kornakapi.RegressionTest68,N/A,N/A,1,N/A,0.005,ERROR
javamop_kornakapi,org.plista.kornakapi.RegressionTest68,N/A,N/A,1,N/A,0.005,ERROR
javamop_kornakapi,org.plista.kornakapi.RegressionTest69,N/A,N/A,1,N/A,0.0,ERROR
javamop_kornakapi,org.plista.kornakapi.RegressionTest69,N/A,N/A,1,N/A,0.005,ERROR
javamop_kornakapi,org.plista.kornakapi.RegressionTest70,N/A,N/A,1,N/A,0.005,ERROR
javamop_kornakapi,org.plista.kornakapi.RegressionTest70,N/A,N/A,1,N/A,0.005,ERROR
javamop_kornakapi,org.plista.kornakapi.RegressionTest70,N/A,N/A,1,N/A,0.005,ERROR
javamop_kornakapi,org.plista.kornakapi.RegressionTest71,N/A,N/A,1,N/A,0.005,ERROR
javamop_kornakapi,org.plista.kornakapi.RegressionTest71,N/A,N/A,1,N/A,0.004,ERROR
javamop_kornakapi,org.plista.kornakapi.RegressionTest72,N/A,N/A,1,N/A,0.005,ERROR
javamop_kornakapi,org.plista.kornakapi.RegressionTest72,N/A,N/A,1,N/A,0.0,ERROR
javamop_kornakapi,org.plista.kornakapi.RegressionTest72,N/A,N/A,1,N/A,0.005,ERROR
javamop_kornakapi,org.plista.kornakapi.RegressionTest72,N/A,N/A,1,N/A,0.005,ERROR
javamop_kornakapi,org.plista.kornakapi.RegressionTest73,N/A,N/A,1,N/A,0.005,ERROR
javamop_kornakapi,org.plista.kornakapi.RegressionTest73,N/A,N/A,1,N/A,0.0,ERROR
javamop_kornakapi,org.plista.kornakapi.RegressionTest74,N/A,N/A,1,N/A,0.005,ERROR
javamop_kornakapi,org.plista.kornakapi.RegressionTest74,N/A,N/A,1,N/A,0.0,ERROR
javamop_kornakapi,org.plista.kornakapi.RegressionTest74,N/A,N/A,1,N/A,0.005,ERROR
javamop_kornakapi,org.plista.kornakapi.RegressionTest74,N/A,N/A,1,N/A,0.0,ERROR
javamop_kornakapi,org.plista.kornakapi.RegressionTest74,N/A,N/A,1,N/A,0.005,ERROR
javamop_kornakapi,org.plista.kornakapi.RegressionTest75,N/A,N/A,1,N/A,0.0,ERROR
javamop_kornakapi,org.plista.kornakapi.RegressionTest75,N/A,N/A,1,N/A,0.0,ERROR
javamop_kornakapi,org.plista.kornakapi.RegressionTest76,N/A,N/A,1,N/A,0.005,ERROR
javamop_kornakapi,org.plista.kornakapi.RegressionTest76,N/A,N/A,1,N/A,0.005,ERROR
javamop_kornakapi,org.plista.kornakapi.RegressionTest76,N/A,N/A,1,N/A,0.004,ERROR
javamop_kornakapi,org.plista.kornakapi.RegressionTest77,N/A,N/A,1,N/A,0.005,ERROR
javamop_kornakapi,org.plista.kornakapi.RegressionTest78,N/A,N/A,1,N/A,0.004,ERROR
javamop_kornakapi,null,2,0,2,0,0.001,FAILURE
Sum: 30.79900000000006
--------------------Execution: 7 -----------------------------------
javamop_kornakapi,null,39707,12,404,0,23.35,FAILURE
javamop_kornakapi,org.plista.kornakapi.RegressionTest0,N/A,N/A,1,N/A,3.86,ERROR
javamop_kornakapi,org.plista.kornakapi.RegressionTest0,N/A,N/A,1,N/A,0.025,ERROR
javamop_kornakapi,org.plista.kornakapi.RegressionTest0,N/A,N/A,1,N/A,0.02,ERROR
javamop_kornakapi,org.plista.kornakapi.RegressionTest0,N/A,N/A,1,N/A,0.016,ERROR
javamop_kornakapi,org.plista.kornakapi.RegressionTest0,N/A,N/A,1,N/A,0.013,ERROR
javamop_kornakapi,org.plista.kornakapi.RegressionTest0,N/A,N/A,1,N/A,0.011,ERROR
javamop_kornakapi,org.plista.kornakapi.RegressionTest0,N/A,N/A,1,N/A,0.012,ERROR
javamop_kornakapi,org.plista.kornakapi.RegressionTest0,N/A,N/A,1,N/A,0.013,ERROR
javamop_kornakapi,org.plista.kornakapi.RegressionTest0,N/A,N/A,1,N/A,0.011,ERROR
javamop_kornakapi,org.plista.kornakapi.RegressionTest0,N/A,N/A,1,N/A,0.006,ERROR
javamop_kornakapi,org.plista.kornakapi.RegressionTest0,N/A,N/A,1,N/A,0.011,ERROR
javamop_kornakapi,org.plista.kornakapi.RegressionTest0,N/A,N/A,1,N/A,0.008,ERROR
javamop_kornakapi,org.plista.kornakapi.RegressionTest0,N/A,N/A,1,N/A,0.136,ERROR
javamop_kornakapi,org.plista.kornakapi.RegressionTest0,N/A,N/A,1,N/A,0.011,ERROR
javamop_kornakapi,org.plista.kornakapi.RegressionTest0,N/A,N/A,1,N/A,0.005,ERROR
javamop_kornakapi,org.plista.kornakapi.RegressionTest0,N/A,N/A,1,N/A,0.011,ERROR
javamop_kornakapi,org.plista.kornakapi.RegressionTest0,N/A,N/A,1,N/A,0.014,ERROR
javamop_kornakapi,org.plista.kornakapi.RegressionTest0,N/A,N/A,1,N/A,0.006,ERROR
javamop_kornakapi,org.plista.kornakapi.RegressionTest0,N/A,N/A,1,N/A,0.01,ERROR
javamop_kornakapi,org.plista.kornakapi.RegressionTest0,N/A,N/A,1,N/A,0.014,ERROR
javamop_kornakapi,org.plista.kornakapi.RegressionTest0,N/A,N/A,1,N/A,0.014,ERROR
javamop_kornakapi,org.plista.kornakapi.RegressionTest0,N/A,N/A,1,N/A,0.003,ERROR
javamop_kornakapi,org.plista.kornakapi.RegressionTest1,N/A,N/A,1,N/A,0.014,ERROR
javamop_kornakapi,org.plista.kornakapi.RegressionTest1,N/A,N/A,1,N/A,0.002,ERROR
javamop_kornakapi,org.plista.kornakapi.RegressionTest1,N/A,N/A,1,N/A,0.001,ERROR
javamop_kornakapi,org.plista.kornakapi.RegressionTest1,N/A,N/A,1,N/A,0.001,ERROR
javamop_kornakapi,org.plista.kornakapi.RegressionTest1,N/A,N/A,1,N/A,0.025,ERROR
javamop_kornakapi,org.plista.kornakapi.RegressionTest1,N/A,N/A,1,N/A,0.003,ERROR
javamop_kornakapi,org.plista.kornakapi.RegressionTest1,N/A,N/A,1,N/A,0.014,ERROR
javamop_kornakapi,org.plista.kornakapi.RegressionTest1,N/A,N/A,1,N/A,0.0,ERROR
javamop_kornakapi,org.plista.kornakapi.RegressionTest1,N/A,N/A,1,N/A,0.012,ERROR
javamop_kornakapi,org.plista.kornakapi.RegressionTest1,N/A,N/A,1,N/A,0.013,ERROR
javamop_kornakapi,org.plista.kornakapi.RegressionTest1,N/A,N/A,1,N/A,0.012,ERROR
javamop_kornakapi,org.plista.kornakapi.RegressionTest1,N/A,N/A,1,N/A,0.015,ERROR
javamop_kornakapi,org.plista.kornakapi.RegressionTest1,N/A,N/A,1,N/A,0.014,ERROR
javamop_kornakapi,org.plista.kornakapi.RegressionTest1,N/A,N/A,1,N/A,0.013,ERROR
javamop_kornakapi,org.plista.kornakapi.RegressionTest1,N/A,N/A,1,N/A,0.013,ERROR
javamop_kornakapi,org.plista.kornakapi.RegressionTest1,N/A,N/A,1,N/A,0.011,ERROR
javamop_kornakapi,org.plista.kornakapi.RegressionTest1,N/A,N/A,1,N/A,0.012,ERROR
javamop_kornakapi,org.plista.kornakapi.RegressionTest1,N/A,N/A,1,N/A,0.003,ERROR
javamop_kornakapi,org.plista.kornakapi.RegressionTest2,N/A,N/A,1,N/A,0.015,ERROR
javamop_kornakapi,org.plista.kornakapi.RegressionTest2,N/A,N/A,1,N/A,0.027,ERROR
javamop_kornakapi,org.plista.kornakapi.RegressionTest2,N/A,N/A,1,N/A,0.02,ERROR
javamop_kornakapi,org.plista.kornakapi.RegressionTest2,N/A,N/A,1,N/A,0.015,ERROR
javamop_kornakapi,org.plista.kornakapi.RegressionTest2,N/A,N/A,1,N/A,0.012,ERROR
javamop_kornakapi,org.plista.kornakapi.RegressionTest2,N/A,N/A,1,N/A,0.012,ERROR
javamop_kornakapi,org.plista.kornakapi.RegressionTest2,N/A,N/A,1,N/A,0.011,ERROR
javamop_kornakapi,org.plista.kornakapi.RegressionTest2,N/A,N/A,1,N/A,0.008,ERROR
javamop_kornakapi,org.plista.kornakapi.RegressionTest2,N/A,N/A,1,N/A,0.0,ERROR
javamop_kornakapi,org.plista.kornakapi.RegressionTest2,N/A,N/A,1,N/A,0.001,ERROR
javamop_kornakapi,org.plista.kornakapi.RegressionTest2,N/A,N/A,1,N/A,0.011,ERROR
javamop_kornakapi,org.plista.kornakapi.RegressionTest2,N/A,N/A,1,N/A,0.009,ERROR
javamop_kornakapi,org.plista.kornakapi.RegressionTest2,N/A,N/A,1,N/A,0.001,ERROR
javamop_kornakapi,org.plista.kornakapi.RegressionTest2,N/A,N/A,1,N/A,0.01,ERROR
javamop_kornakapi,org.plista.kornakapi.RegressionTest2,N/A,N/A,1,N/A,0.01,ERROR
javamop_kornakapi,org.plista.kornakapi.RegressionTest2,N/A,N/A,1,N/A,0.0,ERROR
javamop_kornakapi,org.plista.kornakapi.RegressionTest3,N/A,N/A,1,N/A,0.012,ERROR
javamop_kornakapi,org.plista.kornakapi.RegressionTest3,N/A,N/A,1,N/A,0.009,ERROR
javamop_kornakapi,org.plista.kornakapi.RegressionTest3,N/A,N/A,1,N/A,0.001,ERROR
javamop_kornakapi,org.plista.kornakapi.RegressionTest3,N/A,N/A,1,N/A,0.008,ERROR
javamop_kornakapi,org.plista.kornakapi.RegressionTest3,N/A,N/A,1,N/A,0.0,ERROR
javamop_kornakapi,org.plista.kornakapi.RegressionTest3,N/A,N/A,1,N/A,0.01,ERROR
javamop_kornakapi,org.plista.kornakapi.RegressionTest3,N/A,N/A,1,N/A,0.007,ERROR
javamop_kornakapi,org.plista.kornakapi.RegressionTest3,N/A,N/A,1,N/A,0.009,ERROR
javamop_kornakapi,org.plista.kornakapi.RegressionTest3,N/A,N/A,1,N/A,0.013,ERROR
javamop_kornakapi,org.plista.kornakapi.RegressionTest3,N/A,N/A,1,N/A,0.01,ERROR
javamop_kornakapi,org.plista.kornakapi.RegressionTest3,N/A,N/A,1,N/A,0.007,ERROR
javamop_kornakapi,org.plista.kornakapi.RegressionTest3,N/A,N/A,1,N/A,0.009,ERROR
javamop_kornakapi,org.plista.kornakapi.RegressionTest3,N/A,N/A,1,N/A,0.008,ERROR
javamop_kornakapi,org.plista.kornakapi.RegressionTest4,N/A,N/A,1,N/A,0.027,ERROR
javamop_kornakapi,org.plista.kornakapi.RegressionTest4,N/A,N/A,1,N/A,0.0,ERROR
javamop_kornakapi,org.plista.kornakapi.RegressionTest4,N/A,N/A,1,N/A,0.009,ERROR
javamop_kornakapi,org.plista.kornakapi.RegressionTest4,N/A,N/A,1,N/A,0.007,ERROR
javamop_kornakapi,org.plista.kornakapi.RegressionTest4,N/A,N/A,1,N/A,0.007,ERROR
javamop_kornakapi,org.plista.kornakapi.RegressionTest4,N/A,N/A,1,N/A,0.007,ERROR
javamop_kornakapi,org.plista.kornakapi.RegressionTest4,N/A,N/A,1,N/A,0.008,ERROR
javamop_kornakapi,org.plista.kornakapi.RegressionTest5,N/A,N/A,1,N/A,0.01,ERROR
javamop_kornakapi,org.plista.kornakapi.RegressionTest5,N/A,N/A,1,N/A,0.011,ERROR
javamop_kornakapi,org.plista.kornakapi.RegressionTest5,N/A,N/A,1,N/A,0.007,ERROR
javamop_kornakapi,org.plista.kornakapi.RegressionTest5,N/A,N/A,1,N/A,0.007,ERROR
javamop_kornakapi,org.plista.kornakapi.RegressionTest5,N/A,N/A,1,N/A,0.008,ERROR
javamop_kornakapi,org.plista.kornakapi.RegressionTest5,N/A,N/A,1,N/A,0.008,ERROR
javamop_kornakapi,org.plista.kornakapi.RegressionTest5,N/A,N/A,1,N/A,0.011,ERROR
javamop_kornakapi,org.plista.kornakapi.RegressionTest5,N/A,N/A,1,N/A,0.008,ERROR
javamop_kornakapi,org.plista.kornakapi.RegressionTest5,N/A,N/A,1,N/A,0.008,ERROR
javamop_kornakapi,org.plista.kornakapi.RegressionTest5,N/A,N/A,1,N/A,0.0,ERROR
javamop_kornakapi,org.plista.kornakapi.RegressionTest6,N/A,N/A,1,N/A,0.007,ERROR
javamop_kornakapi,org.plista.kornakapi.RegressionTest6,N/A,N/A,1,N/A,0.007,ERROR
javamop_kornakapi,org.plista.kornakapi.RegressionTest6,N/A,N/A,1,N/A,0.009,ERROR
javamop_kornakapi,org.plista.kornakapi.RegressionTest6,N/A,N/A,1,N/A,0.01,ERROR
javamop_kornakapi,org.plista.kornakapi.RegressionTest6,N/A,N/A,1,N/A,0.001,ERROR
javamop_kornakapi,org.plista.kornakapi.RegressionTest6,N/A,N/A,1,N/A,0.008,ERROR
javamop_kornakapi,org.plista.kornakapi.RegressionTest6,N/A,N/A,1,N/A,0.008,ERROR
javamop_kornakapi,org.plista.kornakapi.RegressionTest7,N/A,N/A,1,N/A,0.0,ERROR
javamop_kornakapi,org.plista.kornakapi.RegressionTest7,N/A,N/A,1,N/A,0.007,ERROR
javamop_kornakapi,org.plista.kornakapi.RegressionTest7,N/A,N/A,1,N/A,0.006,ERROR
javamop_kornakapi,org.plista.kornakapi.RegressionTest7,N/A,N/A,1,N/A,0.006,ERROR
javamop_kornakapi,org.plista.kornakapi.RegressionTest7,N/A,N/A,1,N/A,0.006,ERROR
javamop_kornakapi,org.plista.kornakapi.RegressionTest7,N/A,N/A,1,N/A,0.007,ERROR
javamop_kornakapi,org.plista.kornakapi.RegressionTest7,N/A,N/A,1,N/A,0.007,ERROR
javamop_kornakapi,org.plista.kornakapi.RegressionTest7,N/A,N/A,1,N/A,0.0,ERROR
javamop_kornakapi,org.plista.kornakapi.RegressionTest8,N/A,N/A,1,N/A,0.001,ERROR
javamop_kornakapi,org.plista.kornakapi.RegressionTest8,N/A,N/A,1,N/A,0.006,ERROR
javamop_kornakapi,org.plista.kornakapi.RegressionTest8,N/A,N/A,1,N/A,0.006,ERROR
javamop_kornakapi,org.plista.kornakapi.RegressionTest8,N/A,N/A,1,N/A,0.006,ERROR
javamop_kornakapi,org.plista.kornakapi.RegressionTest8,N/A,N/A,1,N/A,0.006,ERROR
javamop_kornakapi,org.plista.kornakapi.RegressionTest8,N/A,N/A,1,N/A,0.006,ERROR
javamop_kornakapi,org.plista.kornakapi.RegressionTest8,N/A,N/A,1,N/A,0.006,ERROR
javamop_kornakapi,org.plista.kornakapi.RegressionTest8,N/A,N/A,1,N/A,0.005,ERROR
javamop_kornakapi,org.plista.kornakapi.RegressionTest8,N/A,N/A,1,N/A,0.0,ERROR
javamop_kornakapi,org.plista.kornakapi.RegressionTest8,N/A,N/A,1,N/A,0.006,ERROR
javamop_kornakapi,org.plista.kornakapi.RegressionTest8,N/A,N/A,1,N/A,0.01,ERROR
javamop_kornakapi,org.plista.kornakapi.RegressionTest9,N/A,N/A,1,N/A,0.001,ERROR
javamop_kornakapi,org.plista.kornakapi.RegressionTest9,N/A,N/A,1,N/A,0.001,ERROR
javamop_kornakapi,org.plista.kornakapi.RegressionTest9,N/A,N/A,1,N/A,0.001,ERROR
javamop_kornakapi,org.plista.kornakapi.RegressionTest9,N/A,N/A,1,N/A,0.008,ERROR
javamop_kornakapi,org.plista.kornakapi.RegressionTest9,N/A,N/A,1,N/A,0.007,ERROR
javamop_kornakapi,org.plista.kornakapi.RegressionTest9,N/A,N/A,1,N/A,0.007,ERROR
javamop_kornakapi,org.plista.kornakapi.RegressionTest9,N/A,N/A,1,N/A,0.008,ERROR
javamop_kornakapi,org.plista.kornakapi.RegressionTest9,N/A,N/A,1,N/A,0.007,ERROR
javamop_kornakapi,org.plista.kornakapi.RegressionTest9,N/A,N/A,1,N/A,0.008,ERROR
javamop_kornakapi,org.plista.kornakapi.RegressionTest10,N/A,N/A,1,N/A,0.007,ERROR
javamop_kornakapi,org.plista.kornakapi.RegressionTest10,N/A,N/A,1,N/A,0.007,ERROR
javamop_kornakapi,org.plista.kornakapi.RegressionTest10,N/A,N/A,1,N/A,0.007,ERROR
javamop_kornakapi,org.plista.kornakapi.RegressionTest10,N/A,N/A,1,N/A,0.009,ERROR
javamop_kornakapi,org.plista.kornakapi.RegressionTest10,N/A,N/A,1,N/A,0.007,ERROR
javamop_kornakapi,org.plista.kornakapi.RegressionTest10,N/A,N/A,1,N/A,0.007,ERROR
javamop_kornakapi,org.plista.kornakapi.RegressionTest10,N/A,N/A,1,N/A,0.007,ERROR
javamop_kornakapi,org.plista.kornakapi.RegressionTest10,N/A,N/A,1,N/A,0.001,ERROR
javamop_kornakapi,org.plista.kornakapi.RegressionTest10,N/A,N/A,1,N/A,0.008,ERROR
javamop_kornakapi,org.plista.kornakapi.RegressionTest11,N/A,N/A,1,N/A,0.007,ERROR
javamop_kornakapi,org.plista.kornakapi.RegressionTest11,N/A,N/A,1,N/A,0.001,ERROR
javamop_kornakapi,org.plista.kornakapi.RegressionTest11,N/A,N/A,1,N/A,0.008,ERROR
javamop_kornakapi,org.plista.kornakapi.RegressionTest11,N/A,N/A,1,N/A,0.008,ERROR
javamop_kornakapi,org.plista.kornakapi.RegressionTest11,N/A,N/A,1,N/A,0.007,ERROR
javamop_kornakapi,org.plista.kornakapi.RegressionTest12,N/A,N/A,1,N/A,0.0,ERROR
javamop_kornakapi,org.plista.kornakapi.RegressionTest12,N/A,N/A,1,N/A,0.007,ERROR
javamop_kornakapi,org.plista.kornakapi.RegressionTest12,N/A,N/A,1,N/A,0.006,ERROR
javamop_kornakapi,org.plista.kornakapi.RegressionTest12,N/A,N/A,1,N/A,0.006,ERROR
javamop_kornakapi,org.plista.kornakapi.RegressionTest12,N/A,N/A,1,N/A,0.007,ERROR
javamop_kornakapi,org.plista.kornakapi.RegressionTest13,N/A,N/A,1,N/A,0.008,ERROR
javamop_kornakapi,org.plista.kornakapi.RegressionTest13,N/A,N/A,1,N/A,0.008,ERROR
javamop_kornakapi,org.plista.kornakapi.RegressionTest13,N/A,N/A,1,N/A,0.007,ERROR
javamop_kornakapi,org.plista.kornakapi.RegressionTest13,N/A,N/A,1,N/A,0.0,ERROR
javamop_kornakapi,org.plista.kornakapi.RegressionTest13,N/A,N/A,1,N/A,0.008,ERROR
javamop_kornakapi,org.plista.kornakapi.RegressionTest13,N/A,N/A,1,N/A,0.007,ERROR
javamop_kornakapi,org.plista.kornakapi.RegressionTest14,N/A,N/A,1,N/A,0.007,ERROR
javamop_kornakapi,org.plista.kornakapi.RegressionTest14,N/A,N/A,1,N/A,0.006,ERROR
javamop_kornakapi,org.plista.kornakapi.RegressionTest14,N/A,N/A,1,N/A,0.007,ERROR
javamop_kornakapi,org.plista.kornakapi.RegressionTest14,N/A,N/A,1,N/A,0.008,ERROR
javamop_kornakapi,org.plista.kornakapi.RegressionTest14,N/A,N/A,1,N/A,0.007,ERROR
javamop_kornakapi,org.plista.kornakapi.RegressionTest14,N/A,N/A,1,N/A,0.007,ERROR
javamop_kornakapi,org.plista.kornakapi.RegressionTest15,N/A,N/A,1,N/A,0.001,ERROR
javamop_kornakapi,org.plista.kornakapi.RegressionTest15,N/A,N/A,1,N/A,0.006,ERROR
javamop_kornakapi,org.plista.kornakapi.RegressionTest15,N/A,N/A,1,N/A,0.009,ERROR
javamop_kornakapi,org.plista.kornakapi.RegressionTest15,N/A,N/A,1,N/A,0.008,ERROR
javamop_kornakapi,org.plista.kornakapi.RegressionTest15,N/A,N/A,1,N/A,0.006,ERROR
javamop_kornakapi,org.plista.kornakapi.RegressionTest15,N/A,N/A,1,N/A,0.008,ERROR
javamop_kornakapi,org.plista.kornakapi.RegressionTest15,N/A,N/A,1,N/A,0.007,ERROR
javamop_kornakapi,org.plista.kornakapi.RegressionTest15,N/A,N/A,1,N/A,0.006,ERROR
javamop_kornakapi,org.plista.kornakapi.RegressionTest16,N/A,N/A,1,N/A,0.007,ERROR
javamop_kornakapi,org.plista.kornakapi.RegressionTest16,N/A,N/A,1,N/A,0.007,ERROR
javamop_kornakapi,org.plista.kornakapi.RegressionTest16,N/A,N/A,1,N/A,0.008,ERROR
javamop_kornakapi,org.plista.kornakapi.RegressionTest16,N/A,N/A,1,N/A,0.001,ERROR
javamop_kornakapi,org.plista.kornakapi.RegressionTest16,N/A,N/A,1,N/A,0.001,ERROR
javamop_kornakapi,org.plista.kornakapi.RegressionTest16,N/A,N/A,1,N/A,0.007,ERROR
javamop_kornakapi,org.plista.kornakapi.RegressionTest16,N/A,N/A,1,N/A,0.0,ERROR
javamop_kornakapi,org.plista.kornakapi.RegressionTest16,N/A,N/A,1,N/A,0.007,ERROR
javamop_kornakapi,org.plista.kornakapi.RegressionTest17,N/A,N/A,1,N/A,0.006,ERROR
javamop_kornakapi,org.plista.kornakapi.RegressionTest17,N/A,N/A,1,N/A,0.006,ERROR
javamop_kornakapi,org.plista.kornakapi.RegressionTest17,N/A,N/A,1,N/A,0.001,ERROR
javamop_kornakapi,org.plista.kornakapi.RegressionTest17,N/A,N/A,1,N/A,0.006,ERROR
javamop_kornakapi,org.plista.kornakapi.RegressionTest17,N/A,N/A,1,N/A,0.001,ERROR
javamop_kornakapi,org.plista.kornakapi.RegressionTest17,N/A,N/A,1,N/A,0.008,ERROR
javamop_kornakapi,org.plista.kornakapi.RegressionTest17,N/A,N/A,1,N/A,0.008,ERROR
javamop_kornakapi,org.plista.kornakapi.RegressionTest18,N/A,N/A,1,N/A,0.007,ERROR
javamop_kornakapi,org.plista.kornakapi.RegressionTest18,N/A,N/A,1,N/A,0.006,ERROR
javamop_kornakapi,org.plista.kornakapi.RegressionTest18,N/A,N/A,1,N/A,0.0,ERROR
javamop_kornakapi,org.plista.kornakapi.RegressionTest18,N/A,N/A,1,N/A,0.006,ERROR
javamop_kornakapi,org.plista.kornakapi.RegressionTest19,N/A,N/A,1,N/A,0.007,ERROR
javamop_kornakapi,org.plista.kornakapi.RegressionTest19,N/A,N/A,1,N/A,0.006,ERROR
javamop_kornakapi,org.plista.kornakapi.RegressionTest19,N/A,N/A,1,N/A,0.001,ERROR
javamop_kornakapi,org.plista.kornakapi.RegressionTest19,N/A,N/A,1,N/A,0.007,ERROR
javamop_kornakapi,org.plista.kornakapi.RegressionTest19,N/A,N/A,1,N/A,0.007,ERROR
javamop_kornakapi,org.plista.kornakapi.RegressionTest19,N/A,N/A,1,N/A,0.006,ERROR
javamop_kornakapi,org.plista.kornakapi.RegressionTest19,N/A,N/A,1,N/A,0.009,ERROR
javamop_kornakapi,org.plista.kornakapi.RegressionTest19,N/A,N/A,1,N/A,0.007,ERROR
javamop_kornakapi,org.plista.kornakapi.RegressionTest19,N/A,N/A,1,N/A,0.007,ERROR
javamop_kornakapi,org.plista.kornakapi.RegressionTest20,N/A,N/A,1,N/A,0.008,ERROR
javamop_kornakapi,org.plista.kornakapi.RegressionTest20,N/A,N/A,1,N/A,0.0,ERROR
javamop_kornakapi,org.plista.kornakapi.RegressionTest20,N/A,N/A,1,N/A,0.007,ERROR
javamop_kornakapi,org.plista.kornakapi.RegressionTest20,N/A,N/A,1,N/A,0.001,ERROR
javamop_kornakapi,org.plista.kornakapi.RegressionTest21,N/A,N/A,1,N/A,0.001,ERROR
javamop_kornakapi,org.plista.kornakapi.RegressionTest21,N/A,N/A,1,N/A,0.007,ERROR
javamop_kornakapi,org.plista.kornakapi.RegressionTest21,N/A,N/A,1,N/A,0.007,ERROR
javamop_kornakapi,org.plista.kornakapi.RegressionTest21,N/A,N/A,1,N/A,0.007,ERROR
javamop_kornakapi,org.plista.kornakapi.RegressionTest21,N/A,N/A,1,N/A,0.007,ERROR
javamop_kornakapi,org.plista.kornakapi.RegressionTest21,N/A,N/A,1,N/A,0.006,ERROR
javamop_kornakapi,org.plista.kornakapi.RegressionTest21,N/A,N/A,1,N/A,0.008,ERROR
javamop_kornakapi,org.plista.kornakapi.RegressionTest21,N/A,N/A,1,N/A,0.008,ERROR
javamop_kornakapi,org.plista.kornakapi.RegressionTest22,N/A,N/A,1,N/A,0.0,ERROR
javamop_kornakapi,org.plista.kornakapi.RegressionTest22,N/A,N/A,1,N/A,0.008,ERROR
javamop_kornakapi,org.plista.kornakapi.RegressionTest22,N/A,N/A,1,N/A,0.008,ERROR
javamop_kornakapi,org.plista.kornakapi.RegressionTest22,N/A,N/A,1,N/A,0.007,ERROR
javamop_kornakapi,org.plista.kornakapi.RegressionTest23,N/A,N/A,1,N/A,0.0,ERROR
javamop_kornakapi,org.plista.kornakapi.RegressionTest23,N/A,N/A,1,N/A,0.006,ERROR
javamop_kornakapi,org.plista.kornakapi.RegressionTest23,N/A,N/A,1,N/A,0.001,ERROR
javamop_kornakapi,org.plista.kornakapi.RegressionTest23,N/A,N/A,1,N/A,0.006,ERROR
javamop_kornakapi,org.plista.kornakapi.RegressionTest23,N/A,N/A,1,N/A,0.006,ERROR
javamop_kornakapi,org.plista.kornakapi.RegressionTest23,N/A,N/A,1,N/A,0.007,ERROR
javamop_kornakapi,org.plista.kornakapi.RegressionTest24,N/A,N/A,1,N/A,0.001,ERROR
javamop_kornakapi,org.plista.kornakapi.RegressionTest24,N/A,N/A,1,N/A,0.006,ERROR
javamop_kornakapi,org.plista.kornakapi.RegressionTest24,N/A,N/A,1,N/A,0.008,ERROR
javamop_kornakapi,org.plista.kornakapi.RegressionTest24,N/A,N/A,1,N/A,0.006,ERROR
javamop_kornakapi,org.plista.kornakapi.RegressionTest25,N/A,N/A,1,N/A,0.008,ERROR
javamop_kornakapi,org.plista.kornakapi.RegressionTest25,N/A,N/A,1,N/A,0.0,ERROR
javamop_kornakapi,org.plista.kornakapi.RegressionTest25,N/A,N/A,1,N/A,0.006,ERROR
javamop_kornakapi,org.plista.kornakapi.RegressionTest25,N/A,N/A,1,N/A,0.001,ERROR
javamop_kornakapi,org.plista.kornakapi.RegressionTest25,N/A,N/A,1,N/A,0.006,ERROR
javamop_kornakapi,org.plista.kornakapi.RegressionTest25,N/A,N/A,1,N/A,0.007,ERROR
javamop_kornakapi,org.plista.kornakapi.RegressionTest25,N/A,N/A,1,N/A,0.007,ERROR
javamop_kornakapi,org.plista.kornakapi.RegressionTest25,N/A,N/A,1,N/A,0.007,ERROR
javamop_kornakapi,org.plista.kornakapi.RegressionTest25,N/A,N/A,1,N/A,0.008,ERROR
javamop_kornakapi,org.plista.kornakapi.RegressionTest26,N/A,N/A,1,N/A,0.008,ERROR
javamop_kornakapi,org.plista.kornakapi.RegressionTest26,N/A,N/A,1,N/A,0.007,ERROR
javamop_kornakapi,org.plista.kornakapi.RegressionTest26,N/A,N/A,1,N/A,0.231,ERROR
javamop_kornakapi,org.plista.kornakapi.RegressionTest26,N/A,N/A,1,N/A,0.0,ERROR
javamop_kornakapi,org.plista.kornakapi.RegressionTest26,N/A,N/A,1,N/A,0.001,ERROR
javamop_kornakapi,org.plista.kornakapi.RegressionTest26,N/A,N/A,1,N/A,0.006,ERROR
javamop_kornakapi,org.plista.kornakapi.RegressionTest26,N/A,N/A,1,N/A,0.006,ERROR
javamop_kornakapi,org.plista.kornakapi.RegressionTest27,N/A,N/A,1,N/A,0.006,ERROR
javamop_kornakapi,org.plista.kornakapi.RegressionTest27,N/A,N/A,1,N/A,0.006,ERROR
javamop_kornakapi,org.plista.kornakapi.RegressionTest27,N/A,N/A,1,N/A,0.006,ERROR
javamop_kornakapi,org.plista.kornakapi.RegressionTest27,N/A,N/A,1,N/A,0.006,ERROR
javamop_kornakapi,org.plista.kornakapi.RegressionTest27,N/A,N/A,1,N/A,0.006,ERROR
javamop_kornakapi,org.plista.kornakapi.RegressionTest28,N/A,N/A,1,N/A,0.008,ERROR
javamop_kornakapi,org.plista.kornakapi.RegressionTest28,N/A,N/A,1,N/A,0.006,ERROR
javamop_kornakapi,org.plista.kornakapi.RegressionTest28,N/A,N/A,1,N/A,0.006,ERROR
javamop_kornakapi,org.plista.kornakapi.RegressionTest29,N/A,N/A,1,N/A,0.005,ERROR
javamop_kornakapi,org.plista.kornakapi.RegressionTest29,N/A,N/A,1,N/A,0.006,ERROR
javamop_kornakapi,org.plista.kornakapi.RegressionTest29,N/A,N/A,1,N/A,0.006,ERROR
javamop_kornakapi,org.plista.kornakapi.RegressionTest29,N/A,N/A,1,N/A,0.007,ERROR
javamop_kornakapi,org.plista.kornakapi.RegressionTest29,N/A,N/A,1,N/A,0.009,ERROR
javamop_kornakapi,org.plista.kornakapi.RegressionTest29,N/A,N/A,1,N/A,0.007,ERROR
javamop_kornakapi,org.plista.kornakapi.RegressionTest29,N/A,N/A,1,N/A,0.007,ERROR
javamop_kornakapi,org.plista.kornakapi.RegressionTest30,N/A,N/A,1,N/A,0.006,ERROR
javamop_kornakapi,org.plista.kornakapi.RegressionTest30,N/A,N/A,1,N/A,0.0,ERROR
javamop_kornakapi,org.plista.kornakapi.RegressionTest30,N/A,N/A,1,N/A,0.007,ERROR
javamop_kornakapi,org.plista.kornakapi.RegressionTest31,N/A,N/A,1,N/A,0.001,ERROR
javamop_kornakapi,org.plista.kornakapi.RegressionTest31,N/A,N/A,1,N/A,0.001,ERROR
javamop_kornakapi,org.plista.kornakapi.RegressionTest31,N/A,N/A,1,N/A,0.001,ERROR
javamop_kornakapi,org.plista.kornakapi.RegressionTest32,N/A,N/A,1,N/A,0.007,ERROR
javamop_kornakapi,org.plista.kornakapi.RegressionTest33,N/A,N/A,1,N/A,0.007,ERROR
javamop_kornakapi,org.plista.kornakapi.RegressionTest33,N/A,N/A,1,N/A,0.006,ERROR
javamop_kornakapi,org.plista.kornakapi.RegressionTest33,N/A,N/A,1,N/A,0.005,ERROR
javamop_kornakapi,org.plista.kornakapi.RegressionTest33,N/A,N/A,1,N/A,0.001,ERROR
javamop_kornakapi,org.plista.kornakapi.RegressionTest33,N/A,N/A,1,N/A,0.006,ERROR
javamop_kornakapi,org.plista.kornakapi.RegressionTest33,N/A,N/A,1,N/A,0.006,ERROR
javamop_kornakapi,org.plista.kornakapi.RegressionTest34,N/A,N/A,1,N/A,0.006,ERROR
javamop_kornakapi,org.plista.kornakapi.RegressionTest34,N/A,N/A,1,N/A,0.005,ERROR
javamop_kornakapi,org.plista.kornakapi.RegressionTest34,N/A,N/A,1,N/A,0.006,ERROR
javamop_kornakapi,org.plista.kornakapi.RegressionTest34,N/A,N/A,1,N/A,0.006,ERROR
javamop_kornakapi,org.plista.kornakapi.RegressionTest35,N/A,N/A,1,N/A,0.005,ERROR
javamop_kornakapi,org.plista.kornakapi.RegressionTest35,N/A,N/A,1,N/A,0.005,ERROR
javamop_kornakapi,org.plista.kornakapi.RegressionTest35,N/A,N/A,1,N/A,0.006,ERROR
javamop_kornakapi,org.plista.kornakapi.RegressionTest35,N/A,N/A,1,N/A,0.007,ERROR
javamop_kornakapi,org.plista.kornakapi.RegressionTest36,N/A,N/A,1,N/A,0.008,ERROR
javamop_kornakapi,org.plista.kornakapi.RegressionTest37,N/A,N/A,1,N/A,0.007,ERROR
javamop_kornakapi,org.plista.kornakapi.RegressionTest37,N/A,N/A,1,N/A,0.005,ERROR
javamop_kornakapi,org.plista.kornakapi.RegressionTest37,N/A,N/A,1,N/A,0.006,ERROR
javamop_kornakapi,org.plista.kornakapi.RegressionTest37,N/A,N/A,1,N/A,0.005,ERROR
javamop_kornakapi,org.plista.kornakapi.RegressionTest38,N/A,N/A,1,N/A,0.005,ERROR
javamop_kornakapi,org.plista.kornakapi.RegressionTest38,N/A,N/A,1,N/A,0.006,ERROR
javamop_kornakapi,org.plista.kornakapi.RegressionTest39,N/A,N/A,1,N/A,0.0,ERROR
javamop_kornakapi,org.plista.kornakapi.RegressionTest39,N/A,N/A,1,N/A,0.006,ERROR
javamop_kornakapi,org.plista.kornakapi.RegressionTest40,N/A,N/A,1,N/A,0.005,ERROR
javamop_kornakapi,org.plista.kornakapi.RegressionTest40,N/A,N/A,1,N/A,0.004,ERROR
javamop_kornakapi,org.plista.kornakapi.RegressionTest40,N/A,N/A,1,N/A,0.005,ERROR
javamop_kornakapi,org.plista.kornakapi.RegressionTest40,N/A,N/A,1,N/A,0.005,ERROR
javamop_kornakapi,org.plista.kornakapi.RegressionTest40,N/A,N/A,1,N/A,0.005,ERROR
javamop_kornakapi,org.plista.kornakapi.RegressionTest40,N/A,N/A,1,N/A,0.005,ERROR
javamop_kornakapi,org.plista.kornakapi.RegressionTest40,N/A,N/A,1,N/A,0.005,ERROR
javamop_kornakapi,org.plista.kornakapi.RegressionTest41,N/A,N/A,1,N/A,0.0,ERROR
javamop_kornakapi,org.plista.kornakapi.RegressionTest41,N/A,N/A,1,N/A,0.005,ERROR
javamop_kornakapi,org.plista.kornakapi.RegressionTest42,N/A,N/A,1,N/A,0.005,ERROR
javamop_kornakapi,org.plista.kornakapi.RegressionTest42,N/A,N/A,1,N/A,0.004,ERROR
javamop_kornakapi,org.plista.kornakapi.RegressionTest42,N/A,N/A,1,N/A,0.004,ERROR
javamop_kornakapi,org.plista.kornakapi.RegressionTest42,N/A,N/A,1,N/A,0.004,ERROR
javamop_kornakapi,org.plista.kornakapi.RegressionTest42,N/A,N/A,1,N/A,0.005,ERROR
javamop_kornakapi,org.plista.kornakapi.RegressionTest42,N/A,N/A,1,N/A,0.004,ERROR
javamop_kornakapi,org.plista.kornakapi.RegressionTest43,N/A,N/A,1,N/A,0.005,ERROR
javamop_kornakapi,org.plista.kornakapi.RegressionTest43,N/A,N/A,1,N/A,0.005,ERROR
javamop_kornakapi,org.plista.kornakapi.RegressionTest43,N/A,N/A,1,N/A,0.005,ERROR
javamop_kornakapi,org.plista.kornakapi.RegressionTest44,N/A,N/A,1,N/A,0.005,ERROR
javamop_kornakapi,org.plista.kornakapi.RegressionTest44,N/A,N/A,1,N/A,0.005,ERROR
javamop_kornakapi,org.plista.kornakapi.RegressionTest44,N/A,N/A,1,N/A,0.005,ERROR
javamop_kornakapi,org.plista.kornakapi.RegressionTest45,N/A,N/A,1,N/A,0.001,ERROR
javamop_kornakapi,org.plista.kornakapi.RegressionTest45,N/A,N/A,1,N/A,0.005,ERROR
javamop_kornakapi,org.plista.kornakapi.RegressionTest45,N/A,N/A,1,N/A,0.005,ERROR
javamop_kornakapi,org.plista.kornakapi.RegressionTest45,N/A,N/A,1,N/A,0.0,ERROR
javamop_kornakapi,org.plista.kornakapi.RegressionTest45,N/A,N/A,1,N/A,0.005,ERROR
javamop_kornakapi,org.plista.kornakapi.RegressionTest45,N/A,N/A,1,N/A,0.0,ERROR
javamop_kornakapi,org.plista.kornakapi.RegressionTest46,N/A,N/A,1,N/A,0.004,ERROR
javamop_kornakapi,org.plista.kornakapi.RegressionTest46,N/A,N/A,1,N/A,0.0,ERROR
javamop_kornakapi,org.plista.kornakapi.RegressionTest46,N/A,N/A,1,N/A,0.001,ERROR
javamop_kornakapi,org.plista.kornakapi.RegressionTest46,N/A,N/A,1,N/A,0.005,ERROR
javamop_kornakapi,org.plista.kornakapi.RegressionTest47,N/A,N/A,1,N/A,0.005,ERROR
javamop_kornakapi,org.plista.kornakapi.RegressionTest47,N/A,N/A,1,N/A,0.001,ERROR
javamop_kornakapi,org.plista.kornakapi.RegressionTest48,N/A,N/A,1,N/A,0.005,ERROR
javamop_kornakapi,org.plista.kornakapi.RegressionTest48,N/A,N/A,1,N/A,0.004,ERROR
javamop_kornakapi,org.plista.kornakapi.RegressionTest48,N/A,N/A,1,N/A,0.004,ERROR
javamop_kornakapi,org.plista.kornakapi.RegressionTest49,N/A,N/A,1,N/A,0.0,ERROR
javamop_kornakapi,org.plista.kornakapi.RegressionTest49,N/A,N/A,1,N/A,0.005,ERROR
javamop_kornakapi,org.plista.kornakapi.RegressionTest49,N/A,N/A,1,N/A,0.0,ERROR
javamop_kornakapi,org.plista.kornakapi.RegressionTest49,N/A,N/A,1,N/A,0.005,ERROR
javamop_kornakapi,org.plista.kornakapi.RegressionTest49,N/A,N/A,1,N/A,0.001,ERROR
javamop_kornakapi,org.plista.kornakapi.RegressionTest49,N/A,N/A,1,N/A,0.0,ERROR
javamop_kornakapi,org.plista.kornakapi.RegressionTest50,N/A,N/A,1,N/A,0.006,ERROR
javamop_kornakapi,org.plista.kornakapi.RegressionTest50,N/A,N/A,1,N/A,0.005,ERROR
javamop_kornakapi,org.plista.kornakapi.RegressionTest50,N/A,N/A,1,N/A,0.0,ERROR
javamop_kornakapi,org.plista.kornakapi.RegressionTest50,N/A,N/A,1,N/A,0.001,ERROR
javamop_kornakapi,org.plista.kornakapi.RegressionTest51,N/A,N/A,1,N/A,0.005,ERROR
javamop_kornakapi,org.plista.kornakapi.RegressionTest51,N/A,N/A,1,N/A,0.005,ERROR
javamop_kornakapi,org.plista.kornakapi.RegressionTest51,N/A,N/A,1,N/A,0.005,ERROR
javamop_kornakapi,org.plista.kornakapi.RegressionTest52,N/A,N/A,1,N/A,0.004,ERROR
javamop_kornakapi,org.plista.kornakapi.RegressionTest52,N/A,N/A,1,N/A,0.005,ERROR
javamop_kornakapi,org.plista.kornakapi.RegressionTest52,N/A,N/A,1,N/A,0.006,ERROR
javamop_kornakapi,org.plista.kornakapi.RegressionTest52,N/A,N/A,1,N/A,0.006,ERROR
javamop_kornakapi,org.plista.kornakapi.RegressionTest54,N/A,N/A,1,N/A,0.005,ERROR
javamop_kornakapi,org.plista.kornakapi.RegressionTest54,N/A,N/A,1,N/A,0.004,ERROR
javamop_kornakapi,org.plista.kornakapi.RegressionTest54,N/A,N/A,1,N/A,0.005,ERROR
javamop_kornakapi,org.plista.kornakapi.RegressionTest54,N/A,N/A,1,N/A,0.004,ERROR
javamop_kornakapi,org.plista.kornakapi.RegressionTest54,N/A,N/A,1,N/A,0.0,ERROR
javamop_kornakapi,org.plista.kornakapi.RegressionTest54,N/A,N/A,1,N/A,0.0,ERROR
javamop_kornakapi,org.plista.kornakapi.RegressionTest55,N/A,N/A,1,N/A,0.0,ERROR
javamop_kornakapi,org.plista.kornakapi.RegressionTest55,N/A,N/A,1,N/A,0.007,ERROR
javamop_kornakapi,org.plista.kornakapi.RegressionTest55,N/A,N/A,1,N/A,0.005,ERROR
javamop_kornakapi,org.plista.kornakapi.RegressionTest55,N/A,N/A,1,N/A,0.005,ERROR
javamop_kornakapi,org.plista.kornakapi.RegressionTest56,N/A,N/A,1,N/A,0.006,ERROR
javamop_kornakapi,org.plista.kornakapi.RegressionTest56,N/A,N/A,1,N/A,0.001,ERROR
javamop_kornakapi,org.plista.kornakapi.RegressionTest56,N/A,N/A,1,N/A,0.004,ERROR
javamop_kornakapi,org.plista.kornakapi.RegressionTest57,N/A,N/A,1,N/A,0.005,ERROR
javamop_kornakapi,org.plista.kornakapi.RegressionTest57,N/A,N/A,1,N/A,0.004,ERROR
javamop_kornakapi,org.plista.kornakapi.RegressionTest57,N/A,N/A,1,N/A,0.0,ERROR
javamop_kornakapi,org.plista.kornakapi.RegressionTest58,N/A,N/A,1,N/A,0.004,ERROR
javamop_kornakapi,org.plista.kornakapi.RegressionTest58,N/A,N/A,1,N/A,0.004,ERROR
javamop_kornakapi,org.plista.kornakapi.RegressionTest58,N/A,N/A,1,N/A,0.0,ERROR
javamop_kornakapi,org.plista.kornakapi.RegressionTest58,N/A,N/A,1,N/A,0.001,ERROR
javamop_kornakapi,org.plista.kornakapi.RegressionTest59,N/A,N/A,1,N/A,0.004,ERROR
javamop_kornakapi,org.plista.kornakapi.RegressionTest59,N/A,N/A,1,N/A,0.005,ERROR
javamop_kornakapi,org.plista.kornakapi.RegressionTest59,N/A,N/A,1,N/A,0.004,ERROR
javamop_kornakapi,org.plista.kornakapi.RegressionTest59,N/A,N/A,1,N/A,0.004,ERROR
javamop_kornakapi,org.plista.kornakapi.RegressionTest61,N/A,N/A,1,N/A,0.004,ERROR
javamop_kornakapi,org.plista.kornakapi.RegressionTest61,N/A,N/A,1,N/A,0.005,ERROR
javamop_kornakapi,org.plista.kornakapi.RegressionTest61,N/A,N/A,1,N/A,0.004,ERROR
javamop_kornakapi,org.plista.kornakapi.RegressionTest61,N/A,N/A,1,N/A,0.004,ERROR
javamop_kornakapi,org.plista.kornakapi.RegressionTest61,N/A,N/A,1,N/A,0.004,ERROR
javamop_kornakapi,org.plista.kornakapi.RegressionTest61,N/A,N/A,1,N/A,0.001,ERROR
javamop_kornakapi,org.plista.kornakapi.RegressionTest62,N/A,N/A,1,N/A,0.005,ERROR
javamop_kornakapi,org.plista.kornakapi.RegressionTest62,N/A,N/A,1,N/A,0.004,ERROR
javamop_kornakapi,org.plista.kornakapi.RegressionTest62,N/A,N/A,1,N/A,0.005,ERROR
javamop_kornakapi,org.plista.kornakapi.RegressionTest62,N/A,N/A,1,N/A,0.005,ERROR
javamop_kornakapi,org.plista.kornakapi.RegressionTest63,N/A,N/A,1,N/A,0.005,ERROR
javamop_kornakapi,org.plista.kornakapi.RegressionTest63,N/A,N/A,1,N/A,0.004,ERROR
javamop_kornakapi,org.plista.kornakapi.RegressionTest63,N/A,N/A,1,N/A,0.004,ERROR
javamop_kornakapi,org.plista.kornakapi.RegressionTest63,N/A,N/A,1,N/A,0.005,ERROR
javamop_kornakapi,org.plista.kornakapi.RegressionTest64,N/A,N/A,1,N/A,0.005,ERROR
javamop_kornakapi,org.plista.kornakapi.RegressionTest64,N/A,N/A,1,N/A,0.005,ERROR
javamop_kornakapi,org.plista.kornakapi.RegressionTest65,N/A,N/A,1,N/A,0.005,ERROR
javamop_kornakapi,org.plista.kornakapi.RegressionTest65,N/A,N/A,1,N/A,0.004,ERROR
javamop_kornakapi,org.plista.kornakapi.RegressionTest66,N/A,N/A,1,N/A,0.001,ERROR
javamop_kornakapi,org.plista.kornakapi.RegressionTest66,N/A,N/A,1,N/A,0.001,ERROR
javamop_kornakapi,org.plista.kornakapi.RegressionTest66,N/A,N/A,1,N/A,0.005,ERROR
javamop_kornakapi,org.plista.kornakapi.RegressionTest67,N/A,N/A,1,N/A,0.005,ERROR
javamop_kornakapi,org.plista.kornakapi.RegressionTest68,N/A,N/A,1,N/A,0.004,ERROR
javamop_kornakapi,org.plista.kornakapi.RegressionTest68,N/A,N/A,1,N/A,0.005,ERROR
javamop_kornakapi,org.plista.kornakapi.RegressionTest68,N/A,N/A,1,N/A,0.0,ERROR
javamop_kornakapi,org.plista.kornakapi.RegressionTest68,N/A,N/A,1,N/A,0.005,ERROR
javamop_kornakapi,org.plista.kornakapi.RegressionTest68,N/A,N/A,1,N/A,0.004,ERROR
javamop_kornakapi,org.plista.kornakapi.RegressionTest69,N/A,N/A,1,N/A,0.0,ERROR
javamop_kornakapi,org.plista.kornakapi.RegressionTest69,N/A,N/A,1,N/A,0.004,ERROR
javamop_kornakapi,org.plista.kornakapi.RegressionTest70,N/A,N/A,1,N/A,0.005,ERROR
javamop_kornakapi,org.plista.kornakapi.RegressionTest70,N/A,N/A,1,N/A,0.004,ERROR
javamop_kornakapi,org.plista.kornakapi.RegressionTest70,N/A,N/A,1,N/A,0.004,ERROR
javamop_kornakapi,org.plista.kornakapi.RegressionTest71,N/A,N/A,1,N/A,0.004,ERROR
javamop_kornakapi,org.plista.kornakapi.RegressionTest71,N/A,N/A,1,N/A,0.004,ERROR
javamop_kornakapi,org.plista.kornakapi.RegressionTest72,N/A,N/A,1,N/A,0.004,ERROR
javamop_kornakapi,org.plista.kornakapi.RegressionTest72,N/A,N/A,1,N/A,0.0,ERROR
javamop_kornakapi,org.plista.kornakapi.RegressionTest72,N/A,N/A,1,N/A,0.005,ERROR
javamop_kornakapi,org.plista.kornakapi.RegressionTest72,N/A,N/A,1,N/A,0.005,ERROR
javamop_kornakapi,org.plista.kornakapi.RegressionTest73,N/A,N/A,1,N/A,0.005,ERROR
javamop_kornakapi,org.plista.kornakapi.RegressionTest73,N/A,N/A,1,N/A,0.0,ERROR
javamop_kornakapi,org.plista.kornakapi.RegressionTest74,N/A,N/A,1,N/A,0.004,ERROR
javamop_kornakapi,org.plista.kornakapi.RegressionTest74,N/A,N/A,1,N/A,0.0,ERROR
javamop_kornakapi,org.plista.kornakapi.RegressionTest74,N/A,N/A,1,N/A,0.005,ERROR
javamop_kornakapi,org.plista.kornakapi.RegressionTest74,N/A,N/A,1,N/A,0.0,ERROR
javamop_kornakapi,org.plista.kornakapi.RegressionTest74,N/A,N/A,1,N/A,0.004,ERROR
javamop_kornakapi,org.plista.kornakapi.RegressionTest75,N/A,N/A,1,N/A,0.001,ERROR
javamop_kornakapi,org.plista.kornakapi.RegressionTest75,N/A,N/A,1,N/A,0.0,ERROR
javamop_kornakapi,org.plista.kornakapi.RegressionTest76,N/A,N/A,1,N/A,0.004,ERROR
javamop_kornakapi,org.plista.kornakapi.RegressionTest76,N/A,N/A,1,N/A,0.005,ERROR
javamop_kornakapi,org.plista.kornakapi.RegressionTest76,N/A,N/A,1,N/A,0.005,ERROR
javamop_kornakapi,org.plista.kornakapi.RegressionTest77,N/A,N/A,1,N/A,0.005,ERROR
javamop_kornakapi,org.plista.kornakapi.RegressionTest78,N/A,N/A,1,N/A,0.005,ERROR
javamop_kornakapi,null,2,0,2,0,0.0,FAILURE
Sum: 29.92000000000012
--------------------Execution: 8 -----------------------------------
javamop_kornakapi,null,39707,12,404,0,23.01,FAILURE
javamop_kornakapi,org.plista.kornakapi.RegressionTest0,N/A,N/A,1,N/A,3.528,ERROR
javamop_kornakapi,org.plista.kornakapi.RegressionTest0,N/A,N/A,1,N/A,0.022,ERROR
javamop_kornakapi,org.plista.kornakapi.RegressionTest0,N/A,N/A,1,N/A,0.014,ERROR
javamop_kornakapi,org.plista.kornakapi.RegressionTest0,N/A,N/A,1,N/A,0.015,ERROR
javamop_kornakapi,org.plista.kornakapi.RegressionTest0,N/A,N/A,1,N/A,0.012,ERROR
javamop_kornakapi,org.plista.kornakapi.RegressionTest0,N/A,N/A,1,N/A,0.011,ERROR
javamop_kornakapi,org.plista.kornakapi.RegressionTest0,N/A,N/A,1,N/A,0.012,ERROR
javamop_kornakapi,org.plista.kornakapi.RegressionTest0,N/A,N/A,1,N/A,0.013,ERROR
javamop_kornakapi,org.plista.kornakapi.RegressionTest0,N/A,N/A,1,N/A,0.011,ERROR
javamop_kornakapi,org.plista.kornakapi.RegressionTest0,N/A,N/A,1,N/A,0.008,ERROR
javamop_kornakapi,org.plista.kornakapi.RegressionTest0,N/A,N/A,1,N/A,0.011,ERROR
javamop_kornakapi,org.plista.kornakapi.RegressionTest0,N/A,N/A,1,N/A,0.009,ERROR
javamop_kornakapi,org.plista.kornakapi.RegressionTest0,N/A,N/A,1,N/A,0.102,ERROR
javamop_kornakapi,org.plista.kornakapi.RegressionTest0,N/A,N/A,1,N/A,0.012,ERROR
javamop_kornakapi,org.plista.kornakapi.RegressionTest0,N/A,N/A,1,N/A,0.01,ERROR
javamop_kornakapi,org.plista.kornakapi.RegressionTest0,N/A,N/A,1,N/A,0.012,ERROR
javamop_kornakapi,org.plista.kornakapi.RegressionTest0,N/A,N/A,1,N/A,0.011,ERROR
javamop_kornakapi,org.plista.kornakapi.RegressionTest0,N/A,N/A,1,N/A,0.01,ERROR
javamop_kornakapi,org.plista.kornakapi.RegressionTest0,N/A,N/A,1,N/A,0.0,ERROR
javamop_kornakapi,org.plista.kornakapi.RegressionTest0,N/A,N/A,1,N/A,0.01,ERROR
javamop_kornakapi,org.plista.kornakapi.RegressionTest0,N/A,N/A,1,N/A,0.026,ERROR
javamop_kornakapi,org.plista.kornakapi.RegressionTest0,N/A,N/A,1,N/A,0.009,ERROR
javamop_kornakapi,org.plista.kornakapi.RegressionTest1,N/A,N/A,1,N/A,0.002,ERROR
javamop_kornakapi,org.plista.kornakapi.RegressionTest1,N/A,N/A,1,N/A,0.0,ERROR
javamop_kornakapi,org.plista.kornakapi.RegressionTest1,N/A,N/A,1,N/A,0.0,ERROR
javamop_kornakapi,org.plista.kornakapi.RegressionTest1,N/A,N/A,1,N/A,0.0,ERROR
javamop_kornakapi,org.plista.kornakapi.RegressionTest1,N/A,N/A,1,N/A,0.008,ERROR
javamop_kornakapi,org.plista.kornakapi.RegressionTest1,N/A,N/A,1,N/A,0.01,ERROR
javamop_kornakapi,org.plista.kornakapi.RegressionTest1,N/A,N/A,1,N/A,0.012,ERROR
javamop_kornakapi,org.plista.kornakapi.RegressionTest1,N/A,N/A,1,N/A,0.0,ERROR
javamop_kornakapi,org.plista.kornakapi.RegressionTest1,N/A,N/A,1,N/A,0.0,ERROR
javamop_kornakapi,org.plista.kornakapi.RegressionTest1,N/A,N/A,1,N/A,0.01,ERROR
javamop_kornakapi,org.plista.kornakapi.RegressionTest1,N/A,N/A,1,N/A,0.012,ERROR
javamop_kornakapi,org.plista.kornakapi.RegressionTest1,N/A,N/A,1,N/A,0.012,ERROR
javamop_kornakapi,org.plista.kornakapi.RegressionTest1,N/A,N/A,1,N/A,0.01,ERROR
javamop_kornakapi,org.plista.kornakapi.RegressionTest1,N/A,N/A,1,N/A,0.012,ERROR
javamop_kornakapi,org.plista.kornakapi.RegressionTest1,N/A,N/A,1,N/A,0.011,ERROR
javamop_kornakapi,org.plista.kornakapi.RegressionTest1,N/A,N/A,1,N/A,0.008,ERROR
javamop_kornakapi,org.plista.kornakapi.RegressionTest1,N/A,N/A,1,N/A,0.009,ERROR
javamop_kornakapi,org.plista.kornakapi.RegressionTest1,N/A,N/A,1,N/A,0.002,ERROR
javamop_kornakapi,org.plista.kornakapi.RegressionTest2,N/A,N/A,1,N/A,0.01,ERROR
javamop_kornakapi,org.plista.kornakapi.RegressionTest2,N/A,N/A,1,N/A,0.0,ERROR
javamop_kornakapi,org.plista.kornakapi.RegressionTest2,N/A,N/A,1,N/A,0.009,ERROR
javamop_kornakapi,org.plista.kornakapi.RegressionTest2,N/A,N/A,1,N/A,0.011,ERROR
javamop_kornakapi,org.plista.kornakapi.RegressionTest2,N/A,N/A,1,N/A,0.01,ERROR
javamop_kornakapi,org.plista.kornakapi.RegressionTest2,N/A,N/A,1,N/A,0.01,ERROR
javamop_kornakapi,org.plista.kornakapi.RegressionTest2,N/A,N/A,1,N/A,0.009,ERROR
javamop_kornakapi,org.plista.kornakapi.RegressionTest2,N/A,N/A,1,N/A,0.01,ERROR
javamop_kornakapi,org.plista.kornakapi.RegressionTest2,N/A,N/A,1,N/A,0.0,ERROR
javamop_kornakapi,org.plista.kornakapi.RegressionTest2,N/A,N/A,1,N/A,0.0,ERROR
javamop_kornakapi,org.plista.kornakapi.RegressionTest2,N/A,N/A,1,N/A,0.01,ERROR
javamop_kornakapi,org.plista.kornakapi.RegressionTest2,N/A,N/A,1,N/A,0.009,ERROR
javamop_kornakapi,org.plista.kornakapi.RegressionTest2,N/A,N/A,1,N/A,0.001,ERROR
javamop_kornakapi,org.plista.kornakapi.RegressionTest2,N/A,N/A,1,N/A,0.008,ERROR
javamop_kornakapi,org.plista.kornakapi.RegressionTest2,N/A,N/A,1,N/A,0.008,ERROR
javamop_kornakapi,org.plista.kornakapi.RegressionTest2,N/A,N/A,1,N/A,0.001,ERROR
javamop_kornakapi,org.plista.kornakapi.RegressionTest3,N/A,N/A,1,N/A,0.01,ERROR
javamop_kornakapi,org.plista.kornakapi.RegressionTest3,N/A,N/A,1,N/A,0.006,ERROR
javamop_kornakapi,org.plista.kornakapi.RegressionTest3,N/A,N/A,1,N/A,0.0,ERROR
javamop_kornakapi,org.plista.kornakapi.RegressionTest3,N/A,N/A,1,N/A,0.009,ERROR
javamop_kornakapi,org.plista.kornakapi.RegressionTest3,N/A,N/A,1,N/A,0.0,ERROR
javamop_kornakapi,org.plista.kornakapi.RegressionTest3,N/A,N/A,1,N/A,0.009,ERROR
javamop_kornakapi,org.plista.kornakapi.RegressionTest3,N/A,N/A,1,N/A,0.007,ERROR
javamop_kornakapi,org.plista.kornakapi.RegressionTest3,N/A,N/A,1,N/A,0.008,ERROR
javamop_kornakapi,org.plista.kornakapi.RegressionTest3,N/A,N/A,1,N/A,0.007,ERROR
javamop_kornakapi,org.plista.kornakapi.RegressionTest3,N/A,N/A,1,N/A,0.008,ERROR
javamop_kornakapi,org.plista.kornakapi.RegressionTest3,N/A,N/A,1,N/A,0.006,ERROR
javamop_kornakapi,org.plista.kornakapi.RegressionTest3,N/A,N/A,1,N/A,0.009,ERROR
javamop_kornakapi,org.plista.kornakapi.RegressionTest3,N/A,N/A,1,N/A,0.042,ERROR
javamop_kornakapi,org.plista.kornakapi.RegressionTest4,N/A,N/A,1,N/A,0.0,ERROR
javamop_kornakapi,org.plista.kornakapi.RegressionTest4,N/A,N/A,1,N/A,0.007,ERROR
javamop_kornakapi,org.plista.kornakapi.RegressionTest4,N/A,N/A,1,N/A,0.008,ERROR
javamop_kornakapi,org.plista.kornakapi.RegressionTest4,N/A,N/A,1,N/A,0.008,ERROR
javamop_kornakapi,org.plista.kornakapi.RegressionTest4,N/A,N/A,1,N/A,0.007,ERROR
javamop_kornakapi,org.plista.kornakapi.RegressionTest4,N/A,N/A,1,N/A,0.008,ERROR
javamop_kornakapi,org.plista.kornakapi.RegressionTest4,N/A,N/A,1,N/A,0.007,ERROR
javamop_kornakapi,org.plista.kornakapi.RegressionTest5,N/A,N/A,1,N/A,0.008,ERROR
javamop_kornakapi,org.plista.kornakapi.RegressionTest5,N/A,N/A,1,N/A,0.007,ERROR
javamop_kornakapi,org.plista.kornakapi.RegressionTest5,N/A,N/A,1,N/A,0.008,ERROR
javamop_kornakapi,org.plista.kornakapi.RegressionTest5,N/A,N/A,1,N/A,0.008,ERROR
javamop_kornakapi,org.plista.kornakapi.RegressionTest5,N/A,N/A,1,N/A,0.006,ERROR
javamop_kornakapi,org.plista.kornakapi.RegressionTest5,N/A,N/A,1,N/A,0.011,ERROR
javamop_kornakapi,org.plista.kornakapi.RegressionTest5,N/A,N/A,1,N/A,0.007,ERROR
javamop_kornakapi,org.plista.kornakapi.RegressionTest5,N/A,N/A,1,N/A,0.009,ERROR
javamop_kornakapi,org.plista.kornakapi.RegressionTest5,N/A,N/A,1,N/A,0.006,ERROR
javamop_kornakapi,org.plista.kornakapi.RegressionTest5,N/A,N/A,1,N/A,0.001,ERROR
javamop_kornakapi,org.plista.kornakapi.RegressionTest6,N/A,N/A,1,N/A,0.008,ERROR
javamop_kornakapi,org.plista.kornakapi.RegressionTest6,N/A,N/A,1,N/A,0.006,ERROR
javamop_kornakapi,org.plista.kornakapi.RegressionTest6,N/A,N/A,1,N/A,0.006,ERROR
javamop_kornakapi,org.plista.kornakapi.RegressionTest6,N/A,N/A,1,N/A,0.008,ERROR
javamop_kornakapi,org.plista.kornakapi.RegressionTest6,N/A,N/A,1,N/A,0.0,ERROR
javamop_kornakapi,org.plista.kornakapi.RegressionTest6,N/A,N/A,1,N/A,0.008,ERROR
javamop_kornakapi,org.plista.kornakapi.RegressionTest6,N/A,N/A,1,N/A,0.008,ERROR
javamop_kornakapi,org.plista.kornakapi.RegressionTest7,N/A,N/A,1,N/A,0.001,ERROR
javamop_kornakapi,org.plista.kornakapi.RegressionTest7,N/A,N/A,1,N/A,0.008,ERROR
javamop_kornakapi,org.plista.kornakapi.RegressionTest7,N/A,N/A,1,N/A,0.007,ERROR
javamop_kornakapi,org.plista.kornakapi.RegressionTest7,N/A,N/A,1,N/A,0.007,ERROR
javamop_kornakapi,org.plista.kornakapi.RegressionTest7,N/A,N/A,1,N/A,0.006,ERROR
javamop_kornakapi,org.plista.kornakapi.RegressionTest7,N/A,N/A,1,N/A,0.006,ERROR
javamop_kornakapi,org.plista.kornakapi.RegressionTest7,N/A,N/A,1,N/A,0.008,ERROR
javamop_kornakapi,org.plista.kornakapi.RegressionTest7,N/A,N/A,1,N/A,0.0,ERROR
javamop_kornakapi,org.plista.kornakapi.RegressionTest8,N/A,N/A,1,N/A,0.0,ERROR
javamop_kornakapi,org.plista.kornakapi.RegressionTest8,N/A,N/A,1,N/A,0.006,ERROR
javamop_kornakapi,org.plista.kornakapi.RegressionTest8,N/A,N/A,1,N/A,0.007,ERROR
javamop_kornakapi,org.plista.kornakapi.RegressionTest8,N/A,N/A,1,N/A,0.006,ERROR
javamop_kornakapi,org.plista.kornakapi.RegressionTest8,N/A,N/A,1,N/A,0.007,ERROR
javamop_kornakapi,org.plista.kornakapi.RegressionTest8,N/A,N/A,1,N/A,0.006,ERROR
javamop_kornakapi,org.plista.kornakapi.RegressionTest8,N/A,N/A,1,N/A,0.006,ERROR
javamop_kornakapi,org.plista.kornakapi.RegressionTest8,N/A,N/A,1,N/A,0.006,ERROR
javamop_kornakapi,org.plista.kornakapi.RegressionTest8,N/A,N/A,1,N/A,0.0,ERROR
javamop_kornakapi,org.plista.kornakapi.RegressionTest8,N/A,N/A,1,N/A,0.006,ERROR
javamop_kornakapi,org.plista.kornakapi.RegressionTest8,N/A,N/A,1,N/A,0.008,ERROR
javamop_kornakapi,org.plista.kornakapi.RegressionTest9,N/A,N/A,1,N/A,0.001,ERROR
javamop_kornakapi,org.plista.kornakapi.RegressionTest9,N/A,N/A,1,N/A,0.001,ERROR
javamop_kornakapi,org.plista.kornakapi.RegressionTest9,N/A,N/A,1,N/A,0.0,ERROR
javamop_kornakapi,org.plista.kornakapi.RegressionTest9,N/A,N/A,1,N/A,0.008,ERROR
javamop_kornakapi,org.plista.kornakapi.RegressionTest9,N/A,N/A,1,N/A,0.006,ERROR
javamop_kornakapi,org.plista.kornakapi.RegressionTest9,N/A,N/A,1,N/A,0.006,ERROR
javamop_kornakapi,org.plista.kornakapi.RegressionTest9,N/A,N/A,1,N/A,0.006,ERROR
javamop_kornakapi,org.plista.kornakapi.RegressionTest9,N/A,N/A,1,N/A,0.006,ERROR
javamop_kornakapi,org.plista.kornakapi.RegressionTest9,N/A,N/A,1,N/A,0.006,ERROR
javamop_kornakapi,org.plista.kornakapi.RegressionTest10,N/A,N/A,1,N/A,0.007,ERROR
javamop_kornakapi,org.plista.kornakapi.RegressionTest10,N/A,N/A,1,N/A,0.006,ERROR
javamop_kornakapi,org.plista.kornakapi.RegressionTest10,N/A,N/A,1,N/A,0.007,ERROR
javamop_kornakapi,org.plista.kornakapi.RegressionTest10,N/A,N/A,1,N/A,0.006,ERROR
javamop_kornakapi,org.plista.kornakapi.RegressionTest10,N/A,N/A,1,N/A,0.006,ERROR
javamop_kornakapi,org.plista.kornakapi.RegressionTest10,N/A,N/A,1,N/A,0.006,ERROR
javamop_kornakapi,org.plista.kornakapi.RegressionTest10,N/A,N/A,1,N/A,0.006,ERROR
javamop_kornakapi,org.plista.kornakapi.RegressionTest10,N/A,N/A,1,N/A,0.0,ERROR
javamop_kornakapi,org.plista.kornakapi.RegressionTest10,N/A,N/A,1,N/A,0.006,ERROR
javamop_kornakapi,org.plista.kornakapi.RegressionTest11,N/A,N/A,1,N/A,0.007,ERROR
javamop_kornakapi,org.plista.kornakapi.RegressionTest11,N/A,N/A,1,N/A,0.0,ERROR
javamop_kornakapi,org.plista.kornakapi.RegressionTest11,N/A,N/A,1,N/A,0.006,ERROR
javamop_kornakapi,org.plista.kornakapi.RegressionTest11,N/A,N/A,1,N/A,0.008,ERROR
javamop_kornakapi,org.plista.kornakapi.RegressionTest11,N/A,N/A,1,N/A,0.006,ERROR
javamop_kornakapi,org.plista.kornakapi.RegressionTest12,N/A,N/A,1,N/A,0.001,ERROR
javamop_kornakapi,org.plista.kornakapi.RegressionTest12,N/A,N/A,1,N/A,0.006,ERROR
javamop_kornakapi,org.plista.kornakapi.RegressionTest12,N/A,N/A,1,N/A,0.007,ERROR
javamop_kornakapi,org.plista.kornakapi.RegressionTest12,N/A,N/A,1,N/A,0.006,ERROR
javamop_kornakapi,org.plista.kornakapi.RegressionTest12,N/A,N/A,1,N/A,0.007,ERROR
javamop_kornakapi,org.plista.kornakapi.RegressionTest13,N/A,N/A,1,N/A,0.006,ERROR
javamop_kornakapi,org.plista.kornakapi.RegressionTest13,N/A,N/A,1,N/A,0.008,ERROR
javamop_kornakapi,org.plista.kornakapi.RegressionTest13,N/A,N/A,1,N/A,0.007,ERROR
javamop_kornakapi,org.plista.kornakapi.RegressionTest13,N/A,N/A,1,N/A,0.001,ERROR
javamop_kornakapi,org.plista.kornakapi.RegressionTest13,N/A,N/A,1,N/A,0.007,ERROR
javamop_kornakapi,org.plista.kornakapi.RegressionTest13,N/A,N/A,1,N/A,0.006,ERROR
javamop_kornakapi,org.plista.kornakapi.RegressionTest14,N/A,N/A,1,N/A,0.007,ERROR
javamop_kornakapi,org.plista.kornakapi.RegressionTest14,N/A,N/A,1,N/A,0.007,ERROR
javamop_kornakapi,org.plista.kornakapi.RegressionTest14,N/A,N/A,1,N/A,0.007,ERROR
javamop_kornakapi,org.plista.kornakapi.RegressionTest14,N/A,N/A,1,N/A,0.007,ERROR
javamop_kornakapi,org.plista.kornakapi.RegressionTest14,N/A,N/A,1,N/A,0.006,ERROR
javamop_kornakapi,org.plista.kornakapi.RegressionTest14,N/A,N/A,1,N/A,0.007,ERROR
javamop_kornakapi,org.plista.kornakapi.RegressionTest15,N/A,N/A,1,N/A,0.0,ERROR
javamop_kornakapi,org.plista.kornakapi.RegressionTest15,N/A,N/A,1,N/A,0.008,ERROR
javamop_kornakapi,org.plista.kornakapi.RegressionTest15,N/A,N/A,1,N/A,0.008,ERROR
javamop_kornakapi,org.plista.kornakapi.RegressionTest15,N/A,N/A,1,N/A,0.009,ERROR
javamop_kornakapi,org.plista.kornakapi.RegressionTest15,N/A,N/A,1,N/A,0.008,ERROR
javamop_kornakapi,org.plista.kornakapi.RegressionTest15,N/A,N/A,1,N/A,0.006,ERROR
javamop_kornakapi,org.plista.kornakapi.RegressionTest15,N/A,N/A,1,N/A,0.007,ERROR
javamop_kornakapi,org.plista.kornakapi.RegressionTest15,N/A,N/A,1,N/A,0.007,ERROR
javamop_kornakapi,org.plista.kornakapi.RegressionTest16,N/A,N/A,1,N/A,0.007,ERROR
javamop_kornakapi,org.plista.kornakapi.RegressionTest16,N/A,N/A,1,N/A,0.007,ERROR
javamop_kornakapi,org.plista.kornakapi.RegressionTest16,N/A,N/A,1,N/A,0.007,ERROR
javamop_kornakapi,org.plista.kornakapi.RegressionTest16,N/A,N/A,1,N/A,0.0,ERROR
javamop_kornakapi,org.plista.kornakapi.RegressionTest16,N/A,N/A,1,N/A,0.001,ERROR
javamop_kornakapi,org.plista.kornakapi.RegressionTest16,N/A,N/A,1,N/A,0.008,ERROR
javamop_kornakapi,org.plista.kornakapi.RegressionTest16,N/A,N/A,1,N/A,0.0,ERROR
javamop_kornakapi,org.plista.kornakapi.RegressionTest16,N/A,N/A,1,N/A,0.007,ERROR
javamop_kornakapi,org.plista.kornakapi.RegressionTest17,N/A,N/A,1,N/A,0.007,ERROR
javamop_kornakapi,org.plista.kornakapi.RegressionTest17,N/A,N/A,1,N/A,0.006,ERROR
javamop_kornakapi,org.plista.kornakapi.RegressionTest17,N/A,N/A,1,N/A,0.001,ERROR
javamop_kornakapi,org.plista.kornakapi.RegressionTest17,N/A,N/A,1,N/A,0.005,ERROR
javamop_kornakapi,org.plista.kornakapi.RegressionTest17,N/A,N/A,1,N/A,0.0,ERROR
javamop_kornakapi,org.plista.kornakapi.RegressionTest17,N/A,N/A,1,N/A,0.024,ERROR
javamop_kornakapi,org.plista.kornakapi.RegressionTest17,N/A,N/A,1,N/A,0.006,ERROR
javamop_kornakapi,org.plista.kornakapi.RegressionTest18,N/A,N/A,1,N/A,0.007,ERROR
javamop_kornakapi,org.plista.kornakapi.RegressionTest18,N/A,N/A,1,N/A,0.006,ERROR
javamop_kornakapi,org.plista.kornakapi.RegressionTest18,N/A,N/A,1,N/A,0.0,ERROR
javamop_kornakapi,org.plista.kornakapi.RegressionTest18,N/A,N/A,1,N/A,0.007,ERROR
javamop_kornakapi,org.plista.kornakapi.RegressionTest19,N/A,N/A,1,N/A,0.005,ERROR
javamop_kornakapi,org.plista.kornakapi.RegressionTest19,N/A,N/A,1,N/A,0.006,ERROR
javamop_kornakapi,org.plista.kornakapi.RegressionTest19,N/A,N/A,1,N/A,0.0,ERROR
javamop_kornakapi,org.plista.kornakapi.RegressionTest19,N/A,N/A,1,N/A,0.006,ERROR
javamop_kornakapi,org.plista.kornakapi.RegressionTest19,N/A,N/A,1,N/A,0.007,ERROR
javamop_kornakapi,org.plista.kornakapi.RegressionTest19,N/A,N/A,1,N/A,0.007,ERROR
javamop_kornakapi,org.plista.kornakapi.RegressionTest19,N/A,N/A,1,N/A,0.008,ERROR
javamop_kornakapi,org.plista.kornakapi.RegressionTest19,N/A,N/A,1,N/A,0.007,ERROR
javamop_kornakapi,org.plista.kornakapi.RegressionTest19,N/A,N/A,1,N/A,0.007,ERROR
javamop_kornakapi,org.plista.kornakapi.RegressionTest20,N/A,N/A,1,N/A,0.006,ERROR
javamop_kornakapi,org.plista.kornakapi.RegressionTest20,N/A,N/A,1,N/A,0.001,ERROR
javamop_kornakapi,org.plista.kornakapi.RegressionTest20,N/A,N/A,1,N/A,0.007,ERROR
javamop_kornakapi,org.plista.kornakapi.RegressionTest20,N/A,N/A,1,N/A,0.001,ERROR
javamop_kornakapi,org.plista.kornakapi.RegressionTest21,N/A,N/A,1,N/A,0.001,ERROR
javamop_kornakapi,org.plista.kornakapi.RegressionTest21,N/A,N/A,1,N/A,0.006,ERROR
javamop_kornakapi,org.plista.kornakapi.RegressionTest21,N/A,N/A,1,N/A,0.006,ERROR
javamop_kornakapi,org.plista.kornakapi.RegressionTest21,N/A,N/A,1,N/A,0.007,ERROR
javamop_kornakapi,org.plista.kornakapi.RegressionTest21,N/A,N/A,1,N/A,0.006,ERROR
javamop_kornakapi,org.plista.kornakapi.RegressionTest21,N/A,N/A,1,N/A,0.007,ERROR
javamop_kornakapi,org.plista.kornakapi.RegressionTest21,N/A,N/A,1,N/A,0.007,ERROR
javamop_kornakapi,org.plista.kornakapi.RegressionTest21,N/A,N/A,1,N/A,0.006,ERROR
javamop_kornakapi,org.plista.kornakapi.RegressionTest22,N/A,N/A,1,N/A,0.001,ERROR
javamop_kornakapi,org.plista.kornakapi.RegressionTest22,N/A,N/A,1,N/A,0.006,ERROR
javamop_kornakapi,org.plista.kornakapi.RegressionTest22,N/A,N/A,1,N/A,0.008,ERROR
javamop_kornakapi,org.plista.kornakapi.RegressionTest22,N/A,N/A,1,N/A,0.006,ERROR
javamop_kornakapi,org.plista.kornakapi.RegressionTest23,N/A,N/A,1,N/A,0.0,ERROR
javamop_kornakapi,org.plista.kornakapi.RegressionTest23,N/A,N/A,1,N/A,0.006,ERROR
javamop_kornakapi,org.plista.kornakapi.RegressionTest23,N/A,N/A,1,N/A,0.0,ERROR
javamop_kornakapi,org.plista.kornakapi.RegressionTest23,N/A,N/A,1,N/A,0.007,ERROR
javamop_kornakapi,org.plista.kornakapi.RegressionTest23,N/A,N/A,1,N/A,0.007,ERROR
javamop_kornakapi,org.plista.kornakapi.RegressionTest23,N/A,N/A,1,N/A,0.006,ERROR
javamop_kornakapi,org.plista.kornakapi.RegressionTest24,N/A,N/A,1,N/A,0.001,ERROR
javamop_kornakapi,org.plista.kornakapi.RegressionTest24,N/A,N/A,1,N/A,0.007,ERROR
javamop_kornakapi,org.plista.kornakapi.RegressionTest24,N/A,N/A,1,N/A,0.007,ERROR
javamop_kornakapi,org.plista.kornakapi.RegressionTest24,N/A,N/A,1,N/A,0.007,ERROR
javamop_kornakapi,org.plista.kornakapi.RegressionTest25,N/A,N/A,1,N/A,0.007,ERROR
javamop_kornakapi,org.plista.kornakapi.RegressionTest25,N/A,N/A,1,N/A,0.0,ERROR
javamop_kornakapi,org.plista.kornakapi.RegressionTest25,N/A,N/A,1,N/A,0.008,ERROR
javamop_kornakapi,org.plista.kornakapi.RegressionTest25,N/A,N/A,1,N/A,0.001,ERROR
javamop_kornakapi,org.plista.kornakapi.RegressionTest25,N/A,N/A,1,N/A,0.006,ERROR
javamop_kornakapi,org.plista.kornakapi.RegressionTest25,N/A,N/A,1,N/A,0.008,ERROR
javamop_kornakapi,org.plista.kornakapi.RegressionTest25,N/A,N/A,1,N/A,0.006,ERROR
javamop_kornakapi,org.plista.kornakapi.RegressionTest25,N/A,N/A,1,N/A,0.007,ERROR
javamop_kornakapi,org.plista.kornakapi.RegressionTest25,N/A,N/A,1,N/A,0.006,ERROR
javamop_kornakapi,org.plista.kornakapi.RegressionTest26,N/A,N/A,1,N/A,0.005,ERROR
javamop_kornakapi,org.plista.kornakapi.RegressionTest26,N/A,N/A,1,N/A,0.001,ERROR
javamop_kornakapi,org.plista.kornakapi.RegressionTest26,N/A,N/A,1,N/A,0.006,ERROR
javamop_kornakapi,org.plista.kornakapi.RegressionTest26,N/A,N/A,1,N/A,0.001,ERROR
javamop_kornakapi,org.plista.kornakapi.RegressionTest26,N/A,N/A,1,N/A,0.005,ERROR
javamop_kornakapi,org.plista.kornakapi.RegressionTest26,N/A,N/A,1,N/A,0.006,ERROR
javamop_kornakapi,org.plista.kornakapi.RegressionTest26,N/A,N/A,1,N/A,0.006,ERROR
javamop_kornakapi,org.plista.kornakapi.RegressionTest27,N/A,N/A,1,N/A,0.007,ERROR
javamop_kornakapi,org.plista.kornakapi.RegressionTest27,N/A,N/A,1,N/A,0.008,ERROR
javamop_kornakapi,org.plista.kornakapi.RegressionTest27,N/A,N/A,1,N/A,0.006,ERROR
javamop_kornakapi,org.plista.kornakapi.RegressionTest27,N/A,N/A,1,N/A,0.007,ERROR
javamop_kornakapi,org.plista.kornakapi.RegressionTest27,N/A,N/A,1,N/A,0.006,ERROR
javamop_kornakapi,org.plista.kornakapi.RegressionTest28,N/A,N/A,1,N/A,0.006,ERROR
javamop_kornakapi,org.plista.kornakapi.RegressionTest28,N/A,N/A,1,N/A,0.006,ERROR
javamop_kornakapi,org.plista.kornakapi.RegressionTest28,N/A,N/A,1,N/A,0.006,ERROR
javamop_kornakapi,org.plista.kornakapi.RegressionTest29,N/A,N/A,1,N/A,0.005,ERROR
javamop_kornakapi,org.plista.kornakapi.RegressionTest29,N/A,N/A,1,N/A,0.006,ERROR
javamop_kornakapi,org.plista.kornakapi.RegressionTest29,N/A,N/A,1,N/A,0.005,ERROR
javamop_kornakapi,org.plista.kornakapi.RegressionTest29,N/A,N/A,1,N/A,0.005,ERROR
javamop_kornakapi,org.plista.kornakapi.RegressionTest29,N/A,N/A,1,N/A,0.006,ERROR
javamop_kornakapi,org.plista.kornakapi.RegressionTest29,N/A,N/A,1,N/A,0.005,ERROR
javamop_kornakapi,org.plista.kornakapi.RegressionTest29,N/A,N/A,1,N/A,0.005,ERROR
javamop_kornakapi,org.plista.kornakapi.RegressionTest30,N/A,N/A,1,N/A,0.005,ERROR
javamop_kornakapi,org.plista.kornakapi.RegressionTest30,N/A,N/A,1,N/A,0.0,ERROR
javamop_kornakapi,org.plista.kornakapi.RegressionTest30,N/A,N/A,1,N/A,0.005,ERROR
javamop_kornakapi,org.plista.kornakapi.RegressionTest31,N/A,N/A,1,N/A,0.0,ERROR
javamop_kornakapi,org.plista.kornakapi.RegressionTest31,N/A,N/A,1,N/A,0.0,ERROR
javamop_kornakapi,org.plista.kornakapi.RegressionTest31,N/A,N/A,1,N/A,0.001,ERROR
javamop_kornakapi,org.plista.kornakapi.RegressionTest32,N/A,N/A,1,N/A,0.005,ERROR
javamop_kornakapi,org.plista.kornakapi.RegressionTest33,N/A,N/A,1,N/A,0.006,ERROR
javamop_kornakapi,org.plista.kornakapi.RegressionTest33,N/A,N/A,1,N/A,0.005,ERROR
javamop_kornakapi,org.plista.kornakapi.RegressionTest33,N/A,N/A,1,N/A,0.005,ERROR
javamop_kornakapi,org.plista.kornakapi.RegressionTest33,N/A,N/A,1,N/A,0.0,ERROR
javamop_kornakapi,org.plista.kornakapi.RegressionTest33,N/A,N/A,1,N/A,0.005,ERROR
javamop_kornakapi,org.plista.kornakapi.RegressionTest33,N/A,N/A,1,N/A,0.005,ERROR
javamop_kornakapi,org.plista.kornakapi.RegressionTest34,N/A,N/A,1,N/A,0.005,ERROR
javamop_kornakapi,org.plista.kornakapi.RegressionTest34,N/A,N/A,1,N/A,0.005,ERROR
javamop_kornakapi,org.plista.kornakapi.RegressionTest34,N/A,N/A,1,N/A,0.005,ERROR
javamop_kornakapi,org.plista.kornakapi.RegressionTest34,N/A,N/A,1,N/A,0.005,ERROR
javamop_kornakapi,org.plista.kornakapi.RegressionTest35,N/A,N/A,1,N/A,0.006,ERROR
javamop_kornakapi,org.plista.kornakapi.RegressionTest35,N/A,N/A,1,N/A,0.006,ERROR
javamop_kornakapi,org.plista.kornakapi.RegressionTest35,N/A,N/A,1,N/A,0.006,ERROR
javamop_kornakapi,org.plista.kornakapi.RegressionTest35,N/A,N/A,1,N/A,0.005,ERROR
javamop_kornakapi,org.plista.kornakapi.RegressionTest36,N/A,N/A,1,N/A,0.005,ERROR
javamop_kornakapi,org.plista.kornakapi.RegressionTest37,N/A,N/A,1,N/A,0.005,ERROR
javamop_kornakapi,org.plista.kornakapi.RegressionTest37,N/A,N/A,1,N/A,0.005,ERROR
javamop_kornakapi,org.plista.kornakapi.RegressionTest37,N/A,N/A,1,N/A,0.005,ERROR
javamop_kornakapi,org.plista.kornakapi.RegressionTest37,N/A,N/A,1,N/A,0.005,ERROR
javamop_kornakapi,org.plista.kornakapi.RegressionTest38,N/A,N/A,1,N/A,0.005,ERROR
javamop_kornakapi,org.plista.kornakapi.RegressionTest38,N/A,N/A,1,N/A,0.005,ERROR
javamop_kornakapi,org.plista.kornakapi.RegressionTest39,N/A,N/A,1,N/A,0.0,ERROR
javamop_kornakapi,org.plista.kornakapi.RegressionTest39,N/A,N/A,1,N/A,0.005,ERROR
javamop_kornakapi,org.plista.kornakapi.RegressionTest40,N/A,N/A,1,N/A,0.005,ERROR
javamop_kornakapi,org.plista.kornakapi.RegressionTest40,N/A,N/A,1,N/A,0.005,ERROR
javamop_kornakapi,org.plista.kornakapi.RegressionTest40,N/A,N/A,1,N/A,0.005,ERROR
javamop_kornakapi,org.plista.kornakapi.RegressionTest40,N/A,N/A,1,N/A,0.005,ERROR
javamop_kornakapi,org.plista.kornakapi.RegressionTest40,N/A,N/A,1,N/A,0.005,ERROR
javamop_kornakapi,org.plista.kornakapi.RegressionTest40,N/A,N/A,1,N/A,0.005,ERROR
javamop_kornakapi,org.plista.kornakapi.RegressionTest40,N/A,N/A,1,N/A,0.005,ERROR
javamop_kornakapi,org.plista.kornakapi.RegressionTest41,N/A,N/A,1,N/A,0.0,ERROR
javamop_kornakapi,org.plista.kornakapi.RegressionTest41,N/A,N/A,1,N/A,0.005,ERROR
javamop_kornakapi,org.plista.kornakapi.RegressionTest42,N/A,N/A,1,N/A,0.005,ERROR
javamop_kornakapi,org.plista.kornakapi.RegressionTest42,N/A,N/A,1,N/A,0.006,ERROR
javamop_kornakapi,org.plista.kornakapi.RegressionTest42,N/A,N/A,1,N/A,0.005,ERROR
javamop_kornakapi,org.plista.kornakapi.RegressionTest42,N/A,N/A,1,N/A,0.004,ERROR
javamop_kornakapi,org.plista.kornakapi.RegressionTest42,N/A,N/A,1,N/A,0.005,ERROR
javamop_kornakapi,org.plista.kornakapi.RegressionTest42,N/A,N/A,1,N/A,0.005,ERROR
javamop_kornakapi,org.plista.kornakapi.RegressionTest43,N/A,N/A,1,N/A,0.005,ERROR
javamop_kornakapi,org.plista.kornakapi.RegressionTest43,N/A,N/A,1,N/A,0.005,ERROR
javamop_kornakapi,org.plista.kornakapi.RegressionTest43,N/A,N/A,1,N/A,0.004,ERROR
javamop_kornakapi,org.plista.kornakapi.RegressionTest44,N/A,N/A,1,N/A,0.005,ERROR
javamop_kornakapi,org.plista.kornakapi.RegressionTest44,N/A,N/A,1,N/A,0.005,ERROR
javamop_kornakapi,org.plista.kornakapi.RegressionTest44,N/A,N/A,1,N/A,0.004,ERROR
javamop_kornakapi,org.plista.kornakapi.RegressionTest45,N/A,N/A,1,N/A,0.0,ERROR
javamop_kornakapi,org.plista.kornakapi.RegressionTest45,N/A,N/A,1,N/A,0.005,ERROR
javamop_kornakapi,org.plista.kornakapi.RegressionTest45,N/A,N/A,1,N/A,0.005,ERROR
javamop_kornakapi,org.plista.kornakapi.RegressionTest45,N/A,N/A,1,N/A,0.001,ERROR
javamop_kornakapi,org.plista.kornakapi.RegressionTest45,N/A,N/A,1,N/A,0.005,ERROR
javamop_kornakapi,org.plista.kornakapi.RegressionTest45,N/A,N/A,1,N/A,0.001,ERROR
javamop_kornakapi,org.plista.kornakapi.RegressionTest46,N/A,N/A,1,N/A,0.004,ERROR
javamop_kornakapi,org.plista.kornakapi.RegressionTest46,N/A,N/A,1,N/A,0.0,ERROR
javamop_kornakapi,org.plista.kornakapi.RegressionTest46,N/A,N/A,1,N/A,0.0,ERROR
javamop_kornakapi,org.plista.kornakapi.RegressionTest46,N/A,N/A,1,N/A,0.007,ERROR
javamop_kornakapi,org.plista.kornakapi.RegressionTest47,N/A,N/A,1,N/A,0.005,ERROR
javamop_kornakapi,org.plista.kornakapi.RegressionTest47,N/A,N/A,1,N/A,0.001,ERROR
javamop_kornakapi,org.plista.kornakapi.RegressionTest48,N/A,N/A,1,N/A,0.005,ERROR
javamop_kornakapi,org.plista.kornakapi.RegressionTest48,N/A,N/A,1,N/A,0.005,ERROR
javamop_kornakapi,org.plista.kornakapi.RegressionTest48,N/A,N/A,1,N/A,0.005,ERROR
javamop_kornakapi,org.plista.kornakapi.RegressionTest49,N/A,N/A,1,N/A,0.001,ERROR
javamop_kornakapi,org.plista.kornakapi.RegressionTest49,N/A,N/A,1,N/A,0.005,ERROR
javamop_kornakapi,org.plista.kornakapi.RegressionTest49,N/A,N/A,1,N/A,0.0,ERROR
javamop_kornakapi,org.plista.kornakapi.RegressionTest49,N/A,N/A,1,N/A,0.005,ERROR
javamop_kornakapi,org.plista.kornakapi.RegressionTest49,N/A,N/A,1,N/A,0.0,ERROR
javamop_kornakapi,org.plista.kornakapi.RegressionTest49,N/A,N/A,1,N/A,0.0,ERROR
javamop_kornakapi,org.plista.kornakapi.RegressionTest50,N/A,N/A,1,N/A,0.005,ERROR
javamop_kornakapi,org.plista.kornakapi.RegressionTest50,N/A,N/A,1,N/A,0.005,ERROR
javamop_kornakapi,org.plista.kornakapi.RegressionTest50,N/A,N/A,1,N/A,0.0,ERROR
javamop_kornakapi,org.plista.kornakapi.RegressionTest50,N/A,N/A,1,N/A,0.0,ERROR
javamop_kornakapi,org.plista.kornakapi.RegressionTest51,N/A,N/A,1,N/A,0.005,ERROR
javamop_kornakapi,org.plista.kornakapi.RegressionTest51,N/A,N/A,1,N/A,0.005,ERROR
javamop_kornakapi,org.plista.kornakapi.RegressionTest51,N/A,N/A,1,N/A,0.005,ERROR
javamop_kornakapi,org.plista.kornakapi.RegressionTest52,N/A,N/A,1,N/A,0.005,ERROR
javamop_kornakapi,org.plista.kornakapi.RegressionTest52,N/A,N/A,1,N/A,0.006,ERROR
javamop_kornakapi,org.plista.kornakapi.RegressionTest52,N/A,N/A,1,N/A,0.005,ERROR
javamop_kornakapi,org.plista.kornakapi.RegressionTest52,N/A,N/A,1,N/A,0.005,ERROR
javamop_kornakapi,org.plista.kornakapi.RegressionTest54,N/A,N/A,1,N/A,0.005,ERROR
javamop_kornakapi,org.plista.kornakapi.RegressionTest54,N/A,N/A,1,N/A,0.008,ERROR
javamop_kornakapi,org.plista.kornakapi.RegressionTest54,N/A,N/A,1,N/A,0.007,ERROR
javamop_kornakapi,org.plista.kornakapi.RegressionTest54,N/A,N/A,1,N/A,0.007,ERROR
javamop_kornakapi,org.plista.kornakapi.RegressionTest54,N/A,N/A,1,N/A,0.0,ERROR
javamop_kornakapi,org.plista.kornakapi.RegressionTest54,N/A,N/A,1,N/A,0.0,ERROR
javamop_kornakapi,org.plista.kornakapi.RegressionTest55,N/A,N/A,1,N/A,0.001,ERROR
javamop_kornakapi,org.plista.kornakapi.RegressionTest55,N/A,N/A,1,N/A,0.005,ERROR
javamop_kornakapi,org.plista.kornakapi.RegressionTest55,N/A,N/A,1,N/A,0.005,ERROR
javamop_kornakapi,org.plista.kornakapi.RegressionTest55,N/A,N/A,1,N/A,0.005,ERROR
javamop_kornakapi,org.plista.kornakapi.RegressionTest56,N/A,N/A,1,N/A,0.005,ERROR
javamop_kornakapi,org.plista.kornakapi.RegressionTest56,N/A,N/A,1,N/A,0.001,ERROR
javamop_kornakapi,org.plista.kornakapi.RegressionTest56,N/A,N/A,1,N/A,0.004,ERROR
javamop_kornakapi,org.plista.kornakapi.RegressionTest57,N/A,N/A,1,N/A,0.005,ERROR
javamop_kornakapi,org.plista.kornakapi.RegressionTest57,N/A,N/A,1,N/A,0.005,ERROR
javamop_kornakapi,org.plista.kornakapi.RegressionTest57,N/A,N/A,1,N/A,0.001,ERROR
javamop_kornakapi,org.plista.kornakapi.RegressionTest58,N/A,N/A,1,N/A,0.005,ERROR
javamop_kornakapi,org.plista.kornakapi.RegressionTest58,N/A,N/A,1,N/A,0.005,ERROR
javamop_kornakapi,org.plista.kornakapi.RegressionTest58,N/A,N/A,1,N/A,0.0,ERROR
javamop_kornakapi,org.plista.kornakapi.RegressionTest58,N/A,N/A,1,N/A,0.0,ERROR
javamop_kornakapi,org.plista.kornakapi.RegressionTest59,N/A,N/A,1,N/A,0.004,ERROR
javamop_kornakapi,org.plista.kornakapi.RegressionTest59,N/A,N/A,1,N/A,0.005,ERROR
javamop_kornakapi,org.plista.kornakapi.RegressionTest59,N/A,N/A,1,N/A,0.005,ERROR
javamop_kornakapi,org.plista.kornakapi.RegressionTest59,N/A,N/A,1,N/A,0.005,ERROR
javamop_kornakapi,org.plista.kornakapi.RegressionTest61,N/A,N/A,1,N/A,0.005,ERROR
javamop_kornakapi,org.plista.kornakapi.RegressionTest61,N/A,N/A,1,N/A,0.005,ERROR
javamop_kornakapi,org.plista.kornakapi.RegressionTest61,N/A,N/A,1,N/A,0.005,ERROR
javamop_kornakapi,org.plista.kornakapi.RegressionTest61,N/A,N/A,1,N/A,0.005,ERROR
javamop_kornakapi,org.plista.kornakapi.RegressionTest61,N/A,N/A,1,N/A,0.005,ERROR
javamop_kornakapi,org.plista.kornakapi.RegressionTest61,N/A,N/A,1,N/A,0.001,ERROR
javamop_kornakapi,org.plista.kornakapi.RegressionTest62,N/A,N/A,1,N/A,0.004,ERROR
javamop_kornakapi,org.plista.kornakapi.RegressionTest62,N/A,N/A,1,N/A,0.005,ERROR
javamop_kornakapi,org.plista.kornakapi.RegressionTest62,N/A,N/A,1,N/A,0.004,ERROR
javamop_kornakapi,org.plista.kornakapi.RegressionTest62,N/A,N/A,1,N/A,0.005,ERROR
javamop_kornakapi,org.plista.kornakapi.RegressionTest63,N/A,N/A,1,N/A,0.005,ERROR
javamop_kornakapi,org.plista.kornakapi.RegressionTest63,N/A,N/A,1,N/A,0.004,ERROR
javamop_kornakapi,org.plista.kornakapi.RegressionTest63,N/A,N/A,1,N/A,0.005,ERROR
javamop_kornakapi,org.plista.kornakapi.RegressionTest63,N/A,N/A,1,N/A,0.005,ERROR
javamop_kornakapi,org.plista.kornakapi.RegressionTest64,N/A,N/A,1,N/A,0.005,ERROR
javamop_kornakapi,org.plista.kornakapi.RegressionTest64,N/A,N/A,1,N/A,0.005,ERROR
javamop_kornakapi,org.plista.kornakapi.RegressionTest65,N/A,N/A,1,N/A,0.005,ERROR
javamop_kornakapi,org.plista.kornakapi.RegressionTest65,N/A,N/A,1,N/A,0.004,ERROR
javamop_kornakapi,org.plista.kornakapi.RegressionTest66,N/A,N/A,1,N/A,0.001,ERROR
javamop_kornakapi,org.plista.kornakapi.RegressionTest66,N/A,N/A,1,N/A,0.0,ERROR
javamop_kornakapi,org.plista.kornakapi.RegressionTest66,N/A,N/A,1,N/A,0.005,ERROR
javamop_kornakapi,org.plista.kornakapi.RegressionTest67,N/A,N/A,1,N/A,0.006,ERROR
javamop_kornakapi,org.plista.kornakapi.RegressionTest68,N/A,N/A,1,N/A,0.005,ERROR
javamop_kornakapi,org.plista.kornakapi.RegressionTest68,N/A,N/A,1,N/A,0.005,ERROR
javamop_kornakapi,org.plista.kornakapi.RegressionTest68,N/A,N/A,1,N/A,0.0,ERROR
javamop_kornakapi,org.plista.kornakapi.RegressionTest68,N/A,N/A,1,N/A,0.006,ERROR
javamop_kornakapi,org.plista.kornakapi.RegressionTest68,N/A,N/A,1,N/A,0.005,ERROR
javamop_kornakapi,org.plista.kornakapi.RegressionTest69,N/A,N/A,1,N/A,0.0,ERROR
javamop_kornakapi,org.plista.kornakapi.RegressionTest69,N/A,N/A,1,N/A,0.005,ERROR
javamop_kornakapi,org.plista.kornakapi.RegressionTest70,N/A,N/A,1,N/A,0.006,ERROR
javamop_kornakapi,org.plista.kornakapi.RegressionTest70,N/A,N/A,1,N/A,0.005,ERROR
javamop_kornakapi,org.plista.kornakapi.RegressionTest70,N/A,N/A,1,N/A,0.005,ERROR
javamop_kornakapi,org.plista.kornakapi.RegressionTest71,N/A,N/A,1,N/A,0.0,ERROR
javamop_kornakapi,org.plista.kornakapi.RegressionTest71,N/A,N/A,1,N/A,0.005,ERROR
javamop_kornakapi,org.plista.kornakapi.RegressionTest72,N/A,N/A,1,N/A,0.005,ERROR
javamop_kornakapi,org.plista.kornakapi.RegressionTest72,N/A,N/A,1,N/A,0.0,ERROR
javamop_kornakapi,org.plista.kornakapi.RegressionTest72,N/A,N/A,1,N/A,0.005,ERROR
javamop_kornakapi,org.plista.kornakapi.RegressionTest72,N/A,N/A,1,N/A,0.005,ERROR
javamop_kornakapi,org.plista.kornakapi.RegressionTest73,N/A,N/A,1,N/A,0.005,ERROR
javamop_kornakapi,org.plista.kornakapi.RegressionTest73,N/A,N/A,1,N/A,0.001,ERROR
javamop_kornakapi,org.plista.kornakapi.RegressionTest74,N/A,N/A,1,N/A,0.005,ERROR
javamop_kornakapi,org.plista.kornakapi.RegressionTest74,N/A,N/A,1,N/A,0.001,ERROR
javamop_kornakapi,org.plista.kornakapi.RegressionTest74,N/A,N/A,1,N/A,0.005,ERROR
javamop_kornakapi,org.plista.kornakapi.RegressionTest74,N/A,N/A,1,N/A,0.0,ERROR
javamop_kornakapi,org.plista.kornakapi.RegressionTest74,N/A,N/A,1,N/A,0.005,ERROR
javamop_kornakapi,org.plista.kornakapi.RegressionTest75,N/A,N/A,1,N/A,0.0,ERROR
javamop_kornakapi,org.plista.kornakapi.RegressionTest75,N/A,N/A,1,N/A,0.001,ERROR
javamop_kornakapi,org.plista.kornakapi.RegressionTest76,N/A,N/A,1,N/A,0.005,ERROR
javamop_kornakapi,org.plista.kornakapi.RegressionTest76,N/A,N/A,1,N/A,0.005,ERROR
javamop_kornakapi,org.plista.kornakapi.RegressionTest76,N/A,N/A,1,N/A,0.005,ERROR
javamop_kornakapi,org.plista.kornakapi.RegressionTest77,N/A,N/A,1,N/A,0.005,ERROR
javamop_kornakapi,org.plista.kornakapi.RegressionTest78,N/A,N/A,1,N/A,0.005,ERROR
javamop_kornakapi,null,2,0,2,0,0.001,FAILURE
Sum: 28.84100000000003
--------------------Execution: 9 -----------------------------------
javamop_kornakapi,null,39707,12,404,0,24.35,FAILURE
javamop_kornakapi,org.plista.kornakapi.RegressionTest0,N/A,N/A,1,N/A,4.103,ERROR
javamop_kornakapi,org.plista.kornakapi.RegressionTest0,N/A,N/A,1,N/A,0.02,ERROR
javamop_kornakapi,org.plista.kornakapi.RegressionTest0,N/A,N/A,1,N/A,0.014,ERROR
javamop_kornakapi,org.plista.kornakapi.RegressionTest0,N/A,N/A,1,N/A,0.015,ERROR
javamop_kornakapi,org.plista.kornakapi.RegressionTest0,N/A,N/A,1,N/A,0.012,ERROR
javamop_kornakapi,org.plista.kornakapi.RegressionTest0,N/A,N/A,1,N/A,0.01,ERROR
javamop_kornakapi,org.plista.kornakapi.RegressionTest0,N/A,N/A,1,N/A,0.013,ERROR
javamop_kornakapi,org.plista.kornakapi.RegressionTest0,N/A,N/A,1,N/A,0.013,ERROR
javamop_kornakapi,org.plista.kornakapi.RegressionTest0,N/A,N/A,1,N/A,0.014,ERROR
javamop_kornakapi,org.plista.kornakapi.RegressionTest0,N/A,N/A,1,N/A,0.011,ERROR
javamop_kornakapi,org.plista.kornakapi.RegressionTest0,N/A,N/A,1,N/A,0.016,ERROR
javamop_kornakapi,org.plista.kornakapi.RegressionTest0,N/A,N/A,1,N/A,0.013,ERROR
javamop_kornakapi,org.plista.kornakapi.RegressionTest0,N/A,N/A,1,N/A,0.127,ERROR
javamop_kornakapi,org.plista.kornakapi.RegressionTest0,N/A,N/A,1,N/A,0.012,ERROR
javamop_kornakapi,org.plista.kornakapi.RegressionTest0,N/A,N/A,1,N/A,0.01,ERROR
javamop_kornakapi,org.plista.kornakapi.RegressionTest0,N/A,N/A,1,N/A,0.013,ERROR
javamop_kornakapi,org.plista.kornakapi.RegressionTest0,N/A,N/A,1,N/A,0.012,ERROR
javamop_kornakapi,org.plista.kornakapi.RegressionTest0,N/A,N/A,1,N/A,0.012,ERROR
javamop_kornakapi,org.plista.kornakapi.RegressionTest0,N/A,N/A,1,N/A,0.009,ERROR
javamop_kornakapi,org.plista.kornakapi.RegressionTest0,N/A,N/A,1,N/A,0.012,ERROR
javamop_kornakapi,org.plista.kornakapi.RegressionTest0,N/A,N/A,1,N/A,0.013,ERROR
javamop_kornakapi,org.plista.kornakapi.RegressionTest0,N/A,N/A,1,N/A,0.012,ERROR
javamop_kornakapi,org.plista.kornakapi.RegressionTest1,N/A,N/A,1,N/A,0.003,ERROR
javamop_kornakapi,org.plista.kornakapi.RegressionTest1,N/A,N/A,1,N/A,0.001,ERROR
javamop_kornakapi,org.plista.kornakapi.RegressionTest1,N/A,N/A,1,N/A,0.003,ERROR
javamop_kornakapi,org.plista.kornakapi.RegressionTest1,N/A,N/A,1,N/A,0.001,ERROR
javamop_kornakapi,org.plista.kornakapi.RegressionTest1,N/A,N/A,1,N/A,0.032,ERROR
javamop_kornakapi,org.plista.kornakapi.RegressionTest1,N/A,N/A,1,N/A,0.012,ERROR
javamop_kornakapi,org.plista.kornakapi.RegressionTest1,N/A,N/A,1,N/A,0.022,ERROR
javamop_kornakapi,org.plista.kornakapi.RegressionTest1,N/A,N/A,1,N/A,0.001,ERROR
javamop_kornakapi,org.plista.kornakapi.RegressionTest1,N/A,N/A,1,N/A,0.016,ERROR
javamop_kornakapi,org.plista.kornakapi.RegressionTest1,N/A,N/A,1,N/A,0.004,ERROR
javamop_kornakapi,org.plista.kornakapi.RegressionTest1,N/A,N/A,1,N/A,0.01,ERROR
javamop_kornakapi,org.plista.kornakapi.RegressionTest1,N/A,N/A,1,N/A,0.012,ERROR
javamop_kornakapi,org.plista.kornakapi.RegressionTest1,N/A,N/A,1,N/A,0.012,ERROR
javamop_kornakapi,org.plista.kornakapi.RegressionTest1,N/A,N/A,1,N/A,0.013,ERROR
javamop_kornakapi,org.plista.kornakapi.RegressionTest1,N/A,N/A,1,N/A,0.012,ERROR
javamop_kornakapi,org.plista.kornakapi.RegressionTest1,N/A,N/A,1,N/A,0.015,ERROR
javamop_kornakapi,org.plista.kornakapi.RegressionTest1,N/A,N/A,1,N/A,0.014,ERROR
javamop_kornakapi,org.plista.kornakapi.RegressionTest1,N/A,N/A,1,N/A,0.001,ERROR
javamop_kornakapi,org.plista.kornakapi.RegressionTest2,N/A,N/A,1,N/A,0.009,ERROR
javamop_kornakapi,org.plista.kornakapi.RegressionTest2,N/A,N/A,1,N/A,0.001,ERROR
javamop_kornakapi,org.plista.kornakapi.RegressionTest2,N/A,N/A,1,N/A,0.013,ERROR
javamop_kornakapi,org.plista.kornakapi.RegressionTest2,N/A,N/A,1,N/A,0.012,ERROR
javamop_kornakapi,org.plista.kornakapi.RegressionTest2,N/A,N/A,1,N/A,0.012,ERROR
javamop_kornakapi,org.plista.kornakapi.RegressionTest2,N/A,N/A,1,N/A,0.011,ERROR
javamop_kornakapi,org.plista.kornakapi.RegressionTest2,N/A,N/A,1,N/A,0.011,ERROR
javamop_kornakapi,org.plista.kornakapi.RegressionTest2,N/A,N/A,1,N/A,0.011,ERROR
javamop_kornakapi,org.plista.kornakapi.RegressionTest2,N/A,N/A,1,N/A,0.0,ERROR
javamop_kornakapi,org.plista.kornakapi.RegressionTest2,N/A,N/A,1,N/A,0.0,ERROR
javamop_kornakapi,org.plista.kornakapi.RegressionTest2,N/A,N/A,1,N/A,0.011,ERROR
javamop_kornakapi,org.plista.kornakapi.RegressionTest2,N/A,N/A,1,N/A,0.008,ERROR
javamop_kornakapi,org.plista.kornakapi.RegressionTest2,N/A,N/A,1,N/A,0.001,ERROR
javamop_kornakapi,org.plista.kornakapi.RegressionTest2,N/A,N/A,1,N/A,0.01,ERROR
javamop_kornakapi,org.plista.kornakapi.RegressionTest2,N/A,N/A,1,N/A,0.009,ERROR
javamop_kornakapi,org.plista.kornakapi.RegressionTest2,N/A,N/A,1,N/A,0.001,ERROR
javamop_kornakapi,org.plista.kornakapi.RegressionTest3,N/A,N/A,1,N/A,0.012,ERROR
javamop_kornakapi,org.plista.kornakapi.RegressionTest3,N/A,N/A,1,N/A,0.009,ERROR
javamop_kornakapi,org.plista.kornakapi.RegressionTest3,N/A,N/A,1,N/A,0.001,ERROR
javamop_kornakapi,org.plista.kornakapi.RegressionTest3,N/A,N/A,1,N/A,0.01,ERROR
javamop_kornakapi,org.plista.kornakapi.RegressionTest3,N/A,N/A,1,N/A,0.0,ERROR
javamop_kornakapi,org.plista.kornakapi.RegressionTest3,N/A,N/A,1,N/A,0.009,ERROR
javamop_kornakapi,org.plista.kornakapi.RegressionTest3,N/A,N/A,1,N/A,0.013,ERROR
javamop_kornakapi,org.plista.kornakapi.RegressionTest3,N/A,N/A,1,N/A,0.01,ERROR
javamop_kornakapi,org.plista.kornakapi.RegressionTest3,N/A,N/A,1,N/A,0.009,ERROR
javamop_kornakapi,org.plista.kornakapi.RegressionTest3,N/A,N/A,1,N/A,0.011,ERROR
javamop_kornakapi,org.plista.kornakapi.RegressionTest3,N/A,N/A,1,N/A,0.009,ERROR
javamop_kornakapi,org.plista.kornakapi.RegressionTest3,N/A,N/A,1,N/A,0.008,ERROR
javamop_kornakapi,org.plista.kornakapi.RegressionTest3,N/A,N/A,1,N/A,0.031,ERROR
javamop_kornakapi,org.plista.kornakapi.RegressionTest4,N/A,N/A,1,N/A,0.006,ERROR
javamop_kornakapi,org.plista.kornakapi.RegressionTest4,N/A,N/A,1,N/A,0.007,ERROR
javamop_kornakapi,org.plista.kornakapi.RegressionTest4,N/A,N/A,1,N/A,0.008,ERROR
javamop_kornakapi,org.plista.kornakapi.RegressionTest4,N/A,N/A,1,N/A,0.015,ERROR
javamop_kornakapi,org.plista.kornakapi.RegressionTest4,N/A,N/A,1,N/A,0.007,ERROR
javamop_kornakapi,org.plista.kornakapi.RegressionTest4,N/A,N/A,1,N/A,0.006,ERROR
javamop_kornakapi,org.plista.kornakapi.RegressionTest4,N/A,N/A,1,N/A,0.007,ERROR
javamop_kornakapi,org.plista.kornakapi.RegressionTest5,N/A,N/A,1,N/A,0.007,ERROR
javamop_kornakapi,org.plista.kornakapi.RegressionTest5,N/A,N/A,1,N/A,0.007,ERROR
javamop_kornakapi,org.plista.kornakapi.RegressionTest5,N/A,N/A,1,N/A,0.006,ERROR
javamop_kornakapi,org.plista.kornakapi.RegressionTest5,N/A,N/A,1,N/A,0.005,ERROR
javamop_kornakapi,org.plista.kornakapi.RegressionTest5,N/A,N/A,1,N/A,0.006,ERROR
javamop_kornakapi,org.plista.kornakapi.RegressionTest5,N/A,N/A,1,N/A,0.008,ERROR
javamop_kornakapi,org.plista.kornakapi.RegressionTest5,N/A,N/A,1,N/A,0.008,ERROR
javamop_kornakapi,org.plista.kornakapi.RegressionTest5,N/A,N/A,1,N/A,0.007,ERROR
javamop_kornakapi,org.plista.kornakapi.RegressionTest5,N/A,N/A,1,N/A,0.01,ERROR
javamop_kornakapi,org.plista.kornakapi.RegressionTest5,N/A,N/A,1,N/A,0.0,ERROR
javamop_kornakapi,org.plista.kornakapi.RegressionTest6,N/A,N/A,1,N/A,0.006,ERROR
javamop_kornakapi,org.plista.kornakapi.RegressionTest6,N/A,N/A,1,N/A,0.006,ERROR
javamop_kornakapi,org.plista.kornakapi.RegressionTest6,N/A,N/A,1,N/A,0.007,ERROR
javamop_kornakapi,org.plista.kornakapi.RegressionTest6,N/A,N/A,1,N/A,0.008,ERROR
javamop_kornakapi,org.plista.kornakapi.RegressionTest6,N/A,N/A,1,N/A,0.001,ERROR
javamop_kornakapi,org.plista.kornakapi.RegressionTest6,N/A,N/A,1,N/A,0.0,ERROR
javamop_kornakapi,org.plista.kornakapi.RegressionTest6,N/A,N/A,1,N/A,0.008,ERROR
javamop_kornakapi,org.plista.kornakapi.RegressionTest7,N/A,N/A,1,N/A,0.001,ERROR
javamop_kornakapi,org.plista.kornakapi.RegressionTest7,N/A,N/A,1,N/A,0.008,ERROR
javamop_kornakapi,org.plista.kornakapi.RegressionTest7,N/A,N/A,1,N/A,0.008,ERROR
javamop_kornakapi,org.plista.kornakapi.RegressionTest7,N/A,N/A,1,N/A,0.007,ERROR
javamop_kornakapi,org.plista.kornakapi.RegressionTest7,N/A,N/A,1,N/A,0.006,ERROR
javamop_kornakapi,org.plista.kornakapi.RegressionTest7,N/A,N/A,1,N/A,0.007,ERROR
javamop_kornakapi,org.plista.kornakapi.RegressionTest7,N/A,N/A,1,N/A,0.007,ERROR
javamop_kornakapi,org.plista.kornakapi.RegressionTest7,N/A,N/A,1,N/A,0.001,ERROR
javamop_kornakapi,org.plista.kornakapi.RegressionTest8,N/A,N/A,1,N/A,0.001,ERROR
javamop_kornakapi,org.plista.kornakapi.RegressionTest8,N/A,N/A,1,N/A,0.006,ERROR
javamop_kornakapi,org.plista.kornakapi.RegressionTest8,N/A,N/A,1,N/A,0.006,ERROR
javamop_kornakapi,org.plista.kornakapi.RegressionTest8,N/A,N/A,1,N/A,0.006,ERROR
javamop_kornakapi,org.plista.kornakapi.RegressionTest8,N/A,N/A,1,N/A,0.006,ERROR
javamop_kornakapi,org.plista.kornakapi.RegressionTest8,N/A,N/A,1,N/A,0.007,ERROR
javamop_kornakapi,org.plista.kornakapi.RegressionTest8,N/A,N/A,1,N/A,0.005,ERROR
javamop_kornakapi,org.plista.kornakapi.RegressionTest8,N/A,N/A,1,N/A,0.007,ERROR
javamop_kornakapi,org.plista.kornakapi.RegressionTest8,N/A,N/A,1,N/A,0.001,ERROR
javamop_kornakapi,org.plista.kornakapi.RegressionTest8,N/A,N/A,1,N/A,0.006,ERROR
javamop_kornakapi,org.plista.kornakapi.RegressionTest8,N/A,N/A,1,N/A,0.008,ERROR
javamop_kornakapi,org.plista.kornakapi.RegressionTest9,N/A,N/A,1,N/A,0.001,ERROR
javamop_kornakapi,org.plista.kornakapi.RegressionTest9,N/A,N/A,1,N/A,0.001,ERROR
javamop_kornakapi,org.plista.kornakapi.RegressionTest9,N/A,N/A,1,N/A,0.0,ERROR
javamop_kornakapi,org.plista.kornakapi.RegressionTest9,N/A,N/A,1,N/A,0.007,ERROR
javamop_kornakapi,org.plista.kornakapi.RegressionTest9,N/A,N/A,1,N/A,0.006,ERROR
javamop_kornakapi,org.plista.kornakapi.RegressionTest9,N/A,N/A,1,N/A,0.006,ERROR
javamop_kornakapi,org.plista.kornakapi.RegressionTest9,N/A,N/A,1,N/A,0.006,ERROR
javamop_kornakapi,org.plista.kornakapi.RegressionTest9,N/A,N/A,1,N/A,0.007,ERROR
javamop_kornakapi,org.plista.kornakapi.RegressionTest9,N/A,N/A,1,N/A,0.006,ERROR
javamop_kornakapi,org.plista.kornakapi.RegressionTest10,N/A,N/A,1,N/A,0.006,ERROR
javamop_kornakapi,org.plista.kornakapi.RegressionTest10,N/A,N/A,1,N/A,0.006,ERROR
javamop_kornakapi,org.plista.kornakapi.RegressionTest10,N/A,N/A,1,N/A,0.006,ERROR
javamop_kornakapi,org.plista.kornakapi.RegressionTest10,N/A,N/A,1,N/A,0.007,ERROR
javamop_kornakapi,org.plista.kornakapi.RegressionTest10,N/A,N/A,1,N/A,0.008,ERROR
javamop_kornakapi,org.plista.kornakapi.RegressionTest10,N/A,N/A,1,N/A,0.008,ERROR
javamop_kornakapi,org.plista.kornakapi.RegressionTest10,N/A,N/A,1,N/A,0.006,ERROR
javamop_kornakapi,org.plista.kornakapi.RegressionTest10,N/A,N/A,1,N/A,0.001,ERROR
javamop_kornakapi,org.plista.kornakapi.RegressionTest10,N/A,N/A,1,N/A,0.006,ERROR
javamop_kornakapi,org.plista.kornakapi.RegressionTest11,N/A,N/A,1,N/A,0.009,ERROR
javamop_kornakapi,org.plista.kornakapi.RegressionTest11,N/A,N/A,1,N/A,0.001,ERROR
javamop_kornakapi,org.plista.kornakapi.RegressionTest11,N/A,N/A,1,N/A,0.007,ERROR
javamop_kornakapi,org.plista.kornakapi.RegressionTest11,N/A,N/A,1,N/A,0.009,ERROR
javamop_kornakapi,org.plista.kornakapi.RegressionTest11,N/A,N/A,1,N/A,0.007,ERROR
javamop_kornakapi,org.plista.kornakapi.RegressionTest12,N/A,N/A,1,N/A,0.0,ERROR
javamop_kornakapi,org.plista.kornakapi.RegressionTest12,N/A,N/A,1,N/A,0.007,ERROR
javamop_kornakapi,org.plista.kornakapi.RegressionTest12,N/A,N/A,1,N/A,0.008,ERROR
javamop_kornakapi,org.plista.kornakapi.RegressionTest12,N/A,N/A,1,N/A,0.007,ERROR
javamop_kornakapi,org.plista.kornakapi.RegressionTest12,N/A,N/A,1,N/A,0.008,ERROR
javamop_kornakapi,org.plista.kornakapi.RegressionTest13,N/A,N/A,1,N/A,0.009,ERROR
javamop_kornakapi,org.plista.kornakapi.RegressionTest13,N/A,N/A,1,N/A,0.007,ERROR
javamop_kornakapi,org.plista.kornakapi.RegressionTest13,N/A,N/A,1,N/A,0.008,ERROR
javamop_kornakapi,org.plista.kornakapi.RegressionTest13,N/A,N/A,1,N/A,0.001,ERROR
javamop_kornakapi,org.plista.kornakapi.RegressionTest13,N/A,N/A,1,N/A,0.007,ERROR
javamop_kornakapi,org.plista.kornakapi.RegressionTest13,N/A,N/A,1,N/A,0.008,ERROR
javamop_kornakapi,org.plista.kornakapi.RegressionTest14,N/A,N/A,1,N/A,0.008,ERROR
javamop_kornakapi,org.plista.kornakapi.RegressionTest14,N/A,N/A,1,N/A,0.007,ERROR
javamop_kornakapi,org.plista.kornakapi.RegressionTest14,N/A,N/A,1,N/A,0.007,ERROR
javamop_kornakapi,org.plista.kornakapi.RegressionTest14,N/A,N/A,1,N/A,0.007,ERROR
javamop_kornakapi,org.plista.kornakapi.RegressionTest14,N/A,N/A,1,N/A,0.007,ERROR
javamop_kornakapi,org.plista.kornakapi.RegressionTest14,N/A,N/A,1,N/A,0.006,ERROR
javamop_kornakapi,org.plista.kornakapi.RegressionTest15,N/A,N/A,1,N/A,0.001,ERROR
javamop_kornakapi,org.plista.kornakapi.RegressionTest15,N/A,N/A,1,N/A,0.008,ERROR
javamop_kornakapi,org.plista.kornakapi.RegressionTest15,N/A,N/A,1,N/A,0.008,ERROR
javamop_kornakapi,org.plista.kornakapi.RegressionTest15,N/A,N/A,1,N/A,0.007,ERROR
javamop_kornakapi,org.plista.kornakapi.RegressionTest15,N/A,N/A,1,N/A,0.006,ERROR
javamop_kornakapi,org.plista.kornakapi.RegressionTest15,N/A,N/A,1,N/A,0.008,ERROR
javamop_kornakapi,org.plista.kornakapi.RegressionTest15,N/A,N/A,1,N/A,0.008,ERROR
javamop_kornakapi,org.plista.kornakapi.RegressionTest15,N/A,N/A,1,N/A,0.007,ERROR
javamop_kornakapi,org.plista.kornakapi.RegressionTest16,N/A,N/A,1,N/A,0.007,ERROR
javamop_kornakapi,org.plista.kornakapi.RegressionTest16,N/A,N/A,1,N/A,0.007,ERROR
javamop_kornakapi,org.plista.kornakapi.RegressionTest16,N/A,N/A,1,N/A,0.008,ERROR
javamop_kornakapi,org.plista.kornakapi.RegressionTest16,N/A,N/A,1,N/A,0.001,ERROR
javamop_kornakapi,org.plista.kornakapi.RegressionTest16,N/A,N/A,1,N/A,0.001,ERROR
javamop_kornakapi,org.plista.kornakapi.RegressionTest16,N/A,N/A,1,N/A,0.007,ERROR
javamop_kornakapi,org.plista.kornakapi.RegressionTest16,N/A,N/A,1,N/A,0.0,ERROR
javamop_kornakapi,org.plista.kornakapi.RegressionTest16,N/A,N/A,1,N/A,0.007,ERROR
javamop_kornakapi,org.plista.kornakapi.RegressionTest17,N/A,N/A,1,N/A,0.008,ERROR
javamop_kornakapi,org.plista.kornakapi.RegressionTest17,N/A,N/A,1,N/A,0.007,ERROR
javamop_kornakapi,org.plista.kornakapi.RegressionTest17,N/A,N/A,1,N/A,0.001,ERROR
javamop_kornakapi,org.plista.kornakapi.RegressionTest17,N/A,N/A,1,N/A,0.008,ERROR
javamop_kornakapi,org.plista.kornakapi.RegressionTest17,N/A,N/A,1,N/A,0.001,ERROR
javamop_kornakapi,org.plista.kornakapi.RegressionTest17,N/A,N/A,1,N/A,0.007,ERROR
javamop_kornakapi,org.plista.kornakapi.RegressionTest17,N/A,N/A,1,N/A,0.007,ERROR
javamop_kornakapi,org.plista.kornakapi.RegressionTest18,N/A,N/A,1,N/A,0.008,ERROR
javamop_kornakapi,org.plista.kornakapi.RegressionTest18,N/A,N/A,1,N/A,0.007,ERROR
javamop_kornakapi,org.plista.kornakapi.RegressionTest18,N/A,N/A,1,N/A,0.0,ERROR
javamop_kornakapi,org.plista.kornakapi.RegressionTest18,N/A,N/A,1,N/A,0.007,ERROR
javamop_kornakapi,org.plista.kornakapi.RegressionTest19,N/A,N/A,1,N/A,0.006,ERROR
javamop_kornakapi,org.plista.kornakapi.RegressionTest19,N/A,N/A,1,N/A,0.007,ERROR
javamop_kornakapi,org.plista.kornakapi.RegressionTest19,N/A,N/A,1,N/A,0.001,ERROR
javamop_kornakapi,org.plista.kornakapi.RegressionTest19,N/A,N/A,1,N/A,0.007,ERROR
javamop_kornakapi,org.plista.kornakapi.RegressionTest19,N/A,N/A,1,N/A,0.007,ERROR
javamop_kornakapi,org.plista.kornakapi.RegressionTest19,N/A,N/A,1,N/A,0.008,ERROR
javamop_kornakapi,org.plista.kornakapi.RegressionTest19,N/A,N/A,1,N/A,0.008,ERROR
javamop_kornakapi,org.plista.kornakapi.RegressionTest19,N/A,N/A,1,N/A,0.006,ERROR
javamop_kornakapi,org.plista.kornakapi.RegressionTest19,N/A,N/A,1,N/A,0.007,ERROR
javamop_kornakapi,org.plista.kornakapi.RegressionTest20,N/A,N/A,1,N/A,0.009,ERROR
javamop_kornakapi,org.plista.kornakapi.RegressionTest20,N/A,N/A,1,N/A,0.001,ERROR
javamop_kornakapi,org.plista.kornakapi.RegressionTest20,N/A,N/A,1,N/A,0.007,ERROR
javamop_kornakapi,org.plista.kornakapi.RegressionTest20,N/A,N/A,1,N/A,0.0,ERROR
javamop_kornakapi,org.plista.kornakapi.RegressionTest21,N/A,N/A,1,N/A,0.001,ERROR
javamop_kornakapi,org.plista.kornakapi.RegressionTest21,N/A,N/A,1,N/A,0.009,ERROR
javamop_kornakapi,org.plista.kornakapi.RegressionTest21,N/A,N/A,1,N/A,0.006,ERROR
javamop_kornakapi,org.plista.kornakapi.RegressionTest21,N/A,N/A,1,N/A,0.007,ERROR
javamop_kornakapi,org.plista.kornakapi.RegressionTest21,N/A,N/A,1,N/A,0.008,ERROR
javamop_kornakapi,org.plista.kornakapi.RegressionTest21,N/A,N/A,1,N/A,0.008,ERROR
javamop_kornakapi,org.plista.kornakapi.RegressionTest21,N/A,N/A,1,N/A,0.006,ERROR
javamop_kornakapi,org.plista.kornakapi.RegressionTest21,N/A,N/A,1,N/A,0.007,ERROR
javamop_kornakapi,org.plista.kornakapi.RegressionTest22,N/A,N/A,1,N/A,0.0,ERROR
javamop_kornakapi,org.plista.kornakapi.RegressionTest22,N/A,N/A,1,N/A,0.006,ERROR
javamop_kornakapi,org.plista.kornakapi.RegressionTest22,N/A,N/A,1,N/A,0.006,ERROR
javamop_kornakapi,org.plista.kornakapi.RegressionTest22,N/A,N/A,1,N/A,0.007,ERROR
javamop_kornakapi,org.plista.kornakapi.RegressionTest23,N/A,N/A,1,N/A,0.001,ERROR
javamop_kornakapi,org.plista.kornakapi.RegressionTest23,N/A,N/A,1,N/A,0.008,ERROR
javamop_kornakapi,org.plista.kornakapi.RegressionTest23,N/A,N/A,1,N/A,0.0,ERROR
javamop_kornakapi,org.plista.kornakapi.RegressionTest23,N/A,N/A,1,N/A,0.008,ERROR
javamop_kornakapi,org.plista.kornakapi.RegressionTest23,N/A,N/A,1,N/A,0.008,ERROR
javamop_kornakapi,org.plista.kornakapi.RegressionTest23,N/A,N/A,1,N/A,0.008,ERROR
javamop_kornakapi,org.plista.kornakapi.RegressionTest24,N/A,N/A,1,N/A,0.001,ERROR
javamop_kornakapi,org.plista.kornakapi.RegressionTest24,N/A,N/A,1,N/A,0.007,ERROR
javamop_kornakapi,org.plista.kornakapi.RegressionTest24,N/A,N/A,1,N/A,0.007,ERROR
javamop_kornakapi,org.plista.kornakapi.RegressionTest24,N/A,N/A,1,N/A,0.008,ERROR
javamop_kornakapi,org.plista.kornakapi.RegressionTest25,N/A,N/A,1,N/A,0.008,ERROR
javamop_kornakapi,org.plista.kornakapi.RegressionTest25,N/A,N/A,1,N/A,0.0,ERROR
javamop_kornakapi,org.plista.kornakapi.RegressionTest25,N/A,N/A,1,N/A,0.007,ERROR
javamop_kornakapi,org.plista.kornakapi.RegressionTest25,N/A,N/A,1,N/A,0.0,ERROR
javamop_kornakapi,org.plista.kornakapi.RegressionTest25,N/A,N/A,1,N/A,0.009,ERROR
javamop_kornakapi,org.plista.kornakapi.RegressionTest25,N/A,N/A,1,N/A,0.005,ERROR
javamop_kornakapi,org.plista.kornakapi.RegressionTest25,N/A,N/A,1,N/A,0.008,ERROR
javamop_kornakapi,org.plista.kornakapi.RegressionTest25,N/A,N/A,1,N/A,0.006,ERROR
javamop_kornakapi,org.plista.kornakapi.RegressionTest25,N/A,N/A,1,N/A,0.007,ERROR
javamop_kornakapi,org.plista.kornakapi.RegressionTest26,N/A,N/A,1,N/A,0.007,ERROR
javamop_kornakapi,org.plista.kornakapi.RegressionTest26,N/A,N/A,1,N/A,0.291,ERROR
javamop_kornakapi,org.plista.kornakapi.RegressionTest26,N/A,N/A,1,N/A,0.0,ERROR
javamop_kornakapi,org.plista.kornakapi.RegressionTest26,N/A,N/A,1,N/A,0.0,ERROR
javamop_kornakapi,org.plista.kornakapi.RegressionTest26,N/A,N/A,1,N/A,0.008,ERROR
javamop_kornakapi,org.plista.kornakapi.RegressionTest26,N/A,N/A,1,N/A,0.008,ERROR
javamop_kornakapi,org.plista.kornakapi.RegressionTest26,N/A,N/A,1,N/A,0.007,ERROR
javamop_kornakapi,org.plista.kornakapi.RegressionTest27,N/A,N/A,1,N/A,0.009,ERROR
javamop_kornakapi,org.plista.kornakapi.RegressionTest27,N/A,N/A,1,N/A,0.009,ERROR
javamop_kornakapi,org.plista.kornakapi.RegressionTest27,N/A,N/A,1,N/A,0.008,ERROR
javamop_kornakapi,org.plista.kornakapi.RegressionTest27,N/A,N/A,1,N/A,0.007,ERROR
javamop_kornakapi,org.plista.kornakapi.RegressionTest27,N/A,N/A,1,N/A,0.007,ERROR
javamop_kornakapi,org.plista.kornakapi.RegressionTest28,N/A,N/A,1,N/A,0.007,ERROR
javamop_kornakapi,org.plista.kornakapi.RegressionTest28,N/A,N/A,1,N/A,0.006,ERROR
javamop_kornakapi,org.plista.kornakapi.RegressionTest28,N/A,N/A,1,N/A,0.007,ERROR
javamop_kornakapi,org.plista.kornakapi.RegressionTest29,N/A,N/A,1,N/A,0.008,ERROR
javamop_kornakapi,org.plista.kornakapi.RegressionTest29,N/A,N/A,1,N/A,0.006,ERROR
javamop_kornakapi,org.plista.kornakapi.RegressionTest29,N/A,N/A,1,N/A,0.007,ERROR
javamop_kornakapi,org.plista.kornakapi.RegressionTest29,N/A,N/A,1,N/A,0.006,ERROR
javamop_kornakapi,org.plista.kornakapi.RegressionTest29,N/A,N/A,1,N/A,0.006,ERROR
javamop_kornakapi,org.plista.kornakapi.RegressionTest29,N/A,N/A,1,N/A,0.006,ERROR
javamop_kornakapi,org.plista.kornakapi.RegressionTest29,N/A,N/A,1,N/A,0.006,ERROR
javamop_kornakapi,org.plista.kornakapi.RegressionTest30,N/A,N/A,1,N/A,0.007,ERROR
javamop_kornakapi,org.plista.kornakapi.RegressionTest30,N/A,N/A,1,N/A,0.0,ERROR
javamop_kornakapi,org.plista.kornakapi.RegressionTest30,N/A,N/A,1,N/A,0.008,ERROR
javamop_kornakapi,org.plista.kornakapi.RegressionTest31,N/A,N/A,1,N/A,0.001,ERROR
javamop_kornakapi,org.plista.kornakapi.RegressionTest31,N/A,N/A,1,N/A,0.0,ERROR
javamop_kornakapi,org.plista.kornakapi.RegressionTest31,N/A,N/A,1,N/A,0.0,ERROR
javamop_kornakapi,org.plista.kornakapi.RegressionTest32,N/A,N/A,1,N/A,0.005,ERROR
javamop_kornakapi,org.plista.kornakapi.RegressionTest33,N/A,N/A,1,N/A,0.006,ERROR
javamop_kornakapi,org.plista.kornakapi.RegressionTest33,N/A,N/A,1,N/A,0.005,ERROR
javamop_kornakapi,org.plista.kornakapi.RegressionTest33,N/A,N/A,1,N/A,0.006,ERROR
javamop_kornakapi,org.plista.kornakapi.RegressionTest33,N/A,N/A,1,N/A,0.0,ERROR
javamop_kornakapi,org.plista.kornakapi.RegressionTest33,N/A,N/A,1,N/A,0.006,ERROR
javamop_kornakapi,org.plista.kornakapi.RegressionTest33,N/A,N/A,1,N/A,0.006,ERROR
javamop_kornakapi,org.plista.kornakapi.RegressionTest34,N/A,N/A,1,N/A,0.006,ERROR
javamop_kornakapi,org.plista.kornakapi.RegressionTest34,N/A,N/A,1,N/A,0.006,ERROR
javamop_kornakapi,org.plista.kornakapi.RegressionTest34,N/A,N/A,1,N/A,0.006,ERROR
javamop_kornakapi,org.plista.kornakapi.RegressionTest34,N/A,N/A,1,N/A,0.006,ERROR
javamop_kornakapi,org.plista.kornakapi.RegressionTest35,N/A,N/A,1,N/A,0.006,ERROR
javamop_kornakapi,org.plista.kornakapi.RegressionTest35,N/A,N/A,1,N/A,0.006,ERROR
javamop_kornakapi,org.plista.kornakapi.RegressionTest35,N/A,N/A,1,N/A,0.006,ERROR
javamop_kornakapi,org.plista.kornakapi.RegressionTest35,N/A,N/A,1,N/A,0.005,ERROR
javamop_kornakapi,org.plista.kornakapi.RegressionTest36,N/A,N/A,1,N/A,0.005,ERROR
javamop_kornakapi,org.plista.kornakapi.RegressionTest37,N/A,N/A,1,N/A,0.005,ERROR
javamop_kornakapi,org.plista.kornakapi.RegressionTest37,N/A,N/A,1,N/A,0.005,ERROR
javamop_kornakapi,org.plista.kornakapi.RegressionTest37,N/A,N/A,1,N/A,0.005,ERROR
javamop_kornakapi,org.plista.kornakapi.RegressionTest37,N/A,N/A,1,N/A,0.005,ERROR
javamop_kornakapi,org.plista.kornakapi.RegressionTest38,N/A,N/A,1,N/A,0.005,ERROR
javamop_kornakapi,org.plista.kornakapi.RegressionTest38,N/A,N/A,1,N/A,0.005,ERROR
javamop_kornakapi,org.plista.kornakapi.RegressionTest39,N/A,N/A,1,N/A,0.0,ERROR
javamop_kornakapi,org.plista.kornakapi.RegressionTest39,N/A,N/A,1,N/A,0.005,ERROR
javamop_kornakapi,org.plista.kornakapi.RegressionTest40,N/A,N/A,1,N/A,0.005,ERROR
javamop_kornakapi,org.plista.kornakapi.RegressionTest40,N/A,N/A,1,N/A,0.005,ERROR
javamop_kornakapi,org.plista.kornakapi.RegressionTest40,N/A,N/A,1,N/A,0.005,ERROR
javamop_kornakapi,org.plista.kornakapi.RegressionTest40,N/A,N/A,1,N/A,0.005,ERROR
javamop_kornakapi,org.plista.kornakapi.RegressionTest40,N/A,N/A,1,N/A,0.005,ERROR
javamop_kornakapi,org.plista.kornakapi.RegressionTest40,N/A,N/A,1,N/A,0.005,ERROR
javamop_kornakapi,org.plista.kornakapi.RegressionTest40,N/A,N/A,1,N/A,0.005,ERROR
javamop_kornakapi,org.plista.kornakapi.RegressionTest41,N/A,N/A,1,N/A,0.001,ERROR
javamop_kornakapi,org.plista.kornakapi.RegressionTest41,N/A,N/A,1,N/A,0.005,ERROR
javamop_kornakapi,org.plista.kornakapi.RegressionTest42,N/A,N/A,1,N/A,0.005,ERROR
javamop_kornakapi,org.plista.kornakapi.RegressionTest42,N/A,N/A,1,N/A,0.005,ERROR
javamop_kornakapi,org.plista.kornakapi.RegressionTest42,N/A,N/A,1,N/A,0.005,ERROR
javamop_kornakapi,org.plista.kornakapi.RegressionTest42,N/A,N/A,1,N/A,0.005,ERROR
javamop_kornakapi,org.plista.kornakapi.RegressionTest42,N/A,N/A,1,N/A,0.005,ERROR
javamop_kornakapi,org.plista.kornakapi.RegressionTest42,N/A,N/A,1,N/A,0.005,ERROR
javamop_kornakapi,org.plista.kornakapi.RegressionTest43,N/A,N/A,1,N/A,0.005,ERROR
javamop_kornakapi,org.plista.kornakapi.RegressionTest43,N/A,N/A,1,N/A,0.005,ERROR
javamop_kornakapi,org.plista.kornakapi.RegressionTest43,N/A,N/A,1,N/A,0.005,ERROR
javamop_kornakapi,org.plista.kornakapi.RegressionTest44,N/A,N/A,1,N/A,0.005,ERROR
javamop_kornakapi,org.plista.kornakapi.RegressionTest44,N/A,N/A,1,N/A,0.005,ERROR
javamop_kornakapi,org.plista.kornakapi.RegressionTest44,N/A,N/A,1,N/A,0.005,ERROR
javamop_kornakapi,org.plista.kornakapi.RegressionTest45,N/A,N/A,1,N/A,0.0,ERROR
javamop_kornakapi,org.plista.kornakapi.RegressionTest45,N/A,N/A,1,N/A,0.005,ERROR
javamop_kornakapi,org.plista.kornakapi.RegressionTest45,N/A,N/A,1,N/A,0.005,ERROR
javamop_kornakapi,org.plista.kornakapi.RegressionTest45,N/A,N/A,1,N/A,0.001,ERROR
javamop_kornakapi,org.plista.kornakapi.RegressionTest45,N/A,N/A,1,N/A,0.005,ERROR
javamop_kornakapi,org.plista.kornakapi.RegressionTest45,N/A,N/A,1,N/A,0.001,ERROR
javamop_kornakapi,org.plista.kornakapi.RegressionTest46,N/A,N/A,1,N/A,0.005,ERROR
javamop_kornakapi,org.plista.kornakapi.RegressionTest46,N/A,N/A,1,N/A,0.0,ERROR
javamop_kornakapi,org.plista.kornakapi.RegressionTest46,N/A,N/A,1,N/A,0.001,ERROR
javamop_kornakapi,org.plista.kornakapi.RegressionTest46,N/A,N/A,1,N/A,0.005,ERROR
javamop_kornakapi,org.plista.kornakapi.RegressionTest47,N/A,N/A,1,N/A,0.005,ERROR
javamop_kornakapi,org.plista.kornakapi.RegressionTest47,N/A,N/A,1,N/A,0.001,ERROR
javamop_kornakapi,org.plista.kornakapi.RegressionTest48,N/A,N/A,1,N/A,0.005,ERROR
javamop_kornakapi,org.plista.kornakapi.RegressionTest48,N/A,N/A,1,N/A,0.005,ERROR
javamop_kornakapi,org.plista.kornakapi.RegressionTest48,N/A,N/A,1,N/A,0.005,ERROR
javamop_kornakapi,org.plista.kornakapi.RegressionTest49,N/A,N/A,1,N/A,0.0,ERROR
javamop_kornakapi,org.plista.kornakapi.RegressionTest49,N/A,N/A,1,N/A,0.006,ERROR
javamop_kornakapi,org.plista.kornakapi.RegressionTest49,N/A,N/A,1,N/A,0.001,ERROR
javamop_kornakapi,org.plista.kornakapi.RegressionTest49,N/A,N/A,1,N/A,0.005,ERROR
javamop_kornakapi,org.plista.kornakapi.RegressionTest49,N/A,N/A,1,N/A,0.001,ERROR
javamop_kornakapi,org.plista.kornakapi.RegressionTest49,N/A,N/A,1,N/A,0.0,ERROR
javamop_kornakapi,org.plista.kornakapi.RegressionTest50,N/A,N/A,1,N/A,0.006,ERROR
javamop_kornakapi,org.plista.kornakapi.RegressionTest50,N/A,N/A,1,N/A,0.005,ERROR
javamop_kornakapi,org.plista.kornakapi.RegressionTest50,N/A,N/A,1,N/A,0.0,ERROR
javamop_kornakapi,org.plista.kornakapi.RegressionTest50,N/A,N/A,1,N/A,0.0,ERROR
javamop_kornakapi,org.plista.kornakapi.RegressionTest51,N/A,N/A,1,N/A,0.005,ERROR
javamop_kornakapi,org.plista.kornakapi.RegressionTest51,N/A,N/A,1,N/A,0.005,ERROR
javamop_kornakapi,org.plista.kornakapi.RegressionTest51,N/A,N/A,1,N/A,0.005,ERROR
javamop_kornakapi,org.plista.kornakapi.RegressionTest52,N/A,N/A,1,N/A,0.005,ERROR
javamop_kornakapi,org.plista.kornakapi.RegressionTest52,N/A,N/A,1,N/A,0.004,ERROR
javamop_kornakapi,org.plista.kornakapi.RegressionTest52,N/A,N/A,1,N/A,0.005,ERROR
javamop_kornakapi,org.plista.kornakapi.RegressionTest52,N/A,N/A,1,N/A,0.004,ERROR
javamop_kornakapi,org.plista.kornakapi.RegressionTest54,N/A,N/A,1,N/A,0.006,ERROR
javamop_kornakapi,org.plista.kornakapi.RegressionTest54,N/A,N/A,1,N/A,0.005,ERROR
javamop_kornakapi,org.plista.kornakapi.RegressionTest54,N/A,N/A,1,N/A,0.006,ERROR
javamop_kornakapi,org.plista.kornakapi.RegressionTest54,N/A,N/A,1,N/A,0.005,ERROR
javamop_kornakapi,org.plista.kornakapi.RegressionTest54,N/A,N/A,1,N/A,0.001,ERROR
javamop_kornakapi,org.plista.kornakapi.RegressionTest54,N/A,N/A,1,N/A,0.001,ERROR
javamop_kornakapi,org.plista.kornakapi.RegressionTest55,N/A,N/A,1,N/A,0.0,ERROR
javamop_kornakapi,org.plista.kornakapi.RegressionTest55,N/A,N/A,1,N/A,0.007,ERROR
javamop_kornakapi,org.plista.kornakapi.RegressionTest55,N/A,N/A,1,N/A,0.005,ERROR
javamop_kornakapi,org.plista.kornakapi.RegressionTest55,N/A,N/A,1,N/A,0.004,ERROR
javamop_kornakapi,org.plista.kornakapi.RegressionTest56,N/A,N/A,1,N/A,0.005,ERROR
javamop_kornakapi,org.plista.kornakapi.RegressionTest56,N/A,N/A,1,N/A,0.0,ERROR
javamop_kornakapi,org.plista.kornakapi.RegressionTest56,N/A,N/A,1,N/A,0.004,ERROR
javamop_kornakapi,org.plista.kornakapi.RegressionTest57,N/A,N/A,1,N/A,0.004,ERROR
javamop_kornakapi,org.plista.kornakapi.RegressionTest57,N/A,N/A,1,N/A,0.005,ERROR
javamop_kornakapi,org.plista.kornakapi.RegressionTest57,N/A,N/A,1,N/A,0.001,ERROR
javamop_kornakapi,org.plista.kornakapi.RegressionTest58,N/A,N/A,1,N/A,0.005,ERROR
javamop_kornakapi,org.plista.kornakapi.RegressionTest58,N/A,N/A,1,N/A,0.005,ERROR
javamop_kornakapi,org.plista.kornakapi.RegressionTest58,N/A,N/A,1,N/A,0.001,ERROR
javamop_kornakapi,org.plista.kornakapi.RegressionTest58,N/A,N/A,1,N/A,0.001,ERROR
javamop_kornakapi,org.plista.kornakapi.RegressionTest59,N/A,N/A,1,N/A,0.004,ERROR
javamop_kornakapi,org.plista.kornakapi.RegressionTest59,N/A,N/A,1,N/A,0.004,ERROR
javamop_kornakapi,org.plista.kornakapi.RegressionTest59,N/A,N/A,1,N/A,0.005,ERROR
javamop_kornakapi,org.plista.kornakapi.RegressionTest59,N/A,N/A,1,N/A,0.005,ERROR
javamop_kornakapi,org.plista.kornakapi.RegressionTest61,N/A,N/A,1,N/A,0.005,ERROR
javamop_kornakapi,org.plista.kornakapi.RegressionTest61,N/A,N/A,1,N/A,0.004,ERROR
javamop_kornakapi,org.plista.kornakapi.RegressionTest61,N/A,N/A,1,N/A,0.005,ERROR
javamop_kornakapi,org.plista.kornakapi.RegressionTest61,N/A,N/A,1,N/A,0.006,ERROR
javamop_kornakapi,org.plista.kornakapi.RegressionTest61,N/A,N/A,1,N/A,0.004,ERROR
javamop_kornakapi,org.plista.kornakapi.RegressionTest61,N/A,N/A,1,N/A,0.001,ERROR
javamop_kornakapi,org.plista.kornakapi.RegressionTest62,N/A,N/A,1,N/A,0.005,ERROR
javamop_kornakapi,org.plista.kornakapi.RegressionTest62,N/A,N/A,1,N/A,0.005,ERROR
javamop_kornakapi,org.plista.kornakapi.RegressionTest62,N/A,N/A,1,N/A,0.005,ERROR
javamop_kornakapi,org.plista.kornakapi.RegressionTest62,N/A,N/A,1,N/A,0.005,ERROR
javamop_kornakapi,org.plista.kornakapi.RegressionTest63,N/A,N/A,1,N/A,0.004,ERROR
javamop_kornakapi,org.plista.kornakapi.RegressionTest63,N/A,N/A,1,N/A,0.004,ERROR
javamop_kornakapi,org.plista.kornakapi.RegressionTest63,N/A,N/A,1,N/A,0.004,ERROR
javamop_kornakapi,org.plista.kornakapi.RegressionTest63,N/A,N/A,1,N/A,0.004,ERROR
javamop_kornakapi,org.plista.kornakapi.RegressionTest64,N/A,N/A,1,N/A,0.005,ERROR
javamop_kornakapi,org.plista.kornakapi.RegressionTest64,N/A,N/A,1,N/A,0.005,ERROR
javamop_kornakapi,org.plista.kornakapi.RegressionTest65,N/A,N/A,1,N/A,0.004,ERROR
javamop_kornakapi,org.plista.kornakapi.RegressionTest65,N/A,N/A,1,N/A,0.005,ERROR
javamop_kornakapi,org.plista.kornakapi.RegressionTest66,N/A,N/A,1,N/A,0.0,ERROR
javamop_kornakapi,org.plista.kornakapi.RegressionTest66,N/A,N/A,1,N/A,0.001,ERROR
javamop_kornakapi,org.plista.kornakapi.RegressionTest66,N/A,N/A,1,N/A,0.005,ERROR
javamop_kornakapi,org.plista.kornakapi.RegressionTest67,N/A,N/A,1,N/A,0.005,ERROR
javamop_kornakapi,org.plista.kornakapi.RegressionTest68,N/A,N/A,1,N/A,0.005,ERROR
javamop_kornakapi,org.plista.kornakapi.RegressionTest68,N/A,N/A,1,N/A,0.004,ERROR
javamop_kornakapi,org.plista.kornakapi.RegressionTest68,N/A,N/A,1,N/A,0.0,ERROR
javamop_kornakapi,org.plista.kornakapi.RegressionTest68,N/A,N/A,1,N/A,0.005,ERROR
javamop_kornakapi,org.plista.kornakapi.RegressionTest68,N/A,N/A,1,N/A,0.005,ERROR
javamop_kornakapi,org.plista.kornakapi.RegressionTest69,N/A,N/A,1,N/A,0.0,ERROR
javamop_kornakapi,org.plista.kornakapi.RegressionTest69,N/A,N/A,1,N/A,0.005,ERROR
javamop_kornakapi,org.plista.kornakapi.RegressionTest70,N/A,N/A,1,N/A,0.004,ERROR
javamop_kornakapi,org.plista.kornakapi.RegressionTest70,N/A,N/A,1,N/A,0.004,ERROR
javamop_kornakapi,org.plista.kornakapi.RegressionTest70,N/A,N/A,1,N/A,0.005,ERROR
javamop_kornakapi,org.plista.kornakapi.RegressionTest71,N/A,N/A,1,N/A,0.005,ERROR
javamop_kornakapi,org.plista.kornakapi.RegressionTest71,N/A,N/A,1,N/A,0.005,ERROR
javamop_kornakapi,org.plista.kornakapi.RegressionTest72,N/A,N/A,1,N/A,0.005,ERROR
javamop_kornakapi,org.plista.kornakapi.RegressionTest72,N/A,N/A,1,N/A,0.001,ERROR
javamop_kornakapi,org.plista.kornakapi.RegressionTest72,N/A,N/A,1,N/A,0.005,ERROR
javamop_kornakapi,org.plista.kornakapi.RegressionTest72,N/A,N/A,1,N/A,0.004,ERROR
javamop_kornakapi,org.plista.kornakapi.RegressionTest73,N/A,N/A,1,N/A,0.004,ERROR
javamop_kornakapi,org.plista.kornakapi.RegressionTest73,N/A,N/A,1,N/A,0.0,ERROR
javamop_kornakapi,org.plista.kornakapi.RegressionTest74,N/A,N/A,1,N/A,0.005,ERROR
javamop_kornakapi,org.plista.kornakapi.RegressionTest74,N/A,N/A,1,N/A,0.001,ERROR
javamop_kornakapi,org.plista.kornakapi.RegressionTest74,N/A,N/A,1,N/A,0.005,ERROR
javamop_kornakapi,org.plista.kornakapi.RegressionTest74,N/A,N/A,1,N/A,0.0,ERROR
javamop_kornakapi,org.plista.kornakapi.RegressionTest74,N/A,N/A,1,N/A,0.005,ERROR
javamop_kornakapi,org.plista.kornakapi.RegressionTest75,N/A,N/A,1,N/A,0.0,ERROR
javamop_kornakapi,org.plista.kornakapi.RegressionTest75,N/A,N/A,1,N/A,0.0,ERROR
javamop_kornakapi,org.plista.kornakapi.RegressionTest76,N/A,N/A,1,N/A,0.005,ERROR
javamop_kornakapi,org.plista.kornakapi.RegressionTest76,N/A,N/A,1,N/A,0.005,ERROR
javamop_kornakapi,org.plista.kornakapi.RegressionTest76,N/A,N/A,1,N/A,0.005,ERROR
javamop_kornakapi,org.plista.kornakapi.RegressionTest77,N/A,N/A,1,N/A,0.004,ERROR
javamop_kornakapi,org.plista.kornakapi.RegressionTest78,N/A,N/A,1,N/A,0.004,ERROR
javamop_kornakapi,null,2,0,2,0,0.0,FAILURE
Sum: 31.229000000000084
--------------------Execution: 10 -----------------------------------
javamop_kornakapi,null,39707,12,404,0,25.31,FAILURE
javamop_kornakapi,org.plista.kornakapi.RegressionTest0,N/A,N/A,1,N/A,3.471,ERROR
javamop_kornakapi,org.plista.kornakapi.RegressionTest0,N/A,N/A,1,N/A,0.023,ERROR
javamop_kornakapi,org.plista.kornakapi.RegressionTest0,N/A,N/A,1,N/A,0.023,ERROR
javamop_kornakapi,org.plista.kornakapi.RegressionTest0,N/A,N/A,1,N/A,0.016,ERROR
javamop_kornakapi,org.plista.kornakapi.RegressionTest0,N/A,N/A,1,N/A,0.022,ERROR
javamop_kornakapi,org.plista.kornakapi.RegressionTest0,N/A,N/A,1,N/A,0.02,ERROR
javamop_kornakapi,org.plista.kornakapi.RegressionTest0,N/A,N/A,1,N/A,0.018,ERROR
javamop_kornakapi,org.plista.kornakapi.RegressionTest0,N/A,N/A,1,N/A,0.02,ERROR
javamop_kornakapi,org.plista.kornakapi.RegressionTest0,N/A,N/A,1,N/A,0.018,ERROR
javamop_kornakapi,org.plista.kornakapi.RegressionTest0,N/A,N/A,1,N/A,0.017,ERROR
javamop_kornakapi,org.plista.kornakapi.RegressionTest0,N/A,N/A,1,N/A,0.018,ERROR
javamop_kornakapi,org.plista.kornakapi.RegressionTest0,N/A,N/A,1,N/A,0.019,ERROR
javamop_kornakapi,org.plista.kornakapi.RegressionTest0,N/A,N/A,1,N/A,0.133,ERROR
javamop_kornakapi,org.plista.kornakapi.RegressionTest0,N/A,N/A,1,N/A,0.014,ERROR
javamop_kornakapi,org.plista.kornakapi.RegressionTest0,N/A,N/A,1,N/A,0.015,ERROR
javamop_kornakapi,org.plista.kornakapi.RegressionTest0,N/A,N/A,1,N/A,0.016,ERROR
javamop_kornakapi,org.plista.kornakapi.RegressionTest0,N/A,N/A,1,N/A,0.016,ERROR
javamop_kornakapi,org.plista.kornakapi.RegressionTest0,N/A,N/A,1,N/A,0.006,ERROR
javamop_kornakapi,org.plista.kornakapi.RegressionTest0,N/A,N/A,1,N/A,0.01,ERROR
javamop_kornakapi,org.plista.kornakapi.RegressionTest0,N/A,N/A,1,N/A,0.018,ERROR
javamop_kornakapi,org.plista.kornakapi.RegressionTest0,N/A,N/A,1,N/A,0.021,ERROR
javamop_kornakapi,org.plista.kornakapi.RegressionTest0,N/A,N/A,1,N/A,0.017,ERROR
javamop_kornakapi,org.plista.kornakapi.RegressionTest1,N/A,N/A,1,N/A,0.008,ERROR
javamop_kornakapi,org.plista.kornakapi.RegressionTest1,N/A,N/A,1,N/A,0.0,ERROR
javamop_kornakapi,org.plista.kornakapi.RegressionTest1,N/A,N/A,1,N/A,0.0,ERROR
javamop_kornakapi,org.plista.kornakapi.RegressionTest1,N/A,N/A,1,N/A,0.0,ERROR
javamop_kornakapi,org.plista.kornakapi.RegressionTest1,N/A,N/A,1,N/A,0.017,ERROR
javamop_kornakapi,org.plista.kornakapi.RegressionTest1,N/A,N/A,1,N/A,0.013,ERROR
javamop_kornakapi,org.plista.kornakapi.RegressionTest1,N/A,N/A,1,N/A,0.019,ERROR
javamop_kornakapi,org.plista.kornakapi.RegressionTest1,N/A,N/A,1,N/A,0.001,ERROR
javamop_kornakapi,org.plista.kornakapi.RegressionTest1,N/A,N/A,1,N/A,0.022,ERROR
javamop_kornakapi,org.plista.kornakapi.RegressionTest1,N/A,N/A,1,N/A,0.026,ERROR
javamop_kornakapi,org.plista.kornakapi.RegressionTest1,N/A,N/A,1,N/A,0.022,ERROR
javamop_kornakapi,org.plista.kornakapi.RegressionTest1,N/A,N/A,1,N/A,0.015,ERROR
javamop_kornakapi,org.plista.kornakapi.RegressionTest1,N/A,N/A,1,N/A,0.012,ERROR
javamop_kornakapi,org.plista.kornakapi.RegressionTest1,N/A,N/A,1,N/A,0.009,ERROR
javamop_kornakapi,org.plista.kornakapi.RegressionTest1,N/A,N/A,1,N/A,0.011,ERROR
javamop_kornakapi,org.plista.kornakapi.RegressionTest1,N/A,N/A,1,N/A,0.011,ERROR
javamop_kornakapi,org.plista.kornakapi.RegressionTest1,N/A,N/A,1,N/A,0.012,ERROR
javamop_kornakapi,org.plista.kornakapi.RegressionTest1,N/A,N/A,1,N/A,0.0,ERROR
javamop_kornakapi,org.plista.kornakapi.RegressionTest2,N/A,N/A,1,N/A,0.01,ERROR
javamop_kornakapi,org.plista.kornakapi.RegressionTest2,N/A,N/A,1,N/A,0.001,ERROR
javamop_kornakapi,org.plista.kornakapi.RegressionTest2,N/A,N/A,1,N/A,0.013,ERROR
javamop_kornakapi,org.plista.kornakapi.RegressionTest2,N/A,N/A,1,N/A,0.014,ERROR
javamop_kornakapi,org.plista.kornakapi.RegressionTest2,N/A,N/A,1,N/A,0.01,ERROR
javamop_kornakapi,org.plista.kornakapi.RegressionTest2,N/A,N/A,1,N/A,0.011,ERROR
javamop_kornakapi,org.plista.kornakapi.RegressionTest2,N/A,N/A,1,N/A,0.012,ERROR
javamop_kornakapi,org.plista.kornakapi.RegressionTest2,N/A,N/A,1,N/A,0.008,ERROR
javamop_kornakapi,org.plista.kornakapi.RegressionTest2,N/A,N/A,1,N/A,0.001,ERROR
javamop_kornakapi,org.plista.kornakapi.RegressionTest2,N/A,N/A,1,N/A,0.0,ERROR
javamop_kornakapi,org.plista.kornakapi.RegressionTest2,N/A,N/A,1,N/A,0.01,ERROR
javamop_kornakapi,org.plista.kornakapi.RegressionTest2,N/A,N/A,1,N/A,0.009,ERROR
javamop_kornakapi,org.plista.kornakapi.RegressionTest2,N/A,N/A,1,N/A,0.001,ERROR
javamop_kornakapi,org.plista.kornakapi.RegressionTest2,N/A,N/A,1,N/A,0.01,ERROR
javamop_kornakapi,org.plista.kornakapi.RegressionTest2,N/A,N/A,1,N/A,0.011,ERROR
javamop_kornakapi,org.plista.kornakapi.RegressionTest2,N/A,N/A,1,N/A,0.0,ERROR
javamop_kornakapi,org.plista.kornakapi.RegressionTest3,N/A,N/A,1,N/A,0.009,ERROR
javamop_kornakapi,org.plista.kornakapi.RegressionTest3,N/A,N/A,1,N/A,0.009,ERROR
javamop_kornakapi,org.plista.kornakapi.RegressionTest3,N/A,N/A,1,N/A,0.001,ERROR
javamop_kornakapi,org.plista.kornakapi.RegressionTest3,N/A,N/A,1,N/A,0.011,ERROR
javamop_kornakapi,org.plista.kornakapi.RegressionTest3,N/A,N/A,1,N/A,0.0,ERROR
javamop_kornakapi,org.plista.kornakapi.RegressionTest3,N/A,N/A,1,N/A,0.008,ERROR
javamop_kornakapi,org.plista.kornakapi.RegressionTest3,N/A,N/A,1,N/A,0.009,ERROR
javamop_kornakapi,org.plista.kornakapi.RegressionTest3,N/A,N/A,1,N/A,0.009,ERROR
javamop_kornakapi,org.plista.kornakapi.RegressionTest3,N/A,N/A,1,N/A,0.009,ERROR
javamop_kornakapi,org.plista.kornakapi.RegressionTest3,N/A,N/A,1,N/A,0.009,ERROR
javamop_kornakapi,org.plista.kornakapi.RegressionTest3,N/A,N/A,1,N/A,0.007,ERROR
javamop_kornakapi,org.plista.kornakapi.RegressionTest3,N/A,N/A,1,N/A,0.006,ERROR
javamop_kornakapi,org.plista.kornakapi.RegressionTest3,N/A,N/A,1,N/A,0.007,ERROR
javamop_kornakapi,org.plista.kornakapi.RegressionTest4,N/A,N/A,1,N/A,0.007,ERROR
javamop_kornakapi,org.plista.kornakapi.RegressionTest4,N/A,N/A,1,N/A,0.025,ERROR
javamop_kornakapi,org.plista.kornakapi.RegressionTest4,N/A,N/A,1,N/A,0.01,ERROR
javamop_kornakapi,org.plista.kornakapi.RegressionTest4,N/A,N/A,1,N/A,0.008,ERROR
javamop_kornakapi,org.plista.kornakapi.RegressionTest4,N/A,N/A,1,N/A,0.007,ERROR
javamop_kornakapi,org.plista.kornakapi.RegressionTest4,N/A,N/A,1,N/A,0.006,ERROR
javamop_kornakapi,org.plista.kornakapi.RegressionTest4,N/A,N/A,1,N/A,0.007,ERROR
javamop_kornakapi,org.plista.kornakapi.RegressionTest5,N/A,N/A,1,N/A,0.007,ERROR
javamop_kornakapi,org.plista.kornakapi.RegressionTest5,N/A,N/A,1,N/A,0.006,ERROR
javamop_kornakapi,org.plista.kornakapi.RegressionTest5,N/A,N/A,1,N/A,0.005,ERROR
javamop_kornakapi,org.plista.kornakapi.RegressionTest5,N/A,N/A,1,N/A,0.006,ERROR
javamop_kornakapi,org.plista.kornakapi.RegressionTest5,N/A,N/A,1,N/A,0.007,ERROR
javamop_kornakapi,org.plista.kornakapi.RegressionTest5,N/A,N/A,1,N/A,0.007,ERROR
javamop_kornakapi,org.plista.kornakapi.RegressionTest5,N/A,N/A,1,N/A,0.007,ERROR
javamop_kornakapi,org.plista.kornakapi.RegressionTest5,N/A,N/A,1,N/A,0.006,ERROR
javamop_kornakapi,org.plista.kornakapi.RegressionTest5,N/A,N/A,1,N/A,0.006,ERROR
javamop_kornakapi,org.plista.kornakapi.RegressionTest5,N/A,N/A,1,N/A,0.0,ERROR
javamop_kornakapi,org.plista.kornakapi.RegressionTest6,N/A,N/A,1,N/A,0.005,ERROR
javamop_kornakapi,org.plista.kornakapi.RegressionTest6,N/A,N/A,1,N/A,0.006,ERROR
javamop_kornakapi,org.plista.kornakapi.RegressionTest6,N/A,N/A,1,N/A,0.006,ERROR
javamop_kornakapi,org.plista.kornakapi.RegressionTest6,N/A,N/A,1,N/A,0.006,ERROR
javamop_kornakapi,org.plista.kornakapi.RegressionTest6,N/A,N/A,1,N/A,0.0,ERROR
javamop_kornakapi,org.plista.kornakapi.RegressionTest6,N/A,N/A,1,N/A,0.007,ERROR
javamop_kornakapi,org.plista.kornakapi.RegressionTest6,N/A,N/A,1,N/A,0.008,ERROR
javamop_kornakapi,org.plista.kornakapi.RegressionTest7,N/A,N/A,1,N/A,0.001,ERROR
javamop_kornakapi,org.plista.kornakapi.RegressionTest7,N/A,N/A,1,N/A,0.007,ERROR
javamop_kornakapi,org.plista.kornakapi.RegressionTest7,N/A,N/A,1,N/A,0.006,ERROR
javamop_kornakapi,org.plista.kornakapi.RegressionTest7,N/A,N/A,1,N/A,0.006,ERROR
javamop_kornakapi,org.plista.kornakapi.RegressionTest7,N/A,N/A,1,N/A,0.006,ERROR
javamop_kornakapi,org.plista.kornakapi.RegressionTest7,N/A,N/A,1,N/A,0.006,ERROR
javamop_kornakapi,org.plista.kornakapi.RegressionTest7,N/A,N/A,1,N/A,0.006,ERROR
javamop_kornakapi,org.plista.kornakapi.RegressionTest7,N/A,N/A,1,N/A,0.0,ERROR
javamop_kornakapi,org.plista.kornakapi.RegressionTest8,N/A,N/A,1,N/A,0.001,ERROR
javamop_kornakapi,org.plista.kornakapi.RegressionTest8,N/A,N/A,1,N/A,0.006,ERROR
javamop_kornakapi,org.plista.kornakapi.RegressionTest8,N/A,N/A,1,N/A,0.006,ERROR
javamop_kornakapi,org.plista.kornakapi.RegressionTest8,N/A,N/A,1,N/A,0.007,ERROR
javamop_kornakapi,org.plista.kornakapi.RegressionTest8,N/A,N/A,1,N/A,0.005,ERROR
javamop_kornakapi,org.plista.kornakapi.RegressionTest8,N/A,N/A,1,N/A,0.006,ERROR
javamop_kornakapi,org.plista.kornakapi.RegressionTest8,N/A,N/A,1,N/A,0.006,ERROR
javamop_kornakapi,org.plista.kornakapi.RegressionTest8,N/A,N/A,1,N/A,0.006,ERROR
javamop_kornakapi,org.plista.kornakapi.RegressionTest8,N/A,N/A,1,N/A,0.0,ERROR
javamop_kornakapi,org.plista.kornakapi.RegressionTest8,N/A,N/A,1,N/A,0.005,ERROR
javamop_kornakapi,org.plista.kornakapi.RegressionTest8,N/A,N/A,1,N/A,0.008,ERROR
javamop_kornakapi,org.plista.kornakapi.RegressionTest9,N/A,N/A,1,N/A,0.0,ERROR
javamop_kornakapi,org.plista.kornakapi.RegressionTest9,N/A,N/A,1,N/A,0.001,ERROR
javamop_kornakapi,org.plista.kornakapi.RegressionTest9,N/A,N/A,1,N/A,0.001,ERROR
javamop_kornakapi,org.plista.kornakapi.RegressionTest9,N/A,N/A,1,N/A,0.006,ERROR
javamop_kornakapi,org.plista.kornakapi.RegressionTest9,N/A,N/A,1,N/A,0.005,ERROR
javamop_kornakapi,org.plista.kornakapi.RegressionTest9,N/A,N/A,1,N/A,0.006,ERROR
javamop_kornakapi,org.plista.kornakapi.RegressionTest9,N/A,N/A,1,N/A,0.006,ERROR
javamop_kornakapi,org.plista.kornakapi.RegressionTest9,N/A,N/A,1,N/A,0.006,ERROR
javamop_kornakapi,org.plista.kornakapi.RegressionTest9,N/A,N/A,1,N/A,0.006,ERROR
javamop_kornakapi,org.plista.kornakapi.RegressionTest10,N/A,N/A,1,N/A,0.007,ERROR
javamop_kornakapi,org.plista.kornakapi.RegressionTest10,N/A,N/A,1,N/A,0.006,ERROR
javamop_kornakapi,org.plista.kornakapi.RegressionTest10,N/A,N/A,1,N/A,0.007,ERROR
javamop_kornakapi,org.plista.kornakapi.RegressionTest10,N/A,N/A,1,N/A,0.007,ERROR
javamop_kornakapi,org.plista.kornakapi.RegressionTest10,N/A,N/A,1,N/A,0.007,ERROR
javamop_kornakapi,org.plista.kornakapi.RegressionTest10,N/A,N/A,1,N/A,0.006,ERROR
javamop_kornakapi,org.plista.kornakapi.RegressionTest10,N/A,N/A,1,N/A,0.006,ERROR
javamop_kornakapi,org.plista.kornakapi.RegressionTest10,N/A,N/A,1,N/A,0.0,ERROR
javamop_kornakapi,org.plista.kornakapi.RegressionTest10,N/A,N/A,1,N/A,0.006,ERROR
javamop_kornakapi,org.plista.kornakapi.RegressionTest11,N/A,N/A,1,N/A,0.005,ERROR
javamop_kornakapi,org.plista.kornakapi.RegressionTest11,N/A,N/A,1,N/A,0.0,ERROR
javamop_kornakapi,org.plista.kornakapi.RegressionTest11,N/A,N/A,1,N/A,0.006,ERROR
javamop_kornakapi,org.plista.kornakapi.RegressionTest11,N/A,N/A,1,N/A,0.006,ERROR
javamop_kornakapi,org.plista.kornakapi.RegressionTest11,N/A,N/A,1,N/A,0.005,ERROR
javamop_kornakapi,org.plista.kornakapi.RegressionTest12,N/A,N/A,1,N/A,0.0,ERROR
javamop_kornakapi,org.plista.kornakapi.RegressionTest12,N/A,N/A,1,N/A,0.005,ERROR
javamop_kornakapi,org.plista.kornakapi.RegressionTest12,N/A,N/A,1,N/A,0.006,ERROR
javamop_kornakapi,org.plista.kornakapi.RegressionTest12,N/A,N/A,1,N/A,0.005,ERROR
javamop_kornakapi,org.plista.kornakapi.RegressionTest12,N/A,N/A,1,N/A,0.005,ERROR
javamop_kornakapi,org.plista.kornakapi.RegressionTest13,N/A,N/A,1,N/A,0.006,ERROR
javamop_kornakapi,org.plista.kornakapi.RegressionTest13,N/A,N/A,1,N/A,0.005,ERROR
javamop_kornakapi,org.plista.kornakapi.RegressionTest13,N/A,N/A,1,N/A,0.005,ERROR
javamop_kornakapi,org.plista.kornakapi.RegressionTest13,N/A,N/A,1,N/A,0.001,ERROR
javamop_kornakapi,org.plista.kornakapi.RegressionTest13,N/A,N/A,1,N/A,0.005,ERROR
javamop_kornakapi,org.plista.kornakapi.RegressionTest13,N/A,N/A,1,N/A,0.005,ERROR
javamop_kornakapi,org.plista.kornakapi.RegressionTest14,N/A,N/A,1,N/A,0.005,ERROR
javamop_kornakapi,org.plista.kornakapi.RegressionTest14,N/A,N/A,1,N/A,0.005,ERROR
javamop_kornakapi,org.plista.kornakapi.RegressionTest14,N/A,N/A,1,N/A,0.005,ERROR
javamop_kornakapi,org.plista.kornakapi.RegressionTest14,N/A,N/A,1,N/A,0.007,ERROR
javamop_kornakapi,org.plista.kornakapi.RegressionTest14,N/A,N/A,1,N/A,0.006,ERROR
javamop_kornakapi,org.plista.kornakapi.RegressionTest14,N/A,N/A,1,N/A,0.006,ERROR
javamop_kornakapi,org.plista.kornakapi.RegressionTest15,N/A,N/A,1,N/A,0.0,ERROR
javamop_kornakapi,org.plista.kornakapi.RegressionTest15,N/A,N/A,1,N/A,0.006,ERROR
javamop_kornakapi,org.plista.kornakapi.RegressionTest15,N/A,N/A,1,N/A,0.007,ERROR
javamop_kornakapi,org.plista.kornakapi.RegressionTest15,N/A,N/A,1,N/A,0.007,ERROR
javamop_kornakapi,org.plista.kornakapi.RegressionTest15,N/A,N/A,1,N/A,0.006,ERROR
javamop_kornakapi,org.plista.kornakapi.RegressionTest15,N/A,N/A,1,N/A,0.006,ERROR
javamop_kornakapi,org.plista.kornakapi.RegressionTest15,N/A,N/A,1,N/A,0.007,ERROR
javamop_kornakapi,org.plista.kornakapi.RegressionTest15,N/A,N/A,1,N/A,0.007,ERROR
javamop_kornakapi,org.plista.kornakapi.RegressionTest16,N/A,N/A,1,N/A,0.007,ERROR
javamop_kornakapi,org.plista.kornakapi.RegressionTest16,N/A,N/A,1,N/A,0.006,ERROR
javamop_kornakapi,org.plista.kornakapi.RegressionTest16,N/A,N/A,1,N/A,0.007,ERROR
javamop_kornakapi,org.plista.kornakapi.RegressionTest16,N/A,N/A,1,N/A,0.0,ERROR
javamop_kornakapi,org.plista.kornakapi.RegressionTest16,N/A,N/A,1,N/A,0.0,ERROR
javamop_kornakapi,org.plista.kornakapi.RegressionTest16,N/A,N/A,1,N/A,0.006,ERROR
javamop_kornakapi,org.plista.kornakapi.RegressionTest16,N/A,N/A,1,N/A,0.0,ERROR
javamop_kornakapi,org.plista.kornakapi.RegressionTest16,N/A,N/A,1,N/A,0.008,ERROR
javamop_kornakapi,org.plista.kornakapi.RegressionTest17,N/A,N/A,1,N/A,0.006,ERROR
javamop_kornakapi,org.plista.kornakapi.RegressionTest17,N/A,N/A,1,N/A,0.008,ERROR
javamop_kornakapi,org.plista.kornakapi.RegressionTest17,N/A,N/A,1,N/A,0.001,ERROR
javamop_kornakapi,org.plista.kornakapi.RegressionTest17,N/A,N/A,1,N/A,0.006,ERROR
javamop_kornakapi,org.plista.kornakapi.RegressionTest17,N/A,N/A,1,N/A,0.0,ERROR
javamop_kornakapi,org.plista.kornakapi.RegressionTest17,N/A,N/A,1,N/A,0.006,ERROR
javamop_kornakapi,org.plista.kornakapi.RegressionTest17,N/A,N/A,1,N/A,0.007,ERROR
javamop_kornakapi,org.plista.kornakapi.RegressionTest18,N/A,N/A,1,N/A,0.006,ERROR
javamop_kornakapi,org.plista.kornakapi.RegressionTest18,N/A,N/A,1,N/A,0.006,ERROR
javamop_kornakapi,org.plista.kornakapi.RegressionTest18,N/A,N/A,1,N/A,0.001,ERROR
javamop_kornakapi,org.plista.kornakapi.RegressionTest18,N/A,N/A,1,N/A,0.007,ERROR
javamop_kornakapi,org.plista.kornakapi.RegressionTest19,N/A,N/A,1,N/A,0.006,ERROR
javamop_kornakapi,org.plista.kornakapi.RegressionTest19,N/A,N/A,1,N/A,0.007,ERROR
javamop_kornakapi,org.plista.kornakapi.RegressionTest19,N/A,N/A,1,N/A,0.001,ERROR
javamop_kornakapi,org.plista.kornakapi.RegressionTest19,N/A,N/A,1,N/A,0.006,ERROR
javamop_kornakapi,org.plista.kornakapi.RegressionTest19,N/A,N/A,1,N/A,0.005,ERROR
javamop_kornakapi,org.plista.kornakapi.RegressionTest19,N/A,N/A,1,N/A,0.006,ERROR
javamop_kornakapi,org.plista.kornakapi.RegressionTest19,N/A,N/A,1,N/A,0.006,ERROR
javamop_kornakapi,org.plista.kornakapi.RegressionTest19,N/A,N/A,1,N/A,0.007,ERROR
javamop_kornakapi,org.plista.kornakapi.RegressionTest19,N/A,N/A,1,N/A,0.007,ERROR
javamop_kornakapi,org.plista.kornakapi.RegressionTest20,N/A,N/A,1,N/A,0.006,ERROR
javamop_kornakapi,org.plista.kornakapi.RegressionTest20,N/A,N/A,1,N/A,0.0,ERROR
javamop_kornakapi,org.plista.kornakapi.RegressionTest20,N/A,N/A,1,N/A,0.009,ERROR
javamop_kornakapi,org.plista.kornakapi.RegressionTest20,N/A,N/A,1,N/A,0.001,ERROR
javamop_kornakapi,org.plista.kornakapi.RegressionTest21,N/A,N/A,1,N/A,0.0,ERROR
javamop_kornakapi,org.plista.kornakapi.RegressionTest21,N/A,N/A,1,N/A,0.009,ERROR
javamop_kornakapi,org.plista.kornakapi.RegressionTest21,N/A,N/A,1,N/A,0.008,ERROR
javamop_kornakapi,org.plista.kornakapi.RegressionTest21,N/A,N/A,1,N/A,0.01,ERROR
javamop_kornakapi,org.plista.kornakapi.RegressionTest21,N/A,N/A,1,N/A,0.008,ERROR
javamop_kornakapi,org.plista.kornakapi.RegressionTest21,N/A,N/A,1,N/A,0.01,ERROR
javamop_kornakapi,org.plista.kornakapi.RegressionTest21,N/A,N/A,1,N/A,0.008,ERROR
javamop_kornakapi,org.plista.kornakapi.RegressionTest21,N/A,N/A,1,N/A,0.011,ERROR
javamop_kornakapi,org.plista.kornakapi.RegressionTest22,N/A,N/A,1,N/A,0.0,ERROR
javamop_kornakapi,org.plista.kornakapi.RegressionTest22,N/A,N/A,1,N/A,0.008,ERROR
javamop_kornakapi,org.plista.kornakapi.RegressionTest22,N/A,N/A,1,N/A,0.01,ERROR
javamop_kornakapi,org.plista.kornakapi.RegressionTest22,N/A,N/A,1,N/A,0.008,ERROR
javamop_kornakapi,org.plista.kornakapi.RegressionTest23,N/A,N/A,1,N/A,0.0,ERROR
javamop_kornakapi,org.plista.kornakapi.RegressionTest23,N/A,N/A,1,N/A,0.009,ERROR
javamop_kornakapi,org.plista.kornakapi.RegressionTest23,N/A,N/A,1,N/A,0.001,ERROR
javamop_kornakapi,org.plista.kornakapi.RegressionTest23,N/A,N/A,1,N/A,0.008,ERROR
javamop_kornakapi,org.plista.kornakapi.RegressionTest23,N/A,N/A,1,N/A,0.009,ERROR
javamop_kornakapi,org.plista.kornakapi.RegressionTest23,N/A,N/A,1,N/A,0.009,ERROR
javamop_kornakapi,org.plista.kornakapi.RegressionTest24,N/A,N/A,1,N/A,0.001,ERROR
javamop_kornakapi,org.plista.kornakapi.RegressionTest24,N/A,N/A,1,N/A,0.007,ERROR
javamop_kornakapi,org.plista.kornakapi.RegressionTest24,N/A,N/A,1,N/A,0.01,ERROR
javamop_kornakapi,org.plista.kornakapi.RegressionTest24,N/A,N/A,1,N/A,0.013,ERROR
javamop_kornakapi,org.plista.kornakapi.RegressionTest25,N/A,N/A,1,N/A,0.008,ERROR
javamop_kornakapi,org.plista.kornakapi.RegressionTest25,N/A,N/A,1,N/A,0.001,ERROR
javamop_kornakapi,org.plista.kornakapi.RegressionTest25,N/A,N/A,1,N/A,0.007,ERROR
javamop_kornakapi,org.plista.kornakapi.RegressionTest25,N/A,N/A,1,N/A,0.0,ERROR
javamop_kornakapi,org.plista.kornakapi.RegressionTest25,N/A,N/A,1,N/A,0.007,ERROR
javamop_kornakapi,org.plista.kornakapi.RegressionTest25,N/A,N/A,1,N/A,0.009,ERROR
javamop_kornakapi,org.plista.kornakapi.RegressionTest25,N/A,N/A,1,N/A,0.007,ERROR
javamop_kornakapi,org.plista.kornakapi.RegressionTest25,N/A,N/A,1,N/A,0.007,ERROR
javamop_kornakapi,org.plista.kornakapi.RegressionTest25,N/A,N/A,1,N/A,0.007,ERROR
javamop_kornakapi,org.plista.kornakapi.RegressionTest26,N/A,N/A,1,N/A,0.009,ERROR
javamop_kornakapi,org.plista.kornakapi.RegressionTest26,N/A,N/A,1,N/A,0.007,ERROR
javamop_kornakapi,org.plista.kornakapi.RegressionTest26,N/A,N/A,1,N/A,0.302,ERROR
javamop_kornakapi,org.plista.kornakapi.RegressionTest26,N/A,N/A,1,N/A,0.0,ERROR
javamop_kornakapi,org.plista.kornakapi.RegressionTest26,N/A,N/A,1,N/A,0.0,ERROR
javamop_kornakapi,org.plista.kornakapi.RegressionTest26,N/A,N/A,1,N/A,0.007,ERROR
javamop_kornakapi,org.plista.kornakapi.RegressionTest26,N/A,N/A,1,N/A,0.009,ERROR
javamop_kornakapi,org.plista.kornakapi.RegressionTest27,N/A,N/A,1,N/A,0.009,ERROR
javamop_kornakapi,org.plista.kornakapi.RegressionTest27,N/A,N/A,1,N/A,0.006,ERROR
javamop_kornakapi,org.plista.kornakapi.RegressionTest27,N/A,N/A,1,N/A,0.008,ERROR
javamop_kornakapi,org.plista.kornakapi.RegressionTest27,N/A,N/A,1,N/A,0.007,ERROR
javamop_kornakapi,org.plista.kornakapi.RegressionTest27,N/A,N/A,1,N/A,0.007,ERROR
javamop_kornakapi,org.plista.kornakapi.RegressionTest28,N/A,N/A,1,N/A,0.007,ERROR
javamop_kornakapi,org.plista.kornakapi.RegressionTest28,N/A,N/A,1,N/A,0.006,ERROR
javamop_kornakapi,org.plista.kornakapi.RegressionTest28,N/A,N/A,1,N/A,0.008,ERROR
javamop_kornakapi,org.plista.kornakapi.RegressionTest29,N/A,N/A,1,N/A,0.006,ERROR
javamop_kornakapi,org.plista.kornakapi.RegressionTest29,N/A,N/A,1,N/A,0.006,ERROR
javamop_kornakapi,org.plista.kornakapi.RegressionTest29,N/A,N/A,1,N/A,0.005,ERROR
javamop_kornakapi,org.plista.kornakapi.RegressionTest29,N/A,N/A,1,N/A,0.006,ERROR
javamop_kornakapi,org.plista.kornakapi.RegressionTest29,N/A,N/A,1,N/A,0.007,ERROR
javamop_kornakapi,org.plista.kornakapi.RegressionTest29,N/A,N/A,1,N/A,0.007,ERROR
javamop_kornakapi,org.plista.kornakapi.RegressionTest29,N/A,N/A,1,N/A,0.007,ERROR
javamop_kornakapi,org.plista.kornakapi.RegressionTest30,N/A,N/A,1,N/A,0.007,ERROR
javamop_kornakapi,org.plista.kornakapi.RegressionTest30,N/A,N/A,1,N/A,0.001,ERROR
javamop_kornakapi,org.plista.kornakapi.RegressionTest30,N/A,N/A,1,N/A,0.008,ERROR
javamop_kornakapi,org.plista.kornakapi.RegressionTest31,N/A,N/A,1,N/A,0.001,ERROR
javamop_kornakapi,org.plista.kornakapi.RegressionTest31,N/A,N/A,1,N/A,0.0,ERROR
javamop_kornakapi,org.plista.kornakapi.RegressionTest31,N/A,N/A,1,N/A,0.0,ERROR
javamop_kornakapi,org.plista.kornakapi.RegressionTest32,N/A,N/A,1,N/A,0.006,ERROR
javamop_kornakapi,org.plista.kornakapi.RegressionTest33,N/A,N/A,1,N/A,0.005,ERROR
javamop_kornakapi,org.plista.kornakapi.RegressionTest33,N/A,N/A,1,N/A,0.006,ERROR
javamop_kornakapi,org.plista.kornakapi.RegressionTest33,N/A,N/A,1,N/A,0.005,ERROR
javamop_kornakapi,org.plista.kornakapi.RegressionTest33,N/A,N/A,1,N/A,0.001,ERROR
javamop_kornakapi,org.plista.kornakapi.RegressionTest33,N/A,N/A,1,N/A,0.006,ERROR
javamop_kornakapi,org.plista.kornakapi.RegressionTest33,N/A,N/A,1,N/A,0.005,ERROR
javamop_kornakapi,org.plista.kornakapi.RegressionTest34,N/A,N/A,1,N/A,0.006,ERROR
javamop_kornakapi,org.plista.kornakapi.RegressionTest34,N/A,N/A,1,N/A,0.006,ERROR
javamop_kornakapi,org.plista.kornakapi.RegressionTest34,N/A,N/A,1,N/A,0.005,ERROR
javamop_kornakapi,org.plista.kornakapi.RegressionTest34,N/A,N/A,1,N/A,0.006,ERROR
javamop_kornakapi,org.plista.kornakapi.RegressionTest35,N/A,N/A,1,N/A,0.006,ERROR
javamop_kornakapi,org.plista.kornakapi.RegressionTest35,N/A,N/A,1,N/A,0.006,ERROR
javamop_kornakapi,org.plista.kornakapi.RegressionTest35,N/A,N/A,1,N/A,0.006,ERROR
javamop_kornakapi,org.plista.kornakapi.RegressionTest35,N/A,N/A,1,N/A,0.006,ERROR
javamop_kornakapi,org.plista.kornakapi.RegressionTest36,N/A,N/A,1,N/A,0.005,ERROR
javamop_kornakapi,org.plista.kornakapi.RegressionTest37,N/A,N/A,1,N/A,0.006,ERROR
javamop_kornakapi,org.plista.kornakapi.RegressionTest37,N/A,N/A,1,N/A,0.005,ERROR
javamop_kornakapi,org.plista.kornakapi.RegressionTest37,N/A,N/A,1,N/A,0.008,ERROR
javamop_kornakapi,org.plista.kornakapi.RegressionTest37,N/A,N/A,1,N/A,0.007,ERROR
javamop_kornakapi,org.plista.kornakapi.RegressionTest38,N/A,N/A,1,N/A,0.005,ERROR
javamop_kornakapi,org.plista.kornakapi.RegressionTest38,N/A,N/A,1,N/A,0.005,ERROR
javamop_kornakapi,org.plista.kornakapi.RegressionTest39,N/A,N/A,1,N/A,0.0,ERROR
javamop_kornakapi,org.plista.kornakapi.RegressionTest39,N/A,N/A,1,N/A,0.005,ERROR
javamop_kornakapi,org.plista.kornakapi.RegressionTest40,N/A,N/A,1,N/A,0.005,ERROR
javamop_kornakapi,org.plista.kornakapi.RegressionTest40,N/A,N/A,1,N/A,0.005,ERROR
javamop_kornakapi,org.plista.kornakapi.RegressionTest40,N/A,N/A,1,N/A,0.005,ERROR
javamop_kornakapi,org.plista.kornakapi.RegressionTest40,N/A,N/A,1,N/A,0.005,ERROR
javamop_kornakapi,org.plista.kornakapi.RegressionTest40,N/A,N/A,1,N/A,0.005,ERROR
javamop_kornakapi,org.plista.kornakapi.RegressionTest40,N/A,N/A,1,N/A,0.005,ERROR
javamop_kornakapi,org.plista.kornakapi.RegressionTest40,N/A,N/A,1,N/A,0.027,ERROR
javamop_kornakapi,org.plista.kornakapi.RegressionTest41,N/A,N/A,1,N/A,0.0,ERROR
javamop_kornakapi,org.plista.kornakapi.RegressionTest41,N/A,N/A,1,N/A,0.005,ERROR
javamop_kornakapi,org.plista.kornakapi.RegressionTest42,N/A,N/A,1,N/A,0.005,ERROR
javamop_kornakapi,org.plista.kornakapi.RegressionTest42,N/A,N/A,1,N/A,0.005,ERROR
javamop_kornakapi,org.plista.kornakapi.RegressionTest42,N/A,N/A,1,N/A,0.005,ERROR
javamop_kornakapi,org.plista.kornakapi.RegressionTest42,N/A,N/A,1,N/A,0.005,ERROR
javamop_kornakapi,org.plista.kornakapi.RegressionTest42,N/A,N/A,1,N/A,0.005,ERROR
javamop_kornakapi,org.plista.kornakapi.RegressionTest42,N/A,N/A,1,N/A,0.005,ERROR
javamop_kornakapi,org.plista.kornakapi.RegressionTest43,N/A,N/A,1,N/A,0.005,ERROR
javamop_kornakapi,org.plista.kornakapi.RegressionTest43,N/A,N/A,1,N/A,0.005,ERROR
javamop_kornakapi,org.plista.kornakapi.RegressionTest43,N/A,N/A,1,N/A,0.005,ERROR
javamop_kornakapi,org.plista.kornakapi.RegressionTest44,N/A,N/A,1,N/A,0.005,ERROR
javamop_kornakapi,org.plista.kornakapi.RegressionTest44,N/A,N/A,1,N/A,0.005,ERROR
javamop_kornakapi,org.plista.kornakapi.RegressionTest44,N/A,N/A,1,N/A,0.005,ERROR
javamop_kornakapi,org.plista.kornakapi.RegressionTest45,N/A,N/A,1,N/A,0.0,ERROR
javamop_kornakapi,org.plista.kornakapi.RegressionTest45,N/A,N/A,1,N/A,0.005,ERROR
javamop_kornakapi,org.plista.kornakapi.RegressionTest45,N/A,N/A,1,N/A,0.006,ERROR
javamop_kornakapi,org.plista.kornakapi.RegressionTest45,N/A,N/A,1,N/A,0.0,ERROR
javamop_kornakapi,org.plista.kornakapi.RegressionTest45,N/A,N/A,1,N/A,0.005,ERROR
javamop_kornakapi,org.plista.kornakapi.RegressionTest45,N/A,N/A,1,N/A,0.001,ERROR
javamop_kornakapi,org.plista.kornakapi.RegressionTest46,N/A,N/A,1,N/A,0.004,ERROR
javamop_kornakapi,org.plista.kornakapi.RegressionTest46,N/A,N/A,1,N/A,0.0,ERROR
javamop_kornakapi,org.plista.kornakapi.RegressionTest46,N/A,N/A,1,N/A,0.0,ERROR
javamop_kornakapi,org.plista.kornakapi.RegressionTest46,N/A,N/A,1,N/A,0.006,ERROR
javamop_kornakapi,org.plista.kornakapi.RegressionTest47,N/A,N/A,1,N/A,0.005,ERROR
javamop_kornakapi,org.plista.kornakapi.RegressionTest47,N/A,N/A,1,N/A,0.0,ERROR
javamop_kornakapi,org.plista.kornakapi.RegressionTest48,N/A,N/A,1,N/A,0.005,ERROR
javamop_kornakapi,org.plista.kornakapi.RegressionTest48,N/A,N/A,1,N/A,0.005,ERROR
javamop_kornakapi,org.plista.kornakapi.RegressionTest48,N/A,N/A,1,N/A,0.005,ERROR
javamop_kornakapi,org.plista.kornakapi.RegressionTest49,N/A,N/A,1,N/A,0.001,ERROR
javamop_kornakapi,org.plista.kornakapi.RegressionTest49,N/A,N/A,1,N/A,0.006,ERROR
javamop_kornakapi,org.plista.kornakapi.RegressionTest49,N/A,N/A,1,N/A,0.001,ERROR
javamop_kornakapi,org.plista.kornakapi.RegressionTest49,N/A,N/A,1,N/A,0.006,ERROR
javamop_kornakapi,org.plista.kornakapi.RegressionTest49,N/A,N/A,1,N/A,0.001,ERROR
javamop_kornakapi,org.plista.kornakapi.RegressionTest49,N/A,N/A,1,N/A,0.001,ERROR
javamop_kornakapi,org.plista.kornakapi.RegressionTest50,N/A,N/A,1,N/A,0.005,ERROR
javamop_kornakapi,org.plista.kornakapi.RegressionTest50,N/A,N/A,1,N/A,0.005,ERROR
javamop_kornakapi,org.plista.kornakapi.RegressionTest50,N/A,N/A,1,N/A,0.0,ERROR
javamop_kornakapi,org.plista.kornakapi.RegressionTest50,N/A,N/A,1,N/A,0.001,ERROR
javamop_kornakapi,org.plista.kornakapi.RegressionTest51,N/A,N/A,1,N/A,0.005,ERROR
javamop_kornakapi,org.plista.kornakapi.RegressionTest51,N/A,N/A,1,N/A,0.005,ERROR
javamop_kornakapi,org.plista.kornakapi.RegressionTest51,N/A,N/A,1,N/A,0.005,ERROR
javamop_kornakapi,org.plista.kornakapi.RegressionTest52,N/A,N/A,1,N/A,0.007,ERROR
javamop_kornakapi,org.plista.kornakapi.RegressionTest52,N/A,N/A,1,N/A,0.007,ERROR
javamop_kornakapi,org.plista.kornakapi.RegressionTest52,N/A,N/A,1,N/A,0.005,ERROR
javamop_kornakapi,org.plista.kornakapi.RegressionTest52,N/A,N/A,1,N/A,0.005,ERROR
javamop_kornakapi,org.plista.kornakapi.RegressionTest54,N/A,N/A,1,N/A,0.005,ERROR
javamop_kornakapi,org.plista.kornakapi.RegressionTest54,N/A,N/A,1,N/A,0.006,ERROR
javamop_kornakapi,org.plista.kornakapi.RegressionTest54,N/A,N/A,1,N/A,0.005,ERROR
javamop_kornakapi,org.plista.kornakapi.RegressionTest54,N/A,N/A,1,N/A,0.005,ERROR
javamop_kornakapi,org.plista.kornakapi.RegressionTest54,N/A,N/A,1,N/A,0.0,ERROR
javamop_kornakapi,org.plista.kornakapi.RegressionTest54,N/A,N/A,1,N/A,0.0,ERROR
javamop_kornakapi,org.plista.kornakapi.RegressionTest55,N/A,N/A,1,N/A,0.001,ERROR
javamop_kornakapi,org.plista.kornakapi.RegressionTest55,N/A,N/A,1,N/A,0.005,ERROR
javamop_kornakapi,org.plista.kornakapi.RegressionTest55,N/A,N/A,1,N/A,0.006,ERROR
javamop_kornakapi,org.plista.kornakapi.RegressionTest55,N/A,N/A,1,N/A,0.005,ERROR
javamop_kornakapi,org.plista.kornakapi.RegressionTest56,N/A,N/A,1,N/A,0.005,ERROR
javamop_kornakapi,org.plista.kornakapi.RegressionTest56,N/A,N/A,1,N/A,0.0,ERROR
javamop_kornakapi,org.plista.kornakapi.RegressionTest56,N/A,N/A,1,N/A,0.005,ERROR
javamop_kornakapi,org.plista.kornakapi.RegressionTest57,N/A,N/A,1,N/A,0.005,ERROR
javamop_kornakapi,org.plista.kornakapi.RegressionTest57,N/A,N/A,1,N/A,0.005,ERROR
javamop_kornakapi,org.plista.kornakapi.RegressionTest57,N/A,N/A,1,N/A,0.0,ERROR
javamop_kornakapi,org.plista.kornakapi.RegressionTest58,N/A,N/A,1,N/A,0.005,ERROR
javamop_kornakapi,org.plista.kornakapi.RegressionTest58,N/A,N/A,1,N/A,0.004,ERROR
javamop_kornakapi,org.plista.kornakapi.RegressionTest58,N/A,N/A,1,N/A,0.0,ERROR
javamop_kornakapi,org.plista.kornakapi.RegressionTest58,N/A,N/A,1,N/A,0.0,ERROR
javamop_kornakapi,org.plista.kornakapi.RegressionTest59,N/A,N/A,1,N/A,0.005,ERROR
javamop_kornakapi,org.plista.kornakapi.RegressionTest59,N/A,N/A,1,N/A,0.005,ERROR
javamop_kornakapi,org.plista.kornakapi.RegressionTest59,N/A,N/A,1,N/A,0.005,ERROR
javamop_kornakapi,org.plista.kornakapi.RegressionTest59,N/A,N/A,1,N/A,0.005,ERROR
javamop_kornakapi,org.plista.kornakapi.RegressionTest61,N/A,N/A,1,N/A,0.005,ERROR
javamop_kornakapi,org.plista.kornakapi.RegressionTest61,N/A,N/A,1,N/A,0.005,ERROR
javamop_kornakapi,org.plista.kornakapi.RegressionTest61,N/A,N/A,1,N/A,0.005,ERROR
javamop_kornakapi,org.plista.kornakapi.RegressionTest61,N/A,N/A,1,N/A,0.005,ERROR
javamop_kornakapi,org.plista.kornakapi.RegressionTest61,N/A,N/A,1,N/A,0.005,ERROR
javamop_kornakapi,org.plista.kornakapi.RegressionTest61,N/A,N/A,1,N/A,0.0,ERROR
javamop_kornakapi,org.plista.kornakapi.RegressionTest62,N/A,N/A,1,N/A,0.004,ERROR
javamop_kornakapi,org.plista.kornakapi.RegressionTest62,N/A,N/A,1,N/A,0.005,ERROR
javamop_kornakapi,org.plista.kornakapi.RegressionTest62,N/A,N/A,1,N/A,0.004,ERROR
javamop_kornakapi,org.plista.kornakapi.RegressionTest62,N/A,N/A,1,N/A,0.004,ERROR
javamop_kornakapi,org.plista.kornakapi.RegressionTest63,N/A,N/A,1,N/A,0.004,ERROR
javamop_kornakapi,org.plista.kornakapi.RegressionTest63,N/A,N/A,1,N/A,0.004,ERROR
javamop_kornakapi,org.plista.kornakapi.RegressionTest63,N/A,N/A,1,N/A,0.005,ERROR
javamop_kornakapi,org.plista.kornakapi.RegressionTest63,N/A,N/A,1,N/A,0.003,ERROR
javamop_kornakapi,org.plista.kornakapi.RegressionTest64,N/A,N/A,1,N/A,0.004,ERROR
javamop_kornakapi,org.plista.kornakapi.RegressionTest64,N/A,N/A,1,N/A,0.004,ERROR
javamop_kornakapi,org.plista.kornakapi.RegressionTest65,N/A,N/A,1,N/A,0.004,ERROR
javamop_kornakapi,org.plista.kornakapi.RegressionTest65,N/A,N/A,1,N/A,0.004,ERROR
javamop_kornakapi,org.plista.kornakapi.RegressionTest66,N/A,N/A,1,N/A,0.0,ERROR
javamop_kornakapi,org.plista.kornakapi.RegressionTest66,N/A,N/A,1,N/A,0.001,ERROR
javamop_kornakapi,org.plista.kornakapi.RegressionTest66,N/A,N/A,1,N/A,0.005,ERROR
javamop_kornakapi,org.plista.kornakapi.RegressionTest67,N/A,N/A,1,N/A,0.001,ERROR
javamop_kornakapi,org.plista.kornakapi.RegressionTest68,N/A,N/A,1,N/A,0.005,ERROR
javamop_kornakapi,org.plista.kornakapi.RegressionTest68,N/A,N/A,1,N/A,0.004,ERROR
javamop_kornakapi,org.plista.kornakapi.RegressionTest68,N/A,N/A,1,N/A,0.0,ERROR
javamop_kornakapi,org.plista.kornakapi.RegressionTest68,N/A,N/A,1,N/A,0.004,ERROR
javamop_kornakapi,org.plista.kornakapi.RegressionTest68,N/A,N/A,1,N/A,0.005,ERROR
javamop_kornakapi,org.plista.kornakapi.RegressionTest69,N/A,N/A,1,N/A,0.0,ERROR
javamop_kornakapi,org.plista.kornakapi.RegressionTest69,N/A,N/A,1,N/A,0.005,ERROR
javamop_kornakapi,org.plista.kornakapi.RegressionTest70,N/A,N/A,1,N/A,0.004,ERROR
javamop_kornakapi,org.plista.kornakapi.RegressionTest70,N/A,N/A,1,N/A,0.005,ERROR
javamop_kornakapi,org.plista.kornakapi.RegressionTest70,N/A,N/A,1,N/A,0.005,ERROR
javamop_kornakapi,org.plista.kornakapi.RegressionTest71,N/A,N/A,1,N/A,0.005,ERROR
javamop_kornakapi,org.plista.kornakapi.RegressionTest71,N/A,N/A,1,N/A,0.004,ERROR
javamop_kornakapi,org.plista.kornakapi.RegressionTest72,N/A,N/A,1,N/A,0.004,ERROR
javamop_kornakapi,org.plista.kornakapi.RegressionTest72,N/A,N/A,1,N/A,0.0,ERROR
javamop_kornakapi,org.plista.kornakapi.RegressionTest72,N/A,N/A,1,N/A,0.005,ERROR
javamop_kornakapi,org.plista.kornakapi.RegressionTest72,N/A,N/A,1,N/A,0.005,ERROR
javamop_kornakapi,org.plista.kornakapi.RegressionTest73,N/A,N/A,1,N/A,0.004,ERROR
javamop_kornakapi,org.plista.kornakapi.RegressionTest73,N/A,N/A,1,N/A,0.0,ERROR
javamop_kornakapi,org.plista.kornakapi.RegressionTest74,N/A,N/A,1,N/A,0.005,ERROR
javamop_kornakapi,org.plista.kornakapi.RegressionTest74,N/A,N/A,1,N/A,0.0,ERROR
javamop_kornakapi,org.plista.kornakapi.RegressionTest74,N/A,N/A,1,N/A,0.004,ERROR
javamop_kornakapi,org.plista.kornakapi.RegressionTest74,N/A,N/A,1,N/A,0.0,ERROR
javamop_kornakapi,org.plista.kornakapi.RegressionTest74,N/A,N/A,1,N/A,0.004,ERROR
javamop_kornakapi,org.plista.kornakapi.RegressionTest75,N/A,N/A,1,N/A,0.0,ERROR
javamop_kornakapi,org.plista.kornakapi.RegressionTest75,N/A,N/A,1,N/A,0.0,ERROR
javamop_kornakapi,org.plista.kornakapi.RegressionTest76,N/A,N/A,1,N/A,0.005,ERROR
javamop_kornakapi,org.plista.kornakapi.RegressionTest76,N/A,N/A,1,N/A,0.005,ERROR
javamop_kornakapi,org.plista.kornakapi.RegressionTest76,N/A,N/A,1,N/A,0.004,ERROR
javamop_kornakapi,org.plista.kornakapi.RegressionTest77,N/A,N/A,1,N/A,0.005,ERROR
javamop_kornakapi,org.plista.kornakapi.RegressionTest78,N/A,N/A,1,N/A,0.004,ERROR
javamop_kornakapi,null,2,0,2,0,0.0,FAILURE
Sum: 31.620000000000044
